<?xml version="1.0" encoding="UTF-8"?>
<kml xmlns="http://www.opengis.net/kml/2.2" xmlns:gx="http://www.google.com/kml/ext/2.2" xmlns:kml="http://www.opengis.net/kml/2.2" xmlns:atom="http://www.w3.org/2005/Atom">
<Document>
	<name>COBERTURA_AGUAS DE PUEBLA.kml</name>
	<visibility>0</visibility>
	<atom:link rel="app" href="https://www.google.com/earth/about/versions/#earth-pro" title="Google Earth Pro 7.3.6.10441"></atom:link>
	<StyleMap id="PolyStyle70">
		<Pair>
			<key>normal</key>
			<styleUrl>#PolyStyle707</styleUrl>
		</Pair>
		<Pair>
			<key>highlight</key>
			<styleUrl>#PolyStyle704</styleUrl>
		</Pair>
	</StyleMap>
	<StyleMap id="PolyStyle700">
		<Pair>
			<key>normal</key>
			<styleUrl>#PolyStyle706</styleUrl>
		</Pair>
		<Pair>
			<key>highlight</key>
			<styleUrl>#PolyStyle701</styleUrl>
		</Pair>
	</StyleMap>
	<Style id="PolyStyle701">
		<LabelStyle>
			<color>00000000</color>
			<scale>0</scale>
		</LabelStyle>
		<LineStyle>
			<color>a56e6e6e</color>
			<width>0.7</width>
		</LineStyle>
		<PolyStyle>
			<color>a5000073</color>
		</PolyStyle>
	</Style>
	<Style id="PolyStyle702">
		<LabelStyle>
			<color>00000000</color>
			<scale>0</scale>
		</LabelStyle>
		<LineStyle>
			<color>a56e6e6e</color>
			<width>0.7</width>
		</LineStyle>
		<PolyStyle>
			<color>a5000073</color>
		</PolyStyle>
	</Style>
	<Style id="PolyStyle703">
		<LabelStyle>
			<color>00000000</color>
			<scale>0</scale>
		</LabelStyle>
		<LineStyle>
			<color>a56e6e6e</color>
			<width>0.7</width>
		</LineStyle>
		<PolyStyle>
			<color>a5000073</color>
		</PolyStyle>
	</Style>
	<Style id="PolyStyle704">
		<LabelStyle>
			<color>00000000</color>
			<scale>0</scale>
		</LabelStyle>
		<LineStyle>
			<color>a56e6e6e</color>
			<width>0.7</width>
		</LineStyle>
		<PolyStyle>
			<color>a5000073</color>
		</PolyStyle>
	</Style>
	<StyleMap id="PolyStyle705">
		<Pair>
			<key>normal</key>
			<styleUrl>#PolyStyle703</styleUrl>
		</Pair>
		<Pair>
			<key>highlight</key>
			<styleUrl>#PolyStyle702</styleUrl>
		</Pair>
	</StyleMap>
	<Style id="PolyStyle706">
		<LabelStyle>
			<color>00000000</color>
			<scale>0</scale>
		</LabelStyle>
		<LineStyle>
			<color>a56e6e6e</color>
			<width>0.7</width>
		</LineStyle>
		<PolyStyle>
			<color>a5000073</color>
		</PolyStyle>
	</Style>
	<Style id="PolyStyle707">
		<LabelStyle>
			<color>00000000</color>
			<scale>0</scale>
		</LabelStyle>
		<LineStyle>
			<color>a56e6e6e</color>
			<width>0.7</width>
		</LineStyle>
		<PolyStyle>
			<color>a5000073</color>
		</PolyStyle>
	</Style>
	<Style id="PolyStyle71">
		<LabelStyle>
			<color>00000000</color>
			<scale>0</scale>
		</LabelStyle>
		<LineStyle>
			<color>a56e6e6e</color>
			<width>0.7</width>
		</LineStyle>
		<PolyStyle>
			<color>a584a800</color>
		</PolyStyle>
	</Style>
	<Style id="PolyStyle72">
		<LabelStyle>
			<color>00000000</color>
			<scale>0</scale>
		</LabelStyle>
		<LineStyle>
			<color>a56e6e6e</color>
			<width>0.7</width>
		</LineStyle>
		<PolyStyle>
			<color>a5ffdf73</color>
		</PolyStyle>
	</Style>
	<StyleMap id="PolyStyle720">
		<Pair>
			<key>normal</key>
			<styleUrl>#PolyStyle722</styleUrl>
		</Pair>
		<Pair>
			<key>highlight</key>
			<styleUrl>#PolyStyle72</styleUrl>
		</Pair>
	</StyleMap>
	<Style id="PolyStyle721">
		<LabelStyle>
			<color>00000000</color>
			<scale>0</scale>
		</LabelStyle>
		<LineStyle>
			<color>a56e6e6e</color>
			<width>0.7</width>
		</LineStyle>
		<PolyStyle>
			<color>a5ffdf73</color>
		</PolyStyle>
	</Style>
	<Style id="PolyStyle7210">
		<LabelStyle>
			<color>00000000</color>
			<scale>0</scale>
		</LabelStyle>
		<LineStyle>
			<color>a56e6e6e</color>
			<width>0.7</width>
		</LineStyle>
		<PolyStyle>
			<color>a5ffdf73</color>
		</PolyStyle>
	</Style>
	<Style id="PolyStyle7211">
		<LabelStyle>
			<color>00000000</color>
			<scale>0</scale>
		</LabelStyle>
		<LineStyle>
			<color>a56e6e6e</color>
			<width>0.7</width>
		</LineStyle>
		<PolyStyle>
			<color>a5ffdf73</color>
		</PolyStyle>
	</Style>
	<StyleMap id="PolyStyle7212">
		<Pair>
			<key>normal</key>
			<styleUrl>#PolyStyle7211</styleUrl>
		</Pair>
		<Pair>
			<key>highlight</key>
			<styleUrl>#PolyStyle7214</styleUrl>
		</Pair>
	</StyleMap>
	<StyleMap id="PolyStyle7213">
		<Pair>
			<key>normal</key>
			<styleUrl>#PolyStyle721</styleUrl>
		</Pair>
		<Pair>
			<key>highlight</key>
			<styleUrl>#PolyStyle7210</styleUrl>
		</Pair>
	</StyleMap>
	<Style id="PolyStyle7214">
		<LabelStyle>
			<color>00000000</color>
			<scale>0</scale>
		</LabelStyle>
		<LineStyle>
			<color>a56e6e6e</color>
			<width>0.7</width>
		</LineStyle>
		<PolyStyle>
			<color>a5ffdf73</color>
		</PolyStyle>
	</Style>
	<Style id="PolyStyle7215">
		<LabelStyle>
			<color>00000000</color>
			<scale>0</scale>
		</LabelStyle>
		<LineStyle>
			<color>a56e6e6e</color>
			<width>0.7</width>
		</LineStyle>
		<PolyStyle>
			<color>a5ffdf73</color>
		</PolyStyle>
	</Style>
	<Style id="PolyStyle722">
		<LabelStyle>
			<color>00000000</color>
			<scale>0</scale>
		</LabelStyle>
		<LineStyle>
			<color>a56e6e6e</color>
			<width>0.7</width>
		</LineStyle>
		<PolyStyle>
			<color>a5ffdf73</color>
		</PolyStyle>
	</Style>
	<Style id="PolyStyle73">
		<LabelStyle>
			<color>00000000</color>
			<scale>0</scale>
		</LabelStyle>
		<LineStyle>
			<color>a56e6e6e</color>
			<width>0.7</width>
		</LineStyle>
		<PolyStyle>
			<color>a5ff73df</color>
		</PolyStyle>
	</Style>
	<StyleMap id="PolyStyle730">
		<Pair>
			<key>normal</key>
			<styleUrl>#PolyStyle7316</styleUrl>
		</Pair>
		<Pair>
			<key>highlight</key>
			<styleUrl>#PolyStyle7314</styleUrl>
		</Pair>
	</StyleMap>
	<Style id="PolyStyle731">
		<LabelStyle>
			<color>00000000</color>
			<scale>0</scale>
		</LabelStyle>
		<LineStyle>
			<color>a56e6e6e</color>
			<width>0.7</width>
		</LineStyle>
		<PolyStyle>
			<color>a5ff73df</color>
		</PolyStyle>
	</Style>
	<Style id="PolyStyle7310">
		<LabelStyle>
			<color>00000000</color>
			<scale>0</scale>
		</LabelStyle>
		<LineStyle>
			<color>a56e6e6e</color>
			<width>0.7</width>
		</LineStyle>
		<PolyStyle>
			<color>a5ff73df</color>
		</PolyStyle>
	</Style>
	<StyleMap id="PolyStyle7311">
		<Pair>
			<key>normal</key>
			<styleUrl>#PolyStyle737</styleUrl>
		</Pair>
		<Pair>
			<key>highlight</key>
			<styleUrl>#PolyStyle732</styleUrl>
		</Pair>
	</StyleMap>
	<Style id="PolyStyle7312">
		<LabelStyle>
			<color>00000000</color>
			<scale>0</scale>
		</LabelStyle>
		<LineStyle>
			<color>a56e6e6e</color>
			<width>0.7</width>
		</LineStyle>
		<PolyStyle>
			<color>a5ff73df</color>
		</PolyStyle>
	</Style>
	<StyleMap id="PolyStyle7313">
		<Pair>
			<key>normal</key>
			<styleUrl>#PolyStyle733</styleUrl>
		</Pair>
		<Pair>
			<key>highlight</key>
			<styleUrl>#PolyStyle736</styleUrl>
		</Pair>
	</StyleMap>
	<Style id="PolyStyle7314">
		<LabelStyle>
			<color>00000000</color>
			<scale>0</scale>
		</LabelStyle>
		<LineStyle>
			<color>a56e6e6e</color>
			<width>0.7</width>
		</LineStyle>
		<PolyStyle>
			<color>a5ff73df</color>
		</PolyStyle>
	</Style>
	<Style id="PolyStyle7315">
		<LabelStyle>
			<color>00000000</color>
			<scale>0</scale>
		</LabelStyle>
		<LineStyle>
			<color>a56e6e6e</color>
			<width>0.7</width>
		</LineStyle>
		<PolyStyle>
			<color>a5ff73df</color>
		</PolyStyle>
	</Style>
	<Style id="PolyStyle7316">
		<LabelStyle>
			<color>00000000</color>
			<scale>0</scale>
		</LabelStyle>
		<LineStyle>
			<color>a56e6e6e</color>
			<width>0.7</width>
		</LineStyle>
		<PolyStyle>
			<color>a5ff73df</color>
		</PolyStyle>
	</Style>
	<Style id="PolyStyle732">
		<LabelStyle>
			<color>00000000</color>
			<scale>0</scale>
		</LabelStyle>
		<LineStyle>
			<color>a56e6e6e</color>
			<width>0.7</width>
		</LineStyle>
		<PolyStyle>
			<color>a5ff73df</color>
		</PolyStyle>
	</Style>
	<Style id="PolyStyle733">
		<LabelStyle>
			<color>00000000</color>
			<scale>0</scale>
		</LabelStyle>
		<LineStyle>
			<color>a56e6e6e</color>
			<width>0.7</width>
		</LineStyle>
		<PolyStyle>
			<color>a5ff73df</color>
		</PolyStyle>
	</Style>
	<Style id="PolyStyle734">
		<LabelStyle>
			<color>00000000</color>
			<scale>0</scale>
		</LabelStyle>
		<LineStyle>
			<color>a56e6e6e</color>
			<width>0.7</width>
		</LineStyle>
		<PolyStyle>
			<color>a5ff73df</color>
		</PolyStyle>
	</Style>
	<StyleMap id="PolyStyle735">
		<Pair>
			<key>normal</key>
			<styleUrl>#PolyStyle7315</styleUrl>
		</Pair>
		<Pair>
			<key>highlight</key>
			<styleUrl>#PolyStyle7312</styleUrl>
		</Pair>
	</StyleMap>
	<Style id="PolyStyle736">
		<LabelStyle>
			<color>00000000</color>
			<scale>0</scale>
		</LabelStyle>
		<LineStyle>
			<color>a56e6e6e</color>
			<width>0.7</width>
		</LineStyle>
		<PolyStyle>
			<color>a5ff73df</color>
		</PolyStyle>
	</Style>
	<Style id="PolyStyle737">
		<LabelStyle>
			<color>00000000</color>
			<scale>0</scale>
		</LabelStyle>
		<LineStyle>
			<color>a56e6e6e</color>
			<width>0.7</width>
		</LineStyle>
		<PolyStyle>
			<color>a5ff73df</color>
		</PolyStyle>
	</Style>
	<StyleMap id="PolyStyle738">
		<Pair>
			<key>normal</key>
			<styleUrl>#PolyStyle734</styleUrl>
		</Pair>
		<Pair>
			<key>highlight</key>
			<styleUrl>#PolyStyle731</styleUrl>
		</Pair>
	</StyleMap>
	<StyleMap id="PolyStyle739">
		<Pair>
			<key>normal</key>
			<styleUrl>#PolyStyle73</styleUrl>
		</Pair>
		<Pair>
			<key>highlight</key>
			<styleUrl>#PolyStyle7310</styleUrl>
		</Pair>
	</StyleMap>
	<Folder id="FeatureLayer7">
		<name>COBERTURA_TOTAL</name>
		<visibility>0</visibility>
		<snippet></snippet>
		<Placemark id="ID_70000">
			<visibility>0</visibility>
			<snippet></snippet>
			<description><![CDATA[<html><body><table border="1"><tr><th>Field Name</th><th>Field Value</th></tr><tr><td>MUNICIPIO</td><td>PUEBLA</td></tr><tr><td>SERVICIO</td><td>NO FACTURA AGUA</td></tr><tr><td>FECHA ACTUALIZACIÓN</td><td>Nulo</td></tr><tr><td>POBLACIÓN AGUA</td><td>Nulo</td></tr><tr><td>PROMEDIO OCUPANTES EN VIVIENDAS PARTICULARES AGUA</td><td>Nulo</td></tr><tr><td>MES 1 TOMAS ACTIVAS AGUA</td><td>Nulo</td></tr><tr><td>MES 2 TOMAS ACTIVAS AGUA</td><td>Nulo</td></tr><tr><td>MES 3 TOMAS ACTIVAS AGUA</td><td>Nulo</td></tr><tr><td>NÚMERO DE HABITANTES SERVIDOS AGUA</td><td>Nulo</td></tr><tr><td>COBERTURA POR MUNICIPIO AGUA</td><td>Nulo</td></tr><tr><td>POBLACIÓN DRENAJE</td><td>Nulo</td></tr><tr><td>PROMEDIO OCUPANTES EN VIVIENDAS PARTICULARES DRENAJE</td><td>Nulo</td></tr><tr><td>MES 1 TOMAS ACTIVAS DRENAJE</td><td>Nulo</td></tr><tr><td>MES 2 TOMAS ACTIVAS DRENAJE</td><td>Nulo</td></tr><tr><td>MES 3 TOMAS ACTIVAS DRENAJE</td><td>Nulo</td></tr><tr><td>NÚMERO DE HABITANTES SERVIDOS DRENAJE</td><td>Nulo</td></tr><tr><td>COBERTURA POR MUNICIPIO DRENAJE</td><td>Nulo</td></tr></table></body></html>]]></description>
			<styleUrl>#PolyStyle700</styleUrl>
			<MultiGeometry>
				<Polygon>
					<outerBoundaryIs>
						<LinearRing>
							<coordinates>
								-98.15460827821332,19.0873946358766,0 -98.15352189645465,19.08669079274117,0 -98.15578884927963,19.08452028012146,0 -98.1542467276393,19.08371796039825,0 -98.15461584502957,19.08340637326983,0 -98.1528839459349,19.0825429253866,0 -98.15373715648064,19.08173954620018,0 -98.15314298482208,19.08144763535249,0 -98.15342399932271,19.08101515404324,0 -98.15266642825479,19.08045740774249,0 -98.15308246683924,19.08010187794194,0 -98.15397058642509,19.08065404508468,0 -98.15437182757459,19.08033201530187,0 -98.15669161309599,19.08147619001511,0 -98.15864547684809,19.07984707914568,0 -98.15885306397469,19.07977921005252,0 -98.16061207087137,19.08034559251275,0 -98.16320850283685,19.08148271725509,0 -98.16450411723736,19.08216461811626,0 -98.16416971959963,19.08260582881606,0 -98.16393794346152,19.08308410446546,0 -98.16376136073721,19.08394180884091,0 -98.16372430959561,19.08421182060901,0 -98.16317813699877,19.08442143625085,0 -98.16244445993202,19.08460015073146,0 -98.16176901927992,19.0848849538967,0 -98.16131119709559,19.08519615200299,0 -98.16061251472529,19.08551830086765,0 -98.16007834355227,19.08588939386003,0 -98.15955739028313,19.08615210260037,0 -98.15898634934118,19.08629408774702,0 -98.15865628810894,19.08640102498233,0 -98.15813460036784,19.0868083163684,0 -98.15754278025398,19.08604651014631,0 -98.15718907851971,19.08581595664259,0 -98.15599312569302,19.08672622565007,0 -98.15561151321323,19.0870016107181,0 -98.15488777136423,19.08726337566905,0 -98.15460827821332,19.0873946358766,0 -98.15460827821332,19.0873946358766,0 
							</coordinates>
						</LinearRing>
					</outerBoundaryIs>
				</Polygon>
				<Polygon>
					<outerBoundaryIs>
						<LinearRing>
							<coordinates>
								-98.21840442244056,18.96400577688863,0 -98.21832612282428,18.96400680758228,0 -98.21799444670957,18.95819414330964,0 -98.21799429819373,18.95819156802519,0 -98.22045100924032,18.95622998911685,0 -98.22051153109935,18.95641247783784,0 -98.22083149335164,18.95692441811309,0 -98.22089073107311,18.95720707536633,0 -98.2208888586175,18.95761034556004,0 -98.22095284891668,18.9577642455109,0 -98.22140773976244,18.95811182370178,0 -98.22181238639742,18.9586693034241,0 -98.22171057965512,18.9588609126494,0 -98.22178662178283,18.95897645541827,0 -98.22214989901683,18.95898249802948,0 -98.22242269593244,18.95942645888717,0 -98.22234103603591,18.95962606131112,0 -98.22265316600406,18.96016507606051,0 -98.22300126196447,18.96039528647533,0 -98.22378770311057,18.96091538917787,0 -98.22403836193982,18.96088481003987,0 -98.22426475770693,18.96070953413386,0 -98.22491165537161,18.9604897038932,0 -98.22539042078978,18.96082429771715,0 -98.22576534105312,18.96117519228739,0 -98.2261279700629,18.96156316722019,0 -98.22625645605787,18.96169863348129,0 -98.22621069474926,18.96204565562016,0 -98.22614833544574,18.96251854899473,0 -98.22597114754561,18.96307789748712,0 -98.22216005546264,18.96334344102968,0 -98.22131265598721,18.96340247359246,0 -98.22129583930733,18.96392782924907,0 -98.22129497600984,18.96395481208421,0 -98.22124425738731,18.96395209024913,0 -98.22118117675387,18.96394870553765,0 -98.21840442244056,18.96400577688863,0 -98.21840442244056,18.96400577688863,0 
							</coordinates>
						</LinearRing>
					</outerBoundaryIs>
				</Polygon>
				<Polygon>
					<outerBoundaryIs>
						<LinearRing>
							<coordinates>
								-98.26362938120681,18.97950076824583,0 -98.26329890522292,18.97920212279357,0 -98.26390454470884,18.97873607078218,0 -98.26613345999681,18.98068473465507,0 -98.26562123746407,18.98121558183196,0 -98.26541205323768,18.98103208664893,0 -98.26533266092649,18.980963884851,0 -98.26521946122077,18.98086658671924,0 -98.26512494899539,18.98078532765615,0 -98.26504290729989,18.98071479178204,0 -98.2650158219149,18.98069150497606,0 -98.26494279079404,18.98062871348453,0 -98.26483663460648,18.98053744282993,0 -98.26479655647206,18.98050298333414,0 -98.26476898945715,18.98047928068141,0 -98.26473650411987,18.98045135171809,0 -98.26465399334808,18.98038041256834,0 -98.26454971223454,18.98029075600151,0 -98.26446728412644,18.98021984873028,0 -98.26436492914442,18.9801303190048,0 -98.26425201277915,18.98003192071153,0 -98.26417391711101,18.97996978297448,0 -98.26407433779738,18.97988401633476,0 -98.26396478013372,18.97978965544903,0 -98.26395679188765,18.97978277446774,0 -98.26389644237959,18.9797307880583,0 -98.26378416601202,18.9796340873984,0 -98.26366813462013,18.97953415181799,0 -98.26363682337623,18.9795071789466,0 -98.26362938120681,18.97950076824583,0 -98.26362938120681,18.97950076824583,0 
							</coordinates>
						</LinearRing>
					</outerBoundaryIs>
				</Polygon>
				<Polygon>
					<outerBoundaryIs>
						<LinearRing>
							<coordinates>
								-98.2216780805291,18.98236614682089,0 -98.22175742777146,18.98212095750421,0 -98.22178508924108,18.98203547943262,0 -98.22183327116402,18.98202902073952,0 -98.22184901685945,18.98202690989317,0 -98.22197266446082,18.98202742952049,0 -98.22198937816773,18.98203063470314,0 -98.22211571142837,18.98205485883764,0 -98.2222587105543,18.98209260633973,0 -98.22230784534887,18.9821055766486,0 -98.22237787717887,18.98212406236078,0 -98.22250776472598,18.98218239159584,0 -98.22266382693228,18.98220987515028,0 -98.22275930376061,18.98220408470234,0 -98.22285709284469,18.98216734842212,0 -98.22292012547372,18.9821407847136,0 -98.223020387338,18.98208189446951,0 -98.22310502076523,18.98203218439138,0 -98.2232246484258,18.98198839756877,0 -98.2232332277179,18.98198525704095,0 -98.22341067205673,18.98198040204161,0 -98.22369100978379,18.98197273130781,0 -98.22369525684809,18.982003316016,0 -98.22369575542689,18.98200355216593,0 -98.22386472257763,18.982083575072,0 -98.2238736458221,18.98208780114795,0 -98.2240439212359,18.98216843757237,0 -98.22422569450099,18.98225451894483,0 -98.22424485770532,18.98226419206209,0 -98.2242502702216,18.98226692404631,0 -98.22453241978342,18.98240934328975,0 -98.22466666397402,18.98247216804606,0 -98.22476142257474,18.98251651470804,0 -98.22472914197184,18.98259069659351,0 -98.22470453495008,18.98264724498769,0 -98.22465900019891,18.98275188674861,0 -98.22463857944271,18.98279881465335,0 -98.22457585630708,18.98295145335432,0 -98.22451206466904,18.98310669202885,0 -98.22449709757669,18.98313985584076,0 -98.22444303208705,18.98325965488166,0 -98.22442747084361,18.98329413650991,0 -98.22440991705464,18.98333303161534,0 -98.22431830651985,18.98355414668263,0 -98.22429224773555,18.98361704196708,0 -98.22413726606746,18.98397724170787,0 -98.22409822144228,18.98406797988981,0 -98.22408551577568,18.98409750669045,0 -98.22458124725146,18.98433470951971,0 -98.2245579916097,18.98439004534103,0 -98.22454060873791,18.9844313992436,0 -98.22438787770565,18.98479478148968,0 -98.22438010977721,18.98481326403941,0 -98.22437841047505,18.98481732810795,0 -98.22430186471347,18.98500044400399,0 -98.22429685707317,18.98501242421451,0 -98.22429646034324,18.98501337324909,0 -98.22433101252599,18.98512170046792,0 -98.2243184536088,18.98514845171531,0 -98.22422618111156,18.98517560997113,0 -98.22414181104804,18.9853652954582,0 -98.22414125330609,18.98536655017327,0 -98.22413054008766,18.98539064321359,0 -98.22406938027316,18.98553728128615,0 -98.22406042425457,18.98555875552214,0 -98.22405837041181,18.98556368023469,0 -98.22402636871814,18.98564040613812,0 -98.22401602715811,18.98566505921713,0 -98.22398006509832,18.98575078747715,0 -98.2239655892036,18.98578529528589,0 -98.22394401847512,18.98583671599605,0 -98.22392681163836,18.98587773438519,0 -98.22392025029291,18.98589514294593,0 -98.22391415348746,18.98591131989771,0 -98.22389713969535,18.98594901075021,0 -98.22389529971746,18.9859530868752,0 -98.22275450594518,18.98540239469243,0 -98.22201044377579,18.98504320896541,0 -98.22193419478879,18.98494277980791,0 -98.22189837415377,18.98489559869468,0 -98.22188549097531,18.98484564020753,0 -98.2218672916285,18.98477506215469,0 -98.2218621739449,18.98471334296962,0 -98.22185730361441,18.98465461427644,0 -98.2218579094404,18.98452417710048,0 -98.22183391255206,18.98444684208054,0 -98.22182673380031,18.98442370690678,0 -98.22179495037425,18.98438046843523,0 -98.22170095954185,18.98425260316465,0 -98.22154340407991,18.98411146808726,0 -98.22142803765512,18.98397050850368,0 -98.22132467421623,18.98379703436631,0 -98.22155576210848,18.98272724524657,0 -98.22157041682809,18.98265940073116,0 -98.2216780805291,18.98236614682089,0 -98.2216780805291,18.98236614682089,0 
							</coordinates>
						</LinearRing>
					</outerBoundaryIs>
				</Polygon>
				<Polygon>
					<outerBoundaryIs>
						<LinearRing>
							<coordinates>
								-98.16906306765483,18.98869366881353,0 -98.16931474147857,18.98846468446983,0 -98.16997126905699,18.98847584792538,0 -98.17054091865965,18.98858524084092,0 -98.17056455634687,18.98904557489156,0 -98.17056708705195,18.98950329935332,0 -98.17081860715582,18.98954086328916,0 -98.17082570675478,18.98976472124295,0 -98.17053603985977,18.98976550361776,0 -98.17040728872693,18.99140717683063,0 -98.16993270088336,18.99125947907932,0 -98.16934682787992,18.99118579388651,0 -98.1684132151084,18.99117167686815,0 -98.16839920004361,18.99026134737827,0 -98.16850783714804,18.98987144146012,0 -98.16862921103422,18.98967158349677,0 -98.16906306765483,18.98869366881353,0 -98.16906306765483,18.98869366881353,0 
							</coordinates>
						</LinearRing>
					</outerBoundaryIs>
				</Polygon>
				<Polygon>
					<outerBoundaryIs>
						<LinearRing>
							<coordinates>
								-98.22731575602329,19.0387296445923,0 -98.22783831546788,19.03762241935603,0 -98.22815641320042,19.03768138064478,0 -98.22800423772581,19.03792727395114,0 -98.22808682983627,19.03797155614981,0 -98.22820078578766,19.03803265439353,0 -98.22839931462602,19.03813059371029,0 -98.22830300620245,19.03828663984546,0 -98.2282091496561,19.0384384939642,0 -98.22811621211032,19.03858885172673,0 -98.22802513020632,19.0387365512771,0 -98.22783024096415,19.03904157473533,0 -98.22731575602329,19.0387296445923,0 -98.22731575602329,19.0387296445923,0 
							</coordinates>
						</LinearRing>
					</outerBoundaryIs>
				</Polygon>
				<Polygon>
					<outerBoundaryIs>
						<LinearRing>
							<coordinates>
								-98.24802842709106,19.04185946861796,0 -98.24800940780339,19.04185168890659,0 -98.24803700333274,19.04178943675161,0 -98.24804695386557,19.04179344181614,0 -98.24806468776089,19.0417540782461,0 -98.24806946385715,19.04175557163381,0 -98.2481287346981,19.04177410843981,0 -98.24818245037612,19.04161528448003,0 -98.24821075282429,19.04153255455422,0 -98.2482158343839,19.04151769938915,0 -98.24822310530287,19.0415003354208,0 -98.24825263410486,19.04145042212365,0 -98.24835408224405,19.0412771081425,0 -98.24840055544001,19.04119681893903,0 -98.2484250271353,19.04115588771518,0 -98.24845146418679,19.04110604945656,0 -98.24855903895379,19.04090325708622,0 -98.2485784948183,19.04086657903931,0 -98.2487334501503,19.04059268078515,0 -98.24884152605063,19.04064763360483,0 -98.24895232453432,19.04070682586266,0 -98.24903053981971,19.04074780968604,0 -98.24920890295695,19.04083890615046,0 -98.24927756299064,19.04089114731248,0 -98.24931845198873,19.04091164775834,0 -98.24939370801877,19.0409503610488,0 -98.24945711521451,19.04098224747475,0 -98.24957443615918,19.04104372513786,0 -98.24960880322834,19.04106193795253,0 -98.24967518009936,19.04109383818055,0 -98.24970716960703,19.04111204222065,0 -98.24990923958751,19.04121452973437,0 -98.24977992347617,19.04131115250335,0 -98.24966553549392,19.0413897608681,0 -98.24957378650558,19.04145264816308,0 -98.24937003693054,19.0415918940269,0 -98.24942268269527,19.04163955152849,0 -98.2492656078944,19.04183321006109,0 -98.24921901693207,19.04189176133317,0 -98.24919866200825,19.04192782578922,0 -98.24915914822431,19.04199770301035,0 -98.24914178130417,19.0420292610937,0 -98.24912740620539,19.04205631372969,0 -98.24908370442034,19.04213295167423,0 -98.24896993344882,19.04233808049348,0 -98.2489501723301,19.04237414913969,0 -98.24893520229462,19.04240119933808,0 -98.24890857171444,19.04251179462347,0 -98.24886741156685,19.04268333074335,0 -98.24885349817687,19.04273975557446,0 -98.24884440542318,19.04278038431057,0 -98.24872703576104,19.04312557404788,0 -98.2486842977237,19.04325191854616,0 -98.24866984016666,19.04329704485774,0 -98.24856811427637,19.04359711206808,0 -98.24855717861149,19.04365128882376,0 -98.24855049383675,19.04368515137452,0 -98.24836192962377,19.04361660526205,0 -98.24831923701758,19.04360061757214,0 -98.24818640051596,19.04355489161417,0 -98.24821218051967,19.04336973752909,0 -98.24779480870457,19.04320085182328,0 -98.24775094876428,19.04318034073745,0 -98.24779837416384,19.04293653422323,0 -98.24765488695374,19.04288921827674,0 -98.24773764561569,19.04275252340368,0 -98.24785528096665,19.04256076787441,0 -98.24788627326596,19.04245394631738,0 -98.24790837239297,19.04237777827647,0 -98.24792689418069,19.04231077366679,0 -98.24792740134261,19.04230894031211,0 -98.24795643944967,19.04220534784178,0 -98.24801101742467,19.04202435149727,0 -98.24805078136816,19.04189248244623,0 -98.24805718889746,19.04187123266299,0 -98.24802842709106,19.04185946861796,0 -98.24802842709106,19.04185946861796,0 
							</coordinates>
						</LinearRing>
					</outerBoundaryIs>
				</Polygon>
				<Polygon>
					<outerBoundaryIs>
						<LinearRing>
							<coordinates>
								-98.16497193294457,19.0462843933784,0 -98.16487856614292,19.04616385736674,0 -98.16483730182848,19.04611547431187,0 -98.16472061909518,19.04619447459606,0 -98.1646929972363,19.04616074056406,0 -98.16468486482927,19.04615080838568,0 -98.16464207210853,19.04610345128916,0 -98.16459375075117,19.04604997830944,0 -98.16456029870422,19.04600468772239,0 -98.16455413498061,19.04599634590116,0 -98.16453067889768,19.04596459260383,0 -98.16451105219583,19.04593860408875,0 -98.16443472863156,19.04582945464726,0 -98.16436766064743,19.04573937873706,0 -98.16452231328658,19.04564235383483,0 -98.16456203856937,19.04562014834377,0 -98.16454033967462,19.04559237561198,0 -98.1643184090008,19.04527736041337,0 -98.16431466115097,19.04389018228166,0 -98.16816440204258,19.04362856416197,0 -98.16960071281231,19.04351866766904,0 -98.16962563892612,19.04393446320172,0 -98.17051857886895,19.0438350848791,0 -98.17051868923515,19.04383620594959,0 -98.17052274916492,19.04387746675876,0 -98.17053688734363,19.04399650096277,0 -98.17053859297101,19.04401087728406,0 -98.17047399698579,19.04403477884376,0 -98.17041788234562,19.04405580860812,0 -98.17038803700098,19.04406700225356,0 -98.17031370744303,19.044094858845,0 -98.17026668495464,19.04411248636256,0 -98.17014155640037,19.04415911465623,0 -98.17012944636805,19.04416360578303,0 -98.16998584906611,19.04421687440417,0 -98.16993679960451,19.04423506204719,0 -98.16985096011064,19.04426690257681,0 -98.16981061512966,19.04428187513736,0 -98.16970140935696,19.0443235502064,0 -98.16957848362756,19.0443685794463,0 -98.16955894805429,19.0443757301302,0 -98.16945266370436,19.04441466193588,0 -98.16932403524211,19.04446177094375,0 -98.16927849019753,19.04447845597561,0 -98.16928933745083,19.04450622092102,0 -98.16921929795349,19.0445316247705,0 -98.16922660991365,19.0445479692571,0 -98.16915127282977,19.04457426196847,0 -98.16900943268809,19.04462376029302,0 -98.16899460309413,19.04458657904424,0 -98.16896817124886,19.04459505415782,0 -98.1689632683521,19.04458347390876,0 -98.16884955564599,19.04462558001729,0 -98.16882174626294,19.04463588339661,0 -98.16871014705411,19.04467720368502,0 -98.16872842146192,19.04472678100134,0 -98.16858441094323,19.04477697409543,0 -98.16857226987555,19.04474569697383,0 -98.16845143807524,19.04478994866062,0 -98.16843258786588,19.04479684927562,0 -98.16840143459014,19.04480767522369,0 -98.16832164519781,19.04460902753133,0 -98.16799735740689,19.0446908386941,0 -98.16801196585986,19.04495238233221,0 -98.16801919417988,19.04508179782179,0 -98.16804748304592,19.04515437130687,0 -98.16801660369509,19.04518820633447,0 -98.16794518083491,19.04521460654312,0 -98.16786527528171,19.04499624960418,0 -98.16781585283627,19.04501482357175,0 -98.16774032429285,19.04504322042296,0 -98.16772474824447,19.0450490784069,0 -98.16758409731599,19.04510196076207,0 -98.16766722302964,19.04532242888435,0 -98.16752426557075,19.04537090885932,0 -98.16744497948498,19.04515610604721,0 -98.16743159292571,19.04516119670668,0 -98.16727843738353,19.04521949878516,0 -98.16718280794989,19.04525590178869,0 -98.16717997067312,19.04525698245334,0 -98.16712150549121,19.04527851568471,0 -98.16703524056223,19.04531027974737,0 -98.16696853062112,19.04533484827227,0 -98.16686817625768,19.04536971159232,0 -98.16681360601928,19.04538958143878,0 -98.16672423915313,19.04542211756214,0 -98.16665763527985,19.04544636112226,0 -98.16656277515182,19.04548089663218,0 -98.16649783769273,19.0455044518154,0 -98.1663074424856,19.04557353764189,0 -98.16620107491431,19.04561932613766,0 -98.16600951922342,19.04569239167168,0 -98.16598674469049,19.04570107264184,0 -98.16586862539734,19.04574613008611,0 -98.16586337924957,19.04574813064544,0 -98.16573300623395,19.04579784988939,0 -98.16572917870776,19.04579931464227,0 -98.16582864750522,19.04603251170249,0 -98.16575730299166,19.04605945179791,0 -98.16571589044376,19.04597241390331,0 -98.16569625586524,19.04598086231782,0 -98.16563042434146,19.04584250294928,0 -98.16561317080068,19.04585350870936,0 -98.16558929248636,19.04587007383815,0 -98.16555102427461,19.04589661390057,0 -98.16548613129073,19.04594163151094,0 -98.16546548573723,19.04595594297796,0 -98.16534018457342,19.04604227519131,0 -98.16523218277501,19.04611640441423,0 -98.16521189077061,19.046130319827,0 -98.16527829369809,19.04626990550993,0 -98.16514479917504,19.04634131678938,0 -98.16514366526698,19.04634192616964,0 -98.16514807649266,19.04635106432981,0 -98.16507666880898,19.04639514863645,0 -98.16502063787367,19.04643145844803,0 -98.16498085441991,19.04635050687896,0 -98.16495484327483,19.04629757770273,0 -98.16497193294457,19.0462843933784,0 -98.16497193294457,19.0462843933784,0 
							</coordinates>
						</LinearRing>
					</outerBoundaryIs>
				</Polygon>
				<Polygon>
					<outerBoundaryIs>
						<LinearRing>
							<coordinates>
								-98.16286497675486,19.06010432573796,0 -98.16305195913705,19.05958668035057,0 -98.16255557664452,19.05946134055916,0 -98.16186207928249,19.05900437670652,0 -98.16129790148538,19.05961842977323,0 -98.16101897902303,19.05926103620056,0 -98.16065109517642,19.05755881746409,0 -98.15923486127635,19.05752077085551,0 -98.1583190249199,19.0555878762519,0 -98.1591141780919,19.05444822076116,0 -98.16169957728573,19.05583636693263,0 -98.16287131180188,19.05640885692376,0 -98.16284044711236,19.05645655898143,0 -98.16254051704699,19.05701477978048,0 -98.16250880201022,19.05706523415739,0 -98.16350699568447,19.05752645429665,0 -98.16354260627183,19.05750742774355,0 -98.16368051040061,19.05746566719296,0 -98.16393981080392,19.05740467580237,0 -98.16466174855921,19.05728361250198,0 -98.16682908887539,19.05834247810013,0 -98.16743826215125,19.05860299096987,0 -98.16824266125838,19.05907858304788,0 -98.16722007508287,19.06057409119638,0 -98.1659523831739,19.05985605450839,0 -98.16406785259842,19.06199720542703,0 -98.16202159031575,19.06071413894281,0 -98.16267263046512,19.06011371338,0 -98.16286497675486,19.06010432573796,0 -98.16286497675486,19.06010432573796,0 
							</coordinates>
						</LinearRing>
					</outerBoundaryIs>
				</Polygon>
				<Polygon>
					<outerBoundaryIs>
						<LinearRing>
							<coordinates>
								-98.10897624473252,19.06585846329025,0 -98.10894734389532,19.0658684285818,0 -98.10901793447401,19.06574011236893,0 -98.10920745809925,19.0657772922299,0 -98.10897624473252,19.06585846329025,0 -98.10897624473252,19.06585846329025,0 
							</coordinates>
						</LinearRing>
					</outerBoundaryIs>
				</Polygon>
				<Polygon>
					<outerBoundaryIs>
						<LinearRing>
							<coordinates>
								-98.2535725815612,19.07584529384911,0 -98.25357158668426,19.07582082303541,0 -98.25330580886408,19.07570683132719,0 -98.25305575059652,19.07617162993027,0 -98.2530665403208,19.07617655904525,0 -98.2530288644452,19.07624387487054,0 -98.25298673714545,19.07631209442573,0 -98.25292612104128,19.07642904790819,0 -98.25289244789298,19.07648844543073,0 -98.25285908896288,19.07654728934736,0 -98.25282576891895,19.07660593460041,0 -98.25279205617052,19.07666630432234,0 -98.25275997111635,19.07672402375515,0 -98.25271692015704,19.07680146898512,0 -98.25269285728511,19.07684475719692,0 -98.25244774753936,19.07673127093657,0 -98.25372054421624,19.07426451713391,0 -98.25518259004176,19.07491460462449,0 -98.25448270769795,19.07626280860559,0 -98.25450341492972,19.07627261524787,0 -98.2545031139307,19.07627318426586,0 -98.25464634503658,19.07634101403154,0 -98.25406674689577,19.07748155557496,0 -98.25390983998724,19.07740890930886,0 -98.25391011722036,19.07740834200325,0 -98.25319199206216,19.0770758550258,0 -98.25320571195036,19.07704987499434,0 -98.25325709247259,19.07695258017046,0 -98.25330401192754,19.0768636355272,0 -98.25335088150199,19.0767737200935,0 -98.25339736262501,19.07668457483258,0 -98.25344452060305,19.07659475813784,0 -98.25349081093883,19.07650659259105,0 -98.25357306920482,19.07634637602244,0 -98.25366701190852,19.07616742781217,0 -98.25376022577571,19.07598987733044,0 -98.2537846778616,19.07594278595952,0 -98.2535725815612,19.07584529384911,0 -98.2535725815612,19.07584529384911,0 
							</coordinates>
						</LinearRing>
					</outerBoundaryIs>
				</Polygon>
				<Polygon>
					<outerBoundaryIs>
						<LinearRing>
							<coordinates>
								-98.17337869518987,19.08493469214221,0 -98.1733306451882,19.08489562174926,0 -98.17340864756433,19.08478634366621,0 -98.1725038675508,19.08426128343794,0 -98.17231723102022,19.08415297366489,0 -98.17264681790256,19.08367147587287,0 -98.17281753151609,19.08376954647675,0 -98.17448717478361,19.08475797350977,0 -98.17446447384251,19.08479356471659,0 -98.17434945969669,19.08497782076442,0 -98.17420934628606,19.08489792078203,0 -98.17411424332319,19.08504883221416,0 -98.17403329887161,19.08520844176194,0 -98.17383341851793,19.08520841159294,0 -98.17337869518987,19.08493469214221,0 -98.17337869518987,19.08493469214221,0 
							</coordinates>
						</LinearRing>
					</outerBoundaryIs>
				</Polygon>
				<Polygon>
					<outerBoundaryIs>
						<LinearRing>
							<coordinates>
								-98.18036988147313,19.08287838140964,0 -98.1803711549903,19.08287590464375,0 -98.18182694003731,19.08311400112978,0 -98.18332918829086,19.08335554901205,0 -98.18623724808728,19.08383198971131,0 -98.18623573835718,19.08384080846497,0 -98.18618586948955,19.08413205212816,0 -98.18627528621967,19.08419118665817,0 -98.18647186458152,19.08432534846341,0 -98.18654694674591,19.08440023413825,0 -98.18659835461922,19.08445694153881,0 -98.18665445989947,19.0845249657587,0 -98.18633979676895,19.08497090252039,0 -98.18618697237517,19.08536559131056,0 -98.18608227990782,19.08563623540373,0 -98.18602551216138,19.08570376129127,0 -98.18600698561524,19.08572627166532,0 -98.18566400178602,19.08613141603852,0 -98.18566830153368,19.08622406304876,0 -98.18561690214767,19.08628709407585,0 -98.18537662704698,19.0865842491316,0 -98.18544815628854,19.08665686032861,0 -98.1854302236282,19.08667937326133,0 -98.18544676928471,19.08669752015019,0 -98.18549109275958,19.08674515966536,0 -98.18542497293467,19.08678101493205,0 -98.18496692674083,19.08702524464284,0 -98.18456749893045,19.0870664028382,0 -98.1840228397888,19.08679966339715,0 -98.18393960196407,19.08675896324753,0 -98.18396348799773,19.08671686319419,0 -98.18334847331026,19.08640146479871,0 -98.18221215902001,19.08581872031444,0 -98.18147662353914,19.08544150470991,0 -98.18090255059903,19.08515074486226,0 -98.18049825308024,19.08494597222658,0 -98.18017145930665,19.08478045355752,0 -98.17964499334093,19.08451380058614,0 -98.17955030758648,19.08447294544411,0 -98.18036988147313,19.08287838140964,0 -98.18036988147313,19.08287838140964,0 
							</coordinates>
						</LinearRing>
					</outerBoundaryIs>
				</Polygon>
				<Polygon>
					<outerBoundaryIs>
						<LinearRing>
							<coordinates>
								-98.09663862425288,19.09037948180935,0 -98.09558067577971,19.09121725390575,0 -98.09436851005486,19.09040837961496,0 -98.0939146279955,19.09092182762967,0 -98.09036597668937,19.08864543927739,0 -98.09084170677588,19.08737434444511,0 -98.08717520603608,19.08525000698719,0 -98.08774376454949,19.08429643609041,0 -98.0914379696339,19.08656227411959,0 -98.0952021772666,19.08927019947673,0 -98.09663862425288,19.09037948180935,0 -98.09663862425288,19.09037948180935,0 
							</coordinates>
						</LinearRing>
					</outerBoundaryIs>
				</Polygon>
				<Polygon>
					<outerBoundaryIs>
						<LinearRing>
							<coordinates>
								-98.22651364091661,19.09515230163557,0 -98.22559293207031,19.09447518153202,0 -98.22244878497044,19.09245573828629,0 -98.22155555710971,19.09188038028649,0 -98.22156580096753,19.09172227718645,0 -98.22038487189954,19.09067351812939,0 -98.2205426158513,19.09073518481068,0 -98.22166926354575,19.09094101925961,0 -98.22241217553542,19.09088089741007,0 -98.22244909369654,19.09086297933035,0 -98.22272181046525,19.09073083513385,0 -98.22419839297737,19.09093587082858,0 -98.22483514047259,19.09083688513941,0 -98.22534846591751,19.09111914765687,0 -98.22615583530741,19.09105937927689,0 -98.22727294465234,19.09118945343718,0 -98.227524071389,19.09121869268787,0 -98.22766245791223,19.09123640415908,0 -98.22821757660348,19.09130744989454,0 -98.22880008541735,19.09111785378666,0 -98.2289023394849,19.0909958518711,0 -98.22901840991719,19.09097137843412,0 -98.22920339827142,19.09093237174001,0 -98.22947651120052,19.09089844707303,0 -98.22950876578545,19.09126540983163,0 -98.22948478403148,19.09272477683778,0 -98.2297605965379,19.09410632396104,0 -98.22971679994521,19.09406999305743,0 -98.22963740931148,19.09402221712532,0 -98.22955201494936,19.09398797147384,0 -98.22946122140259,19.0939649993859,0 -98.22936798872442,19.09395557247178,0 -98.22918785984348,19.09397967051179,0 -98.22910214134518,19.0940154596353,0 -98.229013483668,19.09404445870761,0 -98.22892306456993,19.0940689318908,0 -98.22883147816327,19.09408888166943,0 -98.22873873492006,19.09410204884937,0 -98.22864542895708,19.09410843591676,0 -98.22855154981826,19.09411030206374,0 -98.22845829619096,19.09410539307333,0 -98.2283698163545,19.09409598555796,0 -98.22819708875991,19.0940613734766,0 -98.22792290847491,19.09386818955955,0 -98.22782905043219,19.09386553695837,0 -98.22773689088062,19.09388096531809,0 -98.22764881668877,19.0939122254107,0 -98.22756722521412,19.09395480882071,0 -98.22749506600577,19.09401324639612,0 -98.22741740255712,19.09410554939772,0 -98.22725851058998,19.09467421041774,0 -98.22676218177359,19.09498164312469,0 -98.22657860868972,19.09510738969779,0 -98.22651364091661,19.09515230163557,0 -98.22651364091661,19.09515230163557,0 
							</coordinates>
						</LinearRing>
					</outerBoundaryIs>
					<innerBoundaryIs>
						<LinearRing>
							<coordinates>
								-98.22691360558299,19.09248015872488,0 -98.22682853671326,19.09246004699354,0 -98.22679443888234,19.09244830588504,0 -98.2266873027438,19.09274128761457,0 -98.22671878716858,19.09274777454055,0 -98.22680042816914,19.09276711283711,0 -98.22688444303283,19.09278701231295,0 -98.22694006681196,19.09280018661958,0 -98.2269673659475,19.092806654135,0 -98.22705434341664,19.09282725277274,0 -98.2271367536583,19.09284676585164,0 -98.2271531517745,19.09285072956221,0 -98.22722053875374,19.09286703472737,0 -98.22723485745122,19.09287049267683,0 -98.22730130439805,19.0928865769834,0 -98.22735289792151,19.09270510558374,0 -98.22738515469015,19.09259164645677,0 -98.22738516732838,19.09259158596224,0 -98.22730910628765,19.09257366934234,0 -98.22722890844437,19.09255470783979,0 -98.22715026786059,19.09253611431296,0 -98.22707221601326,19.09251765877709,0 -98.22699332857317,19.092499009927,0 -98.22691360558299,19.09248015872488,0 -98.22691360558299,19.09248015872488,0 
							</coordinates>
						</LinearRing>
					</innerBoundaryIs>
				</Polygon>
				<Polygon>
					<outerBoundaryIs>
						<LinearRing>
							<coordinates>
								-98.22871533463298,19.10748565816774,0 -98.22881175635516,19.10690139686344,0 -98.22885905162629,19.10692951545947,0 -98.22961921929509,19.10719304896921,0 -98.22956771265142,19.10739152220981,0 -98.22949107288919,19.10751677060958,0 -98.22878590721493,19.10868250510225,0 -98.22874287924779,19.10884873995762,0 -98.22874795818581,19.10905534639452,0 -98.22871029393907,19.10927608826335,0 -98.22861892041483,19.10941150159638,0 -98.22753853108298,19.10914000272378,0 -98.22678385069281,19.10886921605015,0 -98.2268477955011,19.10874897624712,0 -98.22693276177687,19.10865177938935,0 -98.22684531148846,19.10854869120889,0 -98.22810148390104,19.10775871122052,0 -98.22841473936784,19.10773065422207,0 -98.22871533463298,19.10748565816774,0 -98.22871533463298,19.10748565816774,0 
							</coordinates>
						</LinearRing>
					</outerBoundaryIs>
				</Polygon>
				<Polygon>
					<outerBoundaryIs>
						<LinearRing>
							<coordinates>
								-98.22258961417894,19.11537597699211,0 -98.22214247558129,19.11513224102595,0 -98.22254285815825,19.11373687247008,0 -98.22282883694336,19.11381069177299,0 -98.22233678381595,19.11322449621479,0 -98.2224233561066,19.1130636306914,0 -98.22249353667506,19.11288256524707,0 -98.22253606691248,19.1127877849548,0 -98.22258457040228,19.11263135291421,0 -98.2226180032474,19.11254310401507,0 -98.22266212438383,19.11242664180061,0 -98.22270210202875,19.11231045125732,0 -98.22272311069248,19.1122456910418,0 -98.22276691838172,19.11212567596129,0 -98.22285926305889,19.11189280488998,0 -98.22293558838733,19.11168435618923,0 -98.22293373585821,19.11168366879297,0 -98.22279650640046,19.11163274659754,0 -98.22265025049717,19.11157709602512,0 -98.22265102082073,19.1115752078509,0 -98.22280011334711,19.11120972737077,0 -98.22371857995232,19.11155576403421,0 -98.22382699111442,19.11148737880558,0 -98.22393259791431,19.11154018035444,0 -98.22414561131592,19.11154531204404,0 -98.22443086185486,19.11165031393466,0 -98.22512662690382,19.11010454475532,0 -98.22561707233625,19.11023746849252,0 -98.22587364944923,19.10973689517078,0 -98.2268401918646,19.10996835304345,0 -98.22710118307937,19.10999827131569,0 -98.22810468787681,19.11030771469647,0 -98.22848664845255,19.11042736613047,0 -98.22864629337985,19.11049502225179,0 -98.22826173638346,19.11113352155508,0 -98.22815449353001,19.11194482847213,0 -98.22812181873169,19.11219201681173,0 -98.22785437382805,19.11217368435875,0 -98.22763026793153,19.11214945332129,0 -98.22744159174339,19.11212905325564,0 -98.22734726892217,19.11211884417799,0 -98.2271563440943,19.11209892599248,0 -98.22697119880367,19.11207916020506,0 -98.22699143464628,19.11198149365987,0 -98.22662928899111,19.11193848314285,0 -98.22654872020053,19.11193926160424,0 -98.22618065840162,19.11319635041653,0 -98.22569791876806,19.11455125578347,0 -98.22570449069192,19.11455295164535,0 -98.22543825856825,19.11514000758955,0 -98.22621093605221,19.11573542624977,0 -98.22589185021275,19.11626252289931,0 -98.22589315544653,19.11624212031316,0 -98.22548251626803,19.11596399763128,0 -98.22437523872111,19.11595462374175,0 -98.22333899489725,19.1157591845804,0 -98.22258961417894,19.11537597699211,0 -98.22258961417894,19.11537597699211,0 
							</coordinates>
						</LinearRing>
					</outerBoundaryIs>
				</Polygon>
			</MultiGeometry>
		</Placemark>
		<Placemark id="ID_70001">
			<visibility>0</visibility>
			<snippet></snippet>
			<description><![CDATA[<html><body><table border="1"><tr><th>Field Name</th><th>Field Value</th></tr><tr><td>MUNICIPIO</td><td>AMOZOC</td></tr><tr><td>SERVICIO</td><td>NO FACTURA DRENAJE</td></tr><tr><td>FECHA ACTUALIZACIÓN</td><td>Nulo</td></tr><tr><td>POBLACIÓN AGUA</td><td>Nulo</td></tr><tr><td>PROMEDIO OCUPANTES EN VIVIENDAS PARTICULARES AGUA</td><td>Nulo</td></tr><tr><td>MES 1 TOMAS ACTIVAS AGUA</td><td>Nulo</td></tr><tr><td>MES 2 TOMAS ACTIVAS AGUA</td><td>Nulo</td></tr><tr><td>MES 3 TOMAS ACTIVAS AGUA</td><td>Nulo</td></tr><tr><td>NÚMERO DE HABITANTES SERVIDOS AGUA</td><td>Nulo</td></tr><tr><td>COBERTURA POR MUNICIPIO AGUA</td><td>Nulo</td></tr><tr><td>POBLACIÓN DRENAJE</td><td>Nulo</td></tr><tr><td>PROMEDIO OCUPANTES EN VIVIENDAS PARTICULARES DRENAJE</td><td>Nulo</td></tr><tr><td>MES 1 TOMAS ACTIVAS DRENAJE</td><td>Nulo</td></tr><tr><td>MES 2 TOMAS ACTIVAS DRENAJE</td><td>Nulo</td></tr><tr><td>MES 3 TOMAS ACTIVAS DRENAJE</td><td>Nulo</td></tr><tr><td>NÚMERO DE HABITANTES SERVIDOS DRENAJE</td><td>Nulo</td></tr><tr><td>COBERTURA POR MUNICIPIO DRENAJE</td><td>Nulo</td></tr></table></body></html>]]></description>
			<styleUrl>#PolyStyle71</styleUrl>
			<Polygon>
				<altitudeMode>absolute</altitudeMode>
				<outerBoundaryIs>
					<LinearRing>
						<coordinates>
							-98.12123377894162,19.01482622200007,0 -98.12155430911959,19.01420227109093,0 -98.12060167397348,19.01428285111846,0 -98.11974428255729,19.01396709074144,0 -98.11915625513724,19.01350064675071,0 -98.11823906823619,19.01240862066622,0 -98.11761233005566,19.0117592086132,0 -98.11708174294633,19.01109420430624,0 -98.11658807689217,19.01069615104059,0 -98.11615052291283,19.01033094248405,0 -98.11588818492886,19.00947690147505,0 -98.11583289871611,19.00893468438422,0 -98.11578676989247,19.00893154402777,0 -98.11569235502799,19.00793745130713,0 -98.11569247548709,19.00791699703131,0 -98.11563390219949,19.00759187834506,0 -98.11566025802141,19.00647543234187,0 -98.11570402972059,19.00595620217022,0 -98.11570854433376,19.00518999303716,0 -98.11555175460221,19.00469342066405,0 -98.11438757814346,19.00472682499703,0 -98.11431256009914,19.00523691171622,0 -98.11310843547577,19.00520132916111,0 -98.11252193018085,19.00499616334112,0 -98.112292019256,19.00425592036224,0 -98.11249703006509,19.00330488400634,0 -98.11264004381027,19.00234926639391,0 -98.11002563241354,19.00166482787078,0 -98.10943687977741,19.00175672735653,0 -98.10766461376598,19.00126626236093,0 -98.10707547014502,19.0020031550163,0 -98.10670761312059,19.00266206933988,0 -98.10576953485156,19.00352903763777,0 -98.10505341583513,19.00428611098513,0 -98.10446305815223,19.00509477769223,0 -98.10320440640533,19.00550567335274,0 -98.10165050138338,19.00581691437601,0 -98.09749151995864,19.00479172903385,0 -98.09757004936672,19.00325228882041,0 -98.0993145641738,19.0019362954031,0 -98.09934743855612,19.00071928000869,0 -98.09847583446962,19.00029743498413,0 -98.09879415743318,18.99952687283126,0 -98.09841269093536,18.99850092705576,0 -98.09811902263222,18.99769306168365,0 -98.09793541237083,18.99711498616923,0 -98.09769755702484,18.99612283280158,0 -98.09772746186287,18.99551313012989,0 -98.09814948938211,18.99510939899631,0 -98.09800768768184,18.99412804304932,0 -98.09859049238878,18.99319571829034,0 -98.09884977484646,18.99271160522084,0 -98.09902145662512,18.99247721579781,0 -98.09903077071499,18.99247730903915,0 -98.09948737037999,18.99248271873165,0 -98.09962370996554,18.99255201938513,0 -98.10011529058202,18.99266590929971,0 -98.10046431042113,18.99274070942378,0 -98.1008051705501,18.99272928971592,0 -98.10095131939038,18.99264201922025,0 -98.10117644886918,18.99254713645536,0 -98.10166116578512,18.99276928340077,0 -98.10168964091685,18.99277153895282,0 -98.10237805345493,18.99282606118452,0 -98.10323436952569,18.99279802365269,0 -98.10383776674098,18.99272632064201,0 -98.10443867334344,18.99252161779134,0 -98.10479394599943,18.99223070649074,0 -98.10524138283894,18.99171077716132,0 -98.10519267575347,18.99114390506104,0 -98.10470947322756,18.99079672405656,0 -98.1040617770884,18.99021836007082,0 -98.10332518540677,18.98965118463977,0 -98.10291796621151,18.98927073135771,0 -98.10234473108204,18.98879511875182,0 -98.1023970829546,18.98832370502215,0 -98.1030233854478,18.98761894139868,0 -98.10391736427427,18.98777471945917,0 -98.10507000458966,18.98762200784672,0 -98.10678294146686,18.98720857730433,0 -98.10764749816229,18.98676754784782,0 -98.10805423979198,18.98665333975152,0 -98.1087185837536,18.98597768300108,0 -98.10807052946421,18.9849480237208,0 -98.1074105540557,18.98400708179565,0 -98.10698557772672,18.98262279481693,0 -98.10661132368196,18.98125108784369,0 -98.10626106184601,18.980395668065,0 -98.10623998984831,18.97987078936087,0 -98.10653587817846,18.97917064276151,0 -98.10752189723806,18.97848869764487,0 -98.10879842911338,18.97821892385835,0 -98.11031732098019,18.97861558804766,0 -98.11178131787791,18.97924304158323,0 -98.11310831610118,18.98016017167087,0 -98.11352222410731,18.98173120321731,0 -98.113433326943,18.982446332988,0 -98.1132109623185,18.98322803038773,0 -98.11334218392223,18.98447060121085,0 -98.11354360336772,18.98492597437283,0 -98.11384296834611,18.98506792150217,0 -98.11449159634066,18.98473077907495,0 -98.11482200421069,18.98441819331712,0 -98.11541666415827,18.98313060110449,0 -98.1155594779393,18.98237644453309,0 -98.1159738169078,18.98197521724411,0 -98.11660229054148,18.98166684323466,0 -98.11700313009098,18.98166699312856,0 -98.11762925537349,18.98173546820112,0 -98.11804709359988,18.98239173626598,0 -98.11845347526136,18.98337185683667,0 -98.11877196811757,18.98433842769619,0 -98.11909950027845,18.9849884891457,0 -98.11924091740697,18.98552555345458,0 -98.12036962001973,18.98678230759883,0 -98.12070203927034,18.98739738902275,0 -98.12049531504188,18.98790827322125,0 -98.11635593293677,18.98845733738186,0 -98.11609939088871,18.98985319934708,0 -98.11704351411211,18.99102757040369,0 -98.11792137424374,18.99172316545077,0 -98.11901522796641,18.99283102462849,0 -98.11991812384115,18.99369924327713,0 -98.12132430409672,18.99481672504211,0 -98.12252800005881,18.99626761981096,0 -98.12282553031892,18.99618286962971,0 -98.1233219392859,18.99604146770301,0 -98.12364761472799,18.99589572696901,0 -98.12437443298302,18.9953425709835,0 -98.12485783302073,18.99494646817245,0 -98.12549472404692,18.99468102136826,0 -98.12627251336504,18.99456013060534,0 -98.12648881972632,18.99487814942611,0 -98.1265866600578,18.99520896895847,0 -98.12668319965809,18.99541093930957,0 -98.126855550077,18.99564077917622,0 -98.12692744967588,18.99572217995979,0 -98.12709417013831,18.99589277994875,0 -98.12727924988118,18.99589114977677,0 -98.12742618062126,18.99581176893604,0 -98.12755127961998,18.99567102868902,0 -98.12787202928369,18.99548965913334,0 -98.12811856979508,18.99537901966712,0 -98.12841929014901,18.99515022869779,0 -98.12860906002375,18.99506101953879,0 -98.12878770945545,18.99504145913422,0 -98.1288662696137,18.99498731684075,0 -98.13041045691757,18.99676193500589,0 -98.13058021223904,18.99738811169704,0 -98.13055099112914,18.99897740479121,0 -98.12986390002446,19.0026220387861,0 -98.12948515553877,19.00377590699172,0 -98.12899415924512,19.00509923865065,0 -98.12907038847558,19.00563972847744,0 -98.12904460070047,19.00578085936494,0 -98.12899404987398,19.00608561957139,0 -98.1291483489227,19.00619249212989,0 -98.12960514467532,19.00943122771957,0 -98.12958730426993,19.01230126478556,0 -98.12934365208309,19.01353357295569,0 -98.12941927763556,19.01356685662405,0 -98.12942628250063,19.01357056398923,0 -98.1294025637354,19.01399353750495,0 -98.12932490886674,19.01461778765595,0 -98.12915385137362,19.01524139804738,0 -98.12920241741392,19.01554235126151,0 -98.12900855982733,19.01565648968559,0 -98.12900411373712,19.01759173184715,0 -98.12929670044596,19.01829370035388,0 -98.12978107941971,19.018145951689,0 -98.13006294916821,19.01869282444986,0 -98.13011839364155,19.01888092968872,0 -98.13014058898943,19.01924491611276,0 -98.13016751708351,19.019686521437,0 -98.13019978202543,19.01991630301056,0 -98.13022356942062,19.0200857066025,0 -98.12980965816078,19.02045752025514,0 -98.12921184128916,19.02066407923153,0 -98.12971670759462,19.02114701815371,0 -98.12999646868458,19.02134458828903,0 -98.130003081615,19.02138916741861,0 -98.12992402306956,19.02131832960233,0 -98.12966755296725,19.02125879107494,0 -98.12964608946548,19.02124483020308,0 -98.12952031317249,19.02116302289725,0 -98.12940583784376,19.02108856689199,0 -98.12938269260398,19.02107351364865,0 -98.12926691213795,19.02100265891877,0 -98.12905612587066,19.02087366708987,0 -98.12903020666681,19.02085780458721,0 -98.12900813849907,19.02084429986628,0 -98.12888542155567,19.02076920285988,0 -98.12883816259043,19.02074028092833,0 -98.12879970531424,19.0207167466658,0 -98.12896449785048,19.02062111023919,0 -98.12898241674301,19.02061071104879,0 -98.12899429627558,19.02060381679971,0 -98.12907635984942,19.02055619169065,0 -98.12918502338908,19.02049313043438,0 -98.12920247105293,19.02045553534774,0 -98.12935861661069,19.02011907395335,0 -98.12938102547857,19.02007078633132,0 -98.12935859809764,19.02001953579656,0 -98.12929500147557,19.01987421031735,0 -98.12927143330023,19.01982035178922,0 -98.12926625862922,19.01980852710773,0 -98.12908579630829,19.01939614647395,0 -98.12892922206369,19.01903834870323,0 -98.1288921419297,19.01886453019135,0 -98.12878552920903,19.01836475681981,0 -98.12870322257901,19.01797892508073,0 -98.12857755819959,19.01777099327638,0 -98.12837588635017,19.0174372933733,0 -98.12825024066163,19.01722939127283,0 -98.12806668853409,19.01692567217885,0 -98.12803261091216,19.01689019908627,0 -98.12763541653092,19.01647672422125,0 -98.12714667921914,19.01596795213898,0 -98.12703609230824,19.01578214857047,0 -98.12696253390558,19.01565856041774,0 -98.12691344324421,19.01557607798943,0 -98.12688080499606,19.01552124193575,0 -98.12676976280167,19.01533467245689,0 -98.12675871952692,19.01531611917492,0 -98.12638315761794,19.01407155363194,0 -98.12580303933102,19.01445653160983,0 -98.12571951102669,19.01451196259514,0 -98.12547284554722,19.01527613467901,0 -98.12538883374307,19.01601618934703,0 -98.12538473020435,19.0160523344437,0 -98.12533779349025,19.01655184392139,0 -98.12512514676737,19.01881482192168,0 -98.12506949248461,19.0197005457261,0 -98.12502424652868,19.02042064195603,0 -98.12376505877218,19.02115084381722,0 -98.12362148387896,19.02123410255483,0 -98.12350001389061,19.02130454244078,0 -98.12286771951072,19.0218558516857,0 -98.12162928717974,19.02313630830303,0 -98.12090645382484,19.02412155901986,0 -98.12073838413043,19.02435064073234,0 -98.12053562640955,19.02454697403856,0 -98.12049665291894,19.02452211985008,0 -98.11968031354908,19.02406217181314,0 -98.11872070424565,19.0237588680965,0 -98.1181071320465,19.02360811598664,0 -98.11831392860334,19.0228383536872,0 -98.1186169962839,19.02191656201946,0 -98.11893147728566,19.02118663051623,0 -98.11920166302556,19.02085823710104,0 -98.11916896344711,19.02040469502559,0 -98.11892453274194,19.02009922416101,0 -98.11868927385164,19.01970143140221,0 -98.11887483293334,19.01928745376359,0 -98.11917851255598,19.01899786131518,0 -98.12005950358623,19.01841385061381,0 -98.12064639557956,19.017884121547,0 -98.12095051841874,19.01730671420152,0 -98.12111225743809,19.01677911810843,0 -98.12103276579354,19.01574045305889,0 -98.12123377894162,19.01482622200007,0 -98.12123377894162,19.01482622200007,0 
						</coordinates>
					</LinearRing>
				</outerBoundaryIs>
			</Polygon>
		</Placemark>
		<Placemark id="ID_70002">
			<visibility>0</visibility>
			<snippet></snippet>
			<description><![CDATA[<html><body><table border="1"><tr><th>Field Name</th><th>Field Value</th></tr><tr><td>MUNICIPIO</td><td>SAN ANDRÉS CHOLULA</td></tr><tr><td>SERVICIO</td><td>AGUA Y DRENAJE</td></tr><tr><td>FECHA ACTUALIZACIÓN</td><td>07/05/2024</td></tr><tr><td>POBLACIÓN AGUA</td><td>69758</td></tr><tr><td>PROMEDIO OCUPANTES EN VIVIENDAS PARTICULARES AGUA</td><td>2,46</td></tr><tr><td>MES 1 TOMAS ACTIVAS AGUA</td><td>27669</td></tr><tr><td>MES 2 TOMAS ACTIVAS AGUA</td><td>27754</td></tr><tr><td>MES 3 TOMAS ACTIVAS AGUA</td><td>27783</td></tr><tr><td>NÚMERO DE HABITANTES SERVIDOS AGUA</td><td>68311</td></tr><tr><td>COBERTURA POR MUNICIPIO AGUA</td><td>Nulo</td></tr><tr><td>POBLACIÓN DRENAJE</td><td>69758</td></tr><tr><td>PROMEDIO OCUPANTES EN VIVIENDAS PARTICULARES DRENAJE</td><td>2,46</td></tr><tr><td>MES 1 TOMAS ACTIVAS DRENAJE</td><td>26824</td></tr><tr><td>MES 2 TOMAS ACTIVAS DRENAJE</td><td>26905</td></tr><tr><td>MES 3 TOMAS ACTIVAS DRENAJE</td><td>26936</td></tr><tr><td>NÚMERO DE HABITANTES SERVIDOS DRENAJE</td><td>66228</td></tr><tr><td>COBERTURA POR MUNICIPIO DRENAJE</td><td>Nulo</td></tr></table></body></html>]]></description>
			<styleUrl>#PolyStyle7215</styleUrl>
			<MultiGeometry>
				<Polygon>
					<altitudeMode>absolute</altitudeMode>
					<outerBoundaryIs>
						<LinearRing>
							<coordinates>
								-98.28982362272058,18.98625909126088,0 -98.28931500304272,18.98585651532185,0 -98.28926546455519,18.98583228541758,0 -98.28894302891717,18.98566970430156,0 -98.28888808340214,18.98572645619337,0 -98.28878194834942,18.98564441771941,0 -98.28878680061425,18.98563485065914,0 -98.28906529020756,18.98508503028947,0 -98.28925302004571,18.98516472044156,0 -98.2899962902129,18.98556145942964,0 -98.29071653924028,18.98602955050195,0 -98.29093010825773,18.98616835058975,0 -98.29086280189125,18.98619326936473,0 -98.29067936994645,18.9861806113473,0 -98.29058834477441,18.98614239146167,0 -98.2905009633472,18.98630502800907,0 -98.29040395766808,18.9863530085506,0 -98.29003173232749,18.98632040679511,0 -98.28982362272058,18.98625909126088,0 -98.28982362272058,18.98625909126088,0 
							</coordinates>
						</LinearRing>
					</outerBoundaryIs>
				</Polygon>
				<Polygon>
					<altitudeMode>absolute</altitudeMode>
					<outerBoundaryIs>
						<LinearRing>
							<coordinates>
								-98.26071474421298,19.00723677882318,0 -98.26064780322825,19.00704001975555,0 -98.26061763818291,19.00703989916224,0 -98.26049700191993,19.00668531142685,0 -98.26034755740119,19.00598101881148,0 -98.26067833722318,19.00266676417144,0 -98.26104989523829,19.00148429094922,0 -98.26107209211337,19.00057319979449,0 -98.26064455366716,18.9997334561567,0 -98.26038180572492,18.9993921360271,0 -98.25886957141688,18.99793765335735,0 -98.25866508967995,18.99763058532201,0 -98.25869321830986,18.99763192887541,0 -98.25869415114072,18.99763002307618,0 -98.25839174265062,18.99744263364358,0 -98.25845918577421,18.99730951744269,0 -98.25850976154619,18.99707498899888,0 -98.25853369848519,18.99692360163448,0 -98.25858383922485,18.99673791326051,0 -98.25861862637915,18.99653761724948,0 -98.25865895358078,18.99625246165744,0 -98.25849869620134,18.99605525830573,0 -98.25845346042969,18.99592460133796,0 -98.2583693919839,18.99574614970566,0 -98.25833606870559,18.99570195491048,0 -98.25809513423229,18.99555865760616,0 -98.25799372401225,18.99543476548492,0 -98.25774545234081,18.99512834688184,0 -98.25793142596645,18.9949421154012,0 -98.25840871094982,18.9944630152135,0 -98.25884754082894,18.99402280985252,0 -98.25882562436354,18.99395163992479,0 -98.25883254682411,18.99382765977304,0 -98.25896537558992,18.99365837301535,0 -98.25915535754791,18.99352080471387,0 -98.25959690144863,18.99341782650987,0 -98.25998734760412,18.99322810279233,0 -98.26040277056372,18.99307434356224,0 -98.26084290478462,18.99301632527693,0 -98.26140014407213,18.99275916376315,0 -98.26140689635183,18.99275796980016,0 -98.26194268881237,18.99266322609588,0 -98.26205547460413,18.99252806517064,0 -98.26213617254125,18.99248195161357,0 -98.26222077104509,18.99250293504934,0 -98.26242835469394,18.99252132970457,0 -98.26282369795523,18.99248738459949,0 -98.2630121441327,18.99251106046539,0 -98.26349746270269,18.99252712474798,0 -98.26364656936316,18.99258072972354,0 -98.26373440794019,18.9925381267679,0 -98.26381777389699,18.9925547152565,0 -98.26390055455208,18.99261498672734,0 -98.26392518510792,18.99269377344643,0 -98.26380581100166,18.99298871058755,0 -98.26385001125259,18.99300260383188,0 -98.2640875795628,18.99278205386786,0 -98.26430989458689,18.99270988727752,0 -98.26447839881826,18.99267704387591,0 -98.26466058496358,18.99262130225095,0 -98.26475606699434,18.9926220096658,0 -98.2651092515397,18.99252177491768,0 -98.26530806789926,18.99239682747375,0 -98.26550724406044,18.99227165440238,0 -98.26563196995545,18.99213831347237,0 -98.26567078035521,18.99188883733836,0 -98.26586659586827,18.99147793429458,0 -98.2660082156717,18.99118075500002,0 -98.26604666176972,18.9912234071719,0 -98.26604667154794,18.9912211759492,0 -98.26600822545038,18.99117852377734,0 -98.26609739970392,18.99104696096632,0 -98.26618900730125,18.99085001615497,0 -98.26634082088574,18.99071907930861,0 -98.26652679025983,18.99068282119712,0 -98.2667620099152,18.99073526745195,0 -98.26695848355234,18.9907790750138,0 -98.26712187596743,18.99096469813656,0 -98.26717738435772,18.99111700974942,0 -98.26720675078519,18.99131854418205,0 -98.2673185445486,18.99151320779405,0 -98.26733367693626,18.99153955664731,0 -98.26734398299462,18.99155750086095,0 -98.26750229993191,18.99191574848117,0 -98.26762380057139,18.99229661023559,0 -98.26766375172407,18.99254530686168,0 -98.2678134810162,18.99289118820576,0 -98.26799781746486,18.99322898527038,0 -98.26814790731278,18.99349265631609,0 -98.26834960038407,18.9938140786731,0 -98.2684828028425,18.99398725016877,0 -98.26869241099632,18.99416137240345,0 -98.26879232907594,18.99435431547238,0 -98.26868438178221,18.99445559069211,0 -98.26882828335579,18.99456370814512,0 -98.26891051533866,18.99447656921052,0 -98.26904494710693,18.9944297575794,0 -98.26920902821327,18.99450070259021,0 -98.26927909482495,18.99458251026455,0 -98.26948065857721,18.99446161420296,0 -98.2698521187245,18.99426911587575,0 -98.26993681955838,18.9942570592782,0 -98.27039611842847,18.99413163004061,0 -98.27048033150109,18.99409020337033,0 -98.27111773150953,18.9939154656799,0 -98.27222474062017,18.99368071507092,0 -98.27232573904462,18.99366704055561,0 -98.27270627952554,18.99378292199364,0 -98.27303760019603,18.99377857112813,0 -98.27340517983419,18.99368240035361,0 -98.27353029013224,18.99346914929609,0 -98.27353016896812,18.99346861020835,0 -98.27342585981626,18.99300191895662,0 -98.27325130656519,18.99258982788519,0 -98.27296820940616,18.99149341293304,0 -98.27332284342911,18.99086356124559,0 -98.27365910105802,18.99066012991251,0 -98.27389865044709,18.99060609074118,0 -98.27418851871606,18.99041611974692,0 -98.27428946633975,18.99031809141532,0 -98.27472108809101,18.99011525247502,0 -98.27561701521442,18.99048494982866,0 -98.27561549949024,18.99046089611478,0 -98.27561565986892,18.99045083209974,0 -98.27561963772858,18.99040202642426,0 -98.27562027908809,18.99039760887805,0 -98.27562188413638,18.9903865130555,0 -98.27562204110332,18.99035022058759,0 -98.27561932567099,18.99033272222492,0 -98.27561325733821,18.99031442270243,0 -98.27559456739803,18.99027588123419,0 -98.27558834548738,18.99026607419718,0 -98.27558610519418,18.99026326120971,0 -98.27555746582362,18.99023175957341,0 -98.2755331834345,18.99021315740486,0 -98.27545648554268,18.99014953586653,0 -98.27539445898397,18.9902184568475,0 -98.27520635813336,18.99006458450018,0 -98.27518417610628,18.99004470181882,0 -98.27514551255504,18.9900024130164,0 -98.27511298245261,18.98995568479362,0 -98.27508714188426,18.9899053173094,0 -98.27506843361508,18.98985217263451,0 -98.27505717765294,18.98979716025503,0 -98.27505356657375,18.98974121988332,0 -98.2750536660967,18.98973380983328,0 -98.27505353105686,18.98971891703138,0 -98.2750526788012,18.98968887158926,0 -98.27504509399044,18.98962609985534,0 -98.27502975918401,18.98956462170361,0 -98.27500688725476,18.98950530010767,0 -98.27497680139764,18.98944896955362,0 -98.27493992190749,18.98939641791419,0 -98.27491409071128,18.98936629992268,0 -98.27490308876824,18.98935467032862,0 -98.27482832959214,18.98929212522915,0 -98.2748280465803,18.98929188554031,0 -98.27478317071633,18.98924884212774,0 -98.27474407657903,18.98920096842529,0 -98.27471133305401,18.98914895981297,0 -98.27468541754484,18.98909357637927,0 -98.27467485353858,18.98906396823088,0 -98.27466185267426,18.98902649004386,0 -98.27465289077108,18.98899744757034,0 -98.27464139739203,18.98894004572455,0 -98.27463771415511,18.98888171655018,0 -98.27464190244856,18.98882341912657,0 -98.27465389257526,18.98876610930738,0 -98.274673488554,18.988710727991,0 -98.27469836231384,18.98866157675965,0 -98.27470036818686,18.98865818575798,0 -98.27473409073762,18.98860934482698,0 -98.27477410078308,18.98856500732192,0 -98.27481974347549,18.98852590087263,0 -98.27487026838951,18.9884926677858,0 -98.2749248447727,18.9884658533566,0 -98.27498257867988,18.98844589780288,0 -98.27503803838536,18.98843382182817,0 -98.27507396451784,18.98839294303248,0 -98.27509160925376,18.9883285087658,0 -98.27511833688362,18.98825836064911,0 -98.27515216388589,18.98819104274042,0 -98.27517718830492,18.98815005345182,0 -98.27521255610768,18.98810052843017,0 -98.2752433762215,18.98806353183349,0 -98.2752960178896,18.9880100059153,0 -98.27535399950503,18.98796173157336,0 -98.27541674519675,18.98791918913088,0 -98.27542371441784,18.98791499607477,0 -98.27547771530539,18.98788521685068,0 -98.27554960270166,18.98785321670366,0 -98.27562444149174,18.98782807279579,0 -98.27570151053648,18.98781002901547,0 -98.27578006810727,18.98779925777848,0 -98.27579842627689,18.98779781046346,0 -98.27582653932022,18.9877947384795,0 -98.27586911652929,18.98778406411265,0 -98.27590909766242,18.98776651859518,0 -98.27594526917431,18.98774263489066,0 -98.27594989474444,18.98773888269544,0 -98.27595250884538,18.98773652790504,0 -98.27597784314774,18.98771103928398,0 -98.27602259331609,18.98766884917608,0 -98.27607266473392,18.98763184639205,0 -98.27612705919972,18.98760085572853,0 -98.27617160607429,18.98758129374968,0 -98.27620274652801,18.98756990493046,0 -98.27626389361699,18.98755361240281,0 -98.27632668315783,18.98754459212499,0 -98.27639016078462,18.98754297953658,0 -98.27644374184024,18.98754742920587,0 -98.276464859329,18.98755002587895,0 -98.276508250939,18.98755708448292,0 -98.27655792049163,18.98756316810664,0 -98.2766457309928,18.98756863080489,0 -98.276647873985,18.98755261364303,0 -98.27669927952151,18.98716831460059,0 -98.27700243765689,18.98662173060521,0 -98.27754594633579,18.98614149041128,0 -98.27847572585362,18.98576903651175,0 -98.27917800045174,18.985592726891,0 -98.27918121294755,18.98559192063552,0 -98.27964264851137,18.98527737644882,0 -98.27984015541827,18.98500066149906,0 -98.28044310153732,18.98433649291447,0 -98.28055909528568,18.98416407776594,0 -98.28061851786229,18.98393131865766,0 -98.2806139605523,18.98391523924721,0 -98.28055067197211,18.98369195769831,0 -98.2802868790221,18.98346886286306,0 -98.28005625569922,18.98319979641626,0 -98.279932071952,18.98294306277367,0 -98.27987702626731,18.98263296347693,0 -98.27989727883191,18.98229336159437,0 -98.28001131461181,18.98199583892835,0 -98.28031989608827,18.98161564160102,0 -98.28070318620696,18.98134300207072,0 -98.28132389793724,18.98106900059975,0 -98.28143957895067,18.9810179351568,0 -98.28145169174502,18.98099823058952,0 -98.28146534320204,18.98097282594191,0 -98.28165641724189,18.98105313031295,0 -98.2814653709207,18.98097278628606,0 -98.2814684478504,18.98096812602486,0 -98.28147864724028,18.98095267594574,0 -98.28149666146339,18.98092137251317,0 -98.28150733714394,18.98089985403322,0 -98.28151691665599,18.98087787401974,0 -98.28152537698834,18.9808554820879,0 -98.28153565068973,18.98082225352686,0 -98.28154159548302,18.98079766032657,0 -98.28154700264673,18.98077460767982,0 -98.28155244575318,18.98075092618727,0 -98.2815593875992,18.98071733947749,0 -98.28156061966163,18.98069696008339,0 -98.28156290694513,18.98066066766754,0 -98.28156300928778,18.98063613132373,0 -98.28124550235636,18.98054847061755,0 -98.28114718866443,18.97999229759593,0 -98.28098012308338,18.97981170501717,0 -98.28077175123869,18.97951870876755,0 -98.2805831683209,18.97926798900957,0 -98.28044991630134,18.97894556832241,0 -98.28043785644618,18.9788987461242,0 -98.28043200141938,18.97875284765433,0 -98.28042691609133,18.97857436876152,0 -98.28055795359764,18.97845639555745,0 -98.28076697360918,18.97832858366808,0 -98.28090295107971,18.97826933466511,0 -98.28100873674276,18.9782171420224,0 -98.28114988364851,18.97812443751964,0 -98.28140393499467,18.97807760167802,0 -98.28160062142047,18.9779277273722,0 -98.28177156907373,18.97791882554677,0 -98.2818777538063,18.97777338145778,0 -98.28204431958987,18.97761382493498,0 -98.28218530158554,18.97755937681459,0 -98.28232641659342,18.9774738440317,0 -98.28241256629116,18.97731158426668,0 -98.28263569367995,18.97685575203514,0 -98.28275606668591,18.97691838660664,0 -98.28279642263205,18.97688506750105,0 -98.28286196347717,18.97683989067164,0 -98.28288731206355,18.97678977663508,0 -98.28290019558304,18.97671570294218,0 -98.2829438116259,18.97650784754902,0 -98.28293209424533,18.97630934191445,0 -98.28297047863946,18.97614928811804,0 -98.28301111144638,18.97605141135823,0 -98.28306637307929,18.97605879807447,0 -98.28315882343632,18.97618588385819,0 -98.283201212964,18.97626495307072,0 -98.28352402953527,18.97659378076215,0 -98.28356145276263,18.97665848511509,0 -98.2835684310695,18.97679002158748,0 -98.28357280392824,18.97694306813816,0 -98.28354226503951,18.97703142005293,0 -98.28355403521913,18.97721796971471,0 -98.28359836538709,18.97743094794962,0 -98.28379745955444,18.97789319724119,0 -98.28390163000748,18.97821878736169,0 -98.28402624495494,18.97846555043215,0 -98.28406066594988,18.97864501484386,0 -98.28403924176281,18.97880093936877,0 -98.28398510017242,18.9788809202453,0 -98.28392922821337,18.97896345734719,0 -98.28391951932606,18.97897779970992,0 -98.28396289091786,18.97919566594496,0 -98.28406912019651,18.97936821985532,0 -98.28407680023101,18.97951637921347,0 -98.28408815005872,18.97981971873999,0 -98.28417151078514,18.97989220081457,0 -98.28433088962477,18.97990964313581,0 -98.28450728956246,18.97991397945069,0 -98.28463138027723,18.9798587701925,0 -98.28470757032991,18.97989447929272,0 -98.28481245972363,18.98005473348892,0 -98.28482206971249,18.98013657395153,0 -98.28485990301184,18.98045874974257,0 -98.28539538044151,18.98154360187787,0 -98.28540200705679,18.98155703315529,0 -98.28540282173006,18.98155868377118,0 -98.28540345179502,18.98155996315159,0 -98.28540377013879,18.98156060601759,0 -98.28540442469411,18.9815619342931,0 -98.28540506890415,18.9815632381284,0 -98.28540584213464,18.98156480544259,0 -98.28540671803387,18.98156657829623,0 -98.28540750067516,18.98156816643216,0 -98.28540811474149,18.98156941050594,0 -98.28540868360373,18.98157056222637,0 -98.28540914226325,18.98157149301514,0 -98.28540928448267,18.98157178004153,0 -98.28540971489446,18.98157265197983,0 -98.28540986653618,18.9815729571169,0 -98.28539058363499,18.98171567953977,0 -98.28539013632145,18.98171899354212,0 -98.28542630671539,18.98173863981886,0 -98.2854130223399,18.98186453834505,0 -98.28539514943857,18.9820339203617,0 -98.28541625943893,18.98218271981174,0 -98.28546876877385,18.98234014981377,0 -98.28549653961403,18.98247389105957,0 -98.28551084998466,18.98257744961113,0 -98.28547059541444,18.98274227818853,0 -98.28545942930971,18.98278800010018,0 -98.2854158202194,18.98302590994516,0 -98.28534218053619,18.9833137389049,0 -98.2852689502445,18.98366631872687,0 -98.28527541981764,18.98383059920997,0 -98.28532629680862,18.98398038022201,0 -98.2854314061798,18.98410223792312,0 -98.28544278471689,18.98411542998095,0 -98.28544355513797,18.98411632220945,0 -98.28545817131837,18.98413326813997,0 -98.28550328279782,18.98418556939407,0 -98.28552231731774,18.98420763655033,0 -98.28573515040266,18.98433765010226,0 -98.28591652083392,18.9844509191405,0 -98.2860270842237,18.98450445867227,0 -98.28594902016057,18.98454034683825,0 -98.28594656060879,18.98454147783928,0 -98.28597609432305,18.98455619215885,0 -98.28633008978844,18.98473255962671,0 -98.28656009436905,18.9849689053339,0 -98.28672528486916,18.98537586724789,0 -98.28680477965914,18.98564997911132,0 -98.28684674451547,18.98567509233457,0 -98.28693781789418,18.98589945950524,0 -98.28711530232174,18.98633670581948,0 -98.28713690186287,18.98643097230547,0 -98.28692152458737,18.98663420780641,0 -98.28674314855938,18.9868629275671,0 -98.28671111147216,18.98696303959103,0 -98.28666094096441,18.98711981871763,0 -98.28654747457411,18.98719828562128,0 -98.28654797024764,18.98719856045343,0 -98.2865205835609,18.98723144498445,0 -98.28636044178978,18.98743911029039,0 -98.28629124687171,18.98751169190983,0 -98.28622846154829,18.98756352363608,0 -98.28619927108822,18.98758427964165,0 -98.28615896339292,18.9876129400322,0 -98.28604082994987,18.98770570163042,0 -98.28597330040087,18.98777576547173,0 -98.28589445195701,18.98784441739667,0 -98.28587271981668,18.98786204906227,0 -98.28568242439825,18.98800475591048,0 -98.28559371722829,18.98805034030966,0 -98.28557271034052,18.98807254030018,0 -98.28550106052251,18.98820870376768,0 -98.28545716933662,18.98834867687747,0 -98.28534261694807,18.98876106560603,0 -98.28523638377459,18.98912832867882,0 -98.28507023718129,18.98936853848037,0 -98.28500191661864,18.98947342980444,0 -98.28500200096676,18.98947347712338,0 -98.28492542890866,18.98956316499352,0 -98.28488496817751,18.98963840822116,0 -98.28486388892074,18.98973689483345,0 -98.28484183641723,18.98983992878328,0 -98.2848293503351,18.98989826405789,0 -98.28482648980675,18.9899116288713,0 -98.28483275297208,18.98994838813015,0 -98.28483500874778,18.9899616281186,0 -98.28483913199051,18.98998582652534,0 -98.28482173861244,18.99003004219193,0 -98.28481341260166,18.99003720177317,0 -98.28474326601301,18.99009752470863,0 -98.28467037947732,18.99015630975003,0 -98.28460833916553,18.99020618359335,0 -98.28459245035441,18.99023508981554,0 -98.28451715290988,18.99037207917523,0 -98.28450767309755,18.99039736006499,0 -98.28448700776499,18.9905011710904,0 -98.2844858684535,18.99061508430158,0 -98.28448352162424,18.99062805436321,0 -98.28446590009077,18.99072541198291,0 -98.28445744883595,18.9907721031079,0 -98.28444131923794,18.99081020818612,0 -98.28440771260969,18.9908896005251,0 -98.2844013757358,18.99090457043893,0 -98.28436040683323,18.99096520754957,0 -98.28425786549641,18.99111751330232,0 -98.28420208712414,18.99120162851051,0 -98.28416065800437,18.99126410555892,0 -98.28415225726599,18.99127939191299,0 -98.28410627335427,18.99136307504043,0 -98.28406029034551,18.99144675815785,0 -98.28401416729196,18.99153074436771,0 -98.28384815651101,18.99144473095945,0 -98.28345979270382,18.99124505336255,0 -98.28334714407605,18.99139249361611,0 -98.28323449430154,18.99153993288489,0 -98.2831725369789,18.99162102530876,0 -98.28312028802591,18.99168941115097,0 -98.28306505638012,18.9917616994043,0 -98.2830059468437,18.99183906413598,0 -98.28296858239848,18.99188796750732,0 -98.28292184979514,18.99192157085617,0 -98.28283348948479,18.99198510653397,0 -98.2828005069441,18.99200882228806,0 -98.2826546910139,18.99208755165201,0 -98.28261477663135,18.99206236769589,0 -98.28253455944441,18.99201175515402,0 -98.28245434231056,18.991961141675,0 -98.2823905294281,18.99192087873716,0 -98.28233991277143,18.99199533639647,0 -98.28228942226683,18.99206960836436,0 -98.28223891355056,18.99214390735737,0 -98.28218838566866,18.99221823427547,0 -98.28213783862111,18.99229258911862,0 -98.28208733781848,18.99236700467425,0 -98.28203701063461,18.99244146426599,0 -98.28199983145808,18.99249647091913,0 -98.28199733129716,18.99250017096109,0 -98.28211683443601,18.99257321627434,0 -98.28231862838726,18.99269368308427,0 -98.28242531314092,18.99276141978792,0 -98.28258122986834,18.99285644332189,0 -98.28293376131717,18.99305770102295,0 -98.28293398781898,18.99305783022785,0 -98.28293500640297,18.99306178611201,0 -98.28295677236058,18.99314631340069,0 -98.28310131459543,18.99324501392939,0 -98.28310132010716,18.99324439219612,0 -98.28310355315837,18.99324605102688,0 -98.28325152362275,18.99335598432118,0 -98.283755779418,18.99334583956482,0 -98.2845067982158,18.99393930513559,0 -98.28442096698332,18.99404582379125,0 -98.28427076379462,18.99449726127004,0 -98.28426003424002,18.99507043326764,0 -98.28450143365092,18.99553201290998,0 -98.28497350217222,18.99569939792052,0 -98.28473210350248,18.99598851799954,0 -98.28436195864647,18.99560809666699,0 -98.28397035620836,18.99571461520153,0 -98.28383088128331,18.99580591616841,0 -98.28348219433394,18.99612039767716,0 -98.28319251490521,18.99603924109691,0 -98.28259170013773,18.99574504865136,0 -98.2825921925385,18.99574365251674,0 -98.28244639017932,18.99574593025208,0 -98.28244077812251,18.99574486650838,0 -98.2823348401612,18.99572477731614,0 -98.28233476360175,18.99572490715384,0 -98.28229782263526,18.99585073781661,0 -98.28227202481042,18.99593862232014,0 -98.28221837841338,18.99612137267033,0 -98.28196350081437,18.99674414702047,0 -98.28165756179902,18.99751066781977,0 -98.28130131699744,18.99824500476122,0 -98.28087994271206,18.99848327595242,0 -98.28088045141963,18.99848406054449,0 -98.27050030200559,19.00484955409545,0 -98.27049902847818,19.00485204602334,0 -98.27051349463667,19.00486225625986,0 -98.26873523950417,19.00599583612183,0 -98.26711168398454,19.00714462501835,0 -98.26418862746731,19.00905659408997,0 -98.26374071632495,19.00904155394454,0 -98.26295898529641,19.0089491499572,0 -98.26197870911706,19.00846522493522,0 -98.26136656366781,19.00801806437809,0 -98.2609718364273,19.00754493700326,0 -98.26071474421298,19.00723677882318,0 -98.26071474421298,19.00723677882318,0 
							</coordinates>
						</LinearRing>
					</outerBoundaryIs>
				</Polygon>
				<Polygon>
					<altitudeMode>absolute</altitudeMode>
					<outerBoundaryIs>
						<LinearRing>
							<coordinates>
								-98.27146493521504,19.00867811248637,0 -98.27011509687327,19.00786900163033,0 -98.26969019937174,19.00761430812527,0 -98.27076175599686,19.00608294548426,0 -98.27263183093498,19.00723425739968,0 -98.27358919634493,19.00782364609635,0 -98.27306707716619,19.00857924249666,0 -98.27306092644999,19.00858814335971,0 -98.27225202380231,19.00808244315668,0 -98.27224797596308,19.00807991220302,0 -98.27176502608238,19.00880598733783,0 -98.27124552020994,19.00958701253808,0 -98.2712411758644,19.00958427525155,0 -98.27097087459434,19.00941393598233,0 -98.27146493521504,19.00867811248637,0 -98.27146493521504,19.00867811248637,0 
							</coordinates>
						</LinearRing>
					</outerBoundaryIs>
				</Polygon>
				<Polygon>
					<altitudeMode>absolute</altitudeMode>
					<outerBoundaryIs>
						<LinearRing>
							<coordinates>
								-98.26854216959785,19.04657191857715,0 -98.26861689097387,19.04653605191944,0 -98.26894212670442,19.04662740429455,0 -98.26891435331567,19.0466984105337,0 -98.26890372084037,19.04673188777802,0 -98.26889311537285,19.04676527295047,0 -98.26887738939726,19.04681475182042,0 -98.26886153801171,19.04686465493355,0 -98.26884518457929,19.04691613754142,0 -98.2688292860542,19.04696616698274,0 -98.26881352135356,19.0470157993217,0 -98.26879778562729,19.04706532332883,0 -98.26878707031142,19.04709904333247,0 -98.26878191360215,19.04711558783291,0 -98.26876637603584,19.04716542891813,0 -98.26875045299185,19.04721648847729,0 -98.26873509857732,19.04726573383853,0 -98.26871927177142,19.04731651362634,0 -98.26870358005738,19.04736682402046,0 -98.26868778225524,19.04741748643762,0 -98.26867237957353,19.04746689426732,0 -98.26865662982128,19.04751743035226,0 -98.26864086089437,19.0475680025076,0 -98.26862519795661,19.04761824070984,0 -98.26860972784294,19.04766784708026,0 -98.26859396752204,19.04771840028621,0 -98.26858613223432,19.04774352027333,0 -98.26857853678322,19.04776790830499,0 -98.26856287317241,19.04781829109002,0 -98.26854747508521,19.04786880144398,0 -98.26853206748503,19.04791931175842,0 -98.26851699724078,19.0479687380574,0 -98.26850127221176,19.04802033246077,0 -98.26848692418459,19.04806737673911,0 -98.26847557261664,19.04810312753356,0 -98.26847072556632,19.0481183899869,0 -98.26845333195317,19.04817318502337,0 -98.26843828969582,19.04822055097559,0 -98.26842251405286,19.04827023835028,0 -98.26840663430438,19.04832025877781,0 -98.26838924076574,19.04837502669495,0 -98.26837541261916,19.04841857568115,0 -98.26835935750678,19.04846913763128,0 -98.26834312122914,19.04852026819589,0 -98.26832704772325,19.04857090236561,0 -98.26832321154937,19.04858318659214,0 -98.26831192524125,19.04861942563212,0 -98.26829520070262,19.04867310270489,0 -98.26827979761788,19.04872254663501,0 -98.26826412459171,19.04877286608752,0 -98.26824871099444,19.04882231900936,0 -98.26823234480455,19.0488748859369,0 -98.26821670069357,19.04892510609078,0 -98.26820175070749,19.04897306973098,0 -98.26819829319176,19.04898416888977,0 -98.26818646318753,19.04902215262607,0 -98.26817049130302,19.04907342881032,0 -98.26815443463205,19.04912453295245,0 -98.26813880270876,19.04917412958864,0 -98.26812299745937,19.04922424064781,0 -98.26810735581506,19.04927388242697,0 -98.26809061569708,19.04932696296631,0 -98.26807596669363,19.04937345474582,0 -98.26805961195389,19.04942533488111,0 -98.26804407639048,19.04947461559121,0 -98.26802652654571,19.04953029558298,0 -98.26799604140029,19.04963564975889,0 -98.26789648952295,19.04961742937458,0 -98.26767943011491,19.04958856979031,0 -98.26754530987576,19.04957073984001,0 -98.26726015002083,19.04953282913787,0 -98.26687763068482,19.04948198070323,0 -98.26672361978582,19.04944754962677,0 -98.26630445012782,19.04935387966339,0 -98.26582351983824,19.04922231026958,0 -98.26547350978005,19.04913543011035,0 -98.26489704968395,19.04899232015233,0 -98.26491774377364,19.04897860659968,0 -98.26577308006561,19.0484117790495,0 -98.26622208978026,19.04810971970315,0 -98.2668589998151,19.04768283114372,0 -98.26696306029145,19.04760179973388,0 -98.26747088958484,19.04726475062647,0 -98.26775455050935,19.04708129048513,0 -98.26825147998646,19.04675990951872,0 -98.26854216959785,19.04657191857715,0 -98.26854216959785,19.04657191857715,0 
							</coordinates>
						</LinearRing>
					</outerBoundaryIs>
				</Polygon>
				<Polygon>
					<altitudeMode>absolute</altitudeMode>
					<outerBoundaryIs>
						<LinearRing>
							<coordinates>
								-98.26989727386075,19.04685019715691,0 -98.27004307113567,19.04684838337984,0 -98.27016787211623,19.04686457054475,0 -98.27026729387637,19.04687746542221,0 -98.27026945613804,19.046878272845,0 -98.27064585899562,19.04701880175078,0 -98.27065080663428,19.04701961655842,0 -98.27078865781085,19.04704230371089,0 -98.2710809603559,19.04711450289306,0 -98.27109445944464,19.04711783664422,0 -98.27142133102259,19.04718924367275,0 -98.27143792210461,19.0471991984042,0 -98.27169043400909,19.04735070338373,0 -98.27174906583788,19.04737958849038,0 -98.27199649202137,19.04750148385601,0 -98.27231126179836,19.04767984313863,0 -98.27230188169679,19.04771088010105,0 -98.27190116056954,19.04903675571335,0 -98.27152222326372,19.05029053616726,0 -98.27129237931069,19.0502461805821,0 -98.27101537003634,19.05019330899824,0 -98.27089147913179,19.05016965047765,0 -98.27038038011352,19.05007209032504,0 -98.26983131081442,19.04996865993363,0 -98.26978449020906,19.04995977023254,0 -98.26959540057474,19.0499254494662,0 -98.26911223929461,19.04983725033032,0 -98.26900307709791,19.04981755740004,0 -98.26903230116223,19.04971900746898,0 -98.26905522403599,19.0496383440227,0 -98.26907631254505,19.0495622803994,0 -98.26909705305708,19.04948755378247,0 -98.26911816117494,19.04941568432693,0 -98.26913995444819,19.049341431798,0 -98.26916157478415,19.0492678202116,0 -98.26918406158055,19.04919122169023,0 -98.26920549677088,19.04911821303866,0 -98.26926710142708,19.0489091596064,0 -98.26928905702444,19.04883469984225,0 -98.26931000919809,19.04876367922086,0 -98.26933183927534,19.04868966176827,0 -98.2693545076182,19.04861280095705,0 -98.26937577907799,19.04854068720109,0 -98.26939757143393,19.04846680604748,0 -98.2694205490817,19.04839091431741,0 -98.26944229326965,19.04831912685159,0 -98.26946496112198,19.048244525283,0 -98.26948735106616,19.04817088144245,0 -98.26950091763891,19.04812622880665,0 -98.26950957631453,19.04809773308076,0 -98.26953243780564,19.04802251774674,0 -98.26955434482166,19.04795041641675,0 -98.26957654098463,19.04787738541021,0 -98.26959923322768,19.04780391354678,0 -98.26966878393173,19.04757890390156,0 -98.2696911953183,19.04750639787619,0 -98.26971420279875,19.04743274649864,0 -98.26973752733764,19.04735808422073,0 -98.26976055215731,19.0472843696442,0 -98.26978350077425,19.04721090779989,0 -98.26980638277084,19.04713768065152,0 -98.26982948556869,19.04706372237075,0 -98.26985252091428,19.04698997167147,0 -98.26989727386075,19.04685019715691,0 -98.26989727386075,19.04685019715691,0 
							</coordinates>
						</LinearRing>
					</outerBoundaryIs>
				</Polygon>
				<Polygon>
					<altitudeMode>absolute</altitudeMode>
					<outerBoundaryIs>
						<LinearRing>
							<coordinates>
								-98.27342931970288,19.05065222048478,0 -98.27329983257712,19.05062721670108,0 -98.27344679743391,19.05065442744869,0 -98.27342931970288,19.05065222048478,0 -98.27342931970288,19.05065222048478,0 
							</coordinates>
						</LinearRing>
					</outerBoundaryIs>
				</Polygon>
				<Polygon>
					<altitudeMode>absolute</altitudeMode>
					<outerBoundaryIs>
						<LinearRing>
							<coordinates>
								-98.27901655346811,19.04887410585194,0 -98.27911826861258,19.04885419046109,0 -98.2793182792861,19.04709054264274,0 -98.27945564096545,19.04707483015116,0 -98.27952386565183,19.04707820155436,0 -98.27957569972206,19.04708076522093,0 -98.2796373300139,19.04710001158044,0 -98.2797364362537,19.04669551022639,0 -98.28052347296057,19.04700737593199,0 -98.28081800281137,19.04705688995371,0 -98.28080088641917,19.04740720515444,0 -98.28080058728351,19.0474133311262,0 -98.28106020869043,19.0473438603938,0 -98.28117143850552,19.04731419463709,0 -98.28121700971575,19.04730204007762,0 -98.28132785336294,19.0472534545057,0 -98.28181885194638,19.04713601616538,0 -98.28188366919802,19.04712406373015,0 -98.28203727570958,19.04709573890186,0 -98.2825129016626,19.04702964180385,0 -98.28256417927754,19.04723998839905,0 -98.28383896238827,19.04671341123865,0 -98.28392321270648,19.04675305295504,0 -98.28408606187263,19.04682967643609,0 -98.28429419988501,19.04692760856899,0 -98.28452165105163,19.04703699391165,0 -98.28442448904468,19.04907145336379,0 -98.28419278773873,19.04906278136225,0 -98.2837820883222,19.04904740591795,0 -98.28361116108469,19.04904100502596,0 -98.28268785513639,19.04899848152234,0 -98.28267827465648,19.04910620872389,0 -98.28263961245582,19.04978321926601,0 -98.28249347550009,19.04977321297379,0 -98.28239527879028,19.04976648904172,0 -98.28242123231591,19.04908877218155,0 -98.2824334255713,19.04898676297164,0 -98.28126481063902,19.0489329330101,0 -98.28126274945316,19.04897528807975,0 -98.28113874738204,19.04896799489852,0 -98.28091053471769,19.04902098871204,0 -98.28113338572506,19.04903063167095,0 -98.28108268450121,19.04995753859202,0 -98.28086075818565,19.04995202004482,0 -98.28063154196911,19.04994977044987,0 -98.28051922116998,19.04994681225368,0 -98.28054743434755,19.04940918385087,0 -98.280315261079,19.04939863988261,0 -98.28033387158041,19.04899283309174,0 -98.28033575543694,19.04895242754847,0 -98.28057123050998,19.04895569594161,0 -98.28025840739008,19.04892421227925,0 -98.28023972910667,19.04898776586964,0 -98.28018514985544,19.04994672985229,0 -98.27975015411866,19.0499410929142,0 -98.27979989927167,19.04896436055855,0 -98.27980236990629,19.04889216850773,0 -98.27940895102097,19.04887032781405,0 -98.27928497397096,19.05094055390807,0 -98.27889533376732,19.05092639921161,0 -98.27901655346811,19.04887410585194,0 -98.27901655346811,19.04887410585194,0 
							</coordinates>
						</LinearRing>
					</outerBoundaryIs>
				</Polygon>
				<Polygon>
					<altitudeMode>absolute</altitudeMode>
					<outerBoundaryIs>
						<LinearRing>
							<coordinates>
								-98.27548475036878,19.05094986074354,0 -98.27435952918455,19.05076017999685,0 -98.27394573981047,19.05071742969755,0 -98.27376051334534,19.05069404059817,0 -98.27378754567155,19.05064452806471,0 -98.27384445524791,19.05055214014898,0 -98.27384821670172,19.05054602781865,0 -98.27386555847491,19.05051788233326,0 -98.27390285781011,19.05045733615326,0 -98.2739433816165,19.0503915521148,0 -98.27396197808309,19.05036137821523,0 -98.27400119065442,19.05029771271412,0 -98.27402663999491,19.05025640498815,0 -98.27403927371095,19.05023590439599,0 -98.27406607710866,19.05019244936084,0 -98.27407667669989,19.05017531339771,0 -98.27408574025161,19.0501606457409,0 -98.27411655806647,19.05011081005162,0 -98.27413047301251,19.05008829922563,0 -98.2741850702561,19.05000000853667,0 -98.27419296132268,19.04998724850598,0 -98.27423218318586,19.04992380891122,0 -98.27425121746755,19.04989302217906,0 -98.27427029288117,19.0498621723469,0 -98.27429006693696,19.04983019562624,0 -98.27430875755461,19.04979997687109,0 -98.27432088556988,19.04978036170811,0 -98.27432634854048,19.04977152505519,0 -98.27434805586486,19.04973642006658,0 -98.27437224968611,19.04969728528213,0 -98.27438619421835,19.04967472936483,0 -98.27440499103299,19.04964433931167,0 -98.274411719273,19.04963344898626,0 -98.27442598844083,19.04961054099241,0 -98.2744306883227,19.04960300538471,0 -98.27444419180063,19.04958134239802,0 -98.27446365664164,19.04955008740556,0 -98.2744845195619,19.04951661478801,0 -98.27452177530581,19.04945680933123,0 -98.27456095642732,19.04939393883062,0 -98.27457976082695,19.04936375663915,0 -98.27461917163093,19.04930050747019,0 -98.27463845545893,19.04926955900532,0 -98.27466345263971,19.04922944319724,0 -98.27466519440449,19.04922664764758,0 -98.27473747267531,19.04910957631929,0 -98.274737850059,19.04910911600799,0 -98.27474035701901,19.04910606138899,0 -98.2747724363674,19.04906697108047,0 -98.27515595356019,19.04936952370903,0 -98.2762944707607,19.04977237896497,0 -98.27659304340382,19.04980819198057,0 -98.27673415502076,19.04982004578507,0 -98.27694944911984,19.04984800041888,0 -98.27730566919774,19.0499458751241,0 -98.27731648644712,19.0499488472916,0 -98.2772754097373,19.05006451817751,0 -98.27722239647998,19.05021380358057,0 -98.27720240643991,19.05027009672332,0 -98.27713992357621,19.05044049898074,0 -98.27710857284247,19.05052602048675,0 -98.27709700349287,19.05055757779958,0 -98.27701515251967,19.05078080713548,0 -98.27701090061663,19.05077950089218,0 -98.27700233986523,19.05077687101181,0 -98.27695757479258,19.0509137337366,0 -98.27694526547431,19.05096494014199,0 -98.27761219384769,19.05097182507323,0 -98.27762244939103,19.05098009526606,0 -98.27761949841353,19.05098012799884,0 -98.27743434041594,19.05098220024888,0 -98.27669288011815,19.05098754980893,0 -98.27665882991083,19.05098779954841,0 -98.27621091996329,19.05099102949353,0 -98.27610400056022,19.05098497017755,0 -98.27548475036878,19.05094986074354,0 -98.27548475036878,19.05094986074354,0 
							</coordinates>
						</LinearRing>
					</outerBoundaryIs>
				</Polygon>
				<Polygon>
					<altitudeMode>absolute</altitudeMode>
					<outerBoundaryIs>
						<LinearRing>
							<coordinates>
								-98.25590721350554,19.05070735136956,0 -98.25499899129066,19.05018631699645,0 -98.25366032628206,19.04942371917187,0 -98.25340993758826,19.04927703334852,0 -98.2533952809452,19.04926844763242,0 -98.25205646027146,19.04848410928061,0 -98.25196460560559,19.04837307145576,0 -98.25108914915297,19.04709880200093,0 -98.25108853261663,19.04709790483407,0 -98.25144818673706,19.04610077173859,0 -98.2513017374246,19.04604369646835,0 -98.25129262847454,19.04604012966509,0 -98.2512499401678,19.04602086039825,0 -98.25051113968672,19.04573048969104,0 -98.25049313213478,19.045727109036,0 -98.25038629070102,19.04568527754845,0 -98.24998167845145,19.04562191773631,0 -98.24968780853573,19.04557589914019,0 -98.24953512022738,19.04554722943691,0 -98.24972780032456,19.04465136947777,0 -98.24976813869669,19.04445707913149,0 -98.24976961899659,19.04444995041236,0 -98.24991391020384,19.04375496917576,0 -98.24995025892177,19.04357988883125,0 -98.25013254025917,19.04270190902946,0 -98.25026367989069,19.04204609009037,0 -98.25040424980708,19.04129991995864,0 -98.25039265933671,19.04115230991445,0 -98.2503573496478,19.0410064019511,0 -98.25034778003653,19.04096686042541,0 -98.25029557014869,19.04082674887689,0 -98.25023578003636,19.04070460107786,0 -98.25016978070437,19.04060745882222,0 -98.25009861995578,19.04052248925333,0 -98.24994865943243,19.04039654020502,0 -98.24965909695594,19.04022315782161,0 -98.24965799190107,19.04022249543566,0 -98.24965686386928,19.0402218709119,0 -98.24963662565889,19.04021066499703,0 -98.24941046195971,19.04008548851677,0 -98.24938526043032,19.04007153954423,0 -98.24902200195017,19.03988356728019,0 -98.24884965704629,19.03979438478207,0 -98.24878484951586,19.03976084953208,0 -98.24867638359368,19.03971562256569,0 -98.24855168982725,19.03966362945156,0 -98.24835647894906,19.03958223284951,0 -98.24826499709778,19.03954408750883,0 -98.2481724074421,19.03950548034025,0 -98.24804179916984,19.0394510191988,0 -98.2480240415338,19.03944379227639,0 -98.2474456893805,19.0392084310645,0 -98.24744550062483,19.0392083534806,0 -98.24744531091483,19.03920827679649,0 -98.24734780215314,19.039168594558,0 -98.24734680903511,19.03916819017018,0 -98.24734581686323,19.03916778668992,0 -98.24700437769305,19.03902883500223,0 -98.24700175214284,19.03902776696471,0 -98.24655834233403,19.03884731634508,0 -98.24655761102233,19.03884701694703,0 -98.24655687969428,19.03884672116373,0 -98.24612012573468,19.03866898789777,0 -98.24608884979203,19.03865625989827,0 -98.24577261804244,19.0385275719288,0 -98.24576454984017,19.03852428926404,0 -98.24568867936674,19.03849307999593,0 -98.24558524970968,19.03839378069977,0 -98.24552825961408,19.03830507901109,0 -98.24549145053822,19.03820605994184,0 -98.24548544991403,19.03816917068092,0 -98.24548626961491,19.0379864471388,0 -98.24548647296253,19.03794122035689,0 -98.2454871505294,19.03779017010873,0 -98.24549484879429,19.03728334808648,0 -98.24549575766936,19.03722350769346,0 -98.24549778101121,19.03709028756619,0 -98.24550174951311,19.03682894929273,0 -98.24547571003656,19.03668597020383,0 -98.24541022493072,19.03649824848955,0 -98.24539682023141,19.03645982069218,0 -98.24526688970273,19.03625188005817,0 -98.24514240003218,19.03612882921653,0 -98.24504478023223,19.03602802974783,0 -98.24387834021967,19.03516997958182,0 -98.24367800031014,19.0350271994258,0 -98.24325845064936,19.03469607963151,0 -98.24296212002449,19.03445042014278,0 -98.24212210999391,19.03380225970186,0 -98.24155613989559,19.03336327946839,0 -98.24124651984185,19.03311645935697,0 -98.24124084071632,19.03311196179926,0 -98.24101823061267,19.03293557991538,0 -98.24073248623394,19.03270919308945,0 -98.24072520037996,19.03270341921072,0 -98.24037793853469,19.0323940224497,0 -98.24030946434007,19.0323330129729,0 -98.24026836961622,19.03229640036507,0 -98.24012345039556,19.03223444925413,0 -98.23999154039343,19.03211433956128,0 -98.23948671110585,19.03170688823726,0 -98.23926574994816,19.03152855008284,0 -98.23917060005901,19.03147267905751,0 -98.23908059988719,19.03143425980625,0 -98.23894991004885,19.03137994937877,0 -98.23879434991206,19.03133981940378,0 -98.238627710147,19.03131283046215,0 -98.23849205947262,19.03130124890793,0 -98.23842489003243,19.03129989029406,0 -98.23812314998824,19.03132946061345,0 -98.23799781929708,19.03134882967748,0 -98.23792554000069,19.0313854902436,0 -98.23785455016427,19.03123798069882,0 -98.23746593969631,19.03127388075137,0 -98.2372431704031,19.0312811803036,0 -98.23715045991591,19.03127582985441,0 -98.23705911928784,19.03125974090267,0 -98.23691416953569,19.03122742049715,0 -98.23672775025881,19.03116048947444,0 -98.23619702019002,19.0308971198312,0 -98.23607708946859,19.03083445921126,0 -98.23593174140744,19.03074556918436,0 -98.23527902998305,19.03037602892959,0 -98.23470475005558,19.03005088939338,0 -98.23347003162347,19.02935181923791,0 -98.23297925982159,19.02907395017465,0 -98.23253446006589,19.02882382918926,0 -98.23253422030081,19.02882368992701,0 -98.23237332534258,19.02873321258891,0 -98.23235942062692,19.02872539834987,0 -98.23228882528086,19.0286856946137,0 -98.23223905995263,19.02865770985332,0 -98.23183707951587,19.02843788011366,0 -98.23148791028602,19.02826409046743,0 -98.23105297967436,19.02808345019825,0 -98.23057733634541,19.02793232960116,0 -98.23002564499959,19.02775704404942,0 -98.22991816358368,19.02772289440042,0 -98.22982549044353,19.0276934496313,0 -98.22952088967099,19.02762313968616,0 -98.22936427985738,19.02760711914373,0 -98.22929664664075,19.02772606323935,0 -98.22928754008993,19.02774208040796,0 -98.22923619035026,19.02790061756873,0 -98.22923307973728,19.02791021997194,0 -98.2291445403395,19.02800987946991,0 -98.22888047992723,19.02821411114098,0 -98.22809008026498,19.02883462910046,0 -98.22791832883436,19.02896626928865,0 -98.22774754027654,19.02909716868205,0 -98.22747288985238,19.02935222054233,0 -98.22731772028347,19.02955688973007,0 -98.2272576002763,19.02965442049589,0 -98.22708171080029,19.0298272006756,0 -98.2269781097294,19.02992897033572,0 -98.22693615031203,19.02996605072579,0 -98.22682391973116,19.03006523032647,0 -98.22668110565604,19.0301922269702,0 -98.22653282026427,19.03032408870445,0 -98.22635522026444,19.03048754924558,0 -98.22626677191518,19.03057488024661,0 -98.22626644926,19.03057519970893,0 -98.22618134961594,19.03072937964923,0 -98.22606078895527,19.03099933494494,0 -98.22605344929833,19.03101576961511,0 -98.22578721993328,19.03103082945121,0 -98.22552848959761,19.03096514039336,0 -98.22537705922267,19.03087666045158,0 -98.22534214035343,19.03084488001573,0 -98.22513277969638,19.03078734003977,0 -98.22494240436512,19.03054364768454,0 -98.2247780470579,19.03033326173942,0 -98.22465595019882,19.03017696956545,0 -98.22434837999447,19.02992771049146,0 -98.22385910967898,19.02939491095949,0 -98.22389374052328,19.02897645987927,0 -98.22389608982967,19.02884011044929,0 -98.22412578030986,19.02801345932615,0 -98.22421063003645,19.02770808930859,0 -98.22430440058619,19.02707788005227,0 -98.22436034012111,19.02632785925175,0 -98.22433473944848,19.02598579970203,0 -98.22431698063173,19.02574800044077,0 -98.22430943999724,19.02564703087358,0 -98.22429649772403,19.02547373807783,0 -98.22427508004263,19.02518695010925,0 -98.22428515029991,19.02518099000332,0 -98.22515727933161,19.02466477885403,0 -98.2254092493968,19.02458965952796,0 -98.22564435047552,19.02468417964742,0 -98.2259753493593,19.02530884874564,0 -98.22631305016539,19.02566179891897,0 -98.22662786421641,19.0258058490407,0 -98.22696502013656,19.02596011897799,0 -98.2272962598407,19.02603977029942,0 -98.22746917979043,19.02602170987614,0 -98.22753237027604,19.02594288936713,0 -98.22753394163449,19.02593595732009,0 -98.22755670971613,19.02583553926203,0 -98.22755515948606,19.02582905866825,0 -98.22750861931038,19.02563445002803,0 -98.22759287956275,19.02536947925288,0 -98.22744889017753,19.02469814954907,0 -98.22744286011854,19.02452424954761,0 -98.2274962896755,19.02422850989621,0 -98.22754978751875,19.0240808039732,0 -98.22770640076132,19.02364839950837,0 -98.22771557581135,19.02363213869544,0 -98.22832336959112,19.02255496957005,0 -98.22832380884034,19.02255408848782,0 -98.22848266061509,19.02223581918389,0 -98.22855483017455,19.02195768007385,0 -98.22860494991913,19.02149457053596,0 -98.22861212864352,19.02149741823885,0 -98.22867399994566,19.02152196976144,0 -98.22868650183359,19.02152763844028,0 -98.22868605622074,19.02152887013325,0 -98.22887244886584,19.02161541189044,0 -98.22887199828261,19.02161174730802,0 -98.23093298058849,19.02254622882108,0 -98.23093890729763,19.02252816408398,0 -98.23098222039378,19.02239614990447,0 -98.23098556747813,19.02239768205069,0 -98.23214536941971,19.02292811907826,0 -98.2325934305223,19.02308216988176,0 -98.23273482982609,19.02328553867926,0 -98.23375430084306,19.02373662289131,0 -98.23419768875993,19.02393280371924,0 -98.23469043039458,19.02415081982472,0 -98.2348950499055,19.02422784919436,0 -98.23500344236413,19.02427778646997,0 -98.23513442462644,19.02433812842499,0 -98.23514400041755,19.02434254016966,0 -98.23612558871055,19.02479475075959,0 -98.2369458904286,19.02517265034628,0 -98.23747149011059,19.02541349049364,0 -98.23805795037147,19.02547699893938,0 -98.23817880002066,19.02541639965617,0 -98.23832564958393,19.02530414065094,0 -98.23850296985115,19.02519480043281,0 -98.23869650919559,19.02505344901714,0 -98.23883371973092,19.02492711898159,0 -98.23892914038281,19.0247974799801,0 -98.23904226039332,19.02466194032902,0 -98.23919087960215,19.02451425096926,0 -98.23943453945563,19.02429808957412,0 -98.23969094989644,19.02411877004666,0 -98.23987628011078,19.02402780023319,0 -98.24004527958344,19.0239749996589,0 -98.24067008043727,19.02373447985563,0 -98.24101954998105,19.02358762040409,0 -98.24153103355836,19.02327988464033,0 -98.24160168459441,19.02323737608597,0 -98.24226884975266,19.02283597009007,0 -98.242674971844,19.02259783422677,0 -98.24306362865308,19.02236994077564,0 -98.24335579986206,19.02219862098178,0 -98.24417325881075,19.02164483135224,0 -98.24474108942204,19.02105631076069,0 -98.24517202918669,19.02058534073013,0 -98.2455419095815,19.02033905965272,0 -98.24607964985375,19.02018120051403,0 -98.24670170967022,19.02001602092624,0 -98.24710728947377,19.01983465963944,0 -98.24735731017405,19.01949262970274,0 -98.24735984684813,19.01948530104453,0 -98.24760904916319,19.01876553950837,0 -98.24787027499666,19.01801037047256,0 -98.24809231014133,19.01736849177827,0 -98.24817051891569,19.016922829544,0 -98.24801253323841,19.01657572263795,0 -98.2477002801013,19.01588967951262,0 -98.24768691820887,19.01586032068802,0 -98.24647674899283,19.01320141960929,0 -98.24661841535779,19.01310097440079,0 -98.24668604905632,19.01325441085955,0 -98.24669696759759,19.01324837069689,0 -98.24670591988969,19.01326689878949,0 -98.24790852695634,19.01575577803338,0 -98.24791715469838,19.01577448639497,0 -98.24817916814504,19.01634246182239,0 -98.24850219579376,19.01682090091667,0 -98.24942340011579,19.0173518028459,0 -98.25019770392039,19.01793713477633,0 -98.25020277338599,19.01795315544425,0 -98.25021483669065,19.01799127477476,0 -98.25021714924681,19.01799003161892,0 -98.25077042751468,19.01769256821223,0 -98.25242168447133,19.01661901582046,0 -98.25243429121028,19.01663513649994,0 -98.25243435028818,19.01663509878319,0 -98.25242173504651,19.01661896722485,0 -98.2533755172347,19.01599886057967,0 -98.25339153824214,19.01601277638661,0 -98.25339659534933,19.01600948834165,0 -98.25337555139413,19.01599120903745,0 -98.25653568539275,19.01393632318534,0 -98.25976271217779,19.01183782845412,0 -98.25981876903927,19.01180207264534,0 -98.26237135937166,19.01017384942398,0 -98.26270051622257,19.00996388416501,0 -98.26392959564258,19.00917986202776,0 -98.26437750718881,19.0091949017285,0 -98.26730056413381,19.00728292970819,0 -98.27108081912762,19.00955515379149,0 -98.27102864714549,19.0096258784981,0 -98.27102722497452,19.00962780683047,0 -98.27102719163466,19.00963545840848,0 -98.27103249991974,19.00962826230871,0 -98.27108078579033,19.00956280536963,0 -98.27120526671197,19.00963762521338,0 -98.27202715539285,19.01013162480347,0 -98.27203086836718,19.01012618462833,0 -98.27302406667108,19.01072314153395,0 -98.27192077392192,19.01231657284378,0 -98.26700066404311,19.01942197958989,0 -98.26695789414734,19.01948027356336,0 -98.26482211581653,19.02239119495138,0 -98.26482208216856,19.02239884650817,0 -98.26479393622856,19.02243720627358,0 -98.26475398472074,19.02249165657214,0 -98.26481643997563,19.02262247718612,0 -98.26523746058918,19.02360121283168,0 -98.26529547973675,19.02367894543976,0 -98.26542785992687,19.02396559355871,0 -98.26546273657291,19.02404111312675,0 -98.26565635079298,19.02446035240798,0 -98.26569834833909,19.02456011597198,0 -98.26572048877895,19.02461811260839,0 -98.2657398813119,19.02466831017418,0 -98.26575978975006,19.02471982016343,0 -98.26577907799451,19.02476975342838,0 -98.26579897888212,19.02482125705762,0 -98.26581919538728,19.02487359425318,0 -98.26583955569743,19.02492391313574,0 -98.26586086463328,19.02497654023842,0 -98.26588137624842,19.02502724650438,0 -98.26590234554281,19.02508170587542,0 -98.26591861746755,19.02512395557256,0 -98.26594031495945,19.02517271634262,0 -98.26596472423991,19.02522712520823,0 -98.26598471943139,19.02528271123883,0 -98.26598884087527,19.02528110093628,0 -98.26606072708462,19.02541015481078,0 -98.26607679497492,19.0254398096191,0 -98.26609218139755,19.02546820647017,0 -98.26561271375776,19.02580389773384,0 -98.26472839318691,19.02647557594484,0 -98.26418402627942,19.02689156780029,0 -98.26374682782289,19.0272446848602,0 -98.26355857745666,19.02739930626308,0 -98.26421053551741,19.02784594349648,0 -98.26420767081858,19.02784956679756,0 -98.26420142925322,19.02785746112522,0 -98.26418910187057,19.02787305339202,0 -98.26408459318057,19.02801270450117,0 -98.26403310870039,19.02808150106421,0 -98.26416338105119,19.0281742034208,0 -98.26409770226121,19.02826089560571,0 -98.26398612807172,19.02840816476544,0 -98.2638680916761,19.02856396349466,0 -98.26370204852277,19.02844767804369,0 -98.26376037539198,19.02836969465451,0 -98.26359819471053,19.02825997637949,0 -98.26355939490489,19.02823335126692,0 -98.26349405753609,19.02831947073376,0 -98.26344070344065,19.02838788101387,0 -98.26338672433165,19.0284570912765,0 -98.26326851311217,19.02860865865674,0 -98.26290569370414,19.02834124174364,0 -98.26288353735409,19.02832553911313,0 -98.26280858851688,19.02842837650698,0 -98.26285541851453,19.02846987267258,0 -98.26343036312888,19.02910948293165,0 -98.26354225389478,19.0292358098591,0 -98.26364160170588,19.02938416970619,0 -98.26389334652322,19.02991657942902,0 -98.26393376554942,19.03028630220982,0 -98.26392066764616,19.0303805581261,0 -98.26391755338281,19.03041860622121,0 -98.26392393397624,19.03041498518675,0 -98.26433965414282,19.03007458264075,0 -98.26438776277773,19.03003519003778,0 -98.26444246308142,19.02999256851338,0 -98.26450841452065,19.02993947803861,0 -98.26457018969118,19.02989113254533,0 -98.26459069438027,19.02987456788739,0 -98.26418533581814,19.02957333092162,0 -98.26506584340585,19.02849082482149,0 -98.26508483132787,19.02847058501665,0 -98.26511024720124,19.02844349356678,0 -98.26549568328976,19.02872725385561,0 -98.26643980210136,19.02943166042929,0 -98.26643548275753,19.0294363362304,0 -98.26641939023783,19.02945375725939,0 -98.26675721362081,19.02969344376235,0 -98.26674613268094,19.02971063076714,0 -98.26630055564624,19.03029162448973,0 -98.266357294158,19.03033203584179,0 -98.2664747583238,19.03041569750621,0 -98.26694106447928,19.02983770187357,0 -98.26743272242288,19.03018653180517,0 -98.26687346539593,19.03087990663583,0 -98.26655103406871,19.03101239807599,0 -98.26651641671384,19.03105533402097,0 -98.26646388522391,19.03111954980918,0 -98.26641199510874,19.03118484624984,0 -98.26637809330769,19.0312268939524,0 -98.26632615280344,19.03129131537793,0 -98.26632875912098,19.03129330394253,0 -98.26640834222934,19.03134721791837,0 -98.26640908216476,19.03134771879899,0 -98.26645143875992,19.03137286815292,0 -98.26644672080742,19.0314743908198,0 -98.26645899866986,19.03159628816519,0 -98.26648636616676,19.03168575354891,0 -98.26667025256687,19.03211701581793,0 -98.2667292929853,19.03228783838249,0 -98.26672658743891,19.03241780055688,0 -98.26672415817221,19.03248480799944,0 -98.26668763481955,19.03253543236307,0 -98.26666426501691,19.03252969594553,0 -98.26668134114003,19.03267209934839,0 -98.26794447720593,19.03255263801026,0 -98.26840643254583,19.03254714620961,0 -98.26860631127266,19.03261383327584,0 -98.26893681157659,19.03273961267901,0 -98.2691594026941,19.0328942519621,0 -98.26938164108965,19.03312942977675,0 -98.26957292495813,19.03340109321423,0 -98.26967182584325,19.03367239124267,0 -98.26970117985773,19.03400198986246,0 -98.26970002767973,19.03426557044999,0 -98.26960517804601,19.03482897576147,0 -98.26947132012684,19.0355093751279,0 -98.26938852604926,19.03603883043966,0 -98.26843683987356,19.03577333202287,0 -98.26821197605324,19.03616110562797,0 -98.26796278295144,19.03659083376182,0 -98.26796202364925,19.03659214383806,0 -98.26795230596353,19.03660890070927,0 -98.26714335323067,19.03800389905082,0 -98.26709731070244,19.03798783822705,0 -98.26611911075992,19.03764661842822,0 -98.26581566671776,19.03754076869048,0 -98.26581471071373,19.03754164058146,0 -98.26580249397347,19.03756954184017,0 -98.26568315285199,19.03781366176955,0 -98.26560060428551,19.03798252267955,0 -98.2655511356765,19.0380837127451,0 -98.26546643067768,19.0382540823292,0 -98.26537797745826,19.03843204887231,0 -98.26532874021868,19.0385337214611,0 -98.26499874847966,19.03921514468903,0 -98.26495551434319,19.03929853106439,0 -98.26495497902908,19.03929946426929,0 -98.26493240374232,19.03933885461084,0 -98.26492449942546,19.03935264532966,0 -98.26429043780045,19.03907299099773,0 -98.26429002336859,19.03907258448661,0 -98.26428235640931,19.03907001904915,0 -98.26428126804196,19.03906965503851,0 -98.26414841701497,19.03900150325754,0 -98.26414579636577,19.03900015894608,0 -98.26413883609554,19.03899658868672,0 -98.26324453178478,19.0385378131167,0 -98.26314337060067,19.03849160430998,0 -98.26312956240358,19.03848529738236,0 -98.26298529622626,19.03841939917357,0 -98.2628942108197,19.03837882076503,0 -98.26262060431519,19.03825684891463,0 -98.26253587364876,19.03821905200737,0 -98.26239856437429,19.03815779274023,0 -98.26217298529205,19.03805714971935,0 -98.26198571346012,19.03797359494859,0 -98.26193090520763,19.03794914758532,0 -98.26187858085599,19.03792580452051,0 -98.26174908855691,19.03813877741729,0 -98.26158653611729,19.03805655913062,0 -98.26150374342002,19.03801467572182,0 -98.26146408218047,19.03799461753647,0 -98.26142697150551,19.03797584376711,0 -98.26142145324221,19.0379730563611,0 -98.26134357204518,19.0379336596393,0 -98.26133630919038,19.03792998865922,0 -98.26125624728263,19.03788948969644,0 -98.26115243138742,19.0380868232123,0 -98.26112679507364,19.03813576473938,0 -98.26108986828785,19.03820645846265,0 -98.26098934443195,19.0383991256537,0 -98.26095202031941,19.03847089135589,0 -98.26085828582475,19.03865111269015,0 -98.26079339994411,19.03877587156948,0 -98.26071952885179,19.03891463803223,0 -98.26066418297015,19.03901806241838,0 -98.26062929466181,19.0390832696647,0 -98.2605702401821,19.03919367384756,0 -98.26053094353803,19.0392672317307,0 -98.26042824097685,19.0394595355801,0 -98.26033303748009,19.03941545112107,0 -98.26030354422068,19.03940179549143,0 -98.26028254843133,19.03939177515817,0 -98.26009575515948,19.03976102267817,0 -98.26009210451436,19.03976823859529,0 -98.26009728567173,19.03977333817575,0 -98.26016696731192,19.03984193111428,0 -98.26020664916767,19.03988099367755,0 -98.26036803681049,19.03994042612744,0 -98.26095935389962,19.04015817981262,0 -98.26160280623975,19.04049372119164,0 -98.26158155740848,19.04053486415976,0 -98.26157005452767,19.04055713696977,0 -98.26150358146121,19.0406767232383,0 -98.2614370872154,19.04079634915686,0 -98.26130365490889,19.04103640072012,0 -98.26112842577268,19.04135135751835,0 -98.26112695059382,19.04135400850852,0 -98.2610365378183,19.04130828344602,0 -98.26041499841487,19.04099394560212,0 -98.26043079799513,19.040965392159,0 -98.26035542685402,19.04092974187066,0 -98.2601759769323,19.04126869044305,0 -98.26017561469391,19.04126937400008,0 -98.25977305596611,19.0410721457314,0 -98.25970949480445,19.04103978501518,0 -98.25960731267982,19.04098776206385,0 -98.25960650784401,19.04098924904614,0 -98.25960595212641,19.04099027523409,0 -98.25949603474858,19.04094167245755,0 -98.25949415765713,19.04094366211798,0 -98.2593283718311,19.04111941034914,0 -98.25740511413645,19.04154560358367,0 -98.25745936929926,19.04165414970552,0 -98.25788197493034,19.04207610818456,0 -98.25788869476852,19.04209550067258,0 -98.25808578034203,19.04230941324644,0 -98.25809942638114,19.04232379540359,0 -98.25841231831127,19.04265356239452,0 -98.25846235495658,19.04270629658521,0 -98.25882352616183,19.04290510396763,0 -98.25903292280144,19.04302036600288,0 -98.25902829769215,19.04302828829432,0 -98.25901315834977,19.04305422169722,0 -98.25884739133143,19.04333817721712,0 -98.25880609936846,19.04340804856284,0 -98.25878275467069,19.04344862155085,0 -98.25877018282019,19.04347116369365,0 -98.25871033856473,19.0435725892883,0 -98.25868939054889,19.04360865336244,0 -98.25863551557819,19.0437033269187,0 -98.25861037992431,19.0437461519511,0 -98.25851940935091,19.04390167475093,0 -98.25848649233281,19.04395802498366,0 -98.25843681479064,19.04404367647801,0 -98.2583554189313,19.04418342461969,0 -98.25826085416536,19.0443457115191,0 -98.25819382280478,19.04446066451243,0 -98.25813816547431,19.04455532892995,0 -98.25807711152653,19.0446612697523,0 -98.25803821566336,19.04472663200449,0 -98.25800828711553,19.0447784747221,0 -98.25795562026748,19.04486863347602,0 -98.25793048425602,19.04491145839863,0 -98.25787780537983,19.04500387633852,0 -98.25779761652349,19.04513910961932,0 -98.25771382184421,19.04528336540329,0 -98.25763481963679,19.04541860337222,0 -98.25755401634648,19.04555835257889,0 -98.25747800270746,19.04568908306337,0 -98.25738942676354,19.04584009812924,0 -98.25734633163243,19.04591448035996,0 -98.2573092260922,19.0459775903743,0 -98.25722842225055,19.04611733850796,0 -98.25715241908915,19.0462458105215,0 -98.2570925627556,19.04634949561731,0 -98.25706742628591,19.04639232130423,0 -98.25704347673997,19.04643514995621,0 -98.25700996571246,19.04649149749015,0 -98.25699919341046,19.04650952821404,0 -98.25698722507227,19.04652981338326,0 -98.25690703378338,19.04666504529818,0 -98.25682922817404,19.04679802932391,0 -98.25674424390526,19.0469422798036,0 -98.25666464710893,19.04707751308517,0 -98.25664609312429,19.04710906891211,0 -98.25660540421923,19.04717668285102,0 -98.25658624621319,19.04721049459423,0 -98.2565652670753,19.04725333694204,0 -98.25728597224112,19.04742538404166,0 -98.25740824440253,19.04745457212602,0 -98.25750865190436,19.04747854096384,0 -98.25751164909566,19.04747323020274,0 -98.25753918321007,19.0474244415258,0 -98.25753950113618,19.04742389787101,0 -98.25761818745801,19.04728920276189,0 -98.25769538869922,19.04715847703561,0 -98.2577725989149,19.04702549114421,0 -98.25785160182623,19.04689025225797,0 -98.25791144786182,19.04678882613214,0 -98.25793299135434,19.04675276547263,0 -98.25801079607535,19.04661978185418,0 -98.25802695200245,19.04659273566508,0 -98.25809278741767,19.04648003724152,0 -98.25818316594032,19.04632451146588,0 -98.25824840625033,19.04621181058612,0 -98.25826576191322,19.0461825099326,0 -98.25834836777838,19.04603824913552,0 -98.25841180597608,19.04593005946922,0 -98.25849679831836,19.04578354891976,0 -98.25857219627245,19.04565733313912,0 -98.25865118687396,19.045524353967,0 -98.25872958436514,19.04539137147043,0 -98.25881276424369,19.04525163215922,0 -98.25888817078624,19.04512315700187,0 -98.25896896368474,19.04498566548035,0 -98.25904795458904,19.04485268611121,0 -98.25912753929451,19.04471970998905,0 -98.25921368816545,19.04457998057329,0 -98.25929265862618,19.04445152042582,0 -98.25937101499636,19.04432757449064,0 -98.25946014217425,19.04418559943483,0 -98.25952175799674,19.04408643905889,0 -98.2596402079231,19.0438948759424,0 -98.25971378131749,19.04377768934823,0 -98.25979933525437,19.04363795903812,0 -98.25988724813681,19.04349770133691,0 -98.25991657664234,19.04345091029808,0 -98.25998740762503,19.04355060169206,0 -98.26074470232655,19.04417310128158,0 -98.26143757490637,19.04474263704907,0 -98.2613690056578,19.04488194626672,0 -98.26136617474322,19.04488128698526,0 -98.26136580070661,19.04488119963696,0 -98.26106605639833,19.04544134631503,0 -98.26106270927264,19.0454475992065,0 -98.26063732963728,19.04618611062524,0 -98.25981317030133,19.04595535761708,0 -98.25979285036603,19.04599485026672,0 -98.25966697730533,19.04622064215862,0 -98.25952052539709,19.04649641391599,0 -98.26035862685657,19.04666761489947,0 -98.26032861451371,19.04672085839975,0 -98.25960447990985,19.04792773547649,0 -98.25960058422696,19.04793422742563,0 -98.25959867995128,19.04793739992298,0 -98.25959460056946,19.04794417037979,0 -98.25967674002788,19.04795968112335,0 -98.2595552413499,19.0481872218825,0 -98.25904361013841,19.04912343425636,0 -98.25817794385212,19.05070745224883,0 -98.25813387243987,19.05079279169531,0 -98.25813029400824,19.05079971956422,0 -98.25814894651552,19.05080868245521,0 -98.25814321983657,19.05081935025301,0 -98.25813291683261,19.05084742938913,0 -98.25807986449337,19.0509920120637,0 -98.2580657057715,19.05103059842137,0 -98.25788634606482,19.05151938105471,0 -98.25779256757818,19.05177495449678,0 -98.25778594027717,19.05179301908676,0 -98.25759367196012,19.05168297996365,0 -98.25744106253805,19.05159012054898,0 -98.25731367570231,19.05151431417021,0 -98.25728052312886,19.05149458486711,0 -98.25590721350554,19.05070735136956,0 -98.25590721350554,19.05070735136956,0 
							</coordinates>
						</LinearRing>
					</outerBoundaryIs>
					<innerBoundaryIs>
						<LinearRing>
							<coordinates>
								-98.25615955451259,19.04976011432107,0 -98.2566485314008,19.04855803829881,0 -98.25665105675674,19.04855860605291,0 -98.25664965978142,19.04855732259077,0 -98.25609431463239,19.04843372355798,0 -98.25569032478231,19.04834167147773,0 -98.25561773381897,19.04832524586908,0 -98.25556750537487,19.04831344790711,0 -98.25538611856872,19.04827084145737,0 -98.25530411779479,19.0482515799062,0 -98.25501432991238,19.04818446473232,0 -98.25499632840182,19.04818028656115,0 -98.25494934683697,19.04818222607921,0 -98.25492600877581,19.04843961684545,0 -98.25493652741585,19.04861136202302,0 -98.25498398987244,19.04886517790612,0 -98.25505920809107,19.04941304611129,0 -98.25511233790647,19.04960827063197,0 -98.25523299942758,19.04973842354707,0 -98.25538025128276,19.04983691396328,0 -98.25567173768277,19.05003187697154,0 -98.25589411163946,19.05019688875201,0 -98.25598776969218,19.05022290253297,0 -98.25598055469169,19.05021650776565,0 -98.25597848398299,19.05020817360065,0 -98.25599048236032,19.0501784675304,0 -98.25615955451259,19.04976011432107,0 -98.25615955451259,19.04976011432107,0 
							</coordinates>
						</LinearRing>
						<LinearRing>
							<coordinates>
								-98.25441583762587,19.04640560000807,0 -98.2544506603959,19.04630915281277,0 -98.25457563526761,19.04635421003281,0 -98.25459188190933,19.04632101030526,0 -98.2546234712463,19.04626295108954,0 -98.2546253224519,19.04625954889025,0 -98.25476136525612,19.04602857828693,0 -98.25481960292393,19.04592801426448,0 -98.25487646937148,19.04583018290817,0 -98.25493757021515,19.04572684699056,0 -98.25499630660696,19.0456273422486,0 -98.25500063558547,19.04561982282885,0 -98.25505486516552,19.04552508047124,0 -98.2551399886507,19.04537725266502,0 -98.25518671637575,19.04529612592143,0 -98.25519592106868,19.04528015846209,0 -98.2552498784716,19.04518651745766,0 -98.25531029322411,19.04508136218365,0 -98.25533079471191,19.04504632875467,0 -98.2553721226288,19.0449764837029,0 -98.25541424490544,19.0449051615771,0 -98.25547278594493,19.04480458046234,0 -98.25551112071456,19.04473868333421,0 -98.25556788067318,19.04464110433587,0 -98.25562539544451,19.04454259754524,0 -98.25568348331902,19.04444320741421,0 -98.25577093745494,19.04429266851358,0 -98.25582944125182,19.04419181600499,0 -98.2559131547352,19.0440487355799,0 -98.25593522118027,19.04401048938571,0 -98.25597085649001,19.04394869312008,0 -98.2559954887077,19.04390597398137,0 -98.25601803316955,19.04386686304967,0 -98.25606782309183,19.04378077801139,0 -98.25615052671752,19.04363817235444,0 -98.25618222986697,19.04358269516466,0 -98.25627654069042,19.04341759782213,0 -98.25633485759187,19.04331973472948,0 -98.25633487865107,19.04331970047353,0 -98.25644973553672,19.04312047967435,0 -98.25632088125546,19.04304858620432,0 -98.25618287562911,19.04297158690719,0 -98.25587947910331,19.0428043504506,0 -98.2556908727742,19.04270039633219,0 -98.25568787591038,19.04270116414866,0 -98.25551615421871,19.04261224325485,0 -98.25532875005163,19.04251520153748,0 -98.25526252564156,19.04248090909691,0 -98.25518247877389,19.04244095610763,0 -98.25513341487253,19.0424164675388,0 -98.25504032358596,19.04236879123078,0 -98.25503304628756,19.0423649401075,0 -98.25497277766516,19.04248439795277,0 -98.25494820496741,19.04253400342364,0 -98.2549290279902,19.04257233346027,0 -98.25487929868936,19.04266928096064,0 -98.25486551742803,19.0426963346569,0 -98.25484094466537,19.04274594011022,0 -98.25478401661003,19.04285867424971,0 -98.2547175068824,19.04298944286677,0 -98.25470013174953,19.0430232607246,0 -98.25466956919365,19.04308413827084,0 -98.25465638178153,19.04311119615271,0 -98.25461745378561,19.04318333531411,0 -98.25452642032687,19.04335241135539,0 -98.25444195015061,19.04351473787425,0 -98.25441078339665,19.04357787038111,0 -98.25440118973609,19.04359816587846,0 -98.25433828238019,19.04371991184068,0 -98.25431910512292,19.04375824089599,0 -98.25428375048793,19.04382813604883,0 -98.25423462443807,19.04392282651738,0 -98.25421544712832,19.04396115646317,0 -98.25419746776554,19.04399723108258,0 -98.25418428933727,19.04402203060459,0 -98.2540967882687,19.04419789843731,0 -98.25402488158667,19.04433994124561,0 -98.25401050610128,19.04436699427151,0 -98.25408596669506,19.04439242480995,0 -98.25431252149517,19.04448788539949,0 -98.25444200451035,19.04454244977147,0 -98.25451547723007,19.0445734091032,0 -98.25453061568705,19.04457978801766,0 -98.25477917679051,19.04468452666027,0 -98.25470898718542,19.04480794230065,0 -98.2546882406552,19.04484441336542,0 -98.25463039088729,19.04488008488112,0 -98.25414100725015,19.04576335119935,0 -98.2539942372279,19.04601801285357,0 -98.2539923942436,19.04602169974607,0 -98.25368894996006,19.04662871540222,0 -98.25394284210202,19.04668408396608,0 -98.25428960156643,19.04675970608312,0 -98.2543103918416,19.04669670885185,0 -98.25441583762587,19.04640560000807,0 -98.25441583762587,19.04640560000807,0 
							</coordinates>
						</LinearRing>
						<LinearRing>
							<coordinates>
								-98.2534007001677,19.0252800635286,0 -98.25339250291857,19.02515452381928,0 -98.25340085810252,19.02507621717042,0 -98.25340847057497,19.02488975929663,0 -98.25341456394894,19.02471557573309,0 -98.25341502477524,19.02465728769632,0 -98.25341714855693,19.02443622193054,0 -98.25342184534645,19.02424943144756,0 -98.25342339351391,19.02418787819436,0 -98.25342623118296,19.02407503040911,0 -98.25342811242882,19.02400017053428,0 -98.2534308786617,19.0238952307841,0 -98.25343359269434,19.0237928293303,0 -98.25344293197969,19.02343860729097,0 -98.25344250807839,19.02327395134417,0 -98.25344468436758,19.02324280669621,0 -98.25345366343316,19.02316689375037,0 -98.25346557819186,19.02306702096948,0 -98.2534983296696,19.02283328150319,0 -98.25350641960293,19.02272261748043,0 -98.25351042448303,19.02264498094954,0 -98.25351206166904,19.02257879745593,0 -98.2535133313683,19.02252745674517,0 -98.25351640130633,19.02244895791572,0 -98.25352045910826,19.02238244801895,0 -98.25365441956576,19.02235608572133,0 -98.25367537905839,19.0223519608996,0 -98.25359220772675,19.02192353244014,0 -98.25353254895569,19.02164300357634,0 -98.25262135470233,19.02161335683051,0 -98.25260895243112,19.02170870002433,0 -98.25256299607788,19.0217046616831,0 -98.25256181658378,19.0217047337281,0 -98.25254871289424,19.02170553292969,0 -98.25241137253921,19.02176409063681,0 -98.25236449308937,19.02187914333478,0 -98.25234238586532,19.02193339913621,0 -98.25231794407003,19.02199338311564,0 -98.25222048704946,19.02223871175318,0 -98.25215010385256,19.02241594633203,0 -98.25203277391974,19.02238481693907,0 -98.2520311140001,19.02241241480458,0 -98.25201991851492,19.02259854905953,0 -98.25201414828632,19.02269448655877,0 -98.25199945699494,19.02297852493225,0 -98.25199425729062,19.0230790347729,0 -98.25199424164711,19.02307934558419,0 -98.25217342155162,19.02308202632635,0 -98.25226052478071,19.02308274928122,0 -98.25245589345703,19.02308384779307,0 -98.25241485513,19.02340590876966,0 -98.25240018948601,19.02387449744707,0 -98.25240405225472,19.02413513805145,0 -98.25243842435827,19.02431938896248,0 -98.25256824471266,19.02452315375941,0 -98.25262546816987,19.02465728448552,0 -98.2526399749832,19.02478646003699,0 -98.25261650475467,19.02497525848112,0 -98.25260574244359,19.02513302537463,0 -98.25263013936718,19.02590580549358,0 -98.25264534471326,19.0259229741279,0 -98.25264634251225,19.02608935207854,0 -98.25281457874935,19.02609109878897,0 -98.25288271454329,19.02609205567661,0 -98.25345598733531,19.02609492295638,0 -98.25345579794401,19.02609222463115,0 -98.25345121868962,19.02602823916425,0 -98.25344561979358,19.02595001712384,0 -98.25344191079913,19.02589818729612,0 -98.25343528423966,19.02580561116724,0 -98.25342968358538,19.02572395594161,0 -98.25342400327639,19.02563694684352,0 -98.25342054098283,19.025583921505,0 -98.25341713202874,19.02553171875348,0 -98.25341322952106,19.0254719472834,0 -98.25340849813595,19.02539947992357,0 -98.25340474496241,19.02534201531188,0 -98.2534007001677,19.0252800635286,0 -98.2534007001677,19.0252800635286,0 
							</coordinates>
						</LinearRing>
						<LinearRing>
							<coordinates>
								-98.25292578355919,19.01839921080638,0 -98.25252321641497,19.01811405382383,0 -98.25252317152002,19.01811410696094,0 -98.25235286574181,19.01799347116388,0 -98.251833672231,19.01763642745582,0 -98.25183362486965,19.01763639473073,0 -98.25183238380301,19.01766743742298,0 -98.25183046634321,19.0177980549071,0 -98.25182844289078,19.01785424727413,0 -98.25182796971222,19.01786741415908,0 -98.25182896925672,19.01804198432999,0 -98.25182930452874,19.01810062715128,0 -98.25183021290803,19.01825925738774,0 -98.25184425180026,19.0183371314027,0 -98.25184462617312,19.01837939019632,0 -98.25184467478761,19.01838487679035,0 -98.25187434127524,19.01855782876472,0 -98.25187435701123,19.01855792191008,0 -98.25180739511688,19.01851295993156,0 -98.2517934089652,19.0185035689451,0 -98.25174362760237,19.01847014270194,0 -98.25156344953969,19.01834916258071,0 -98.25149241058264,19.01830146292693,0 -98.25144458364302,19.01826934947097,0 -98.25138759432792,19.01823108352152,0 -98.25132396912352,19.01818836252145,0 -98.2513173383547,19.01818403131591,0 -98.25126801836514,19.01816389490535,0 -98.25107914640206,19.01804920957208,0 -98.25104892363608,19.01802908811921,0 -98.25099986033993,19.01799642008997,0 -98.25096440455731,19.01802223265682,0 -98.25096434831282,19.01802227399936,0 -98.25090958599984,19.01806214408578,0 -98.25090953164347,19.01806218814709,0 -98.25105163133405,19.01866472220881,0 -98.2511135545181,19.01886706966548,0 -98.25114322056295,19.01896401195863,0 -98.25117346532429,19.01906370476,0 -98.25118377659405,19.01916807210398,0 -98.25134532095475,19.01959286166753,0 -98.251345301771,19.01963110008045,0 -98.25134535222605,19.01963107859588,0 -98.25152554202896,19.01963083322863,0 -98.25170983563582,19.01963058170654,0 -98.25179296150142,19.01963046816141,0 -98.25204832979236,19.01962994097957,0 -98.2522395275741,19.01962772238825,0 -98.2522988438789,19.01962703423355,0 -98.252412469798,19.01962571623989,0 -98.25251235748934,19.01962455770187,0 -98.2525766557826,19.01962381098245,0 -98.25268309711538,19.01962257673362,0 -98.25276241262482,19.01962165660431,0 -98.25283276094375,19.0196208402681,0 -98.2528891705403,19.01962018535947,0 -98.25297522308639,19.01961918663561,0 -98.25304327121916,19.01961131382549,0 -98.25302743315794,19.01953362059216,0 -98.25326983886099,19.01906742839603,0 -98.25335078731499,19.01887928301034,0 -98.25334203155285,19.01865841083916,0 -98.25309738970986,19.01850820981026,0 -98.25292578355919,19.01839921080638,0 -98.25292578355919,19.01839921080638,0 
							</coordinates>
						</LinearRing>
					</innerBoundaryIs>
				</Polygon>
				<Polygon>
					<altitudeMode>absolute</altitudeMode>
					<outerBoundaryIs>
						<LinearRing>
							<coordinates>
								-98.27940990677459,19.05770069607344,0 -98.27935232215938,19.05637617172232,0 -98.28044658595168,19.05655576802195,0 -98.28081201591237,19.05669368298317,0 -98.28110069250086,19.05679477584024,0 -98.28140978880104,19.05682715761533,0 -98.28149263553144,19.05683336333675,0 -98.28178600415814,19.05688758910009,0 -98.28221161562986,19.05693154761474,0 -98.28224678825922,19.05693622103146,0 -98.28265202594585,19.05696640813156,0 -98.28303509184104,19.05710838983672,0 -98.28335123946779,19.0570243115634,0 -98.28373946991248,19.0569211361541,0 -98.28375638585875,19.05697868752289,0 -98.28376147732648,19.05759233612208,0 -98.28364382807105,19.05818107017836,0 -98.28363678935132,19.05821629194213,0 -98.28346903814949,19.05905573285869,0 -98.28300803106207,19.05942417535852,0 -98.282753606128,19.05950649292351,0 -98.27965234194302,19.05946941954792,0 -98.27939735631281,19.05776376552766,0 -98.27940104221753,19.0577487332112,0 -98.2794059384297,19.05772479146175,0 -98.27940990677459,19.05770069607344,0 -98.27940990677459,19.05770069607344,0 
							</coordinates>
						</LinearRing>
					</outerBoundaryIs>
				</Polygon>
				<Polygon>
					<altitudeMode>absolute</altitudeMode>
					<outerBoundaryIs>
						<LinearRing>
							<coordinates>
								-98.27775978002225,19.05144890997987,0 -98.27784627714436,19.05117438511693,0 -98.27785850328455,19.05119088764166,0 -98.2778614124279,19.05119481388062,0 -98.27795594403074,19.05132240481366,0 -98.27815481507018,19.05159082624622,0 -98.27841337437948,19.05223762516021,0 -98.27907705879353,19.05389783727292,0 -98.27910635753378,19.0540762846669,0 -98.27918626074883,19.05456294997088,0 -98.2792397721509,19.05488885662583,0 -98.27930312079317,19.05527467856149,0 -98.27935105966326,19.05637736239574,0 -98.27940864426847,19.05770188674678,0 -98.27940467592342,19.05772598213504,0 -98.279399779711,19.05774992388446,0 -98.27939609380614,19.0577649562009,0 -98.27939395769165,19.05777367495106,0 -98.27938721947413,19.05779721097214,0 -98.27937957663423,19.05782049222978,0 -98.27937103499879,19.05784348982797,0 -98.27936160895582,19.05786617309679,0 -98.27935131193904,19.05788851226624,0 -98.27934015455058,19.0579104730367,0 -98.27932815780385,19.05793203109005,0 -98.27931532849566,19.05795315301551,0 -98.27930169715873,19.05797381091728,0 -98.27928727056268,19.05799397771042,0 -98.27927207353807,19.05801362547684,0 -98.27925612519374,19.05803273079461,0 -98.27923944848308,19.05805126031608,0 -98.27922206439233,19.05806919604887,0 -98.27920399965687,19.05808650917865,0 -98.27918527527864,19.0581031780983,0 -98.2791659179619,19.05811918122297,0 -98.27914595536909,19.05813449516423,0 -98.27912541039906,19.058149099226,0 -98.279104316401,19.05816297365695,0 -98.27908269816285,19.05817610047956,0 -98.27906058617498,19.05818846173867,0 -98.27903801187409,19.05820004038655,0 -98.27901500384591,19.05821081936424,0 -98.27899159255733,19.0582207861388,0 -98.27896781132648,19.05822992818839,0 -98.278943693491,19.05823822847271,0 -98.27891926853624,19.05824568168464,0 -98.27889457264715,19.05825227169874,0 -98.27886963911065,19.05825799322283,0 -98.27884450027894,19.05826283734613,0 -98.27822173552532,19.05826040240631,0 -98.27819337734532,19.05826466993498,0 -98.27816518726426,19.05826984363035,0 -98.27813719761016,19.05827592000408,0 -98.27810943882976,19.058282891042,0 -98.2780819451674,19.0582907496486,0 -98.27805474517309,19.05829948689856,0 -98.27802786930926,19.05830909116302,0 -98.27800135182423,19.05831955444275,0 -98.27797522129148,19.05833086239043,0 -98.27794950531467,19.05834300517344,0 -98.27792423818518,19.05835596485203,0 -98.27789944371683,19.05836972886766,0 -98.27787515144544,19.05838428016569,0 -98.27785139184141,19.05839960530996,0 -98.27782818875787,19.05841568270508,0 -98.2778055707724,19.05843249710011,0 -98.27778356173424,19.05845002780336,0 -98.27776218929809,19.05846825323435,0 -98.27774147444258,19.05848715720867,0 -98.27772144293345,19.05850671542735,0 -98.27770211768539,19.05852690358024,0 -98.27768351874238,19.05854770186452,0 -98.27766567282066,19.0585690859849,0 -98.27764859428551,19.05859103069406,0 -98.27763230511705,19.05861350806341,0 -98.27761682248874,19.05863650279735,0 -98.27760216747335,19.05865997702297,0 -98.27758835062313,19.05868390818912,0 -98.27757539486473,19.05870826927457,0 -98.27756331171642,19.05873303411713,0 -98.27755211272392,19.0587581702288,0 -98.27747732776429,19.05895883178227,0 -98.27733746475725,19.05933314125683,0 -98.27726598461578,19.0596779648511,0 -98.27417507395302,19.05966583186155,0 -98.27417042734724,19.05966541956737,0 -98.27423700702232,19.0596539558884,0 -98.27514660028351,19.05949733971723,0 -98.27621662053258,19.05949502984806,0 -98.27620742482594,19.05947852102956,0 -98.27615692062254,19.05938785022558,0 -98.27590665076497,19.0593072291988,0 -98.27535761916047,19.05913037036209,0 -98.27614684232877,19.05689855764926,0 -98.27619781992811,19.05675439962403,0 -98.27627622026765,19.05650428929552,0 -98.27642662861292,19.05602451960549,0 -98.27646976993441,19.0558869097315,0 -98.27652622024613,19.05569800976658,0 -98.2766098906035,19.05541801987884,0 -98.27663743281073,19.05532586124978,0 -98.27665422042146,19.05526968941818,0 -98.27670150987394,19.05510617110802,0 -98.27673422969976,19.05499294024876,0 -98.2767942917837,19.05478517047618,0 -98.27687118036603,19.05451920014681,0 -98.27694719940192,19.05426325027403,0 -98.27709365000359,19.05377011023673,0 -98.27728851936617,19.05311201993643,0 -98.27741065016406,19.05269962897882,0 -98.2775066800322,19.05235565928592,0 -98.27756391932563,19.05215054945596,0 -98.27761943019621,19.05196224900753,0 -98.27775978002225,19.05144890997987,0 -98.27775978002225,19.05144890997987,0 
							</coordinates>
						</LinearRing>
					</outerBoundaryIs>
				</Polygon>
			</MultiGeometry>
		</Placemark>
		<Placemark id="ID_70003">
			<visibility>0</visibility>
			<snippet></snippet>
			<description><![CDATA[<html><body><table border="1"><tr><th>Field Name</th><th>Field Value</th></tr><tr><td>MUNICIPIO</td><td>OCOYUCAN</td></tr><tr><td>SERVICIO</td><td>POR POLÍGONO DE SERVICIO</td></tr><tr><td>FECHA ACTUALIZACIÓN</td><td>Nulo</td></tr><tr><td>POBLACIÓN AGUA</td><td>Nulo</td></tr><tr><td>PROMEDIO OCUPANTES EN VIVIENDAS PARTICULARES AGUA</td><td>Nulo</td></tr><tr><td>MES 1 TOMAS ACTIVAS AGUA</td><td>Nulo</td></tr><tr><td>MES 2 TOMAS ACTIVAS AGUA</td><td>Nulo</td></tr><tr><td>MES 3 TOMAS ACTIVAS AGUA</td><td>Nulo</td></tr><tr><td>NÚMERO DE HABITANTES SERVIDOS AGUA</td><td>Nulo</td></tr><tr><td>COBERTURA POR MUNICIPIO AGUA</td><td>Nulo</td></tr><tr><td>POBLACIÓN DRENAJE</td><td>Nulo</td></tr><tr><td>PROMEDIO OCUPANTES EN VIVIENDAS PARTICULARES DRENAJE</td><td>Nulo</td></tr><tr><td>MES 1 TOMAS ACTIVAS DRENAJE</td><td>Nulo</td></tr><tr><td>MES 2 TOMAS ACTIVAS DRENAJE</td><td>Nulo</td></tr><tr><td>MES 3 TOMAS ACTIVAS DRENAJE</td><td>Nulo</td></tr><tr><td>NÚMERO DE HABITANTES SERVIDOS DRENAJE</td><td>Nulo</td></tr><tr><td>COBERTURA POR MUNICIPIO DRENAJE</td><td>Nulo</td></tr></table></body></html>]]></description>
			<styleUrl>#PolyStyle7313</styleUrl>
			<MultiGeometry>
				<Polygon>
					<outerBoundaryIs>
						<LinearRing>
							<coordinates>
								-98.28849455199992,18.95035782700006,0 -98.28870582999991,18.95030937600006,0 -98.28835456899992,18.94810382100007,0 -98.28805539799993,18.94820603800008,0 -98.28824986199993,18.94927660800005,0 -98.28825116199994,18.94927642300007,0 -98.28849455199992,18.95035782700006,0 -98.28849455199992,18.95035782700006,0 
							</coordinates>
						</LinearRing>
					</outerBoundaryIs>
				</Polygon>
				<Polygon>
					<outerBoundaryIs>
						<LinearRing>
							<coordinates>
								-98.28321103399992,18.95437753900006,0 -98.28305749599991,18.95380954800004,0 -98.28315585499992,18.95383400800006,0 -98.28324117199992,18.95381941200009,0 -98.28350789899993,18.95393768800005,0 -98.28439255799992,18.95392768900007,0 -98.28469590399993,18.95392425900008,0 -98.2852040809999,18.95391851200009,0 -98.28559080499993,18.95391413700008,0 -98.2861581649999,18.95390771800004,0 -98.28634827599991,18.95390556700005,0 -98.28651304999993,18.95390616500009,0 -98.28670877399992,18.95389063000005,0 -98.28689897399995,18.95388847700008,0 -98.28899095199996,18.95386478400007,0 -98.28918378799995,18.95386259900005,0 -98.28926951999995,18.95384638100006,0 -98.28916929199994,18.95330469400005,0 -98.28903119099994,18.95268439300008,0 -98.28889643099988,18.95222478600004,0 -98.28880348399991,18.95194478000008,0 -98.28877665499994,18.95188692000005,0 -98.28907239599994,18.95193570800006,0 -98.28906387099994,18.95203649400008,0 -98.28906923499994,18.95215572400008,0 -98.2892408969999,18.95279753400007,0 -98.28944742699991,18.95390611100004,0 -98.29051002299991,18.95390125600005,0 -98.29070210699989,18.95423674200009,0 -98.28936038999991,18.95425355200007,0 -98.28919395699988,18.95426136600008,0 -98.28666476999989,18.95429220400007,0 -98.28653938399994,18.95428575600005,0 -98.28474082799994,18.95431343200005,0 -98.28321103399992,18.95437753900006,0 -98.28321103399992,18.95437753900006,0 
							</coordinates>
						</LinearRing>
					</outerBoundaryIs>
				</Polygon>
				<Polygon>
					<outerBoundaryIs>
						<LinearRing>
							<coordinates>
								-98.29642367699995,18.95788829700007,0 -98.29545447999993,18.95725092300006,0 -98.29518750099993,18.95713232000008,0 -98.29494090999994,18.95706606300007,0 -98.29495569499994,18.95703256100006,0 -98.29474725899989,18.95698765900005,0 -98.2945857069999,18.95696615800006,0 -98.29436526399991,18.95695487800009,0 -98.29420606399992,18.95695881600005,0 -98.29405284299992,18.95697151400009,0 -98.29385336899992,18.95700400900006,0 -98.29364053499989,18.95705869300008,0 -98.29335542799993,18.95716472500004,0 -98.29301760899995,18.95735496200007,0 -98.29279322499991,18.95752293900006,0 -98.29270966299993,18.95733677400005,0 -98.29275890699995,18.95729897300004,0 -98.29276953999992,18.95729047700007,0 -98.29282172599996,18.95725179200008,0 -98.29283454599994,18.95724188800006,0 -98.2928859239999,18.95720637400007,0 -98.29290487199989,18.95719290700009,0 -98.29293829799991,18.95717203600009,0 -98.29295180799994,18.95716317500006,0 -98.29298408499993,18.95714200600008,0 -98.29301438399995,18.95712293200006,0 -98.29301557499993,18.95712221300005,0 -98.29301896999995,18.95712016300007,0 -98.2931986229999,18.95701848100009,0 -98.29320200899993,18.95701746800006,0 -98.2932662999999,18.95698523700008,0 -98.29333307799993,18.95695465300008,0 -98.29340055799992,18.95692526900007,0 -98.29346527199993,18.95690006900008,0 -98.29348743099989,18.95689158400006,0 -98.29353226099995,18.95687546800008,0 -98.29355591799992,18.95686650000005,0 -98.29363894299991,18.95684001000006,0 -98.2937017559999,18.95682265600004,0 -98.29374456799991,18.95681172900004,0 -98.29380807199993,18.95679684100008,0 -98.29421507399991,18.95673737100009,0 -98.29462639799993,18.95673795000005,0 -98.29503323099993,18.95679856600009,0 -98.29524383699993,18.95685661900006,0 -98.29525059699996,18.95685846500004,0 -98.29532673699993,18.95688544500007,0 -98.29541347899992,18.95691822000009,0 -98.29547001799995,18.95694057900005,0 -98.29549859999992,18.95695456300007,0 -98.29558227599995,18.95699425600009,0 -98.29566740499992,18.95703815300004,0 -98.29568122899991,18.95704634000009,0 -98.29582630299988,18.95713887400007,0 -98.29588677899994,18.95717710600007,0 -98.29598643999994,18.95723999800009,0 -98.29606741699989,18.95729138200005,0 -98.29615048799991,18.95734479800007,0 -98.29622633199996,18.95739270400009,0 -98.29623162099995,18.95738306000004,0 -98.29642367699995,18.95788829700007,0 -98.29642367699995,18.95788829700007,0 
							</coordinates>
						</LinearRing>
					</outerBoundaryIs>
				</Polygon>
				<Polygon>
					<outerBoundaryIs>
						<LinearRing>
							<coordinates>
								-98.28236330199991,18.96716107900005,0 -98.28209860599992,18.96689403400006,0 -98.28236747799991,18.96715681900008,0 -98.28326595299988,18.96803494300008,0 -98.28275825499993,18.96755953500008,0 -98.28236330199991,18.96716107900005,0 -98.28236330199991,18.96716107900005,0 
							</coordinates>
						</LinearRing>
					</outerBoundaryIs>
				</Polygon>
				<Polygon>
					<outerBoundaryIs>
						<LinearRing>
							<coordinates>
								-98.28494338199994,18.97435224000009,0 -98.28484695599991,18.97432244300006,0 -98.28494407099993,18.97435223000008,0 -98.28495175399991,18.97437550300009,0 -98.28496967299994,18.97442978300006,0 -98.28498056499988,18.97446260700008,0 -98.28495123499994,18.97437555100004,0 -98.28494338199994,18.97435224000009,0 -98.28494338199994,18.97435224000009,0 
							</coordinates>
						</LinearRing>
					</outerBoundaryIs>
				</Polygon>
				<Polygon>
					<outerBoundaryIs>
						<LinearRing>
							<coordinates>
								-98.28505648699989,18.98040802900005,0 -98.2849182029999,18.97999631200008,0 -98.28487914599994,18.97989914700008,0 -98.28479630099991,18.97982771500006,0 -98.28462996899992,18.97978292800008,0 -98.28450526699993,18.97974180300008,0 -98.28434947799991,18.97965340400009,0 -98.28426422999992,18.97956877500008,0 -98.28433469999993,18.97950406700005,0 -98.28427263499992,18.97936488200008,0 -98.28438354199996,18.97925551700007,0 -98.28438346799993,18.97897862300005,0 -98.28426048799993,18.97893749900004,0 -98.28408209599991,18.97892212100004,0 -98.28403472499991,18.97883381000008,0 -98.28403924199995,18.97880093900005,0 -98.28407362999991,18.97875013900006,0 -98.28407738899995,18.97874173100007,0 -98.28417207699994,18.97852989700004,0 -98.2841638299999,18.97829010900006,0 -98.28415387999989,18.97821051000005,0 -98.28398422999993,18.97797539900006,0 -98.28389345999994,18.97779867900005,0 -98.2838188799999,18.97758963000007,0 -98.2837432799999,18.97750669000004,0 -98.28373620099988,18.97732472000007,0 -98.28374693299992,18.97697378000004,0 -98.28376045899996,18.97672600000004,0 -98.28376470999991,18.97657002000005,0 -98.28376084999991,18.97648690900007,0 -98.28356702899993,18.97637411900007,0 -98.28342991999995,18.97620857900006,0 -98.28330434999992,18.97604334900007,0 -98.28325767999991,18.97584706000009,0 -98.28316777999991,18.97575140000004,0 -98.28301187899989,18.97567331900007,0 -98.28292564999992,18.97567237900006,0 -98.28283988999993,18.97569998000006,0 -98.28272087999993,18.97575529000005,0 -98.28264127999994,18.97578662000006,0 -98.2825583799999,18.97575485000004,0 -98.28244576299993,18.97566889800004,0 -98.28242605899995,18.97565385900009,0 -98.2822238199999,18.97513707900009,0 -98.28194021999991,18.97480397000004,0 -98.28145085999995,18.97435030900004,0 -98.28088861999993,18.97391537000004,0 -98.28035521999995,18.97346488000005,0 -98.27936601999996,18.97286691900007,0 -98.27883999999995,18.97250550900009,0 -98.27851725899991,18.97227082000006,0 -98.2781759099999,18.97200665900004,0 -98.27796851999994,18.97180100000008,0 -98.27752785999989,18.97136535000004,0 -98.27716341999989,18.97080001900008,0 -98.27699736999995,18.97030700100004,0 -98.2769899999999,18.97024618000006,0 -98.27693013999995,18.97001705000008,0 -98.27679414999994,18.96971871400007,0 -98.27679276999993,18.96971569000004,0 -98.27677037999989,18.96957847300007,0 -98.27677433999992,18.96927316900008,0 -98.27681111899994,18.96892034000007,0 -98.27683642999995,18.96868183000004,0 -98.27686951999995,18.96852545000007,0 -98.27709541299993,18.96821157000005,0 -98.27736470999992,18.96781493900005,0 -98.27744454999991,18.96762360000008,0 -98.27751573899991,18.96740579900006,0 -98.27753552099995,18.96719804900005,0 -98.27756056999992,18.96697346000008,0 -98.27753450899991,18.96673474900007,0 -98.27751657999994,18.96649351000008,0 -98.27754742899992,18.96626615000008,0 -98.27755619999995,18.96610455000007,0 -98.27752678899994,18.96598487600005,0 -98.2775230499999,18.96596966000004,0 -98.27751897099994,18.96595303000004,0 -98.27750374999994,18.96570666000008,0 -98.27755351199994,18.96543834000005,0 -98.27758677899993,18.96523833900005,0 -98.27756305899993,18.96508944900006,0 -98.27751488999991,18.96496608900009,0 -98.27750197899991,18.96481308900007,0 -98.27750844999991,18.96455397900007,0 -98.27753092499989,18.96434625000006,0 -98.27754242999993,18.96417951900008,0 -98.27757614099994,18.96407242900005,0 -98.27765345099994,18.96376405000007,0 -98.27765862099994,18.96353154900004,0 -98.2776683199999,18.96326032000007,0 -98.27766984999994,18.96288750900004,0 -98.27766865899991,18.96256219900005,0 -98.27761271999992,18.96214398000006,0 -98.27754476999989,18.96167350900004,0 -98.27749814999994,18.96139696900008,0 -98.27746119999993,18.96111349000006,0 -98.27743697099993,18.96082402900004,0 -98.27738064899989,18.96061885000006,0 -98.27736146099994,18.96055642900006,0 -98.27721185999991,18.96006945900007,0 -98.27711965999991,18.95988500000004,0 -98.2769875699999,18.95966317000006,0 -98.27688654999992,18.95954403000007,0 -98.27674882899993,18.95950113900005,0 -98.2765647999999,18.95950042000004,0 -98.27633636999991,18.95949348900007,0 -98.27604439999993,18.95944303000005,0 -98.27587882499995,18.95940789000008,0 -98.27568591999996,18.95936695000006,0 -98.27536433999991,18.95927121900007,0 -98.27507309099991,18.95911588000007,0 -98.27498794999991,18.95905769000007,0 -98.27466417199993,18.95887230900007,0 -98.27447410899993,18.95873411000008,0 -98.27435405999995,18.95859607900007,0 -98.27431891899994,18.95847111000006,0 -98.27438391999993,18.95825719900006,0 -98.27444845999992,18.95811600000008,0 -98.27456960799992,18.95796217100008,0 -98.27461408999994,18.95790568900009,0 -98.27473622999992,18.95776670900005,0 -98.27484515499994,18.95763861800009,0 -98.27502653999993,18.95748788900005,0 -98.27532800099993,18.95723488900006,0 -98.27545711999994,18.95708375000004,0 -98.27562532099995,18.95683715000007,0 -98.27570508999992,18.95664897900008,0 -98.2757241999999,18.95645035000007,0 -98.27570177199992,18.95627517900004,0 -98.2756667999999,18.95615950900009,0 -98.2755954299999,18.95603354900004,0 -98.27550010999995,18.95594693900006,0 -98.27535333999994,18.95585567900008,0 -98.27524305999992,18.95583616300007,0 -98.27524266299991,18.95583619700005,0 -98.27507816099988,18.95585015200004,0 -98.27506033499994,18.95585166300009,0 -98.2750381039999,18.95585354900004,0 -98.27480730999991,18.95585668300004,0 -98.27449536899991,18.95584662900006,0 -98.27429971999993,18.95584694900009,0 -98.27415659999991,18.95583347900009,0 -98.27396702999994,18.95581591100006,0 -98.2735480889999,18.95562247900006,0 -98.27343254999994,18.95555045000009,0 -98.27327584999995,18.95542593900007,0 -98.27319524999992,18.95527676900008,0 -98.27312364999995,18.95513335000004,0 -98.2730611249999,18.95503385900008,0 -98.2730190499999,18.95496691000005,0 -98.27291368999994,18.95476197000005,0 -98.2728220649999,18.95456074000009,0 -98.27269427999994,18.95428625900007,0 -98.27250375099993,18.95389546000007,0 -98.27225567399995,18.95335902900007,0 -98.27199201999991,18.95282449000007,0 -98.27171787999994,18.95243966000004,0 -98.27155207999995,18.95219364700006,0 -98.27172125199991,18.95239391300004,0 -98.27312138699995,18.95247531300004,0 -98.27420078899992,18.95330939100006,0 -98.27450069799995,18.95487907100005,0 -98.27685096999994,18.95438669600009,0 -98.27762492599993,18.95493686800006,0 -98.27785027599991,18.95602293300004,0 -98.2777952909999,18.95766417900006,0 -98.27743677899991,18.95767664300007,0 -98.27688359199993,18.95793711900006,0 -98.27627961999991,18.95859426400006,0 -98.28021317899992,18.95821854900004,0 -98.28094137199992,18.95934522800007,0 -98.2792911329999,18.95974006500006,0 -98.27886828199992,18.96000287700008,0 -98.2785388829999,18.96082232500004,0 -98.2786187509999,18.96230906900007,0 -98.27940490699991,18.96449162100004,0 -98.27922279799994,18.96449091200009,0 -98.27914859999993,18.96456676500009,0 -98.2792381189999,18.96456414500005,0 -98.27933155099994,18.96464342000007,0 -98.27940176399994,18.96470299400005,0 -98.27948171999994,18.96474117800005,0 -98.2795182459999,18.96475070900004,0 -98.27971588299994,18.96474076000004,0 -98.27979891199993,18.96471159400005,0 -98.27990653199993,18.96471771900008,0 -98.27993174299992,18.96472142200008,0 -98.28059666299994,18.96462151000009,0 -98.28070658499989,18.96452753700004,0 -98.28063363399991,18.96447095800005,0 -98.28058735199994,18.96443561100006,0 -98.28053189799994,18.96439407800005,0 -98.28047962299991,18.96434896800008,0 -98.2804307799999,18.96430049900005,0 -98.2803856079999,18.96424890800006,0 -98.2803443269999,18.96419444700007,0 -98.28030528899991,18.96413500200009,0 -98.28027126999991,18.96407282800004,0 -98.28024247799992,18.96400830800007,0 -98.28021909099994,18.96394183900009,0 -98.28020125299992,18.96387383100006,0 -98.28019098399994,18.96381554700008,0 -98.28018907299992,18.96380470100007,0 -98.28018226099994,18.96373026400005,0 -98.28018193599991,18.96365554700009,0 -98.28018809999992,18.96358105900009,0 -98.28020312399991,18.96345621300009,0 -98.28022376799994,18.96333209500006,0 -98.28024999199992,18.96320893500007,0 -98.28031211499989,18.96299139700005,0 -98.28037940599991,18.96277525300007,0 -98.28038715799994,18.96274955800004,0 -98.28058773099991,18.96208470500005,0 -98.28059492599994,18.96206085600005,0 -98.28060730099992,18.96201328200004,0 -98.28061595599991,18.96196497000005,0 -98.28062084199989,18.96191618200004,0 -98.28062917099993,18.96183784400006,0 -98.28064449399993,18.96176046900007,0 -98.28066669899994,18.96168461900004,0 -98.2806956239999,18.96161084700009,0 -98.2807310569999,18.96153969200009,0 -98.28075844099993,18.96148387300008,0 -98.2807802939999,18.96142588600009,0 -98.28079642899989,18.96136622900008,0 -98.28080842899993,18.96130853800008,0 -98.2808293729999,18.96118831300004,0 -98.28084500099993,18.96106735700005,0 -98.28085528599991,18.96094588500006,0 -98.28086021199994,18.96082410900004,0 -98.28098119299993,18.96082936700009,0 -98.28114496699993,18.96083648300004,0 -98.28122618899994,18.96088215800006,0 -98.2813522739999,18.96098252000007,0 -98.28147897399991,18.96124460500005,0 -98.28152221699992,18.96131041400008,0 -98.28160681799994,18.96140305600005,0 -98.28179563499992,18.96144549100006,0 -98.28192950599993,18.96144587100008,0 -98.28202025699994,18.96143571100004,0 -98.28216133799992,18.96140803200007,0 -98.28203263499994,18.96133565700006,0 -98.28211147499991,18.96132055900006,0 -98.28235597899993,18.96127557200009,0 -98.28238965199995,18.96127461800006,0 -98.28269392199991,18.96126599400009,0 -98.28311138699991,18.96125415900008,0 -98.28316265699993,18.96133849300008,0 -98.28308519799992,18.96148255200006,0 -98.28302224699991,18.96193916200008,0 -98.28297717499994,18.96226609600006,0 -98.28309900799991,18.96245289800004,0 -98.28303442799989,18.96275666200006,0 -98.2828341199999,18.96286039600005,0 -98.28277632399994,18.96306557600008,0 -98.28280880299991,18.96315223900007,0 -98.28296204199991,18.96320134900009,0 -98.28297240199993,18.96335617400007,0 -98.28290557599991,18.96346242800007,0 -98.28270865499991,18.96348309400008,0 -98.2825818899999,18.96355511800004,0 -98.2824840309999,18.96376150300006,0 -98.28243520899991,18.96386447100008,0 -98.28234751299993,18.96428610900006,0 -98.28232410899994,18.96435824700006,0 -98.28224039199995,18.96459087200009,0 -98.28207881299994,18.96494142400007,0 -98.2826037239999,18.96547588300007,0 -98.28253750399995,18.96551662000007,0 -98.28263054799993,18.96560940900008,0 -98.28264671999996,18.96569759400006,0 -98.2829931789999,18.96553823400006,0 -98.2825756069999,18.96581586900004,0 -98.28187823299994,18.96642465100007,0 -98.28186767199992,18.96666435100008,0 -98.28158035099995,18.96665612200007,0 -98.28157739399991,18.96646808200006,0 -98.28151331099991,18.96629137100007,0 -98.28145975099994,18.96612187500006,0 -98.28129253899994,18.96573100100005,0 -98.28120532199996,18.96541703000008,0 -98.28120158799993,18.96541723200005,0 -98.28115940099991,18.96524767000005,0 -98.28112721399992,18.96511576600005,0 -98.28105211199995,18.96487225100009,0 -98.2809555529999,18.96467946900009,0 -98.27956080399991,18.96488239800004,0 -98.27916383799993,18.96472005400005,0 -98.27903172299995,18.96468624600004,0 -98.2787606939999,18.96496331400004,0 -98.2782701079999,18.96537176800007,0 -98.27825940499991,18.96594409200009,0 -98.27805663499993,18.96592010700004,0 -98.27764936199992,18.96837807900005,0 -98.27765342499994,18.96841120200008,0 -98.27751750999994,18.96837595600005,0 -98.27725990399995,18.96815709900005,0 -98.27706380599994,18.97008198100008,0 -98.27741339199991,18.97098658300007,0 -98.27804346799991,18.97153316900005,0 -98.27809663199992,18.97148730800006,0 -98.27807422099994,18.97140031400005,0 -98.27814397299994,18.97146299700006,0 -98.27830651299989,18.97155789400006,0 -98.27849564899992,18.97164206900004,0 -98.27866525699994,18.97176896800005,0 -98.27872738699995,18.97178143900004,0 -98.27886733899993,18.97185722300009,0 -98.27899259999992,18.97185337300004,0 -98.27908585599992,18.97188733200005,0 -98.27916336799991,18.97190495200005,0 -98.27927487299991,18.97195229400006,0 -98.27934840299991,18.97200955800008,0 -98.27943146799993,18.97205555800008,0 -98.27948729699995,18.97213373300008,0 -98.27953031199992,18.97222704600006,0 -98.27967124799994,18.97220467900007,0 -98.2797583069999,18.97224596000007,0 -98.2798665229999,18.97226224600007,0 -98.27992074399992,18.97234232300008,0 -98.27996279899993,18.97242153400009,0 -98.27999273699993,18.97255116800005,0 -98.28005729399992,18.97262497500009,0 -98.28013289199993,18.97256252600005,0 -98.28028693199991,18.97249678600008,0 -98.28035799299994,18.97243512800009,0 -98.28045904899994,18.97239894400008,0 -98.28084849699991,18.97202660100004,0 -98.28087879799993,18.97199525700006,0 -98.28115571399991,18.97220370200006,0 -98.2811686039999,18.97221557400007,0 -98.28131205799991,18.97234770300008,0 -98.28229877899992,18.97306912000005,0 -98.28221498399995,18.97311461400005,0 -98.28208714099992,18.97314369000009,0 -98.28198962999994,18.97317840000005,0 -98.28143268399992,18.97337520700006,0 -98.28136424899992,18.97339956600007,0 -98.28127134599993,18.97359542000004,0 -98.28125504099989,18.97362996200008,0 -98.28177502399988,18.97381213000006,0 -98.28190196299994,18.97380576700004,0 -98.28203346299995,18.97383661600009,0 -98.28232249199992,18.97380856200004,0 -98.28228680399991,18.97407532000005,0 -98.28223286299995,18.97437921700009,0 -98.28229473499995,18.97447165400007,0 -98.28228251399992,18.97456136900007,0 -98.28248595699993,18.97459548700004,0 -98.28249924499994,18.97457208400004,0 -98.28253911499991,18.97450186200007,0 -98.28259859099988,18.97439710900005,0 -98.28264302699995,18.97433441100009,0 -98.28267937699992,18.97429990900008,0 -98.28278566299991,18.97419902500008,0 -98.28285139299992,18.97403384400008,0 -98.28287399499993,18.97385225100004,0 -98.2829179339999,18.97367405200009,0 -98.2830602649999,18.97353558500004,0 -98.28325208799993,18.97358321200005,0 -98.28343680099994,18.97365064800005,0 -98.2836004859999,18.97372140900006,0 -98.28403064099992,18.97380826000006,0 -98.28434654699993,18.97385459400004,0 -98.28480186399992,18.97373836500009,0 -98.28478343599994,18.97365543000006,0 -98.28474276499992,18.97347240500005,0 -98.28441868499995,18.97201394900009,0 -98.28441832899995,18.97201367600007,0 -98.28441921699992,18.97201722300008,0 -98.28441875199991,18.97201724800004,0 -98.28393025199993,18.97006550600008,0 -98.28382310299993,18.96989254100004,0 -98.28375540299994,18.96978726100008,0 -98.2837453529999,18.96978579500006,0 -98.28374370499995,18.96977276700005,0 -98.28382972999991,18.96956826300004,0 -98.2838688029999,18.96932420200005,0 -98.28363301199994,18.96853380000005,0 -98.28346089699993,18.96822547000005,0 -98.28359752099992,18.96835899800004,0 -98.28404500799991,18.96969477400006,0 -98.28447338799994,18.97138815900007,0 -98.28454159599994,18.97189533300008,0 -98.28478951699994,18.97343417200005,0 -98.28480831299993,18.97355084200007,0 -98.2848348949999,18.97355315100009,0 -98.28498170899991,18.97356590900006,0 -98.28552768599991,18.97358760700007,0 -98.28570081399994,18.97352574500007,0 -98.28588132099992,18.97363164900008,0 -98.28609137799994,18.97388113100004,0 -98.28624801099994,18.97397556400006,0 -98.28661898099995,18.97425545900006,0 -98.28684959099989,18.97405875400005,0 -98.2869213269999,18.97394960400004,0 -98.2867372579999,18.97387134300004,0 -98.28677590399991,18.97382471600008,0 -98.28680506399991,18.97380576100005,0 -98.2870423939999,18.97365982400004,0 -98.28722146899992,18.97369218400007,0 -98.28747413999992,18.97371121300006,0 -98.28748655899994,18.97368945500006,0 -98.28819527699994,18.97516463600004,0 -98.28813360299995,18.97511351300005,0 -98.28805699499992,18.97506871300004,0 -98.28789684499992,18.97499032900004,0 -98.28735603599995,18.97472613100007,0 -98.28727793199995,18.97487083600004,0 -98.2871083359999,18.97494355000009,0 -98.28711777699992,18.97502349800004,0 -98.28713265499994,18.97516739700006,0 -98.28654212799989,18.97522265700007,0 -98.2865570059999,18.97536655600004,0 -98.28647557599993,18.97537417600006,0 -98.28634997099992,18.97531126000007,0 -98.28633826399994,18.97522073100004,0 -98.28622390399995,18.97503780400007,0 -98.28600098499993,18.97472119800005,0 -98.28595245299994,18.97466381400005,0 -98.28590392199993,18.97460643100004,0 -98.28585538999994,18.97454904700004,0 -98.28579624299994,18.97448999200009,0 -98.2857412759999,18.97443812600005,0 -98.28567505899991,18.97437845400009,0 -98.2855968799999,18.97433416400008,0 -98.2855091899999,18.97431105700008,0 -98.2854361499999,18.97430899200009,0 -98.2853276199999,18.97432135900004,0 -98.28523626399992,18.97433205100009,0 -98.28514650199992,18.97435735700009,0 -98.28513678999991,18.97436009500007,0 -98.28517080099995,18.97447396700005,0 -98.2855292669999,18.97567414600007,0 -98.28570244299993,18.97634380500006,0 -98.28570274999993,18.97634499000009,0 -98.28560097299993,18.97635108000009,0 -98.28560069399992,18.97635032500006,0 -98.2855744069999,18.97627933600006,0 -98.28555087099994,18.97620664000004,0 -98.28552707199992,18.97612479000009,0 -98.28550774199995,18.97605235600008,0 -98.28548840999993,18.97597991800006,0 -98.28547359699989,18.97592425500005,0 -98.28544360099994,18.97583480100008,0 -98.28541638699994,18.97575393300008,0 -98.28541584499993,18.97575409800004,0 -98.28544305799994,18.97583496600004,0 -98.28547304799991,18.97592440400007,0 -98.28516699499995,18.97501597700006,0 -98.28518738199996,18.97507519500004,0 -98.28521526599991,18.97515805200004,0 -98.2852158079999,18.97515788700008,0 -98.28518792499995,18.97507502800005,0 -98.28514060099991,18.97493756700004,0 -98.28508883399992,18.97478256200009,0 -98.28506280399993,18.97470506200006,0 -98.28501596699994,18.97456750500004,0 -98.28498758799991,18.97448197300008,0 -98.28497021599992,18.97442962000008,0 -98.28495233399991,18.97437544900004,0 -98.28494452599995,18.97435180000008,0 -98.28476770799995,18.97429756500009,0 -98.28468983799989,18.97427328800006,0 -98.28461760899989,18.97425081400007,0 -98.28454528999993,18.97422860100005,0 -98.28447674199992,18.97420771100008,0 -98.2843959139999,18.97418245700004,0 -98.28435358499991,18.97416939500005,0 -98.28421965299992,18.97412859100007,0 -98.28418173099995,18.97411687300007,0 -98.28418157899995,18.97411699200006,0 -98.28418066599994,18.97411671400005,0 -98.28415277099992,18.97413866000005,0 -98.2840865789999,18.97419027500007,0 -98.28402054599991,18.97424207700004,0 -98.2839544389999,18.97429379200008,0 -98.28388827999993,18.97434544500004,0 -98.28380602699991,18.97440934500008,0 -98.28375333999993,18.97434923200007,0 -98.28369249399994,18.97439947400005,0 -98.28363336399991,18.97444849800007,0 -98.28357420599991,18.97449749700007,0 -98.2835152269999,18.97454668700004,0 -98.28345615299992,18.97459575600004,0 -98.28339688199991,18.97464461400006,0 -98.28333775999994,18.97469360800005,0 -98.28327859299992,18.97474255200007,0 -98.2832194369999,18.97479150700008,0 -98.28316012099992,18.97484028500008,0 -98.28315602799989,18.97484364500008,0 -98.28310076399993,18.97488902400005,0 -98.28304175999995,18.97493814700005,0 -98.28298151699994,18.97498776500004,0 -98.28292400999993,18.97503518500008,0 -98.28284886299991,18.97509739700007,0 -98.28278498399992,18.97515027900005,0 -98.28283001899992,18.97519834100007,0 -98.28287412999993,18.97524663400009,0 -98.28291813499993,18.97529501900004,0 -98.28296221399989,18.97534334400007,0 -98.28300651099994,18.97539148900006,0 -98.28305061599991,18.97543979100004,0 -98.28309474799994,18.97548806900005,0 -98.28319417199992,18.97559737000006,0 -98.28331412699993,18.97572911000009,0 -98.28343486999989,18.97586128600005,0 -98.28349041799994,18.97592264500008,0 -98.28361101299993,18.97605430400006,0 -98.2837312499999,18.97618688100005,0 -98.28378674099991,18.97624941200007,0 -98.28390644099994,18.97637750400008,0 -98.28391316299991,18.97638408800009,0 -98.28393268699995,18.97640547500004,0 -98.28425985099994,18.97657281400006,0 -98.28426958299991,18.97656896500007,0 -98.28432779799994,18.97670252000006,0 -98.28421678699992,18.97675423400005,0 -98.28425935599995,18.97684446200009,0 -98.28431644299992,18.97697846900007,0 -98.28424601299993,18.97700562400007,0 -98.2843030979999,18.97713963100006,0 -98.28433520799992,18.97721501000007,0 -98.28444937699993,18.97748302400004,0 -98.28441101799991,18.97758557300006,0 -98.28447523999995,18.97773633100007,0 -98.28451001799992,18.97781796400005,0 -98.28435367499992,18.97787833900009,0 -98.28438292899995,18.97794744100008,0 -98.28449994599993,18.97822301200006,0 -98.28457024799991,18.97819590700004,0 -98.28460299699992,18.97827253800006,0 -98.28446222399992,18.97832681500006,0 -98.28456219399993,18.97856148100004,0 -98.28458752599994,18.97862094500005,0 -98.28460260599991,18.97867664600005,0 -98.28461160399989,18.97874819600008,0 -98.28463052399991,18.97884233600007,0 -98.28465656999992,18.97891794200007,0 -98.28469163099993,18.97899017600008,0 -98.28473487799995,18.97905829400008,0 -98.28478016399991,18.97912523700006,0 -98.2848254509999,18.97919217900005,0 -98.28487124599992,18.97925987100007,0 -98.28492305099991,18.97932105800004,0 -98.28498753899993,18.97937067500004,0 -98.28506253599994,18.97940671000009,0 -98.28513679499991,18.97943591000006,0 -98.28521105499993,18.97946511000009,0 -98.28528531399991,18.97949431000006,0 -98.28535957399994,18.97952351000004,0 -98.28560760999993,18.97958219900005,0 -98.28557495099994,18.97979682100004,0 -98.28552738799993,18.98003416900008,0 -98.28547984199992,18.98021539900009,0 -98.2854506839999,18.98020810100007,0 -98.2853560559999,18.98055749000008,0 -98.28529465899994,18.98071202700004,0 -98.28537003699994,18.98083276400007,0 -98.2854492699999,18.98099338900005,0 -98.2855098949999,18.98117299800009,0 -98.28556336499992,18.98130041300004,0 -98.28557054499993,18.98138508600005,0 -98.28557014199993,18.98147977100007,0 -98.28554999799991,18.98160594300009,0 -98.28551638099992,18.98170910800008,0 -98.28548949099991,18.98176115000007,0 -98.28548472699993,18.98177037100004,0 -98.2854263069999,18.98173864000006,0 -98.28542850899993,18.98171777000005,0 -98.2854562789999,18.98166697900007,0 -98.28541007099993,18.98157337100008,0 -98.28540986699994,18.98157295700008,0 -98.28541022199992,18.98157032600005,0 -98.28514664199993,18.98075634000008,0 -98.28505648699989,18.98040802900005,0 -98.28505648699989,18.98040802900005,0 
							</coordinates>
						</LinearRing>
					</outerBoundaryIs>
					<innerBoundaryIs>
						<LinearRing>
							<coordinates>
								-98.2823073859999,18.96202107300007,0 -98.2809555529999,18.96193482700005,0 -98.28076243399994,18.96225444600009,0 -98.28045666199995,18.96327417700007,0 -98.2804459329999,18.96359886600004,0 -98.28048884899992,18.96378657700006,0 -98.28055322199992,18.96382716400007,0 -98.2814759019999,18.96394384800004,0 -98.28182458799995,18.96364959900006,0 -98.28186750399993,18.96331476300008,0 -98.28199624999991,18.96324881100008,0 -98.28204452999995,18.96306617300007,0 -98.28209817399996,18.96269074900005,0 -98.28223228399992,18.96257913700009,0 -98.2823073859999,18.96202107300007,0 -98.2823073859999,18.96202107300007,0 
							</coordinates>
						</LinearRing>
					</innerBoundaryIs>
				</Polygon>
			</MultiGeometry>
		</Placemark>
		<Placemark id="ID_70004">
			<visibility>0</visibility>
			<snippet></snippet>
			<description><![CDATA[<html><body><table border="1"><tr><th>Field Name</th><th>Field Value</th></tr><tr><td>MUNICIPIO</td><td>SAN ANDRÉS CHOLULA</td></tr><tr><td>SERVICIO</td><td>POR POLÍGONO DE SERVICIO</td></tr><tr><td>FECHA ACTUALIZACIÓN</td><td>Nulo</td></tr><tr><td>POBLACIÓN AGUA</td><td>Nulo</td></tr><tr><td>PROMEDIO OCUPANTES EN VIVIENDAS PARTICULARES AGUA</td><td>Nulo</td></tr><tr><td>MES 1 TOMAS ACTIVAS AGUA</td><td>Nulo</td></tr><tr><td>MES 2 TOMAS ACTIVAS AGUA</td><td>Nulo</td></tr><tr><td>MES 3 TOMAS ACTIVAS AGUA</td><td>Nulo</td></tr><tr><td>NÚMERO DE HABITANTES SERVIDOS AGUA</td><td>Nulo</td></tr><tr><td>COBERTURA POR MUNICIPIO AGUA</td><td>Nulo</td></tr><tr><td>POBLACIÓN DRENAJE</td><td>Nulo</td></tr><tr><td>PROMEDIO OCUPANTES EN VIVIENDAS PARTICULARES DRENAJE</td><td>Nulo</td></tr><tr><td>MES 1 TOMAS ACTIVAS DRENAJE</td><td>Nulo</td></tr><tr><td>MES 2 TOMAS ACTIVAS DRENAJE</td><td>Nulo</td></tr><tr><td>MES 3 TOMAS ACTIVAS DRENAJE</td><td>Nulo</td></tr><tr><td>NÚMERO DE HABITANTES SERVIDOS DRENAJE</td><td>Nulo</td></tr><tr><td>COBERTURA POR MUNICIPIO DRENAJE</td><td>Nulo</td></tr></table></body></html>]]></description>
			<styleUrl>#PolyStyle739</styleUrl>
			<MultiGeometry>
				<Polygon>
					<outerBoundaryIs>
						<LinearRing>
							<coordinates>
								-98.28539058363499,18.98171567953977,0 -98.28539013632145,18.98171899354212,0 -98.28542630671539,18.98173863981886,0 -98.28542850936903,18.98171776980177,0 -98.28545627946733,18.98166697886459,0 -98.28541007091221,18.98157337090322,0 -98.28540986653618,18.9815729571169,0 -98.28539058363499,18.98171567953977,0 -98.28539058363499,18.98171567953977,0 
							</coordinates>
						</LinearRing>
					</outerBoundaryIs>
				</Polygon>
				<Polygon>
					<outerBoundaryIs>
						<LinearRing>
							<coordinates>
								-98.28594656060879,18.98454147783928,0 -98.28594902016057,18.98454034683825,0 -98.28597609432305,18.98455619215885,0 -98.28594656060879,18.98454147783928,0 -98.28594656060879,18.98454147783928,0 
							</coordinates>
						</LinearRing>
					</outerBoundaryIs>
				</Polygon>
				<Polygon>
					<outerBoundaryIs>
						<LinearRing>
							<coordinates>
								-98.28482648980675,18.9899116288713,0 -98.2848293503351,18.98989826405789,0 -98.28484081869189,18.98995145938856,0 -98.28483500874778,18.9899616281186,0 -98.28483275297208,18.98994838813015,0 -98.28482648980675,18.9899116288713,0 -98.28482648980675,18.9899116288713,0 
							</coordinates>
						</LinearRing>
					</outerBoundaryIs>
				</Polygon>
				<Polygon>
					<outerBoundaryIs>
						<LinearRing>
							<coordinates>
								-98.28199733129716,18.99250017096109,0 -98.28199983145808,18.99249647091913,0 -98.28293263802173,18.99305401584697,0 -98.28293376131717,18.99305770102295,0 -98.28258122986834,18.99285644332189,0 -98.28242531314092,18.99276141978792,0 -98.28231862838726,18.99269368308427,0 -98.28211683443601,18.99257321627434,0 -98.28199733129716,18.99250017096109,0 -98.28199733129716,18.99250017096109,0 
							</coordinates>
						</LinearRing>
					</outerBoundaryIs>
				</Polygon>
				<Polygon>
					<outerBoundaryIs>
						<LinearRing>
							<coordinates>
								-98.28310355315837,18.99324605102688,0 -98.28310132010716,18.99324439219612,0 -98.28310131459543,18.99324501392939,0 -98.28295677236058,18.99314631340069,0 -98.28293500640297,18.99306178611201,0 -98.28295759597391,18.99313589858734,0 -98.28310360468525,18.99324022860291,0 -98.28310355315837,18.99324605102688,0 -98.28310355315837,18.99324605102688,0 
							</coordinates>
						</LinearRing>
					</outerBoundaryIs>
				</Polygon>
				<Polygon>
					<outerBoundaryIs>
						<LinearRing>
							<coordinates>
								-98.28233476360175,18.99572490715384,0 -98.2823348401612,18.99572477731614,0 -98.28244077812251,18.99574486650838,0 -98.28229782263526,18.99585073781661,0 -98.28233476360175,18.99572490715384,0 -98.28233476360175,18.99572490715384,0 
							</coordinates>
						</LinearRing>
					</outerBoundaryIs>
				</Polygon>
				<Polygon>
					<outerBoundaryIs>
						<LinearRing>
							<coordinates>
								-98.27358919634493,19.00782364609635,0 -98.27263183093498,19.00723425739968,0 -98.27360168624404,19.00782346470835,0 -98.2730796792173,19.00858693741959,0 -98.27306707716619,19.00857924249666,0 -98.27358919634493,19.00782364609635,0 -98.27358919634493,19.00782364609635,0 
							</coordinates>
						</LinearRing>
					</outerBoundaryIs>
				</Polygon>
				<Polygon>
					<outerBoundaryIs>
						<LinearRing>
							<coordinates>
								-98.27176502608238,19.00880598733783,0 -98.27224797596308,19.00807991220302,0 -98.27225202380231,19.00808244315668,0 -98.27176502608238,19.00880598733783,0 -98.27176502608238,19.00880598733783,0 
							</coordinates>
						</LinearRing>
					</outerBoundaryIs>
				</Polygon>
				<Polygon>
					<outerBoundaryIs>
						<LinearRing>
							<coordinates>
								-98.25021483669065,19.01799127477476,0 -98.25020277338599,19.01795315544425,0 -98.25020633012156,19.01795584393538,0 -98.25021714924681,19.01799003161892,0 -98.25021483669065,19.01799127477476,0 -98.25021483669065,19.01799127477476,0 
							</coordinates>
						</LinearRing>
					</outerBoundaryIs>
				</Polygon>
				<Polygon>
					<outerBoundaryIs>
						<LinearRing>
							<coordinates>
								-98.25183238380301,19.01766743742298,0 -98.25183362486965,19.01763639473073,0 -98.251833672231,19.01763642745582,0 -98.25183243437867,19.01766738882756,0 -98.25183051691891,19.01779800631169,0 -98.25182849346653,19.01785419867871,0 -98.25182802028799,19.01786736556368,0 -98.25182901983251,19.01804193573457,0 -98.25182935510455,19.01810057855586,0 -98.2518302634839,19.01825920879233,0 -98.25184430237616,19.01833708280729,0 -98.25184467674902,19.0183793416009,0 -98.25184472536351,19.01838482819494,0 -98.25187440758718,19.01855787331467,0 -98.25187434127524,19.01855782876472,0 -98.25184467478761,19.01838487679035,0 -98.25184462617312,19.01837939019632,0 -98.25184425180026,19.0183371314027,0 -98.25183021290803,19.01825925738774,0 -98.25182930452874,19.01810062715128,0 -98.25182896925672,19.01804198432999,0 -98.25182796971222,19.01786741415908,0 -98.25182844289078,19.01785424727413,0 -98.25183046634321,19.0177980549071,0 -98.25183238380301,19.01766743742298,0 -98.25183238380301,19.01766743742298,0 
							</coordinates>
						</LinearRing>
					</outerBoundaryIs>
				</Polygon>
				<Polygon>
					<outerBoundaryIs>
						<LinearRing>
							<coordinates>
								-98.26700066404311,19.01942197958989,0 -98.27192077392192,19.01231657284378,0 -98.27192720376253,19.01231890081408,0 -98.27194511198549,19.0124655521079,0 -98.27008004903922,19.01514498020835,0 -98.26795426159049,19.01820572268699,0 -98.26745562511289,19.0188761875702,0 -98.26695789414734,19.01948027356336,0 -98.26700066404311,19.01942197958989,0 -98.26700066404311,19.01942197958989,0 
							</coordinates>
						</LinearRing>
					</outerBoundaryIs>
				</Polygon>
				<Polygon>
					<outerBoundaryIs>
						<LinearRing>
							<coordinates>
								-98.25090953164347,19.01806218814709,0 -98.25090958599984,19.01806214408578,0 -98.25105168191025,19.01866467361365,0 -98.25111360509437,19.01886702107029,0 -98.25114327113923,19.01896396336344,0 -98.25117351590059,19.01906365616479,0 -98.25118382717037,19.01916802350877,0 -98.25134537153116,19.01959281307229,0 -98.25134535222605,19.01963107859588,0 -98.251345301771,19.01963110008045,0 -98.25134532095475,19.01959286166753,0 -98.25118377659405,19.01916807210398,0 -98.25117346532429,19.01906370476,0 -98.25114322056295,19.01896401195863,0 -98.2511135545181,19.01886706966548,0 -98.25105163133405,19.01866472220881,0 -98.25090953164347,19.01806218814709,0 -98.25090953164347,19.01806218814709,0 
							</coordinates>
						</LinearRing>
					</outerBoundaryIs>
				</Polygon>
				<Polygon>
					<outerBoundaryIs>
						<LinearRing>
							<coordinates>
								-98.2507485831146,19.00085100377601,0 -98.25064987240565,19.00103827050251,0 -98.25186704114873,19.00165986505793,0 -98.25231135310395,19.00009940879207,0 -98.2514080077235,18.99965514591578,0 -98.2507485831146,19.00085100377601,0 -98.25140664850353,18.99965444004267,0 -98.25140791074814,18.99965324954522,0 -98.25231125611825,19.0000975124217,0 -98.25258032195518,18.99922545002202,0 -98.25297005111435,18.9994200135781,0 -98.25318477955588,18.99952851841067,0 -98.25333791451199,18.99960611433384,0 -98.25351026665209,18.99969067392888,0 -98.2538431952613,18.99986091997743,0 -98.25397591401078,18.99942479262049,0 -98.25438160670197,18.99894033262582,0 -98.25454700938438,18.99862053524669,0 -98.25455918994959,18.99862032224866,0 -98.2545843680327,18.9985345714283,0 -98.25459048319641,18.99850540629599,0 -98.2545933569882,18.99847875848673,0 -98.25460598788069,18.99843714843353,0 -98.25461902296452,18.9984114452694,0 -98.25462815970334,18.99838644936541,0 -98.25463549661372,18.99836027138943,0 -98.25457645664241,18.99832704818405,0 -98.25450427896482,18.99804389674359,0 -98.25460982875086,18.99789457757307,0 -98.25485990566573,18.99746198570988,0 -98.25523770759169,18.99727643922763,0 -98.25545200236454,18.99714446108018,0 -98.2555502491434,18.99709247475489,0 -98.25559479481959,18.99707020405545,0 -98.25563008163705,18.99706112819406,0 -98.25566666834933,18.99705883536786,0 -98.25573704211406,18.9970642695951,0 -98.25579187870537,18.99707616788508,0 -98.25583667761727,18.99706189325295,0 -98.25588410845261,18.99707789890728,0 -98.25596355235797,18.99710533054375,0 -98.25604951766302,18.99713504673547,0 -98.25611099915555,18.99715778813596,0 -98.25619683300181,18.99717754576883,0 -98.25626958189932,18.99718298934345,0 -98.25633175824738,18.99719453561342,0 -98.25637937623938,18.99723259238182,0 -98.25640983348592,18.99727026206712,0 -98.25648521113115,18.9972994655816,0 -98.25665712306514,18.99736341501512,0 -98.25669828344772,18.99732065422039,0 -98.25671915549445,18.99730040553107,0 -98.25673884001428,18.9972801502614,0 -98.2556231504043,18.99674247713752,0 -98.25562295606794,18.99674238237003,0 -98.25594365430806,18.99635636812847,0 -98.25613498839013,18.99612654806488,0 -98.25730227898893,18.99715377348285,0 -98.2575489780174,18.99707082801693,0 -98.25764837197859,18.9967640417797,0 -98.25754379441624,18.99628913262421,0 -98.25717724360339,18.99572266095997,0 -98.25699378559588,18.99548056547754,0 -98.25688348147322,18.99499740379802,0 -98.25678425966154,18.99461576763215,0 -98.25692117147219,18.99430090501845,0 -98.25678597092558,18.99411335578819,0 -98.25676861447094,18.9940892790542,0 -98.2568736926728,18.99391931217414,0 -98.25693039607941,18.99382759201328,0 -98.25698654920468,18.99373676339093,0 -98.25698989161521,18.99373135726881,0 -98.25698173889836,18.99373148991339,0 -98.25694520865829,18.99362466672649,0 -98.25691235064275,18.99353274959368,0 -98.25687175817372,18.99341993927613,0 -98.25687011277748,18.99340730062559,0 -98.25686922531003,18.99340048400035,0 -98.25685851554374,18.99337055985782,0 -98.25685121118265,18.99335014827444,0 -98.25682734951268,18.99328551317411,0 -98.256824840283,18.99327871533963,0 -98.25680909418027,18.99324029779404,0 -98.2567909185459,18.99319789055592,0 -98.25677971480775,18.99316090013256,0 -98.25677092297947,18.99313187203368,0 -98.25674354966935,18.99305534898802,0 -98.25672202995523,18.99299518941006,0 -98.25670362839004,18.99296388332045,0 -98.25668676447376,18.99291405466112,0 -98.25664635678692,18.9928660481978,0 -98.25660784966905,18.99281813973159,0 -98.25656948051049,18.99277040351671,0 -98.2565597024614,18.99273648961087,0 -98.25649250546918,18.99259452984156,0 -98.25647201395921,18.99255124119037,0 -98.25645590234203,18.99252863524654,0 -98.25643525486667,18.99247447525021,0 -98.25641371623432,18.99241797467971,0 -98.25639297019518,18.99236355311092,0 -98.2563725810531,18.99231027345468,0 -98.25635152714284,18.99225544487903,0 -98.25633028167405,18.99220011397288,0 -98.25630899583447,18.9921446780719,0 -98.2562936906519,18.9921043581417,0 -98.25625375956082,18.99211895162358,0 -98.25620644618638,18.9921377637627,0 -98.25617303341281,18.99215207525923,0 -98.25613991468251,18.99216713078015,0 -98.25610689289256,18.99218303165241,0 -98.25586025036678,18.9916236193847,0 -98.25627391668671,18.9914184105618,0 -98.25652822755572,18.99129225337407,0 -98.25656385923809,18.99133403580734,0 -98.25676385043961,18.99156854907068,0 -98.2568026671963,18.99161406572528,0 -98.25697181542368,18.99175236172214,0 -98.25700515341293,18.99174609459439,0 -98.25700835655583,18.99174573151092,0 -98.25700794282433,18.99174541084061,0 -98.25706359496074,18.99173478703547,0 -98.25719421734966,18.99170696832311,0 -98.2573754584742,18.99165035441969,0 -98.25745604170663,18.99161421941456,0 -98.25758826921519,18.99154831009376,0 -98.25770993484542,18.99148766579788,0 -98.25778597748587,18.9914340337919,0 -98.25784843172366,18.99140943224227,0 -98.2579376635461,18.99137138239995,0 -98.25800314556358,18.99133323820091,0 -98.2580591076356,18.99129957345634,0 -98.25809125988293,18.99127936888871,0 -98.25811982964798,18.99126366759757,0 -98.25814542973502,18.99124795530189,0 -98.25817934317921,18.99123227632446,0 -98.25824121355046,18.99120541302412,0 -98.25827275200328,18.99118972451027,0 -98.25829952048731,18.99117853632544,0 -98.25833224641686,18.99116285255998,0 -98.25835961864892,18.99114940570479,0 -98.25838639712532,18.9911359582736,0 -98.25845959667298,18.99109784302341,0 -98.25910532827513,18.99075702042978,0 -98.25947133785198,18.99056418678679,0 -98.25913061056383,18.98987374552934,0 -98.25895946884593,18.98905851799251,0 -98.26077913447223,18.99021696527459,0 -98.26069230472962,18.99039959439267,0 -98.26043256011141,18.99094790555133,0 -98.26034824456318,18.99097193081382,0 -98.25997147982083,18.99176743151328,0 -98.26027916365526,18.99190825307781,0 -98.26051494339281,18.99187784836192,0 -98.2608177854942,18.99192207747796,0 -98.26126934818484,18.99187113368034,0 -98.26145475930491,18.99190552602711,0 -98.26179630243222,18.99183745575689,0 -98.26168243414487,18.99132113863169,0 -98.26165101313758,18.9911348454283,0 -98.26183044252372,18.99091635818559,0 -98.26204005797439,18.99116051891881,0 -98.262167520932,18.99132601111799,0 -98.26229284962081,18.99140541635165,0 -98.26237324045417,18.99141530073691,0 -98.26246851208055,18.99139782311651,0 -98.2626595818229,18.99141373695123,0 -98.26279079070656,18.99142466496438,0 -98.26392263639843,18.99206628482008,0 -98.26464108308252,18.99198522510182,0 -98.26486765956339,18.99190331013882,0 -98.26505836599985,18.99177252890362,0 -98.2652528036092,18.9916391885069,0 -98.26539687216801,18.99144091609596,0 -98.26548141553475,18.99132456455213,0 -98.26559724717936,18.99107586942576,0 -98.26564994762595,18.99088288148863,0 -98.26575907400068,18.99063256909714,0 -98.26588958843419,18.99043166779481,0 -98.26597391533058,18.99030186520357,0 -98.26604648083705,18.99012810733661,0 -98.26615960244173,18.98995180091295,0 -98.266293844049,18.98988656375681,0 -98.26646252659374,18.98985023715154,0 -98.26669588248718,18.98984705086401,0 -98.26689016801902,18.98988481572446,0 -98.26710587927187,18.98996377141882,0 -98.26731271495846,18.99009612906198,0 -98.26749595529819,18.99021338698001,0 -98.26756966815326,18.9903123892366,0 -98.26792538597533,18.99007080044338,0 -98.2687903332691,18.99222255312146,0 -98.26910335216751,18.99312551239777,0 -98.27089148733225,18.99263809412702,0 -98.27232231132827,18.99309382191749,0 -98.27246380055787,18.9927393732431,0 -98.27186381941631,18.99048120780089,0 -98.27269533327042,18.99006506369934,0 -98.27227280409146,18.98915053108531,0 -98.27319468653781,18.98875246875166,0 -98.27293159500731,18.98783452841866,0 -98.27353585546003,18.98679724151403,0 -98.27454980816775,18.98650147462923,0 -98.27525071760886,18.98628413358424,0 -98.27563154337825,18.98605740600575,0 -98.27615931156281,18.98572015430388,0 -98.27770515132721,18.98518532994385,0 -98.27887684985492,18.98450485333348,0 -98.27893178912652,18.98312780545583,0 -98.27863382457183,18.98228020235433,0 -98.27873577200961,18.98148930345662,0 -98.27859009053456,18.9810542087418,0 -98.27883985999944,18.98083559737889,0 -98.27943986264826,18.9792950254218,0 -98.27868579398751,18.9787764513124,0 -98.27911379187512,18.97802208899333,0 -98.27947326964009,18.97738849154885,0 -98.27981692477067,18.97743686752892,0 -98.28037153056985,18.97734544299624,0 -98.28065212297911,18.97737164012417,0 -98.28091262234291,18.97731972036953,0 -98.28081183770202,18.97700352061713,0 -98.28058138345244,18.9768059565025,0 -98.28119303351549,18.97594218543118,0 -98.28049150886369,18.97578155803769,0 -98.28139055766592,18.97454003630786,0 -98.28110418100088,18.97433243522453,0 -98.28073820488792,18.97482294594101,0 -98.2804860013749,18.97456543433732,0 -98.28041464769142,18.97435405032851,0 -98.28015516285701,18.97383074384121,0 -98.27991368165661,18.97357472995928,0 -98.27956344268721,18.97316743754031,0 -98.27925234247594,18.97315277726425,0 -98.27912948063323,18.97312821334634,0 -98.27898143942399,18.97334687281751,0 -98.27903306210216,18.9734984251338,0 -98.27894152420457,18.97400214709974,0 -98.27886369381601,18.97428728585608,0 -98.27873804990223,18.97445589601139,0 -98.27834096781932,18.97419916026376,0 -98.27838244036883,18.97403954969657,0 -98.27837641215858,18.97376791399713,0 -98.27834106401887,18.97361941622087,0 -98.27829121411732,18.97349596892179,0 -98.27840194939908,18.9733201805989,0 -98.27821739155296,18.97299498921967,0 -98.27801697161243,18.97328572103104,0 -98.27784236614877,18.97317677539296,0 -98.27779848626484,18.97314939708813,0 -98.27757879193169,18.97346808464509,0 -98.27712107191847,18.97321860888157,0 -98.27706977482835,18.9731878080135,0 -98.27701326202293,18.97315387528571,0 -98.27696102602985,18.97312053219085,0 -98.27704793919412,18.9729972921548,0 -98.27714021684316,18.97286644656439,0 -98.27723002087774,18.97273910671787,0 -98.27726563393531,18.9726886087666,0 -98.27728082962213,18.97266413583252,0 -98.27729195537948,18.97264860101741,0 -98.27678896921978,18.97232254064947,0 -98.27699068258384,18.97199530516156,0 -98.27628816090504,18.97160815429465,0 -98.27612916013813,18.9715151101798,0 -98.27600860506229,18.97144201205549,0 -98.27669758798888,18.97032444135512,0 -98.27676680928269,18.9702121594213,0 -98.27677868908953,18.97019288981104,0 -98.27675757423209,18.97018313944068,0 -98.27665866727546,18.97013746723821,0 -98.27559966990566,18.96964845036259,0 -98.27623504290371,18.96768622255845,0 -98.27696196023899,18.96759661899545,0 -98.27723980205705,18.96708170460841,0 -98.27727811171999,18.96680522426523,0 -98.27707372226384,18.96642640572455,0 -98.27710394724485,18.96606297999307,0 -98.27708808500311,18.96599784521878,0 -98.27710395792371,18.96564575389286,0 -98.27705539286507,18.96498892249863,0 -98.27715049031909,18.96461353066205,0 -98.27722569668585,18.96294518927207,0 -98.27716765187013,18.96284257465869,0 -98.27710062997657,18.96245962602073,0 -98.27709301129346,18.96195090137356,0 -98.27700552772097,18.96125095078422,0 -98.27672931450405,18.96074063852108,0 -98.27615787524147,18.96050600992695,0 -98.27611419064812,18.96043154668743,0 -98.27371948189736,18.95896734225324,0 -98.27375673939427,18.95857397913085,0 -98.27405238191099,18.95839413765964,0 -98.27441693677939,18.95767076664982,0 -98.27446845536856,18.95754832151743,0 -98.2744908130645,18.95752417681213,0 -98.27467599370928,18.95715672887086,0 -98.27428695486626,18.95692365258778,0 -98.27415770079949,18.95713300180571,0 -98.27276425509542,18.95639156081356,0 -98.2727676296841,18.95638566466056,0 -98.2731338781627,18.95574687326588,0 -98.27310854431475,18.95569569233132,0 -98.27267912072995,18.9554231265636,0 -98.27274123160279,18.95533453776678,0 -98.27243923700482,18.95514285320331,0 -98.27251727267041,18.95494681832059,0 -98.27224338367311,18.9547936832732,0 -98.2723044420602,18.95469481885902,0 -98.27207809955358,18.95416530207602,0 -98.27200156215726,18.95386088241265,0 -98.27180456693435,18.95331944216144,0 -98.27104700049804,18.95286679531029,0 -98.27052771326787,18.95260742173624,0 -98.27036849082546,18.95273297186245,0 -98.27019569480836,18.95147313204579,0 -98.27042097579077,18.95153171185195,0 -98.2707997740262,18.95179063436539,0 -98.2709396639613,18.95185933367165,0 -98.2711199956976,18.95193901837959,0 -98.27135969168707,18.95204440473566,0 -98.27146519214841,18.95209078951968,0 -98.27155069531526,18.95219200812312,0 -98.27155207964366,18.95219364657569,0 -98.27171788042348,18.95243966025027,0 -98.27199201961591,18.95282448967344,0 -98.27225567388794,18.953359029494,0 -98.27250375061205,18.95389545985398,0 -98.2726942799442,18.95428625906603,0 -98.27282206491911,18.95456073970128,0 -98.27291369046932,18.95476196967996,0 -98.27301904951857,18.95496690990592,0 -98.27306112456542,18.95503385945833,0 -98.27312365046448,18.95513334973921,0 -98.27319524963551,18.9552767690213,0 -98.27327585003366,18.95542593866031,0 -98.27343254951327,18.95555044955671,0 -98.27354808948314,18.95562247934052,0 -98.27396702958927,18.95581591073346,0 -98.27415660001296,18.95583347940285,0 -98.27429971975226,18.95584694933262,0 -98.2744953694403,18.9558466289155,0 -98.27480730976029,18.95585668336157,0 -98.27503810412178,18.95585354922983,0 -98.27506033495276,18.95585166336099,0 -98.27507816085233,18.95585015157187,0 -98.27524266347319,18.95583619710613,0 -98.2752430596891,18.95583616341035,0 -98.275353340381,18.95585567921901,0 -98.27550010982181,18.95594693895906,0 -98.27559543022539,18.95603354944548,0 -98.27566679952058,18.95615950895829,0 -98.27570177190556,18.95627517931288,0 -98.27572419980434,18.95645035007368,0 -98.27570508992306,18.95664897893781,0 -98.27562532056625,18.95683714972946,0 -98.27545711973208,18.95708374976797,0 -98.27532800057963,18.95723488934948,0 -98.27502654022487,18.95748788947099,0 -98.27484515549396,18.95763861820785,0 -98.27473623032395,18.95776670936791,0 -98.27461408960073,18.95790568911345,0 -98.27456960751259,18.95796217073416,0 -98.27444846039866,18.95811599957641,0 -98.27438392011908,18.95825719911973,0 -98.27431891898053,18.95847110974487,0 -98.27435405959508,18.95859607929516,0 -98.27447410944927,18.95873411006004,0 -98.27466417235728,18.9588723090241,0 -98.27498794970749,18.95905768971812,0 -98.27507309060699,18.95911588039909,0 -98.27536433973144,18.95927121935062,0 -98.275685920239,18.95936694986036,0 -98.27587882481272,18.95940789004939,0 -98.27604440037081,18.95944302988548,0 -98.27633637027213,18.95949348948601,0 -98.27656480014249,18.95950041989004,0 -98.27674882946295,18.95950113903003,0 -98.27688655043417,18.9595440299372,0 -98.27698757008274,18.9596631695373,0 -98.27711965998294,18.95988500016101,0 -98.27721185959447,18.96006945922753,0 -98.27736146090605,18.96055642944239,0 -98.27738064943904,18.96061884977564,0 -98.27743697059391,18.96082402929775,0 -98.27746120047215,18.96111348979487,0 -98.27749814984863,18.96139696937932,0 -98.2775447701213,18.96167350906753,0 -98.27761272003175,18.96214397970914,0 -98.27766865932958,18.96256219948553,0 -98.27766984971362,18.96288750905742,0 -98.27766832032336,18.96326031993589,0 -98.27765862076598,18.96353154938918,0 -98.27765345062687,18.96376404970592,0 -98.27757614076644,18.96407242936736,0 -98.27754242980126,18.96417951920577,0 -98.27753092507793,18.9643462495333,0 -98.27750845047916,18.96455397929999,0 -98.27750197905179,18.96481308891179,0 -98.27751488970476,18.96496608939308,0 -98.27756305869404,18.96508944903375,0 -98.27758677945938,18.96523833908543,0 -98.27755351151345,18.96543833975548,0 -98.27750375017702,18.96570666020493,0 -98.27751897052934,18.96595302975022,0 -98.27752304981037,18.96596965955033,0 -98.27752678942707,18.96598487642333,0 -98.27755620043534,18.96610454986551,0 -98.2775474294988,18.96626614958239,0 -98.27751658049763,18.96649350967333,0 -98.27753450923183,18.96673474943098,0 -98.27756057031119,18.96697345976494,0 -98.27753552067989,18.96719804906988,0 -98.2775157393323,18.96740579920667,0 -98.27744455007162,18.96762359968718,0 -98.27736471012187,18.96781493906096,0 -98.27709541327106,18.96821156989233,0 -98.27686951965288,18.96852545027824,0 -98.27683642962516,18.96868183000591,0 -98.27681111917711,18.96892033983929,0 -98.27677433966832,18.96927316904344,0 -98.27677038029123,18.96957847349563,0 -98.27679277005039,18.96971568961981,0 -98.27679414954061,18.96971871431489,0 -98.27693013991215,18.97001704976958,0 -98.27698999995344,18.97024617979457,0 -98.27699737007352,18.97030700052009,0 -98.27716342008578,18.97080001920985,0 -98.27752785983306,18.97136534964462,0 -98.27796852005005,18.97180099980077,0 -98.27817590969245,18.97200665933404,0 -98.27851725884535,18.97227082007256,0 -98.27883999994,18.97250550902565,0 -98.27936602036372,18.97286691921641,0 -98.28035522033285,18.97346487973138,0 -98.28088862006189,18.97391537006832,0 -98.28145086034741,18.97435030944621,0 -98.28194021979472,18.97480396975913,0 -98.28222382004658,18.9751370793844,0 -98.28242605901832,18.97565385885065,0 -98.28244576347727,18.97566889799873,0 -98.28255838034184,18.97575485009853,0 -98.28264128001081,18.97578661958542,0 -98.28272087990926,18.97575528973874,0 -98.28283989018838,18.97569997967038,0 -98.28292565045585,18.97567237881817,0 -98.28301187946775,18.97567331905282,0 -98.28316778030266,18.97575139980998,0 -98.28325767951671,18.97584705983386,0 -98.28330434973367,18.97604334926665,0 -98.28342991974655,18.97620857875195,0 -98.28356702933441,18.97637411939304,0 -98.28376085015452,18.97648690893362,0 -98.28376470984523,18.97657001953438,0 -98.28376045924499,18.97672599963384,0 -98.28374693260034,18.976973780254,0 -98.28373620052771,18.97732471986716,0 -98.28374327978221,18.97750669032639,0 -98.28381888014299,18.9775896301341,0 -98.28389346014707,18.97779867935609,0 -98.2839842304636,18.97797539930286,0 -98.28415388036728,18.97821051040492,0 -98.28416383011312,18.9782901091988,0 -98.28417207734721,18.97852989749249,0 -98.28407738876815,18.97874173087568,0 -98.28407363003477,18.97875013896449,0 -98.28403924176281,18.97880093936877,0 -98.28406066594988,18.97864501484386,0 -98.28402624495494,18.97846555043215,0 -98.28390163000748,18.97821878736169,0 -98.28379745955444,18.97789319724119,0 -98.28359836538709,18.97743094794962,0 -98.28355403521913,18.97721796971471,0 -98.28354226503951,18.97703142005293,0 -98.28357280392824,18.97694306813816,0 -98.2835684310695,18.97679002158748,0 -98.28356145276263,18.97665848511509,0 -98.28352402953527,18.97659378076215,0 -98.283201212964,18.97626495307072,0 -98.28315882343632,18.97618588385819,0 -98.28306637307929,18.97605879807447,0 -98.28301111144638,18.97605141135823,0 -98.28297047863946,18.97614928811804,0 -98.28293209424533,18.97630934191445,0 -98.2829438116259,18.97650784754902,0 -98.28290019558304,18.97671570294218,0 -98.28288731206355,18.97678977663508,0 -98.28286196347717,18.97683989067164,0 -98.28279642263205,18.97688506750105,0 -98.28275606668591,18.97691838660664,0 -98.28263569367995,18.97685575203514,0 -98.28241256629116,18.97731158426668,0 -98.28232641659342,18.9774738440317,0 -98.28218530158554,18.97755937681459,0 -98.28204431958987,18.97761382493498,0 -98.2818777538063,18.97777338145778,0 -98.28177156907373,18.97791882554677,0 -98.28160062142047,18.9779277273722,0 -98.28140393499467,18.97807760167802,0 -98.28114988364851,18.97812443751964,0 -98.28100873674276,18.9782171420224,0 -98.28090295107971,18.97826933466511,0 -98.28076697360918,18.97832858366808,0 -98.28055795359764,18.97845639555745,0 -98.28042691609133,18.97857436876152,0 -98.28043200141938,18.97875284765433,0 -98.28043785644618,18.9788987461242,0 -98.28044991630134,18.97894556832241,0 -98.2805831683209,18.97926798900957,0 -98.28077175123869,18.97951870876755,0 -98.28098012308338,18.97981170501717,0 -98.28114718866443,18.97999229759593,0 -98.28124550235636,18.98054847061755,0 -98.28156300928778,18.98063613132373,0 -98.28156290694513,18.98066066766754,0 -98.28156061966163,18.98069696008339,0 -98.2815593875992,18.98071733947749,0 -98.28155244575318,18.98075092618727,0 -98.28154700264673,18.98077460767982,0 -98.28154159548302,18.98079766032657,0 -98.28153565068973,18.98082225352686,0 -98.28152537698834,18.9808554820879,0 -98.28151691665599,18.98087787401974,0 -98.28150733714394,18.98089985403322,0 -98.28149666146339,18.98092137251317,0 -98.28147864724028,18.98095267594574,0 -98.2814684478504,18.98096812602486,0 -98.2814653709207,18.98097278628606,0 -98.28165641724189,18.98105313031295,0 -98.28146534320204,18.98097282594191,0 -98.28145169174502,18.98099823058952,0 -98.28143957895067,18.9810179351568,0 -98.28132389793724,18.98106900059975,0 -98.28070318620696,18.98134300207072,0 -98.28031989608827,18.98161564160102,0 -98.28001131461181,18.98199583892835,0 -98.27989727883191,18.98229336159437,0 -98.27987702626731,18.98263296347693,0 -98.279932071952,18.98294306277367,0 -98.28005625569922,18.98319979641626,0 -98.2802868790221,18.98346886286306,0 -98.28055067197211,18.98369195769831,0 -98.2806139605523,18.98391523924721,0 -98.28061851786229,18.98393131865766,0 -98.28055909528568,18.98416407776594,0 -98.28044310153732,18.98433649291447,0 -98.27984015541827,18.98500066149906,0 -98.27964264851137,18.98527737644882,0 -98.27918121294755,18.98559192063552,0 -98.27917800045174,18.985592726891,0 -98.27847572585362,18.98576903651175,0 -98.27754594633579,18.98614149041128,0 -98.27700243765689,18.98662173060521,0 -98.27669927952151,18.98716831460059,0 -98.276647873985,18.98755261364303,0 -98.2766457309928,18.98756863080489,0 -98.27655792049163,18.98756316810664,0 -98.276508250939,18.98755708448292,0 -98.276464859329,18.98755002587895,0 -98.27644374184024,18.98754742920587,0 -98.27639016078462,18.98754297953658,0 -98.27632668315783,18.98754459212499,0 -98.27626389361699,18.98755361240281,0 -98.27620274652801,18.98756990493046,0 -98.27617160607429,18.98758129374968,0 -98.27612705919972,18.98760085572853,0 -98.27607266473392,18.98763184639205,0 -98.27602259331609,18.98766884917608,0 -98.27597784314774,18.98771103928398,0 -98.27595250884538,18.98773652790504,0 -98.27594989474444,18.98773888269544,0 -98.27594526917431,18.98774263489066,0 -98.27590909766242,18.98776651859518,0 -98.27586911652929,18.98778406411265,0 -98.27582653932022,18.9877947384795,0 -98.27579842627689,18.98779781046346,0 -98.27578006810727,18.98779925777848,0 -98.27570151053648,18.98781002901547,0 -98.27562444149174,18.98782807279579,0 -98.27554960270166,18.98785321670366,0 -98.27547771530539,18.98788521685068,0 -98.27542371441784,18.98791499607477,0 -98.27541674519675,18.98791918913088,0 -98.27535399950503,18.98796173157336,0 -98.2752960178896,18.9880100059153,0 -98.2752433762215,18.98806353183349,0 -98.27521255610768,18.98810052843017,0 -98.27517718830492,18.98815005345182,0 -98.27515216388589,18.98819104274042,0 -98.27511833688362,18.98825836064911,0 -98.27509160925376,18.9883285087658,0 -98.27507396451784,18.98839294303248,0 -98.27503803838536,18.98843382182817,0 -98.27498257867988,18.98844589780288,0 -98.2749248447727,18.9884658533566,0 -98.27487026838951,18.9884926677858,0 -98.27481974347549,18.98852590087263,0 -98.27477410078308,18.98856500732192,0 -98.27473409073762,18.98860934482698,0 -98.27470036818686,18.98865818575798,0 -98.27469836231384,18.98866157675965,0 -98.274673488554,18.988710727991,0 -98.27465389257526,18.98876610930738,0 -98.27464190244856,18.98882341912657,0 -98.27463771415511,18.98888171655018,0 -98.27464139739203,18.98894004572455,0 -98.27465289077108,18.98899744757034,0 -98.27466185267426,18.98902649004386,0 -98.27467485353858,18.98906396823088,0 -98.27468541754484,18.98909357637927,0 -98.27471133305401,18.98914895981297,0 -98.27474407657903,18.98920096842529,0 -98.27478317071633,18.98924884212774,0 -98.2748280465803,18.98929188554031,0 -98.27482832959214,18.98929212522915,0 -98.27490308876824,18.98935467032862,0 -98.27491409071128,18.98936629992268,0 -98.27493992190749,18.98939641791419,0 -98.27497680139764,18.98944896955362,0 -98.27500688725476,18.98950530010767,0 -98.27502975918401,18.98956462170361,0 -98.27504509399044,18.98962609985534,0 -98.2750526788012,18.98968887158926,0 -98.27505353105686,18.98971891703138,0 -98.2750536660967,18.98973380983328,0 -98.27505356657375,18.98974121988332,0 -98.27505717765294,18.98979716025503,0 -98.27506843361508,18.98985217263451,0 -98.27508714188426,18.9899053173094,0 -98.27511298245261,18.98995568479362,0 -98.27514551255504,18.9900024130164,0 -98.27518417610628,18.99004470181882,0 -98.27520635813336,18.99006458450018,0 -98.27539445898397,18.9902184568475,0 -98.27545648554268,18.99014953586653,0 -98.2755331834345,18.99021315740486,0 -98.27555746582362,18.99023175957341,0 -98.27558610519418,18.99026326120971,0 -98.27558834548738,18.99026607419718,0 -98.27559456739803,18.99027588123419,0 -98.27561325733821,18.99031442270243,0 -98.27561932567099,18.99033272222492,0 -98.27562204110332,18.99035022058759,0 -98.27562188413638,18.9903865130555,0 -98.27562027908809,18.99039760887805,0 -98.27561963772858,18.99040202642426,0 -98.27561565986892,18.99045083209974,0 -98.27561549949024,18.99046089611478,0 -98.27561701521442,18.99048494982866,0 -98.27472108809101,18.99011525247502,0 -98.27428946633975,18.99031809141532,0 -98.27399825063847,18.99045494704566,0 -98.27365910105802,18.99066012991251,0 -98.27332284342911,18.99086356124559,0 -98.27296820940616,18.99149341293304,0 -98.27325130656519,18.99258982788519,0 -98.27333407101477,18.99291036592439,0 -98.2733917402213,18.9935227078438,0 -98.27232573904462,18.99366704055561,0 -98.27222474062017,18.99368071507092,0 -98.27111773150953,18.9939154656799,0 -98.27048033150109,18.99409020337033,0 -98.26987955476595,18.99425489850206,0 -98.2698521187245,18.99426911587575,0 -98.26948065857721,18.99446161420296,0 -98.26927909482495,18.99458251026455,0 -98.26920902821327,18.99450070259021,0 -98.26904494710693,18.9944297575794,0 -98.26891051533866,18.99447656921052,0 -98.26882828335579,18.99456370814512,0 -98.26868438178221,18.99445559069211,0 -98.26879232907594,18.99435431547238,0 -98.26869241099632,18.99416137240345,0 -98.2684828028425,18.99398725016877,0 -98.26834960038407,18.9938140786731,0 -98.26814790731278,18.99349265631609,0 -98.26799781746486,18.99322898527038,0 -98.2678134810162,18.99289118820576,0 -98.26766375172407,18.99254530686168,0 -98.26762380057139,18.99229661023559,0 -98.26750229993191,18.99191574848117,0 -98.26734398299462,18.99155750086095,0 -98.26733367693626,18.99153955664731,0 -98.2673185445486,18.99151320779405,0 -98.26720675078519,18.99131854418205,0 -98.26717738435772,18.99111700974942,0 -98.26712187596743,18.99096469813656,0 -98.26695848355234,18.9907790750138,0 -98.2667620099152,18.99073526745195,0 -98.26652679025983,18.99068282119712,0 -98.26634082088574,18.99071907930861,0 -98.26618900730125,18.99085001615497,0 -98.26609739970392,18.99104696096632,0 -98.26600822545038,18.99117852377734,0 -98.26604667154794,18.9912211759492,0 -98.26604666176972,18.9912234071719,0 -98.2660082156717,18.99118075500002,0 -98.26586659586827,18.99147793429458,0 -98.26567078035521,18.99188883733836,0 -98.26563196995545,18.99213831347237,0 -98.26550724406044,18.99227165440238,0 -98.26530806789926,18.99239682747375,0 -98.2651092515397,18.99252177491768,0 -98.26475606699434,18.9926220096658,0 -98.26466058496358,18.99262130225095,0 -98.26447839881826,18.99267704387591,0 -98.26430989458689,18.99270988727752,0 -98.2640875795628,18.99278205386786,0 -98.26385001125259,18.99300260383188,0 -98.26380581100166,18.99298871058755,0 -98.26392518510792,18.99269377344643,0 -98.26390055455208,18.99261498672734,0 -98.26381777389699,18.9925547152565,0 -98.26373440794019,18.9925381267679,0 -98.26364656936316,18.99258072972354,0 -98.26349746270269,18.99252712474798,0 -98.2630121441327,18.99251106046539,0 -98.26282369795523,18.99248738459949,0 -98.26242835469394,18.99252132970457,0 -98.26222077104509,18.99250293504934,0 -98.26213617254125,18.99248195161357,0 -98.26205547460413,18.99252806517064,0 -98.26194268881237,18.99266322609588,0 -98.26140689635183,18.99275796980016,0 -98.26141454718032,18.9928087246569,0 -98.26144908811389,18.9930378634482,0 -98.26148245136227,18.99325918947894,0 -98.26151036244502,18.99344434264631,0 -98.26151192048575,18.99345468097635,0 -98.26132553366962,18.99347913070231,0 -98.26116689300387,18.9934999406221,0 -98.26099129127283,18.99352297538368,0 -98.26086855644142,18.99353907550914,0 -98.26067750880816,18.99356413674981,0 -98.26023501598613,18.99362217950581,0 -98.26023425647786,18.99362227949252,0 -98.26023192567892,18.99362258466592,0 -98.26023253490425,18.9936259660709,0 -98.26023250424461,18.99362602468945,0 -98.26025298588392,18.99373932418602,0 -98.26024081374956,18.99376179325564,0 -98.26018475089566,18.99386526436621,0 -98.26013879500967,18.99395008625194,0 -98.26012305971709,18.99397912820407,0 -98.26006369503068,18.99408869875984,0 -98.2598804897804,18.99442892117924,0 -98.25981926728214,18.9945426168738,0 -98.25975957637264,18.9946534665646,0 -98.25970700154919,18.99475110355345,0 -98.25970417673169,18.99475634822542,0 -98.25970352445552,18.99475690410823,0 -98.25970172837327,18.99475594983549,0 -98.25970172879796,18.99475843232647,0 -98.2597017287472,18.99476102235695,0 -98.25957834757283,18.99477116717879,0 -98.25922966016357,18.99533419312971,0 -98.25885415041753,18.99515666231719,0 -98.25849473487986,18.99473566103467,0 -98.25829241397312,18.99500490284418,0 -98.25820505591274,18.99512115642804,0 -98.25827776216185,18.99519588186637,0 -98.25845181899068,18.99537477100434,0 -98.25878441301599,18.99571968741447,0 -98.25894329132996,18.99608273367819,0 -98.25894330919628,18.99608277532035,0 -98.25897753199389,18.9961609756645,0 -98.25895607437134,18.99628271060389,0 -98.258789777826,18.99733773917967,0 -98.25882732865242,18.99735802785304,0 -98.25869415114072,18.99763002307618,0 -98.25869321830986,18.99763192887541,0 -98.25866508967995,18.99763058532201,0 -98.25886957141688,18.99793765335735,0 -98.26038180572492,18.9993921360271,0 -98.26064455366716,18.9997334561567,0 -98.26107209211337,19.00057319979449,0 -98.26104989523829,19.00148429094922,0 -98.26067833722318,19.00266676417144,0 -98.26034755740119,19.00598101881148,0 -98.26049700191993,19.00668531142685,0 -98.26061763818291,19.00703989916224,0 -98.26064780322825,19.00704001975555,0 -98.26071474421298,19.00723677882318,0 -98.2609718364273,19.00754493700326,0 -98.26136656366781,19.00801806437809,0 -98.26197870911706,19.00846522493522,0 -98.26295898529641,19.0089491499572,0 -98.26374071632495,19.00904155394454,0 -98.26418862746731,19.00905659408997,0 -98.26711168398454,19.00714462501835,0 -98.26873523950417,19.00599583612183,0 -98.27051349463667,19.00486225625986,0 -98.27049902847818,19.00485204602334,0 -98.27043414059516,19.00480624581858,0 -98.27042933654155,19.00480285512749,0 -98.27033670385156,19.00474778725357,0 -98.27006388827523,19.00458560554416,0 -98.2698596490948,19.00446354415164,0 -98.26983538830846,19.00444904505326,0 -98.26983457430998,19.00444855835513,0 -98.26975535010868,19.00440121110852,0 -98.26968047549256,19.00435646290219,0 -98.2696754218792,19.00435344263159,0 -98.26966740508561,19.00434865113767,0 -98.26959559509297,19.00430573416665,0 -98.26952528614952,19.00426371505825,0 -98.26951405790922,19.00425700495103,0 -98.26935454386683,19.00416167154539,0 -98.26933316485008,19.00414889448932,0 -98.26927392979837,19.0041134935219,0 -98.26921501694588,19.00407828810666,0 -98.26919326364191,19.00406528814726,0 -98.26916583795652,19.00404889855029,0 -98.26911281453715,19.00401721192303,0 -98.2690600924733,19.0039857063102,0 -98.26903236547544,19.00396913656882,0 -98.26899841649279,19.00394884877208,0 -98.26895191646469,19.00392106027721,0 -98.26890516722499,19.00389312438504,0 -98.26887146749698,19.00387298485562,0 -98.26883098007113,19.00384878975092,0 -98.26879101857631,19.00382490940031,0 -98.26871056970658,19.00377683300763,0 -98.26863011992987,19.0037287574812,0 -98.26855001039586,19.00368088388991,0 -98.26846956166698,19.00363280739631,0 -98.26844034894563,19.00361534967251,0 -98.26843255395788,19.00361069184935,0 -98.26851378200261,19.00344263929821,0 -98.2685630028009,19.00336370148898,0 -98.26857101968957,19.00335084447986,0 -98.26864592966218,19.00323383642351,0 -98.2686649173725,19.00320416950033,0 -98.26867069719198,19.00319513988998,0 -98.26870974397568,19.00313413479292,0 -98.26874014205531,19.00308664210746,0 -98.26876259349604,19.00303897521628,0 -98.26881051316575,19.00293986680427,0 -98.26886021177629,19.00283608599839,0 -98.26889101199464,19.00278263942471,0 -98.2689025526204,19.00276261273556,0 -98.2689693417075,19.00264671562312,0 -98.26908108529928,19.00245946024028,0 -98.26908751792317,19.002448872487,0 -98.26912093751795,19.00239386285919,0 -98.26918825607837,19.0022830529227,0 -98.26918875324849,19.00227276162948,0 -98.26918929430222,19.00226155866618,0 -98.26922815079499,19.00219116494977,0 -98.26913867267889,19.00220127460432,0 -98.26905195027113,19.00221148457148,0 -98.26896430552364,19.00222904705217,0 -98.26888054615272,19.00224583048602,0 -98.26878194822724,19.00227269214189,0 -98.26866385456248,19.00231156830764,0 -98.26862711000958,19.00232756329332,0 -98.26860477980314,19.00233728387228,0 -98.26846250951081,19.00239921645857,0 -98.26831640362903,19.00247593743217,0 -98.26815848160133,19.00256655487723,0 -98.26799231964233,19.00266190031783,0 -98.26795134430388,19.00270569189894,0 -98.26788406765253,19.00277759229212,0 -98.26788398521757,19.002776672893,0 -98.26774647371964,19.0012365034509,0 -98.26763391275523,19.00031693515767,0 -98.26782891147703,19.00036105887635,0 -98.26784957542573,19.00036689186723,0 -98.26806176791757,19.00042678444685,0 -98.26807963363491,19.00043616695895,0 -98.26809872937247,19.00044301310298,0 -98.2681186605196,19.00044718214611,0 -98.26813901417756,19.00044858750583,0 -98.26824150852283,19.0004775176525,0 -98.26825848436638,19.00048030767776,0 -98.2682749998001,19.00048496927139,0 -98.26829082804028,19.00049143827685,0 -98.26845699965386,19.00053834100347,0 -98.26860980717728,19.00058147198164,0 -98.26867924327988,19.00060106599973,0 -98.26870002800452,19.00061297501777,0 -98.26872262363263,19.00062138570033,0 -98.26874638612449,19.00062605692148,0 -98.26877063581455,19.00062685585998,0 -98.26899972219739,19.00069150170098,0 -98.26908648077374,19.00071677786388,0 -98.26915562008098,19.00073691998933,0 -98.26933503369897,19.00078785057841,0 -98.26939559832164,19.00080504337959,0 -98.26945722872843,19.0008222819407,0 -98.26958558330632,19.00085818347974,0 -98.2697059766232,19.000891858391,0 -98.26980795741865,19.00092038350591,0 -98.26982492196123,19.00092512807007,0 -98.26987729682568,19.00093977878759,0 -98.26992036578513,19.0009518244205,0 -98.26997124140095,19.0009660543921,0 -98.27011668792022,19.00100673676928,0 -98.27016654349903,19.00102068070593,0 -98.2701739397171,19.00102243145325,0 -98.27017502302229,19.00102150671284,0 -98.27017555895095,19.00102104974228,0 -98.27020391026416,19.00098085430149,0 -98.27022905523449,19.00094520361862,0 -98.27024545495105,19.00092195258505,0 -98.27024868135625,19.0009173789823,0 -98.27025305015579,19.000911184111,0 -98.27025674498748,19.00090594632138,0 -98.27027716209393,19.00085380776371,0 -98.27028638250161,19.00083026181207,0 -98.27028997189208,19.00082109698426,0 -98.27029768102277,19.00080141023988,0 -98.27031803660243,19.00074943139042,0 -98.27031811375674,19.00074655247351,0 -98.2703197136357,19.00068749679259,0 -98.27032010411369,19.00067311216728,0 -98.27032032839085,19.00066481608691,0 -98.27032057743357,19.00065563356436,0 -98.27032105865239,19.00063786851637,0 -98.27048224668846,19.00042674407905,0 -98.27050752580331,19.00039363330729,0 -98.27055025356283,19.00033766781301,0 -98.2705638534018,19.00031985417706,0 -98.27059828439819,19.00027475560857,0 -98.27061075002746,19.00025842861916,0 -98.27061773920985,19.00026375553297,0 -98.27062708904357,19.00027088381137,0 -98.2706271127159,19.00027090197891,0 -98.27074073496891,19.00035752141024,0 -98.27077436752219,19.0003831621169,0 -98.27093256633765,19.00050478975692,0 -98.27100487563627,19.00056039173251,0 -98.27108726465025,19.00062374295075,0 -98.27116846821178,19.00068618394548,0 -98.27119323418242,19.00070522780506,0 -98.27124178516186,19.00074256066691,0 -98.27131234576099,19.00079681633923,0 -98.27138430423294,19.00085231647842,0 -98.27146777034896,19.00091754245674,0 -98.27154820000283,19.00098039504654,0 -98.27163682045433,19.00104974499722,0 -98.2717547526907,19.00087358176439,0 -98.27178948089771,19.00082170540751,0 -98.27250570352068,18.99976715734201,0 -98.27260881747006,18.99961533269854,0 -98.27260963213128,18.99961413306242,0 -98.27268371094324,18.99965916973971,0 -98.2727231955277,18.99968317479526,0 -98.27304110714545,18.99921158283022,0 -98.273235029015,18.9989239154036,0 -98.27363898004268,18.9983353784201,0 -98.27365012871509,18.99832315340631,0 -98.273653886939,18.99831903277841,0 -98.27572515945143,18.9960477336366,0 -98.27572520908707,18.9960476796082,0 -98.27573807959016,18.99603354261643,0 -98.27644630911429,18.99525558861301,0 -98.27681432121892,18.99485134011605,0 -98.27823516018439,18.99573801770645,0 -98.27850611956541,18.99591137979136,0 -98.27934420923027,18.99659110057989,0 -98.27957054938091,18.99677466922077,0 -98.2797248596372,18.9969388138764,0 -98.28006115846603,18.99729654230674,0 -98.28087994271206,18.99848327595242,0 -98.28130131699744,18.99824500476122,0 -98.28165756179902,18.99751066781977,0 -98.28196350081437,18.99674414702047,0 -98.28221837841338,18.99612137267033,0 -98.28227202481042,18.99593862232014,0 -98.28227779437236,18.99605143346841,0 -98.28178997840658,18.99718775762431,0 -98.28233080335671,18.99764792003145,0 -98.28191779771637,18.99790954283452,0 -98.28194530317248,18.99794683735239,0 -98.28189644666458,18.99797900967924,0 -98.28190378493784,18.99799139100631,0 -98.28178027806473,18.99806679724878,0 -98.28169591130279,18.9981979869969,0 -98.27554519879793,19.0020363047981,0 -98.26762296142954,19.00697946144701,0 -98.26772230579752,19.00742401801826,0 -98.26963171677525,19.00860725035661,0 -98.27011509687327,19.00786900163033,0 -98.27146493521504,19.00867811248637,0 -98.27097087459434,19.00941393598233,0 -98.2712411758644,19.00958427525155,0 -98.27120526671197,19.00963762521338,0 -98.27108078579033,19.00956280536963,0 -98.27103249991974,19.00962826230871,0 -98.27102864714549,19.0096258784981,0 -98.27108081912762,19.00955515379149,0 -98.26730056413381,19.00728292970819,0 -98.26437750718881,19.0091949017285,0 -98.26392959564258,19.00917986202776,0 -98.26270051622257,19.00996388416501,0 -98.26237135937166,19.01017384942398,0 -98.25981876903927,19.01180207264534,0 -98.2602696489604,19.0112121607962,0 -98.26045736548866,19.01081836910008,0 -98.26061782699583,19.01031365643653,0 -98.26054144281994,19.00977983890616,0 -98.26032849342987,19.00913421694498,0 -98.2600972136875,19.00849388310515,0 -98.25997791704032,19.00799284010533,0 -98.2603381538345,19.00168872293396,0 -98.26036440721806,19.00143197220457,0 -98.26037807639227,19.00118114466409,0 -98.26034839305227,19.00079275565507,0 -98.26029301186361,19.00053567940425,0 -98.26020005683219,19.00025455791991,0 -98.26005828295362,18.9999819266842,0 -98.25986322893583,18.99973950013306,0 -98.259563048223,18.99945754919829,0 -98.25859589906278,18.99865190381249,0 -98.25773388078694,18.99788801823754,0 -98.2575469905419,18.99796264489859,0 -98.25738279717451,18.99801639371665,0 -98.25725241880201,18.99800865696404,0 -98.2570889938081,18.99800804601653,0 -98.25690704485083,18.99797147516771,0 -98.25681934330619,18.99792333571075,0 -98.25673180093136,18.99783935667906,0 -98.25600930152102,18.99749121182831,0 -98.25592600709588,18.99747164686635,0 -98.25581210502791,18.99747840849792,0 -98.25570574108744,18.9974972377779,0 -98.25561452832048,18.99752334858235,0 -98.2555334137881,18.99755431402707,0 -98.25532527543378,18.99769790076003,0 -98.25521070927208,18.99785389952585,0 -98.2551339075311,18.99805337673271,0 -98.2548654024198,18.99868294916857,0 -98.25479324278709,18.99897632117634,0 -98.25480216529854,18.99924594948622,0 -98.25481294270787,18.99966723107435,0 -98.25484993520801,18.9998840160448,0 -98.25499949867333,19.00040186739022,0 -98.25505084898722,19.00062438361377,0 -98.25509411824082,19.00073951039755,0 -98.255082507494,19.00107404613216,0 -98.25506680967005,19.00118952287626,0 -98.25491903561769,19.00141519270158,0 -98.25470534862454,19.00166707367887,0 -98.25452515061697,19.00204293615827,0 -98.25440647982579,19.00229411607285,0 -98.25428400759048,19.00251988638515,0 -98.25418389044529,19.00283962297438,0 -98.25433267681873,19.00295576272515,0 -98.25426584552402,19.00318036014914,0 -98.25414289809665,19.00352065977589,0 -98.25423093178811,19.0037365001669,0 -98.25421881629006,19.00375635366913,0 -98.25404022854093,19.00384520088836,0 -98.25385603939776,19.00434734765622,0 -98.25379976929189,19.00442973758372,0 -98.25378038634791,19.00444238539367,0 -98.25364365370888,19.00453160619087,0 -98.25331905369725,19.00469022517721,0 -98.25310518693989,19.00471223452229,0 -98.2529268802983,19.00466433186936,0 -98.25277524763735,19.00480253781527,0 -98.25276366518635,19.00497722279877,0 -98.25284707803218,19.00543191207669,0 -98.25294784529763,19.00601648892665,0 -98.25299746731049,19.00615189838702,0 -98.25305167405769,19.00633934915078,0 -98.25313962648153,19.00667853302925,0 -98.25324191557691,19.00692567164464,0 -98.25327456542348,19.00701789392981,0 -98.25332097593876,19.00708490502182,0 -98.25333289072826,19.00713800163112,0 -98.25335994265875,19.00719531278841,0 -98.25336495503959,19.0072967361804,0 -98.25338404900086,19.00734275953592,0 -98.25337749189902,19.0074371912313,0 -98.25335582717844,19.00754420569746,0 -98.2532740897681,19.00767416492722,0 -98.25320545209932,19.00774369371579,0 -98.25305054826228,19.00786342111249,0 -98.25293880466629,19.0079520309704,0 -98.25269685826555,19.00811633691683,0 -98.25250600209692,19.00822473788716,0 -98.25241829106621,19.00833987345215,0 -98.2523295149536,19.00838524844566,0 -98.25214999291775,19.00835082334103,0 -98.25180272513103,19.00842825355117,0 -98.25158271766514,19.00844240461051,0 -98.2513784930518,19.00837230889664,0 -98.25119327495571,19.00838065122013,0 -98.25110388511852,19.00840492790765,0 -98.25079174788065,19.00889205099568,0 -98.2507881701878,19.00899040675334,0 -98.25059446454645,19.00929772610835,0 -98.25044893561888,19.00958357686292,0 -98.25044364800715,19.00963410424281,0 -98.25045825988619,19.00976173788051,0 -98.25040721701734,19.0098578136564,0 -98.2503263661399,19.00982860164285,0 -98.25025706836416,19.01004495625282,0 -98.25018035174138,19.01022276840034,0 -98.24999676488515,19.01053012804256,0 -98.2498410800122,19.01082315854059,0 -98.24971329445499,19.01110186086476,0 -98.24964453513317,19.01119786540789,0 -98.24964375683129,19.01119917081591,0 -98.24910050798614,19.01137156875047,0 -98.24876638794454,19.01145832383563,0 -98.24815920001835,19.01165692960932,0 -98.24793256533485,19.01213949139799,0 -98.24762828616272,19.01245680974662,0 -98.2475054898003,19.01282456913834,0 -98.24670591988969,19.01326689878949,0 -98.24669696759759,19.01324837069689,0 -98.24668604905632,19.01325441085955,0 -98.24661841535779,19.01310097440079,0 -98.24647674899283,19.01320141960929,0 -98.2463318902754,19.01330412812373,0 -98.24601822855428,19.01344388243277,0 -98.24583945442288,19.01350844691248,0 -98.2457838548163,19.01365970007862,0 -98.24563740607434,19.01386281672647,0 -98.24562850893959,19.01400903696235,0 -98.24560010819881,19.01421785859807,0 -98.24562117967791,19.01441643526055,0 -98.24560111061928,19.01460439722056,0 -98.24562232348762,19.01477163396313,0 -98.24562716729851,19.01491529854335,0 -98.24561815226373,19.01508763535359,0 -98.24555966464676,19.01527021801224,0 -98.24547378804166,19.0154370177174,0 -98.24533581057864,19.01558793446005,0 -98.24520357307389,19.01568402777312,0 -98.24493389875487,19.01581090109479,0 -98.2448347871978,19.01586795381995,0 -98.24472735635652,19.01594325535309,0 -98.24455957434205,19.01600525077789,0 -98.24437547039101,19.01603322714826,0 -98.24422441123761,19.01604044477665,0 -98.24407893825153,19.01602679147137,0 -98.24392539298681,19.01597654114967,0 -98.24371153323335,19.01590514941785,0 -98.243511261232,19.015865154423,0 -98.24338525765845,19.0157967344161,0 -98.24327860522436,19.01569966386413,0 -98.24319633570229,19.01567582174465,0 -98.24307567046719,19.01564137556553,0 -98.24297404993814,19.01564618288515,0 -98.24290523692444,19.0156824649772,0 -98.24277890265748,19.0156871709786,0 -98.24266098432257,19.01565273578218,0 -98.24260902489223,19.01560551221592,0 -98.24249089372826,19.01561808674578,0 -98.24238942605876,19.01558894219564,0 -98.24231286143134,19.01551811146009,0 -98.24222810567306,19.01543680120115,0 -98.24212950332216,19.01538155029658,0 -98.24202255598874,19.0153497713818,0 -98.24188822117094,19.01530220986806,0 -98.24170708849255,19.01528057337233,0 -98.24153141204503,19.01526679420145,0 -98.24139416574771,19.01525578426503,0 -98.24100385229765,19.01515792692802,0 -98.24082824312251,19.01509818497514,0 -98.24061692235075,19.01506539465059,0 -98.2403672468952,19.01502665194686,0 -98.24028385756267,19.01509471969625,0 -98.24010583208373,19.01535042763497,0 -98.23993045270744,19.01553389512242,0 -98.23981944827476,19.01578669271991,0 -98.23980606248502,19.01586156377309,0 -98.23973206708695,19.0159698575896,0 -98.23948162742614,19.01622971867724,0 -98.23921958076856,19.01649776256255,0 -98.23893412951641,19.0166436021457,0 -98.2385536940272,19.0170476267817,0 -98.23812787356825,19.01726896962566,0 -98.23804729630578,19.01766531727147,0 -98.23795714704008,19.0180103122091,0 -98.23784704092608,19.01856133513703,0 -98.23768434287129,19.01881821969154,0 -98.23766823712917,19.01883396717436,0 -98.23764318259151,19.01885871658907,0 -98.2376258901138,19.01887445917344,0 -98.23760800188943,19.01889020020263,0 -98.23758892693364,19.01890593633522,0 -98.23755079761446,19.01893289016256,0 -98.23752042940131,19.01895083896319,0 -98.23749958416504,19.01896430852545,0 -98.23746744377546,19.01897999074844,0 -98.23744602434785,19.01898893941937,0 -98.23741270751938,19.01900235842481,0 -98.23737879685045,19.01901577407033,0 -98.23733241649725,19.01902913826011,0 -98.23731916647516,19.0190316437815,0 -98.2370787745885,19.01914309863833,0 -98.23704238337554,19.01914726813556,0 -98.23669857500545,19.01896867591342,0 -98.23663140530624,19.01893995357053,0 -98.2365305676191,19.01890894946779,0 -98.23642972996716,19.01887794621492,0 -98.23638605827249,19.01886451842511,0 -98.236335460655,19.01882742023531,0 -98.2362932528506,19.01877994603586,0 -98.23618726009812,19.01858454137928,0 -98.23608531349161,19.01839659447794,0 -98.23605203646228,19.01824116461392,0 -98.23602368683116,19.0178557536259,0 -98.23588076579234,19.01737932705135,0 -98.2357245445575,19.01713342524327,0 -98.23554499720169,19.01703726987034,0 -98.23531577295867,19.01703326730264,0 -98.2349307547439,19.01708905940415,0 -98.23412185668603,19.01739582187685,0 -98.23406430963668,19.01741764554483,0 -98.23370678493778,19.01762538007149,0 -98.23340907598339,19.01781348951722,0 -98.23339019059388,19.01783258776995,0 -98.23324495508116,19.01797946064514,0 -98.23312483585401,19.01823030917378,0 -98.23291429788856,19.01845453888753,0 -98.23266691647481,19.01888489452802,0 -98.23256141581295,19.01921089193889,0 -98.23220803880314,19.01951148694908,0 -98.23204900044655,19.01962942815718,0 -98.23191311378038,19.01973760151673,0 -98.23174209066838,19.01989274505525,0 -98.23169264661023,19.01993851358227,0 -98.23162129362261,19.02007277190804,0 -98.23154868420021,19.02036977450516,0 -98.2314626804944,19.02058645815661,0 -98.23143165808942,19.02072502213004,0 -98.23141703417716,19.02082689078159,0 -98.23140905201454,19.02101927383331,0 -98.23135493029324,19.02121147404081,0 -98.23121185614643,19.02145055882148,0 -98.23110122334833,19.02154937388069,0 -98.23107392578919,19.02156590198764,0 -98.23105361130735,19.02161708267566,0 -98.23101159759615,19.02159762920201,0 -98.23096895839868,19.02161479925196,0 -98.23092707311349,19.02163166878508,0 -98.23081339823011,19.02165144769409,0 -98.23059541322111,19.02165716540574,0 -98.23046087462694,19.02165211207699,0 -98.23029384997793,19.02162942769632,0 -98.23012510910176,19.02158781702022,0 -98.23007553426604,19.02156397871008,0 -98.2300328455074,19.0215840528324,0 -98.22996091568947,19.02164216844357,0 -98.22965539216636,19.02142247056651,0 -98.22930502865034,19.02131455387312,0 -98.22913350087732,19.02132336356464,0 -98.22884901752559,19.02142466562751,0 -98.22887199828261,19.02161174730802,0 -98.22887244886584,19.02161541189044,0 -98.22868605622074,19.02152887013325,0 -98.22868650183359,19.02152763844028,0 -98.22876215115605,19.02131830259111,0 -98.22888596314782,19.02099800511468,0 -98.22934521358837,19.02082595798021,0 -98.22944586827222,19.02078300175965,0 -98.22963516141944,19.02085077139145,0 -98.22982178239344,19.02091080124091,0 -98.23000022939492,19.02098110176487,0 -98.23011109248021,19.02102278323805,0 -98.2306353758056,19.02128258466477,0 -98.23097980722859,19.02118869921948,0 -98.23106854466018,19.02074081233644,0 -98.23114590209607,19.02041138229876,0 -98.23120071358102,19.02027249619873,0 -98.23127179999487,19.02012852485596,0 -98.23143865822269,19.01977370502012,0 -98.23182288823052,19.01927036945479,0 -98.2319349458613,19.01905185990796,0 -98.23204363178318,19.01897760150966,0 -98.23203845165658,19.01892605630178,0 -98.23224875024593,19.01854823068168,0 -98.23232385410654,19.01827056734049,0 -98.23234798495254,19.0181725191373,0 -98.23083687496276,19.01751961515796,0 -98.23077813541491,19.01749467436585,0 -98.23080745052739,19.01743412900585,0 -98.2309399290446,19.01726059640592,0 -98.23245330788134,19.01794706791453,0 -98.2324570509866,19.01793827597173,0 -98.23254456242795,19.01786325335003,0 -98.23274482958666,19.01783768753361,0 -98.23292262283064,19.01779159010282,0 -98.23302894980229,19.01776402192895,0 -98.23328491561915,19.01746472009741,0 -98.23378332038506,19.01725279882038,0 -98.23413849872368,19.0170984903413,0 -98.23444580928515,19.01696484943323,0 -98.2346558073024,19.0168996763482,0 -98.23498033044261,19.01679895990947,0 -98.23507614921395,19.01676922243255,0 -98.23561443262297,19.01668275951706,0 -98.23607698831698,19.01706024156554,0 -98.23632643724706,19.01774133601475,0 -98.23633939864534,19.01797948643142,0 -98.2363604228607,19.01836582685973,0 -98.23664518191624,19.01864123174417,0 -98.23716600644478,19.01853110844428,0 -98.23727784157275,19.0185066141652,0 -98.23742276041141,19.01846478500775,0 -98.23749287439713,19.01840812285895,0 -98.23759653629379,19.01829148470397,0 -98.23764388148315,19.01812083484732,0 -98.23767881894786,19.0177539578682,0 -98.2376916987777,19.01770716118971,0 -98.2378766966518,19.01703498299571,0 -98.23808256190321,19.01681140314212,0 -98.2383581936336,19.01649277517457,0 -98.23849501790745,19.016372314839,0 -98.23874660823442,19.01615081036028,0 -98.23914412587821,19.01580083013179,0 -98.2392148756534,19.01573853799549,0 -98.23950968569582,19.01528098565774,0 -98.23960463971561,19.01508373707055,0 -98.23965409306162,19.01498100767377,0 -98.23972778911934,19.01486740789156,0 -98.23986961996142,19.01476832156178,0 -98.23997695299499,19.01472946977432,0 -98.24009841509906,19.01469885451937,0 -98.2402518482025,19.01470026590126,0 -98.2404174713117,19.01471763423971,0 -98.24059170548966,19.0147306223028,0 -98.24078149136359,19.01476332601885,0 -98.24098877142951,19.01480729645248,0 -98.24111327146505,19.01484380027074,0 -98.241264002276,19.0148879973523,0 -98.2413026911554,19.0148944459077,0 -98.24138635571121,19.0149138980548,0 -98.24147290681856,19.0149327194739,0 -98.2415625964834,19.01495002375709,0 -98.24160045354624,19.01495552898598,0 -98.24163963215604,19.01495791281107,0 -98.24175185671166,19.01496003593133,0 -98.24185133651736,19.01494467245545,0 -98.24191387678412,19.01493602471009,0 -98.24205845107429,19.01493827577102,0 -98.24220453453546,19.01496561522164,0 -98.24225288442013,19.01498298378036,0 -98.24225919629734,19.01498673562371,0 -98.24229639763627,19.01500884540012,0 -98.24232257581812,19.01502311825411,0 -98.24235134149116,19.01503880245025,0 -98.24242237463035,19.01505752007182,0 -98.24250376376496,19.01506335079838,0 -98.24259933868132,19.01506578203227,0 -98.2427092771474,19.01508514692729,0 -98.24287051398977,19.01508513495528,0 -98.24296443203836,19.01508627324394,0 -98.24299814919281,19.01509120093989,0 -98.24300440479664,19.01509416540129,0 -98.24304471139585,19.01511457883998,0 -98.2430763296624,19.01513253115554,0 -98.24312075345232,19.01515247704904,0 -98.24317245199406,19.01519415608194,0 -98.24319071606725,19.01521126839093,0 -98.2432130601762,19.01523192184761,0 -98.2432443975101,19.01525695441452,0 -98.24328821419317,19.01527921488263,0 -98.24331908132302,19.01529120595923,0 -98.24337542280969,19.01531136052687,0 -98.24343168895047,19.01532633021601,0 -98.24350776857135,19.01534063088938,0 -98.24356816467214,19.01536008444892,0 -98.24359099141736,19.01536227353602,0 -98.24362191625656,19.01535878162768,0 -98.24364687743822,19.01535436522621,0 -98.24369739362521,19.01534553484228,0 -98.24372177119209,19.01533885678143,0 -98.24374674258438,19.01533218114641,0 -98.24380580005446,19.01533627430727,0 -98.2438543873748,19.0153369158524,0 -98.2439723201026,19.01535409591449,0 -98.24403899342934,19.01535304282104,0 -98.24406946759422,19.01533343051748,0 -98.24409377488035,19.0152802836231,0 -98.24408896123927,19.01525006212963,0 -98.24418642924623,19.01473438013912,0 -98.24422846666671,19.01454650818917,0 -98.24425406433839,19.01435073390229,0 -98.24426856058422,19.01418103129874,0 -98.2442777421255,19.01397213136007,0 -98.24423774648061,19.01370818364859,0 -98.24409844411301,19.01293715603746,0 -98.24403109702901,19.0126495910817,0 -98.2439720742896,19.01249023893921,0 -98.24415091564327,19.01230956036924,0 -98.24421472165787,19.01237149905677,0 -98.2441902880114,19.01240435730354,0 -98.24426338540448,19.01250014155988,0 -98.24426842205173,19.0125188507658,0 -98.24432077842849,19.01271345170154,0 -98.24433801926303,19.01270801860102,0 -98.24445948662898,19.01304807311076,0 -98.24456001748655,19.01302752696715,0 -98.24459419668622,19.01314255463133,0 -98.24462917464857,19.01316487445588,0 -98.24476274231985,19.01327251817328,0 -98.24511261287915,19.01317261452042,0 -98.24517457806564,19.01315416080757,0 -98.24524733834009,19.01313534447304,0 -98.24549965440418,19.01307008750454,0 -98.24537846430084,19.01269968832581,0 -98.24515940741483,19.01202498254246,0 -98.24517240322221,19.01202118581145,0 -98.24496630091417,19.0114005832958,0 -98.24490146507335,19.01125738852099,0 -98.24352731360372,19.01007769635022,0 -98.24331904079862,19.00989470245981,0 -98.24327846521724,19.00985819211472,0 -98.2433259141213,19.00979256039566,0 -98.24418924621916,19.00854188630724,0 -98.24372138785543,19.00745208313877,0 -98.24476145740009,19.00788424338533,0 -98.24695125120799,19.0086941257185,0 -98.24679322901137,19.00875658433453,0 -98.24503495236104,19.00944078455871,0 -98.24653592450566,19.01270520662038,0 -98.24677773232554,19.01276036265271,0 -98.24703110862551,19.01253257192943,0 -98.24784033557172,19.01134821381839,0 -98.24793545263181,19.01127030273707,0 -98.24806246256163,19.01120943867088,0 -98.24825091575106,19.01118659651232,0 -98.24849405912383,19.01111542845692,0 -98.24881195657669,19.01100660451054,0 -98.2489439982072,19.01095327367312,0 -98.24928932094043,19.01083581511343,0 -98.24950275584978,19.01069799424794,0 -98.24953447724511,19.0106679464381,0 -98.24973835288314,19.01030974034625,0 -98.24974569109096,19.01029077783138,0 -98.24984921311599,19.01002326068895,0 -98.24996257483754,19.00980030446732,0 -98.25005607940835,19.00951832429691,0 -98.25010440367913,19.00941895171717,0 -98.24974691286407,19.00929629932703,0 -98.24974438648398,19.00929821577901,0 -98.24963507673172,19.00950916993342,0 -98.24936245122711,19.00938915926707,0 -98.24946132054573,19.00919662200875,0 -98.24891686429241,19.00901041330741,0 -98.24894463810631,19.00896526308374,0 -98.24896131350548,19.00893561152767,0 -98.24898547087176,19.00889603603194,0 -98.24899831573246,19.00887499569448,0 -98.24903381624796,19.00881682370189,0 -98.2490708091364,19.00875637138473,0 -98.24909551937927,19.0087165911686,0 -98.24912010524716,19.00867700022194,0 -98.24914486337602,19.00863712982199,0 -98.24916972673235,19.0085970971783,0 -98.24921118376852,19.00856232820955,0 -98.24925366911079,19.00852706636694,0 -98.24929542973435,19.00849238898105,0 -98.24933734288147,19.00845759472236,0 -98.24937895084868,19.00842305225259,0 -98.24942381075206,19.00838581185248,0 -98.24946455086317,19.0083519888048,0 -98.24946511871028,19.00835036443808,0 -98.24947942239299,19.00830908696286,0 -98.24949430353726,19.00826615804709,0 -98.24950873233728,19.008224519594,0 -98.24964206963065,19.00775271684567,0 -98.25072320016008,19.00803864726071,0 -98.25080745487513,19.00785070405999,0 -98.25112829911019,19.00794341346239,0 -98.2511561890005,19.00784689305048,0 -98.25111231562391,19.00783365683411,0 -98.25109668328514,19.0078050779741,0 -98.25129402633951,19.00721719888194,0 -98.25132612566661,19.0071215738743,0 -98.25133826219218,19.00704321831479,0 -98.25131195103518,19.00697827988557,0 -98.25012775197408,19.00631338697637,0 -98.24946824290028,19.0059709932187,0 -98.24927743432855,19.00594819007718,0 -98.24856074114483,19.00580059896049,0 -98.24799750026108,19.00568460632513,0 -98.24787134855691,19.00565862692384,0 -98.2481195060415,19.00541027621601,0 -98.24794104344859,19.00559175410686,0 -98.24791168068589,19.00563368506777,0 -98.24803783237871,19.00565966444118,0 -98.24806314250586,19.00562270544238,0 -98.24824110677997,19.00544236949807,0 -98.24824832131995,19.00543505891849,0 -98.24877155186431,19.00554886035159,0 -98.24943416510442,19.0048875159249,0 -98.24950886159075,19.00495530241153,0 -98.24961158809735,19.00504075437953,0 -98.24976027779091,19.00517602791852,0 -98.24995600259579,19.00538423143356,0 -98.2500389678336,19.00543448499744,0 -98.2501456236688,19.00545989949957,0 -98.25058576596568,19.00556477826753,0 -98.25112004530571,19.00568709103703,0 -98.25113262898761,19.00555126876612,0 -98.25115410261364,19.00531947899731,0 -98.25117743430361,19.00505483072982,0 -98.25125838808249,19.00412602393381,0 -98.25127091892089,19.00398007808447,0 -98.25128312796092,19.00383788673511,0 -98.25132284002201,19.00337537568537,0 -98.25134174362317,19.00315280136837,0 -98.25138185439961,19.0025328796493,0 -98.25132080866061,19.00244324149248,0 -98.25087862642664,19.00231080328791,0 -98.25010631799053,19.00229866411842,0 -98.25014999539376,19.00203827172837,0 -98.24928994323957,19.00200470176097,0 -98.24905095926808,19.00249521902076,0 -98.24800862901857,19.00204988635601,0 -98.24726669261675,19.00178521231273,0 -98.2472503200234,19.00185114970407,0 -98.24721223209318,19.00193243493637,0 -98.24698723213602,19.00179869872498,0 -98.2470069997604,19.00177301813314,0 -98.24701868545058,19.00175783643759,0 -98.24655358465733,19.00156630531344,0 -98.24643192893937,19.0015199014926,0 -98.24627286388375,19.00147449288296,0 -98.24614629938205,19.00144643219148,0 -98.24594845498133,19.00143873960666,0 -98.24509168745446,19.00151903331513,0 -98.24503675697328,19.00153035037744,0 -98.24500847867282,19.00153617593267,0 -98.24429036795757,19.00174679309055,0 -98.24393636469355,19.00179409248128,0 -98.24369780802972,19.00179562510284,0 -98.24330821000618,19.00170094472915,0 -98.24321169504128,19.00167864950179,0 -98.23986084421882,19.00090454393529,0 -98.23986303366024,19.00088518562123,0 -98.23990536224427,19.00051096523012,0 -98.23992010666967,19.00031460181408,0 -98.23994031153616,19.00004551885954,0 -98.23997919807692,18.99982604293331,0 -98.24016108645097,18.9987994376603,0 -98.24029398978367,18.99836873147234,0 -98.24048927003065,18.99801178232128,0 -98.24014940230477,18.99778103625733,0 -98.24179874305959,18.99616924500899,0 -98.24252464684467,18.99525588063984,0 -98.24344615696502,18.99525965059643,0 -98.24388575174005,18.99534503934686,0 -98.24413228522805,18.99544997373758,0 -98.24417545609704,18.99548855761315,0 -98.2443782684656,18.99567690505546,0 -98.24441137615895,18.99570866908056,0 -98.24442655159498,18.99572727058985,0 -98.24457967047282,18.99591495039404,0 -98.24468780753845,18.99603061443961,0 -98.24476716354634,18.99634045788594,0 -98.24493983122585,18.99683528225736,0 -98.24501173348939,18.99722108696542,0 -98.24510031242346,18.9976963669889,0 -98.24472446134027,18.99828295624761,0 -98.24470114482993,18.99831718383404,0 -98.24469199346352,18.99835773193115,0 -98.24465601250367,18.99864470160616,0 -98.24462809543323,18.99863942746485,0 -98.243668673042,18.99908289665006,0 -98.24374154701124,18.99922474205292,0 -98.24375899723928,18.99933037530457,0 -98.24389906360071,18.99974463737647,0 -98.24393884662892,18.99985432101875,0 -98.24408040908789,19.00026440400838,0 -98.2441492413087,19.00024110755404,0 -98.24415114334043,19.00033325720598,0 -98.2441590074943,19.00049577570323,0 -98.24468981455188,19.00047245913107,0 -98.24472891140644,19.00046990763289,0 -98.24476684332846,19.00046907654594,0 -98.24529980541676,19.00044566851152,0 -98.24530710935137,19.00043557679671,0 -98.2454735954942,19.00041279567752,0 -98.24597793055702,19.00037118485142,0 -98.24600831340285,19.00033110278317,0 -98.24708589765346,19.00029650017159,0 -98.24757370546391,19.00052403645804,0 -98.247789728572,19.00034794385951,0 -98.25000383502761,19.00092856590602,0 -98.25018033240646,19.00055553069949,0 -98.2507485831146,19.00085100377601,0 -98.2507485831146,19.00085100377601,0 
							</coordinates>
						</LinearRing>
					</outerBoundaryIs>
					<innerBoundaryIs>
						<LinearRing>
							<coordinates>
								-98.27436071350876,19.00158761485148,0 -98.27255505377425,19.00045810002318,0 -98.27230345381767,19.00082783975959,0 -98.27230328361703,19.00082809032165,0 -98.2741205697983,19.00195492675739,0 -98.27414654123285,19.00191520212861,0 -98.27436071350876,19.00158761485148,0 -98.27436071350876,19.00158761485148,0 
							</coordinates>
						</LinearRing>
					</innerBoundaryIs>
				</Polygon>
				<Polygon>
					<outerBoundaryIs>
						<LinearRing>
							<coordinates>
								-98.25400333176867,19.02213008499524,0 -98.25393776471662,19.02209490204863,0 -98.25395826576271,19.02210492466275,0 -98.25400333176867,19.02213008499524,0 -98.25400333176867,19.02213008499524,0 
							</coordinates>
						</LinearRing>
					</outerBoundaryIs>
				</Polygon>
				<Polygon>
					<outerBoundaryIs>
						<LinearRing>
							<coordinates>
								-98.26462057712195,19.02247257087746,0 -98.26478163256698,19.02240754103014,0 -98.26478434603115,19.02241408291787,0 -98.26462054346462,19.02248022243385,0 -98.26462057712195,19.02247257087746,0 -98.26462057712195,19.02247257087746,0 
							</coordinates>
						</LinearRing>
					</outerBoundaryIs>
				</Polygon>
				<Polygon>
					<outerBoundaryIs>
						<LinearRing>
							<coordinates>
								-98.26475398472074,19.02249165657214,0 -98.26479393622856,19.02243720627358,0 -98.26542785992687,19.02396559355871,0 -98.26529547973675,19.02367894543976,0 -98.26523746058918,19.02360121283168,0 -98.26481643997563,19.02262247718612,0 -98.26475398472074,19.02249165657214,0 -98.26475398472074,19.02249165657214,0 
							</coordinates>
						</LinearRing>
					</outerBoundaryIs>
				</Polygon>
				<Polygon>
					<outerBoundaryIs>
						<LinearRing>
							<coordinates>
								-98.26606072708462,19.02541015481078,0 -98.26598884087527,19.02528110093628,0 -98.26598471943139,19.02528271123883,0 -98.26596472423991,19.02522712520823,0 -98.26594031495945,19.02517271634262,0 -98.26591861746755,19.02512395557256,0 -98.26590234554281,19.02508170587542,0 -98.26588137624842,19.02502724650438,0 -98.26586086463328,19.02497654023842,0 -98.26583955569743,19.02492391313574,0 -98.26581919538728,19.02487359425318,0 -98.26579897888212,19.02482125705762,0 -98.26577907799451,19.02476975342838,0 -98.26575978975006,19.02471982016343,0 -98.2657398813119,19.02466831017418,0 -98.26572048877895,19.02461811260839,0 -98.26569834833909,19.02456011597198,0 -98.26565635079298,19.02446035240798,0 -98.26546273657291,19.02404111312675,0 -98.26617063634913,19.02447527133259,0 -98.26689265786322,19.02492699046313,0 -98.26607679497492,19.0254398096191,0 -98.26606072708462,19.02541015481078,0 -98.26606072708462,19.02541015481078,0 
							</coordinates>
						</LinearRing>
					</outerBoundaryIs>
				</Polygon>
				<Polygon>
					<outerBoundaryIs>
						<LinearRing>
							<coordinates>
								-98.25201991851492,19.02259854905953,0 -98.2520311140001,19.02241241480458,0 -98.25203277391974,19.02238481693907,0 -98.25215010385256,19.02241594633203,0 -98.25222048704946,19.02223871175318,0 -98.25231794407003,19.02199338311564,0 -98.25234238586532,19.02193339913621,0 -98.25236449308937,19.02187914333478,0 -98.25241137253921,19.02176409063681,0 -98.25254871289424,19.02170553292969,0 -98.25256181658378,19.0217047337281,0 -98.25256299607788,19.0217046616831,0 -98.25260895243112,19.02170870002433,0 -98.25262135470233,19.02161335683051,0 -98.25353254895569,19.02164300357634,0 -98.25359220772675,19.02192353244014,0 -98.25367537905839,19.0223519608996,0 -98.25365441956576,19.02235608572133,0 -98.25352045910826,19.02238244801895,0 -98.25351640130633,19.02244895791572,0 -98.2535133313683,19.02252745674517,0 -98.25351206166904,19.02257879745593,0 -98.25351042448303,19.02264498094954,0 -98.25350641960293,19.02272261748043,0 -98.2534983296696,19.02283328150319,0 -98.25346557819186,19.02306702096948,0 -98.25345366343316,19.02316689375037,0 -98.25344468436758,19.02324280669621,0 -98.25344250807839,19.02327395134417,0 -98.25344293197969,19.02343860729097,0 -98.25343359269434,19.0237928293303,0 -98.2534308786617,19.0238952307841,0 -98.25342811242882,19.02400017053428,0 -98.25342623118296,19.02407503040911,0 -98.25342339351391,19.02418787819436,0 -98.25342184534645,19.02424943144756,0 -98.25341714855693,19.02443622193054,0 -98.25341502477524,19.02465728769632,0 -98.25341456394894,19.02471557573309,0 -98.25340847057497,19.02488975929663,0 -98.25340085810252,19.02507621717042,0 -98.25339250291857,19.02515452381928,0 -98.2534007001677,19.0252800635286,0 -98.25340474496241,19.02534201531188,0 -98.25340849813595,19.02539947992357,0 -98.25341322952106,19.0254719472834,0 -98.25341713202874,19.02553171875348,0 -98.25342054098283,19.025583921505,0 -98.25342400327639,19.02563694684352,0 -98.25342968358538,19.02572395594161,0 -98.25343528423966,19.02580561116724,0 -98.25344191079913,19.02589818729612,0 -98.25344561979358,19.02595001712384,0 -98.25345121868962,19.02602823916425,0 -98.25345579794401,19.02609222463115,0 -98.25345598733531,19.02609492295638,0 -98.25288271454329,19.02609205567661,0 -98.25281457874935,19.02609109878897,0 -98.25264634251225,19.02608935207854,0 -98.25264534471326,19.0259229741279,0 -98.25263013936718,19.02590580549358,0 -98.25260574244359,19.02513302537463,0 -98.25261650475467,19.02497525848112,0 -98.2526399749832,19.02478646003699,0 -98.25262546816987,19.02465728448552,0 -98.25256824471266,19.02452315375941,0 -98.25243842435827,19.02431938896248,0 -98.25240405225472,19.02413513805145,0 -98.25240018948601,19.02387449744707,0 -98.25241485513,19.02340590876966,0 -98.25245589345703,19.02308384779307,0 -98.25226052478071,19.02308274928122,0 -98.25217342155162,19.02308202632635,0 -98.25199424164711,19.02307934558419,0 -98.25199425729062,19.0230790347729,0 -98.25199945699494,19.02297852493225,0 -98.25201414828632,19.02269448655877,0 -98.25201991851492,19.02259854905953,0 -98.25201991851492,19.02259854905953,0 
							</coordinates>
						</LinearRing>
					</outerBoundaryIs>
				</Polygon>
				<Polygon>
					<outerBoundaryIs>
						<LinearRing>
							<coordinates>
								-98.26343036312888,19.02910948293165,0 -98.26285541851453,19.02846987267258,0 -98.26280858851688,19.02842837650698,0 -98.26288353735409,19.02832553911313,0 -98.26290569370414,19.02834124174364,0 -98.26326851311217,19.02860865865674,0 -98.26338672433165,19.0284570912765,0 -98.26344070344065,19.02838788101387,0 -98.26349405753609,19.02831947073376,0 -98.26355939490489,19.02823335126692,0 -98.26359819471053,19.02825997637949,0 -98.26376037539198,19.02836969465451,0 -98.26370204852277,19.02844767804369,0 -98.2638680916761,19.02856396349466,0 -98.26398612807172,19.02840816476544,0 -98.26409770226121,19.02826089560571,0 -98.26416338105119,19.0281742034208,0 -98.26403310870039,19.02808150106421,0 -98.26408459318057,19.02801270450117,0 -98.26418910187057,19.02787305339202,0 -98.26420142925322,19.02785746112522,0 -98.26420767081858,19.02784956679756,0 -98.26437402193245,19.02796232946747,0 -98.26508483132787,19.02847058501665,0 -98.26506584340585,19.02849082482149,0 -98.26418533581814,19.02957333092162,0 -98.26459069438027,19.02987456788739,0 -98.26457018969118,19.02989113254533,0 -98.26450841452065,19.02993947803861,0 -98.26444246308142,19.02999256851338,0 -98.26438776277773,19.03003519003778,0 -98.26433965414282,19.03007458264075,0 -98.26392393397624,19.03041498518675,0 -98.26391755338281,19.03041860622121,0 -98.26392066764616,19.0303805581261,0 -98.26393376554942,19.03028630220982,0 -98.26389334652322,19.02991657942902,0 -98.26364160170588,19.02938416970619,0 -98.26354225389478,19.0292358098591,0 -98.26343036312888,19.02910948293165,0 -98.26343036312888,19.02910948293165,0 
							</coordinates>
						</LinearRing>
					</outerBoundaryIs>
				</Polygon>
				<Polygon>
					<outerBoundaryIs>
						<LinearRing>
							<coordinates>
								-98.26743272242288,19.03018653180517,0 -98.26694106447928,19.02983770187357,0 -98.2664747583238,19.03041569750621,0 -98.266357294158,19.03033203584179,0 -98.26630055564624,19.03029162448973,0 -98.26674613268094,19.02971063076714,0 -98.26675721362081,19.02969344376235,0 -98.26641939023783,19.02945375725939,0 -98.26643548275753,19.0294363362304,0 -98.26745576966188,19.03016585509577,0 -98.26687774212769,19.0308877650719,0 -98.26671882374694,19.03095519344951,0 -98.26657265566523,19.03102734356477,0 -98.2664087657254,19.0312314918096,0 -98.26640834222934,19.03134721791837,0 -98.26632875912098,19.03129330394253,0 -98.26632615280344,19.03129131537793,0 -98.26637809330769,19.0312268939524,0 -98.26641199510874,19.03118484624984,0 -98.26646388522391,19.03111954980918,0 -98.26651641671384,19.03105533402097,0 -98.26655103406871,19.03101239807599,0 -98.26687346539593,19.03087990663583,0 -98.26743272242288,19.03018653180517,0 -98.26743272242288,19.03018653180517,0 
							</coordinates>
						</LinearRing>
					</outerBoundaryIs>
				</Polygon>
				<Polygon>
					<outerBoundaryIs>
						<LinearRing>
							<coordinates>
								-98.26984170488137,19.03580116632649,0 -98.2700420594513,19.03523565024704,0 -98.27060423646185,19.0354456604081,0 -98.27027515725534,19.03616448858415,0 -98.26998238743631,19.03604339170609,0 -98.26987153611637,19.03594408801622,0 -98.26984170488137,19.03580116632649,0 -98.26984170488137,19.03580116632649,0 
							</coordinates>
						</LinearRing>
					</outerBoundaryIs>
				</Polygon>
				<Polygon>
					<outerBoundaryIs>
						<LinearRing>
							<coordinates>
								-98.26796278295144,19.03659083376182,0 -98.26821197605324,19.03616110562797,0 -98.26850472377032,19.03632864758125,0 -98.26825914160675,19.03674852285098,0 -98.26796278295144,19.03659083376182,0 -98.26796278295144,19.03659083376182,0 
							</coordinates>
						</LinearRing>
					</outerBoundaryIs>
				</Polygon>
				<Polygon>
					<outerBoundaryIs>
						<LinearRing>
							<coordinates>
								-98.26492418341232,19.03935859316709,0 -98.26428235640931,19.03907001904915,0 -98.26429002336859,19.03907258448661,0 -98.26429043780045,19.03907299099773,0 -98.26492449942546,19.03935264532966,0 -98.26493240374232,19.03933885461084,0 -98.26492418341232,19.03935859316709,0 -98.26492418341232,19.03935859316709,0 
							</coordinates>
						</LinearRing>
					</outerBoundaryIs>
				</Polygon>
				<Polygon>
					<outerBoundaryIs>
						<LinearRing>
							<coordinates>
								-98.26581471071373,19.03754164058146,0 -98.26581566671776,19.03754076869048,0 -98.26611911075992,19.03764661842822,0 -98.26524617216556,19.039413428107,0 -98.26495497902908,19.03929946426929,0 -98.26495551434319,19.03929853106439,0 -98.26499874847966,19.03921514468903,0 -98.26532874021868,19.0385337214611,0 -98.26537797745826,19.03843204887231,0 -98.26546643067768,19.0382540823292,0 -98.2655511356765,19.0380837127451,0 -98.26560060428551,19.03798252267955,0 -98.26568315285199,19.03781366176955,0 -98.26580249397347,19.03756954184017,0 -98.26581471071373,19.03754164058146,0 -98.26581471071373,19.03754164058146,0 
							</coordinates>
						</LinearRing>
					</outerBoundaryIs>
				</Polygon>
				<Polygon>
					<outerBoundaryIs>
						<LinearRing>
							<coordinates>
								-98.26641921927568,19.03935627612804,0 -98.26709731070244,19.03798783822705,0 -98.26714335323067,19.03800389905082,0 -98.26795230596353,19.03660890070927,0 -98.26796202364925,19.03659214383806,0 -98.26866982616009,19.03703872013489,0 -98.26871495607777,19.03707806547128,0 -98.26701896114305,19.03971115434772,0 -98.26641921927568,19.03935627612804,0 -98.26641921927568,19.03935627612804,0 
							</coordinates>
						</LinearRing>
					</outerBoundaryIs>
				</Polygon>
				<Polygon>
					<outerBoundaryIs>
						<LinearRing>
							<coordinates>
								-98.26009210451436,19.03976823859529,0 -98.26009575515948,19.03976102267817,0 -98.26009728567173,19.03977333817575,0 -98.26009210451436,19.03976823859529,0 -98.26009210451436,19.03976823859529,0 
							</coordinates>
						</LinearRing>
					</outerBoundaryIs>
				</Polygon>
				<Polygon>
					<outerBoundaryIs>
						<LinearRing>
							<coordinates>
								-98.26020664916767,19.03988099367755,0 -98.26016696731192,19.03984193111428,0 -98.26036803681049,19.03994042612744,0 -98.26020664916767,19.03988099367755,0 -98.26020664916767,19.03988099367755,0 
							</coordinates>
						</LinearRing>
					</outerBoundaryIs>
				</Polygon>
				<Polygon>
					<outerBoundaryIs>
						<LinearRing>
							<coordinates>
								-98.25960650784401,19.04098924904614,0 -98.25960731267982,19.04098776206385,0 -98.25970949480445,19.04103978501518,0 -98.25960650784401,19.04098924904614,0 -98.25960650784401,19.04098924904614,0 
							</coordinates>
						</LinearRing>
					</outerBoundaryIs>
				</Polygon>
				<Polygon>
					<outerBoundaryIs>
						<LinearRing>
							<coordinates>
								-98.2610365378183,19.04130828344602,0 -98.26033202784319,19.04097802437584,0 -98.26018527811927,19.04127325526797,0 -98.2601759769323,19.04126869044305,0 -98.26035542685402,19.04092974187066,0 -98.26043079799513,19.040965392159,0 -98.26041499841487,19.04099394560212,0 -98.2610365378183,19.04130828344602,0 -98.2610365378183,19.04130828344602,0 
							</coordinates>
						</LinearRing>
					</outerBoundaryIs>
				</Polygon>
				<Polygon>
					<outerBoundaryIs>
						<LinearRing>
							<coordinates>
								-98.26157005452767,19.04055713696977,0 -98.26158155740848,19.04053486415976,0 -98.26158547266562,19.04053678211465,0 -98.26112987101752,19.04135203565759,0 -98.26112842577268,19.04135135751835,0 -98.26130365490889,19.04103640072012,0 -98.2614370872154,19.04079634915686,0 -98.26150358146121,19.0406767232383,0 -98.26157005452767,19.04055713696977,0 -98.26157005452767,19.04055713696977,0 
							</coordinates>
						</LinearRing>
					</outerBoundaryIs>
				</Polygon>
				<Polygon>
					<outerBoundaryIs>
						<LinearRing>
							<coordinates>
								-98.25841231831127,19.04265356239452,0 -98.25809942638114,19.04232379540359,0 -98.25808578034203,19.04230941324644,0 -98.25788869476852,19.04209550067258,0 -98.25788197493034,19.04207610818456,0 -98.25745936929926,19.04165414970552,0 -98.25740511413645,19.04154560358367,0 -98.2593283718311,19.04111941034914,0 -98.25949415765713,19.04094366211798,0 -98.25943162747546,19.04115842802572,0 -98.25919458559952,19.04159982261556,0 -98.25911979327894,19.04168003360053,0 -98.25902883908635,19.04171680097562,0 -98.25887101527253,19.04199065975027,0 -98.25901636759308,19.04209883814023,0 -98.2587776177638,19.04250718578747,0 -98.2586198900885,19.04239524329635,0 -98.25841231831127,19.04265356239452,0 -98.25841231831127,19.04265356239452,0 
							</coordinates>
						</LinearRing>
					</outerBoundaryIs>
				</Polygon>
				<Polygon>
					<outerBoundaryIs>
						<LinearRing>
							<coordinates>
								-98.26278801976008,19.04520864976243,0 -98.26235300043021,19.04518748983377,0 -98.26225757958593,19.04520465039198,0 -98.26197871961767,19.04501647897142,0 -98.26195265975743,19.045008179103,0 -98.26192206035905,19.045010819408,0 -98.26166992089185,19.04495205010058,0 -98.2613690056578,19.04488194626672,0 -98.26143757490637,19.04474263704907,0 -98.26203359571986,19.04497771610736,0 -98.26266550273247,19.0451554184987,0 -98.26287990678843,19.04511238979584,0 -98.2628764592632,19.04511600079235,0 -98.26278801976008,19.04520864976243,0 -98.26278801976008,19.04520864976243,0 
							</coordinates>
						</LinearRing>
					</outerBoundaryIs>
				</Polygon>
				<Polygon>
					<outerBoundaryIs>
						<LinearRing>
							<coordinates>
								-98.26319692080952,19.04510188892963,0 -98.26313795104598,19.04508895563272,0 -98.26326686266006,19.04509549507393,0 -98.26387453582126,19.04521540052774,0 -98.26403591527099,19.0453286139049,0 -98.26347842989161,19.04517976921462,0 -98.26329399983766,19.04510346016839,0 -98.26319692080952,19.04510188892963,0 -98.26319692080952,19.04510188892963,0 
							</coordinates>
						</LinearRing>
					</outerBoundaryIs>
				</Polygon>
				<Polygon>
					<outerBoundaryIs>
						<LinearRing>
							<coordinates>
								-98.26432567696412,19.04543081831233,0 -98.26455941330501,19.04540914332997,0 -98.26446396932123,19.04544925904969,0 -98.26437211025895,19.04546081926857,0 -98.26432520021545,19.04544908029309,0 -98.26432567696412,19.04543081831233,0 -98.26432567696412,19.04543081831233,0 
							</coordinates>
						</LinearRing>
					</outerBoundaryIs>
				</Polygon>
				<Polygon>
					<outerBoundaryIs>
						<LinearRing>
							<coordinates>
								-98.24987244232868,19.04561056715976,0 -98.24968331164172,19.04557505488075,0 -98.24998174270593,19.04562178786414,0 -98.25038721248973,19.04568528129107,0 -98.25049488494044,19.04572743786991,0 -98.25041551119845,19.04571253528631,0 -98.25040626007883,19.04571079786133,0 -98.24987244232868,19.04561056715976,0 -98.24987244232868,19.04561056715976,0 
							</coordinates>
						</LinearRing>
					</outerBoundaryIs>
				</Polygon>
				<Polygon>
					<outerBoundaryIs>
						<LinearRing>
							<coordinates>
								-98.26529537974585,19.0453408940312,0 -98.26564386195746,19.0453085767442,0 -98.26634202582269,19.04583748240973,0 -98.26824883084105,19.04638971859796,0 -98.26843790343828,19.04647053802771,0 -98.26813342888349,19.04641412571889,0 -98.26810931504301,19.04640965709453,0 -98.26802896976019,19.0463947699264,0 -98.26750726041644,19.04626409080359,0 -98.26692513996726,19.04610400056125,0 -98.26627093993052,19.04587774104462,0 -98.26624458641703,19.04585941218694,0 -98.26619045920673,19.04582177010311,0 -98.26606725042764,19.04575605000142,0 -98.2658697699064,19.04553444988448,0 -98.26555907961458,19.04542997945785,0 -98.26531188039962,19.04540237008097,0 -98.26529537974585,19.0453408940312,0 -98.26529537974585,19.0453408940312,0 
							</coordinates>
						</LinearRing>
					</outerBoundaryIs>
				</Polygon>
				<Polygon>
					<outerBoundaryIs>
						<LinearRing>
							<coordinates>
								-98.12107809102449,19.04589969217301,0 -98.12107813458105,19.04589954146584,0 -98.1197194755637,19.04602193752551,0 -98.11977413872208,19.04582124511753,0 -98.1202369555858,19.04576601144258,0 -98.12024385208395,19.04581826524442,0 -98.12070749073335,19.04575366765865,0 -98.120729459399,19.04570894976916,0 -98.12075916346748,19.04572214579227,0 -98.12078160718076,19.04567184903164,0 -98.12087460785722,19.04571416842457,0 -98.12088685648477,19.04568721575917,0 -98.12109061240561,19.04576045314826,0 -98.12115997735233,19.04577645587421,0 -98.12111904080226,19.04593691811103,0 -98.12105887436813,19.04605453749857,0 -98.12103338904369,19.04605731517022,0 -98.12103207878789,19.04605745803929,0 -98.12106282362738,19.04595204014905,0 -98.12106302686597,19.04595134166844,0 -98.12107809102449,19.04589969217301,0 -98.12107809102449,19.04589969217301,0 
							</coordinates>
						</LinearRing>
					</outerBoundaryIs>
				</Polygon>
				<Polygon>
					<outerBoundaryIs>
						<LinearRing>
							<coordinates>
								-98.25979285036603,19.04599485026672,0 -98.25981317030133,19.04595535761708,0 -98.26063732963728,19.04618611062524,0 -98.26063425260668,19.0461914518477,0 -98.26063376226574,19.04619230478841,0 -98.26063327098251,19.04619315591794,0 -98.26034608021203,19.04669174956907,0 -98.26032861451371,19.04672085839975,0 -98.26035862685657,19.04666761489947,0 -98.25952052539709,19.04649641391599,0 -98.25966697730533,19.04622064215862,0 -98.25979285036603,19.04599485026672,0 -98.25979285036603,19.04599485026672,0 
							</coordinates>
						</LinearRing>
					</outerBoundaryIs>
				</Polygon>
				<Polygon>
					<outerBoundaryIs>
						<LinearRing>
							<coordinates>
								-98.25368894996006,19.04662871540222,0 -98.2539923942436,19.04602169974607,0 -98.25402034817959,19.04603246916781,0 -98.25403292711052,19.04603830640602,0 -98.25415188965435,19.04608364235258,0 -98.25426819264027,19.04612805654858,0 -98.25428812089183,19.04613484704012,0 -98.25436522047526,19.04616500234061,0 -98.25447200243414,19.04620492541141,0 -98.25449397043421,19.04621334084342,0 -98.25459300102,19.04625127783487,0 -98.2546234712463,19.04626295108954,0 -98.25459188190933,19.04632101030526,0 -98.25457563526761,19.04635421003281,0 -98.2544506603959,19.04630915281277,0 -98.25441583762587,19.04640560000807,0 -98.2543103918416,19.04669670885185,0 -98.25428960156643,19.04675970608312,0 -98.25394284210202,19.04668408396608,0 -98.25368894996006,19.04662871540222,0 -98.25368894996006,19.04662871540222,0 
							</coordinates>
						</LinearRing>
					</outerBoundaryIs>
				</Polygon>
				<Polygon>
					<outerBoundaryIs>
						<LinearRing>
							<coordinates>
								-98.2808148927393,19.04705636724343,0 -98.28080327769226,19.04705441426902,0 -98.28081491014773,19.04705585581275,0 -98.2808148927393,19.04705636724343,0 -98.2808148927393,19.04705636724343,0 
							</coordinates>
						</LinearRing>
					</outerBoundaryIs>
				</Polygon>
				<Polygon>
					<outerBoundaryIs>
						<LinearRing>
							<coordinates>
								-98.27931927674678,19.04708843005393,0 -98.27945183093507,19.04707244666377,0 -98.27956419356211,19.04707978950152,0 -98.27956567400115,19.04708026972508,0 -98.27952386565183,19.04707820155436,0 -98.27945564096545,19.04707483015116,0 -98.27931907700346,19.04709045177122,0 -98.27931927674678,19.04708843005393,0 -98.27931927674678,19.04708843005393,0 
							</coordinates>
						</LinearRing>
					</outerBoundaryIs>
				</Polygon>
				<Polygon>
					<outerBoundaryIs>
						<LinearRing>
							<coordinates>
								-98.27963365909326,19.04709886491124,0 -98.27973154993133,19.04669148683534,0 -98.28022744419088,19.04689007392405,0 -98.2797364362537,19.04669551022639,0 -98.2796373300139,19.04710001158044,0 -98.27963365909326,19.04709886491124,0 -98.27963365909326,19.04709886491124,0 
							</coordinates>
						</LinearRing>
					</outerBoundaryIs>
				</Polygon>
				<Polygon>
					<outerBoundaryIs>
						<LinearRing>
							<coordinates>
								-98.28080088641917,19.04740720515444,0 -98.28080769111645,19.04726793056708,0 -98.28080437802009,19.04736527136364,0 -98.28107191358251,19.0473346655657,0 -98.28157114185726,19.04716214823616,0 -98.28199706947041,19.04708507422299,0 -98.28261397737016,19.04699143542417,0 -98.282720127197,19.04699627604166,0 -98.28272681086425,19.0471460192929,0 -98.28306286635657,19.04702867682899,0 -98.28314653656354,19.04697036012595,0 -98.28329596266535,19.04679628063545,0 -98.28358146107432,19.04671848599758,0 -98.2837715255657,19.04666329205502,0 -98.28391752615644,19.04657198834366,0 -98.2840757373358,19.04652079234032,0 -98.28453442556366,19.04675687581059,0 -98.28451992501094,19.04703616394426,0 -98.28429419988501,19.04692760856899,0 -98.28408606187263,19.04682967643609,0 -98.28392321270648,19.04675305295504,0 -98.28383896238827,19.04671341123865,0 -98.28256417927754,19.04723998839905,0 -98.2825129016626,19.04702964180385,0 -98.28203727570958,19.04709573890186,0 -98.28188366919802,19.04712406373015,0 -98.28181885194638,19.04713601616538,0 -98.28132785336294,19.0472534545057,0 -98.28121700971575,19.04730204007762,0 -98.28117143850552,19.04731419463709,0 -98.28106020869043,19.0473438603938,0 -98.28080058728351,19.0474133311262,0 -98.28080088641917,19.04740720515444,0 -98.28080088641917,19.04740720515444,0 
							</coordinates>
						</LinearRing>
					</outerBoundaryIs>
				</Polygon>
				<Polygon>
					<outerBoundaryIs>
						<LinearRing>
							<coordinates>
								-98.27169043400909,19.04735070338373,0 -98.27143792210461,19.0471991984042,0 -98.2714513760552,19.04720155504524,0 -98.27174906583788,19.04737958849038,0 -98.27169043400909,19.04735070338373,0 -98.27169043400909,19.04735070338373,0 
							</coordinates>
						</LinearRing>
					</outerBoundaryIs>
				</Polygon>
				<Polygon>
					<outerBoundaryIs>
						<LinearRing>
							<coordinates>
								-98.25902829769215,19.04302828829432,0 -98.25918266307013,19.04301493279355,0 -98.25970612145031,19.04323076103862,0 -98.25988724813681,19.04349770133691,0 -98.25979933525437,19.04363795903812,0 -98.25971378131749,19.04377768934823,0 -98.2596402079231,19.0438948759424,0 -98.25952175799674,19.04408643905889,0 -98.25946014217425,19.04418559943483,0 -98.25937101499636,19.04432757449064,0 -98.25929265862618,19.04445152042582,0 -98.25921368816545,19.04457998057329,0 -98.25912753929451,19.04471970998905,0 -98.25904795458904,19.04485268611121,0 -98.25896896368474,19.04498566548035,0 -98.25888817078624,19.04512315700187,0 -98.25881276424369,19.04525163215922,0 -98.25872958436514,19.04539137147043,0 -98.25865118687396,19.045524353967,0 -98.25857219627245,19.04565733313912,0 -98.25849679831836,19.04578354891976,0 -98.25841180597608,19.04593005946922,0 -98.25834836777838,19.04603824913552,0 -98.25826576191322,19.0461825099326,0 -98.25824840625033,19.04621181058612,0 -98.25818316594032,19.04632451146588,0 -98.25809278741767,19.04648003724152,0 -98.25802695200245,19.04659273566508,0 -98.25801079607535,19.04661978185418,0 -98.25793299135434,19.04675276547263,0 -98.25791144786182,19.04678882613214,0 -98.25785160182623,19.04689025225797,0 -98.2577725989149,19.04702549114421,0 -98.25769538869922,19.04715847703561,0 -98.25761818745801,19.04728920276189,0 -98.25753950113618,19.04742389787101,0 -98.25753918321007,19.0474244415258,0 -98.25751164909566,19.04747323020274,0 -98.25750865190436,19.04747854096384,0 -98.25740824440253,19.04745457212602,0 -98.25728597224112,19.04742538404166,0 -98.2565652670753,19.04725333694204,0 -98.25658624621319,19.04721049459423,0 -98.25660540421923,19.04717668285102,0 -98.25664609312429,19.04710906891211,0 -98.25666464710893,19.04707751308517,0 -98.25674424390526,19.0469422798036,0 -98.25682922817404,19.04679802932391,0 -98.25690703378338,19.04666504529818,0 -98.25698722507227,19.04652981338326,0 -98.25699919341046,19.04650952821404,0 -98.25700996571246,19.04649149749015,0 -98.25704347673997,19.04643514995621,0 -98.25706742628591,19.04639232130423,0 -98.2570925627556,19.04634949561731,0 -98.25715241908915,19.0462458105215,0 -98.25722842225055,19.04611733850796,0 -98.2573092260922,19.0459775903743,0 -98.25734633163243,19.04591448035996,0 -98.25738942676354,19.04584009812924,0 -98.25747800270746,19.04568908306337,0 -98.25755401634648,19.04555835257889,0 -98.25763481963679,19.04541860337222,0 -98.25771382184421,19.04528336540329,0 -98.25779761652349,19.04513910961932,0 -98.25787780537983,19.04500387633852,0 -98.25793048425602,19.04491145839863,0 -98.25795562026748,19.04486863347602,0 -98.25800828711553,19.0447784747221,0 -98.25803821566336,19.04472663200449,0 -98.25807711152653,19.0446612697523,0 -98.25813816547431,19.04455532892995,0 -98.25819382280478,19.04446066451243,0 -98.25826085416536,19.0443457115191,0 -98.2583554189313,19.04418342461969,0 -98.25843681479064,19.04404367647801,0 -98.25848649233281,19.04395802498366,0 -98.25851940935091,19.04390167475093,0 -98.25861037992431,19.0437461519511,0 -98.25863551557819,19.0437033269187,0 -98.25868939054889,19.04360865336244,0 -98.25871033856473,19.0435725892883,0 -98.25877018282019,19.04347116369365,0 -98.25878275467069,19.04344862155085,0 -98.25880609936846,19.04340804856284,0 -98.25884739133143,19.04333817721712,0 -98.25901315834977,19.04305422169722,0 -98.25902829769215,19.04302828829432,0 -98.25902829769215,19.04302828829432,0 
							</coordinates>
						</LinearRing>
					</outerBoundaryIs>
				</Polygon>
				<Polygon>
					<outerBoundaryIs>
						<LinearRing>
							<coordinates>
								-98.25137703015909,19.04607822953558,0 -98.25128666400205,19.04603743774602,0 -98.25130265921547,19.04604370020646,0 -98.25144910852828,19.04610077547598,0 -98.25144902384436,19.04610101099912,0 -98.25108945441328,19.04709790857346,0 -98.25108914915297,19.04709880200093,0 -98.25196460560559,19.04837307145576,0 -98.25175882036173,19.04812430932192,0 -98.25104021976105,19.04716067975568,0 -98.25115605958395,19.04682442005265,0 -98.25137703015909,19.04607822953558,0 -98.25137703015909,19.04607822953558,0 
							</coordinates>
						</LinearRing>
					</outerBoundaryIs>
				</Polygon>
				<Polygon>
					<outerBoundaryIs>
						<LinearRing>
							<coordinates>
								-98.28264284348734,19.04972664074847,0 -98.28267827465648,19.04910620872389,0 -98.28268785513639,19.04899848152234,0 -98.28361116108469,19.04904100502596,0 -98.2837820883222,19.04904740591795,0 -98.28419278773873,19.04906278136225,0 -98.28441426882624,19.04907107124082,0 -98.28440914130995,19.04916982302738,0 -98.28429448190488,19.04916558204072,0 -98.28427957097804,19.04961997272157,0 -98.28411775460164,19.04963804205931,0 -98.28411920490583,19.04948379469405,0 -98.28341049839391,19.04948783174557,0 -98.28280396784508,19.04948194273805,0 -98.2827920735371,19.04973073242465,0 -98.28264284348734,19.04972664074847,0 -98.28264284348734,19.04972664074847,0 
							</coordinates>
						</LinearRing>
					</outerBoundaryIs>
				</Polygon>
				<Polygon>
					<outerBoundaryIs>
						<LinearRing>
							<coordinates>
								-98.26886153801171,19.04686465493355,0 -98.26887738939726,19.04681475182042,0 -98.26889311537285,19.04676527295047,0 -98.26890372084037,19.04673188777802,0 -98.26891435331567,19.0466984105337,0 -98.26894212670442,19.04662740429455,0 -98.26861689097387,19.04653605191944,0 -98.26862931882246,19.04653008608766,0 -98.26971067397338,19.0468382016548,0 -98.26998076322469,19.04679097580547,0 -98.27016787211623,19.04686457054475,0 -98.27004307113567,19.04684838337984,0 -98.26989727386075,19.04685019715691,0 -98.26985252091428,19.04698997167147,0 -98.26982948556869,19.04706372237075,0 -98.26980638277084,19.04713768065152,0 -98.26978350077425,19.04721090779989,0 -98.26976055215731,19.0472843696442,0 -98.26973752733764,19.04735808422073,0 -98.26971420279875,19.04743274649864,0 -98.2696911953183,19.04750639787619,0 -98.26966878393173,19.04757890390156,0 -98.26959923322768,19.04780391354678,0 -98.26957654098463,19.04787738541021,0 -98.26955434482166,19.04795041641675,0 -98.26953243780564,19.04802251774674,0 -98.26950957631453,19.04809773308076,0 -98.26950091763891,19.04812622880665,0 -98.26948735106616,19.04817088144245,0 -98.26946496112198,19.048244525283,0 -98.26944229326965,19.04831912685159,0 -98.2694205490817,19.04839091431741,0 -98.26939757143393,19.04846680604748,0 -98.26937577907799,19.04854068720109,0 -98.2693545076182,19.04861280095705,0 -98.26933183927534,19.04868966176827,0 -98.26931000919809,19.04876367922086,0 -98.26928905702444,19.04883469984225,0 -98.26926710142708,19.0489091596064,0 -98.26920549677088,19.04911821303866,0 -98.26918406158055,19.04919122169023,0 -98.26916157478415,19.0492678202116,0 -98.26913995444819,19.049341431798,0 -98.26911816117494,19.04941568432693,0 -98.26909705305708,19.04948755378247,0 -98.26907631254505,19.0495622803994,0 -98.26905522403599,19.0496383440227,0 -98.26903230116223,19.04971900746898,0 -98.26900307709791,19.04981755740004,0 -98.26843569089864,19.04971519897635,0 -98.26801915033731,19.04963987946198,0 -98.26799604140029,19.04963564975889,0 -98.26802652654571,19.04953029558298,0 -98.26804407639048,19.04947461559121,0 -98.26805961195389,19.04942533488111,0 -98.26807596669363,19.04937345474582,0 -98.26809061569708,19.04932696296631,0 -98.26810735581506,19.04927388242697,0 -98.26812299745937,19.04922424064781,0 -98.26813880270876,19.04917412958864,0 -98.26815443463205,19.04912453295245,0 -98.26817049130302,19.04907342881032,0 -98.26818646318753,19.04902215262607,0 -98.26819829319176,19.04898416888977,0 -98.26820175070749,19.04897306973098,0 -98.26821670069357,19.04892510609078,0 -98.26823234480455,19.0488748859369,0 -98.26824871099444,19.04882231900936,0 -98.26826412459171,19.04877286608752,0 -98.26827979761788,19.04872254663501,0 -98.26829520070262,19.04867310270489,0 -98.26831192524125,19.04861942563212,0 -98.26832321154937,19.04858318659214,0 -98.26832704772325,19.04857090236561,0 -98.26834312122914,19.04852026819589,0 -98.26835935750678,19.04846913763128,0 -98.26837541261916,19.04841857568115,0 -98.26838924076574,19.04837502669495,0 -98.26840663430438,19.04832025877781,0 -98.26842251405286,19.04827023835028,0 -98.26843828969582,19.04822055097559,0 -98.26845333195317,19.04817318502337,0 -98.26847072556632,19.0481183899869,0 -98.26847557261664,19.04810312753356,0 -98.26848692418459,19.04806737673911,0 -98.26850127221176,19.04802033246077,0 -98.26851699724078,19.0479687380574,0 -98.26853206748503,19.04791931175842,0 -98.26854747508521,19.04786880144398,0 -98.26856287317241,19.04781829109002,0 -98.26857853678322,19.04776790830499,0 -98.26858613223432,19.04774352027333,0 -98.26859396752204,19.04771840028621,0 -98.26860972784294,19.04766784708026,0 -98.26862519795661,19.04761824070984,0 -98.26864086089437,19.0475680025076,0 -98.26865662982128,19.04751743035226,0 -98.26867237957353,19.04746689426732,0 -98.26868778225524,19.04741748643762,0 -98.26870358005738,19.04736682402046,0 -98.26871927177142,19.04731651362634,0 -98.26873509857732,19.04726573383853,0 -98.26875045299185,19.04721648847729,0 -98.26876637603584,19.04716542891813,0 -98.26878191360215,19.04711558783291,0 -98.26878707031142,19.04709904333247,0 -98.26879778562729,19.04706532332883,0 -98.26881352135356,19.0470157993217,0 -98.2688292860542,19.04696616698274,0 -98.26884518457929,19.04691613754142,0 -98.26886153801171,19.04686465493355,0 -98.26886153801171,19.04686465493355,0 
							</coordinates>
						</LinearRing>
					</outerBoundaryIs>
				</Polygon>
				<Polygon>
					<outerBoundaryIs>
						<LinearRing>
							<coordinates>
								-98.28107972610711,19.04995819400615,0 -98.28051665377458,19.04995001854088,0 -98.28018263907209,19.04995157206544,0 -98.27981451447802,19.04994192691842,0 -98.28018514985544,19.04994672985229,0 -98.28023972910667,19.04898776586964,0 -98.28025840739008,19.04892421227925,0 -98.28057123050998,19.04895569594161,0 -98.28033575543694,19.04895242754847,0 -98.28033387158041,19.04899283309174,0 -98.280315261079,19.04939863988261,0 -98.28054743434755,19.04940918385087,0 -98.28051922116998,19.04994681225368,0 -98.28063154196911,19.04994977044987,0 -98.28086075818565,19.04995202004482,0 -98.28108268450121,19.04995753859202,0 -98.28113338572506,19.04903063167095,0 -98.28091053471769,19.04902098871204,0 -98.28113874738204,19.04896799489852,0 -98.28126274945316,19.04897528807975,0 -98.28126481063902,19.0489329330101,0 -98.2824334255713,19.04898676297164,0 -98.28242123231591,19.04908877218155,0 -98.28239527879028,19.04976648904172,0 -98.28248195502272,19.04977242444252,0 -98.28246942440279,19.04998473978334,0 -98.28154106113273,19.04996928118283,0 -98.28142610415418,19.0499678396391,0 -98.28107972610711,19.04995819400615,0 -98.28107972610711,19.04995819400615,0 
							</coordinates>
						</LinearRing>
					</outerBoundaryIs>
				</Polygon>
				<Polygon>
					<outerBoundaryIs>
						<LinearRing>
							<coordinates>
								-98.27722239647998,19.05021380358057,0 -98.2772754097373,19.05006451817751,0 -98.27727969957952,19.05006561851776,0 -98.27722239647998,19.05021380358057,0 -98.27722239647998,19.05021380358057,0 
							</coordinates>
						</LinearRing>
					</outerBoundaryIs>
				</Polygon>
				<Polygon>
					<outerBoundaryIs>
						<LinearRing>
							<coordinates>
								-98.27190116056954,19.04903675571335,0 -98.27230188169679,19.04771088010105,0 -98.27248962890006,19.0478336610727,0 -98.27313821266986,19.0480842308413,0 -98.27346350746578,19.04821616830786,0 -98.27372814193777,19.04840513534865,0 -98.27385158340881,19.04854218905411,0 -98.27445736482922,19.04890302608807,0 -98.27474035701901,19.04910606138899,0 -98.274737850059,19.04910911600799,0 -98.27473747267531,19.04910957631929,0 -98.27466519440449,19.04922664764758,0 -98.27466345263971,19.04922944319724,0 -98.27463845545893,19.04926955900532,0 -98.27461917163093,19.04930050747019,0 -98.27457976082695,19.04936375663915,0 -98.27456095642732,19.04939393883062,0 -98.27452177530581,19.04945680933123,0 -98.2744845195619,19.04951661478801,0 -98.27446365664164,19.04955008740556,0 -98.27444419180063,19.04958134239802,0 -98.2744306883227,19.04960300538471,0 -98.27442598844083,19.04961054099241,0 -98.274411719273,19.04963344898626,0 -98.27440499103299,19.04964433931167,0 -98.27438619421835,19.04967472936483,0 -98.27437224968611,19.04969728528213,0 -98.27434805586486,19.04973642006658,0 -98.27432634854048,19.04977152505519,0 -98.27432088556988,19.04978036170811,0 -98.27430875755461,19.04979997687109,0 -98.27429006693696,19.04983019562624,0 -98.27427029288117,19.0498621723469,0 -98.27425121746755,19.04989302217906,0 -98.27423218318586,19.04992380891122,0 -98.27419296132268,19.04998724850598,0 -98.2741850702561,19.05000000853667,0 -98.27413047301251,19.05008829922563,0 -98.27411655806647,19.05011081005162,0 -98.27408574025161,19.0501606457409,0 -98.27407667669989,19.05017531339771,0 -98.27406607710866,19.05019244936084,0 -98.27403927371095,19.05023590439599,0 -98.27402663999491,19.05025640498815,0 -98.27400119065442,19.05029771271412,0 -98.27396197808309,19.05036137821523,0 -98.2739433816165,19.0503915521148,0 -98.27390285781011,19.05045733615326,0 -98.27386555847491,19.05051788233326,0 -98.27384821670172,19.05054602781865,0 -98.27384445524791,19.05055214014898,0 -98.27378754567155,19.05064452806471,0 -98.27376051334534,19.05069404059817,0 -98.27344679743391,19.05065442744869,0 -98.27329983257712,19.05062721670108,0 -98.27318654004438,19.05060533925466,0 -98.27256397006315,19.05048512038008,0 -98.27169340063121,19.050323569728,0 -98.27152222326372,19.05029053616726,0 -98.27190116056954,19.04903675571335,0 -98.27190116056954,19.04903675571335,0 
							</coordinates>
						</LinearRing>
					</outerBoundaryIs>
				</Polygon>
				<Polygon>
					<outerBoundaryIs>
						<LinearRing>
							<coordinates>
								-98.25904361013841,19.04912343425636,0 -98.2595552413499,19.0481872218825,0 -98.2593656794657,19.04854222895568,0 -98.25886241872186,19.04947968075616,0 -98.25886196450608,19.04948052660672,0 -98.2588615112486,19.04948137065371,0 -98.2586161692461,19.04993837982477,0 -98.25860909051505,19.04995156535038,0 -98.25814894651552,19.05080868245521,0 -98.25813029400824,19.05079971956422,0 -98.25813387243987,19.05079279169531,0 -98.25817794385212,19.05070745224883,0 -98.25904361013841,19.04912343425636,0 -98.25904361013841,19.04912343425636,0 
							</coordinates>
						</LinearRing>
					</outerBoundaryIs>
				</Polygon>
				<Polygon>
					<outerBoundaryIs>
						<LinearRing>
							<coordinates>
								-98.27857683030039,19.04895303022734,0 -98.27863807515239,19.04889072490251,0 -98.27881757238131,19.04889968792508,0 -98.27893734046235,19.04890566839988,0 -98.27901435413216,19.04891134987693,0 -98.27889547014485,19.05092408896584,0 -98.27882285928695,19.05092131015167,0 -98.27869975847915,19.05090264747199,0 -98.2785355631711,19.04925352594962,0 -98.27853099731287,19.04920766937416,0 -98.27852702713494,19.04916779224478,0 -98.27853003441166,19.04912152425815,0 -98.27853684393531,19.04901678050154,0 -98.27857683030039,19.04895303022734,0 -98.27857683030039,19.04895303022734,0 
							</coordinates>
						</LinearRing>
					</outerBoundaryIs>
				</Polygon>
				<Polygon>
					<outerBoundaryIs>
						<LinearRing>
							<coordinates>
								-98.2792850671669,19.05093899899228,0 -98.27940895102097,19.04887032781405,0 -98.27980236990629,19.04889216850773,0 -98.27979989927167,19.04896436055855,0 -98.27975019770568,19.04994024179215,0 -98.27974821931359,19.04994018979111,0 -98.27968644192984,19.05095435902041,0 -98.2792850671669,19.05093899899228,0 -98.2792850671669,19.05093899899228,0 
							</coordinates>
						</LinearRing>
					</outerBoundaryIs>
				</Polygon>
				<Polygon>
					<outerBoundaryIs>
						<LinearRing>
							<coordinates>
								-98.27695757479258,19.0509137337366,0 -98.27700233986523,19.05077687101181,0 -98.27701090061663,19.05077950089218,0 -98.27694526547431,19.05096494014199,0 -98.27695757479258,19.0509137337366,0 -98.27695757479258,19.0509137337366,0 
							</coordinates>
						</LinearRing>
					</outerBoundaryIs>
				</Polygon>
				<Polygon>
					<outerBoundaryIs>
						<LinearRing>
							<coordinates>
								-98.27795594403074,19.05132240481366,0 -98.2778614124279,19.05119481388062,0 -98.27791672364988,19.0511972660368,0 -98.27795594403074,19.05132240481366,0 -98.27795594403074,19.05132240481366,0 
							</coordinates>
						</LinearRing>
					</outerBoundaryIs>
				</Polygon>
				<Polygon>
					<outerBoundaryIs>
						<LinearRing>
							<coordinates>
								-98.25380922759793,19.0495109501084,0 -98.25366032628206,19.04942371917187,0 -98.25499899129066,19.05018631699645,0 -98.25590721350554,19.05070735136956,0 -98.25728052312886,19.05149458486711,0 -98.25731367570231,19.05151431417021,0 -98.25744106253805,19.05159012054898,0 -98.25759367196012,19.05168297996365,0 -98.25705753869364,19.05137613825758,0 -98.25703290569568,19.05136203983792,0 -98.25635260111723,19.0509726797042,0 -98.25635015261385,19.05097127904026,0 -98.25634911557907,19.0509706856477,0 -98.25634807854831,19.05097009135143,0 -98.25616760059238,19.05086679744268,0 -98.2555517646184,19.05051432674923,0 -98.25554271194483,19.05050914636039,0 -98.25433280362306,19.04981665313324,0 -98.25425717989374,19.04977336932235,0 -98.25388655173884,19.04955624899805,0 -98.25387328271175,19.04954847503038,0 -98.25380922759793,19.0495109501084,0 -98.25380922759793,19.0495109501084,0 
							</coordinates>
						</LinearRing>
					</outerBoundaryIs>
				</Polygon>
				<Polygon>
					<outerBoundaryIs>
						<LinearRing>
							<coordinates>
								-98.11380033217019,19.05486934266469,0 -98.11386682285041,19.05474639218496,0 -98.11373187686651,19.05500520717323,0 -98.11309657027275,19.05600985294629,0 -98.11343918214601,19.05544320723967,0 -98.11343919652565,19.05544318381315,0 -98.11352858159863,19.05529535045736,0 -98.11371122174445,19.05500903626341,0 -98.11371167407195,19.05500832724152,0 -98.11380033217019,19.05486934266469,0 -98.11380033217019,19.05486934266469,0 
							</coordinates>
						</LinearRing>
					</outerBoundaryIs>
				</Polygon>
				<Polygon>
					<outerBoundaryIs>
						<LinearRing>
							<coordinates>
								-98.11260450638541,19.05682367237233,0 -98.11268475193822,19.05669095473352,0 -98.11239918520985,19.05720603917109,0 -98.11238340538924,19.0571962387982,0 -98.11244800824122,19.05708250368198,0 -98.11260450638541,19.05682367237233,0 -98.11260450638541,19.05682367237233,0 
							</coordinates>
						</LinearRing>
					</outerBoundaryIs>
				</Polygon>
				<Polygon>
					<outerBoundaryIs>
						<LinearRing>
							<coordinates>
								-98.27042879882329,19.05965254621605,0 -98.2706602430233,19.05965135738959,0 -98.27063862881791,19.05966837185307,0 -98.26994852689643,19.05967508003127,0 -98.26972434318442,19.0596759587144,0 -98.26972469735318,19.05965692809706,0 -98.2704287964263,19.05965331164446,0 -98.27042879882329,19.05965254621605,0 -98.27042879882329,19.05965254621605,0 
							</coordinates>
						</LinearRing>
					</outerBoundaryIs>
				</Polygon>
				<Polygon>
					<outerBoundaryIs>
						<LinearRing>
							<coordinates>
								-98.11500427860888,19.05972400647075,0 -98.11537057121092,19.05918056630695,0 -98.11554810865221,19.05932030993752,0 -98.1155711946265,19.05933848149764,0 -98.11563000737317,19.05936551315905,0 -98.11578310831791,19.05943588250461,0 -98.11580438464551,19.05944566194797,0 -98.1155058302065,19.05976348848851,0 -98.11513715576294,19.06000507203241,0 -98.11513241056484,19.05992032410043,0 -98.11500427860888,19.05972400647075,0 -98.11500427860888,19.05972400647075,0 
							</coordinates>
						</LinearRing>
					</outerBoundaryIs>
				</Polygon>
				<Polygon>
					<outerBoundaryIs>
						<LinearRing>
							<coordinates>
								-98.26529048699865,19.06425814254573,0 -98.26559008980007,19.06382216172526,0 -98.26565924970531,19.06383497050398,0 -98.26551652542794,19.06429888603883,0 -98.26528686739555,19.06426340937284,0 -98.26529048699865,19.06425814254573,0 -98.26529048699865,19.06425814254573,0 
							</coordinates>
						</LinearRing>
					</outerBoundaryIs>
				</Polygon>
				<Polygon>
					<outerBoundaryIs>
						<LinearRing>
							<coordinates>
								-98.10875154030435,19.06568785269088,0 -98.10888996308127,19.06555756621221,0 -98.10909611057491,19.06559800833027,0 -98.10901793447401,19.06574011236893,0 -98.10875154030435,19.06568785269088,0 -98.10875154030435,19.06568785269088,0 
							</coordinates>
						</LinearRing>
					</outerBoundaryIs>
				</Polygon>
				<Polygon>
					<outerBoundaryIs>
						<LinearRing>
							<coordinates>
								-98.10870168804834,19.06595313789635,0 -98.10894734389532,19.0658684285818,0 -98.10892977708363,19.0659003618509,0 -98.10812726818462,19.06630688753314,0 -98.10801591349792,19.06651218553636,0 -98.10786646012073,19.06678772079738,0 -98.10787581516254,19.06664858829996,0 -98.10789119195353,19.06647037295206,0 -98.10802195635178,19.06629271653057,0 -98.10822476386694,19.06612912250031,0 -98.10844162734365,19.06603416887268,0 -98.10870168804834,19.06595313789635,0 -98.10870168804834,19.06595313789635,0 
							</coordinates>
						</LinearRing>
					</outerBoundaryIs>
				</Polygon>
				<Polygon>
					<outerBoundaryIs>
						<LinearRing>
							<coordinates>
								-98.26522642984662,19.06530604960815,0 -98.26524875078572,19.06529653305385,0 -98.26444532651902,19.06623215857092,0 -98.26410022480445,19.06665041209915,0 -98.26338145452546,19.06782791549763,0 -98.26348674045809,19.06763540985212,0 -98.26367333996174,19.06729744973527,0 -98.26391548964905,19.06690572025405,0 -98.26407855024469,19.06666308500824,0 -98.26413515003136,19.0665925797867,0 -98.26423166018796,19.0664723791596,0 -98.26446399948362,19.06615764950731,0 -98.26458178993711,19.06599808959872,0 -98.26485005983523,19.06567108486385,0 -98.26489890065555,19.0656115600828,0 -98.26507854036647,19.06544188984638,0 -98.26508848993237,19.06543251018633,0 -98.26522642984662,19.06530604960815,0 -98.26522642984662,19.06530604960815,0 
							</coordinates>
						</LinearRing>
					</outerBoundaryIs>
				</Polygon>
				<Polygon>
					<outerBoundaryIs>
						<LinearRing>
							<coordinates>
								-98.26320471360781,19.06810997635082,0 -98.26327084542893,19.06800911617659,0 -98.26289829545173,19.06861942539188,0 -98.26217675649463,19.06989202424777,0 -98.26220891943315,19.06978773913755,0 -98.26223685979926,19.06972934521234,0 -98.26229926942395,19.06960862524458,0 -98.26243502953258,19.06934601908907,0 -98.26260611973746,19.06904120024312,0 -98.26267833926445,19.06891254959019,0 -98.26283501957366,19.06868345015912,0 -98.26297806017996,19.06848733002069,0 -98.26314780040823,19.06819678098638,0 -98.26320471360781,19.06810997635082,0 -98.26320471360781,19.06810997635082,0 
							</coordinates>
						</LinearRing>
					</outerBoundaryIs>
				</Polygon>
				<Polygon>
					<outerBoundaryIs>
						<LinearRing>
							<coordinates>
								-98.10644159598957,19.07050914921798,0 -98.10645252714552,19.07045359365761,0 -98.10646468111884,19.07062633935297,0 -98.10640073794745,19.07065190082681,0 -98.10644159598957,19.07050914921798,0 -98.10644159598957,19.07050914921798,0 
							</coordinates>
						</LinearRing>
					</outerBoundaryIs>
				</Polygon>
				<Polygon>
					<outerBoundaryIs>
						<LinearRing>
							<coordinates>
								-98.10603488597243,19.07143640589216,0 -98.10606674262907,19.07135611340845,0 -98.10607502993786,19.07142284837466,0 -98.10603488597243,19.07143640589216,0 -98.10603488597243,19.07143640589216,0 
							</coordinates>
						</LinearRing>
					</outerBoundaryIs>
				</Polygon>
				<Polygon>
					<outerBoundaryIs>
						<LinearRing>
							<coordinates>
								-98.23666952252309,19.09488870882763,0 -98.23682103522452,19.09476603539202,0 -98.23685998994371,19.09559985617989,0 -98.23682928436345,19.09736813768011,0 -98.23682844442368,19.09736805106016,0 -98.23660196862107,19.09734095333126,0 -98.23660359936068,19.09732136977649,0 -98.23659350987654,19.09684329015142,0 -98.23662879997461,19.0965134907886,0 -98.23665135032887,19.09630281980919,0 -98.2366347401198,19.09591169021181,0 -98.23665063816887,19.09563569059418,0 -98.23664531790845,19.09560143113048,0 -98.23662469036306,19.09546865600343,0 -98.23659986997251,19.09530888546789,0 -98.23666384970841,19.09504103036545,0 -98.23666952252309,19.09488870882763,0 -98.23666952252309,19.09488870882763,0 
							</coordinates>
						</LinearRing>
					</outerBoundaryIs>
				</Polygon>
				<Polygon>
					<outerBoundaryIs>
						<LinearRing>
							<coordinates>
								-98.23303586944644,19.10446229018372,0 -98.23305760198254,19.1044326337927,0 -98.23308589155009,19.10477726247563,0 -98.23304003634942,19.10478049649386,0 -98.23303522850691,19.1047737791906,0 -98.23300284838551,19.10472017002073,0 -98.23299050996579,19.10469211043105,0 -98.23297907894219,19.10465342988651,0 -98.23298397036226,19.10459230992012,0 -98.23303586944644,19.10446229018372,0 -98.23303586944644,19.10446229018372,0 
							</coordinates>
						</LinearRing>
					</outerBoundaryIs>
				</Polygon>
			</MultiGeometry>
		</Placemark>
		<Placemark id="ID_70005">
			<visibility>0</visibility>
			<snippet></snippet>
			<description><![CDATA[<html><body><table border="1"><tr><th>Field Name</th><th>Field Value</th></tr><tr><td>MUNICIPIO</td><td>PUEBLA</td></tr><tr><td>SERVICIO</td><td>AGUA Y DRENAJE</td></tr><tr><td>FECHA ACTUALIZACIÓN</td><td>07/05/2024</td></tr><tr><td>POBLACIÓN AGUA</td><td>1422475</td></tr><tr><td>PROMEDIO OCUPANTES EN VIVIENDAS PARTICULARES AGUA</td><td>3,48</td></tr><tr><td>MES 1 TOMAS ACTIVAS AGUA</td><td>402338</td></tr><tr><td>MES 2 TOMAS ACTIVAS AGUA</td><td>402765</td></tr><tr><td>MES 3 TOMAS ACTIVAS AGUA</td><td>403093</td></tr><tr><td>NÚMERO DE HABITANTES SERVIDOS AGUA</td><td>1403821</td></tr><tr><td>COBERTURA POR MUNICIPIO AGUA</td><td>Nulo</td></tr><tr><td>POBLACIÓN DRENAJE</td><td>1422475</td></tr><tr><td>PROMEDIO OCUPANTES EN VIVIENDAS PARTICULARES DRENAJE</td><td>3,48</td></tr><tr><td>MES 1 TOMAS ACTIVAS DRENAJE</td><td>403785</td></tr><tr><td>MES 2 TOMAS ACTIVAS DRENAJE</td><td>404196</td></tr><tr><td>MES 3 TOMAS ACTIVAS DRENAJE</td><td>404521</td></tr><tr><td>NÚMERO DE HABITANTES SERVIDOS DRENAJE</td><td>1408795</td></tr><tr><td>COBERTURA POR MUNICIPIO DRENAJE</td><td>Nulo</td></tr></table></body></html>]]></description>
			<styleUrl>#PolyStyle720</styleUrl>
			<MultiGeometry>
				<extrude>1</extrude>
				<Polygon>
					<extrude>1</extrude>
					<outerBoundaryIs>
						<LinearRing>
							<coordinates>
								-98.27561332753476,18.94140140580824,0 -98.27521367836155,18.94154601359473,0 -98.2749240004557,18.94177180293004,0 -98.27469601262365,18.94209146078517,0 -98.2745753126221,18.94246185600398,0 -98.27456458396776,18.94278912303092,0 -98.27463968592943,18.94321025588246,0 -98.27476038565152,18.94335486164195,0 -98.27643140127702,18.94145468192274,0 -98.27622487140277,18.94138110976665,0 -98.27592178171136,18.94135827741957,0 -98.27561332753476,18.94140140580824,0 -98.27561332753476,18.94140140580824,0 
							</coordinates>
						</LinearRing>
					</outerBoundaryIs>
				</Polygon>
				<Polygon>
					<extrude>1</extrude>
					<outerBoundaryIs>
						<LinearRing>
							<coordinates>
								-98.24221544362122,18.94432426249723,0 -98.24217780246133,18.94426537740762,0 -98.24207700805036,18.9442265876207,0 -98.24182307475539,18.94414287460167,0 -98.24161619534283,18.94435170962462,0 -98.24149947056335,18.94420874144408,0 -98.24139877999509,18.9440854113538,0 -98.24131321178885,18.94300190480502,0 -98.24177406760643,18.94295900416004,0 -98.24206182550391,18.94301350559624,0 -98.24223729488786,18.94320673296286,0 -98.24251049773116,18.94338147088513,0 -98.24248530833061,18.94367151627599,0 -98.24294197810048,18.94400135312723,0 -98.24302393373188,18.94389579616987,0 -98.2431430010389,18.94399676396435,0 -98.24303110260442,18.94407271608616,0 -98.24326776313406,18.94424420044948,0 -98.243353250506,18.9444293600246,0 -98.24315084805517,18.94456816930464,0 -98.24307419242223,18.94457812352829,0 -98.24304737104917,18.94458502505197,0 -98.24304330570972,18.94455457598067,0 -98.24299254481637,18.94446970911752,0 -98.24285601300653,18.94429386070416,0 -98.24283184684178,18.94432378694994,0 -98.24260887938061,18.9445998911438,0 -98.24232479296107,18.94449532903058,0 -98.24221544362122,18.94432426249723,0 -98.24221544362122,18.94432426249723,0 
							</coordinates>
						</LinearRing>
					</outerBoundaryIs>
				</Polygon>
				<Polygon>
					<extrude>1</extrude>
					<outerBoundaryIs>
						<LinearRing>
							<coordinates>
								-98.2388627295324,18.94393124683715,0 -98.23968848599432,18.94381181591976,0 -98.23968852132255,18.94381198415481,0 -98.23986396316002,18.9446505552803,0 -98.23911914144341,18.9447911485395,0 -98.23905328614899,18.94480357909293,0 -98.23904053542601,18.9447452085209,0 -98.23886493185574,18.9439413295383,0 -98.2388627295324,18.94393124683715,0 -98.2388627295324,18.94393124683715,0 
							</coordinates>
						</LinearRing>
					</outerBoundaryIs>
				</Polygon>
				<Polygon>
					<extrude>1</extrude>
					<outerBoundaryIs>
						<LinearRing>
							<coordinates>
								-98.27705922263546,18.94547054405109,0 -98.27691568118146,18.94493922165645,0 -98.27636228901451,18.94520078671329,0 -98.27632076723735,18.94522649990875,0 -98.27623274258131,18.94507248029115,0 -98.27610565426758,18.94485010828215,0 -98.27600425213222,18.94467267888532,0 -98.27595321225786,18.94458337316938,0 -98.27590415386143,18.9444975318926,0 -98.2758110949102,18.94434141388193,0 -98.27572358638464,18.9442170144604,0 -98.27562556435595,18.94409569266353,0 -98.27551547162398,18.94397670495965,0 -98.27541548357303,18.94388209647078,0 -98.27525067218521,18.94374695869476,0 -98.27512790431547,18.94364940619922,0 -98.27502180148433,18.94356509585946,0 -98.27490555047571,18.94347272168797,0 -98.27481320700726,18.94339934396535,0 -98.27476507290243,18.94335677325641,0 -98.27479534049213,18.94332215725987,0 -98.27641652198466,18.94147273617607,0 -98.27644718328577,18.94146208889811,0 -98.27652850048003,18.94151443668837,0 -98.27664554297648,18.94160553327125,0 -98.27673655515287,18.9416898552383,0 -98.27685078797809,18.94182233911577,0 -98.27694682165748,18.94196731184278,0 -98.27703179058237,18.94211527878812,0 -98.27712760408791,18.94228213136574,0 -98.277210416359,18.94241291378212,0 -98.27732373040251,18.94256488788384,0 -98.27739975896358,18.94265175476976,0 -98.27740122635018,18.94268992988034,0 -98.27739523869985,18.94270947473847,0 -98.27743748552186,18.94273006061845,0 -98.27744973931043,18.94288781963342,0 -98.27734634950467,18.94304244948873,0 -98.27712023060234,18.94336916935156,0 -98.2767751098072,18.94419347951684,0 -98.27696411999131,18.94442467962671,0 -98.27723071973281,18.94470033936016,0 -98.27757745297252,18.94500325882536,0 -98.27767115817117,18.94508512371437,0 -98.27768099858129,18.94509371933611,0 -98.27749870825626,18.94525338014147,0 -98.27737367525681,18.94526339779897,0 -98.27732199865171,18.94526753969764,0 -98.27716176633753,18.9453913245063,0 -98.27705922263546,18.94547054405109,0 -98.27705922263546,18.94547054405109,0 
							</coordinates>
						</LinearRing>
					</outerBoundaryIs>
				</Polygon>
				<Polygon>
					<extrude>1</extrude>
					<outerBoundaryIs>
						<LinearRing>
							<coordinates>
								-98.27446655784247,18.94476997895674,0 -98.27540111277514,18.94416234791642,0 -98.27541063593515,18.94417201241546,0 -98.27548733207948,18.94425926584701,0 -98.27555870769177,18.94435051548619,0 -98.2756245341966,18.94444546764196,0 -98.27568459921308,18.94454381693806,0 -98.27619046744198,18.94542895983874,0 -98.27625262003814,18.94552833921178,0 -98.27632007558297,18.94562453739058,0 -98.27639265664175,18.94571729611802,0 -98.27647016862848,18.94580636972191,0 -98.27655240552384,18.94589152061888,0 -98.27663914891363,18.94597252202164,0 -98.27673016798498,18.94604915884295,0 -98.27682521953002,18.94612122679192,0 -98.27684165450313,18.94613612358213,0 -98.27685539655059,18.94615331254007,0 -98.27686609898234,18.94617235943418,0 -98.27687349035509,18.94619277971811,0 -98.27687738198479,18.9462140584417,0 -98.27687767647886,18.9462356538991,0 -98.27687436668543,18.94625702112125,0 -98.27686753566621,18.94627761820188,0 -98.27685735662665,18.946296922564,0 -98.27684408715541,18.94631444539709,0 -98.276828064425,18.94632974338681,0 -98.27668047274247,18.94644982207611,0 -98.27661439426117,18.94649967631755,0 -98.27654462376395,18.94654474450744,0 -98.2764715412639,18.94658478140979,0 -98.27639554756452,18.94661956627057,0 -98.27631705853418,18.94664890912137,0 -98.27623650416365,18.9466726489685,0 -98.27615432570532,18.94669065649299,0 -98.27607097282748,18.94670283313581,0 -98.27598690266437,18.9467091110942,0 -98.27590257409814,18.94670945781806,0 -98.2758065441717,18.94663744070838,0 -98.27572131280675,18.94648622064022,0 -98.27560721742017,18.94632579097912,0 -98.27544284390913,18.94623320562772,0 -98.27538705895645,18.9461392704651,0 -98.27545399171316,18.94599713971123,0 -98.2753733905727,18.94569747233324,0 -98.2749626929144,18.94546198262561,0 -98.27482816615327,18.94538662892458,0 -98.27468625922737,18.94528835874429,0 -98.2746259661826,18.94515427349683,0 -98.27472135855446,18.94492853673301,0 -98.27455898939762,18.94482749698076,0 -98.27446655784247,18.94476997895674,0 -98.27446655784247,18.94476997895674,0 
							</coordinates>
						</LinearRing>
					</outerBoundaryIs>
				</Polygon>
				<Polygon>
					<extrude>1</extrude>
					<outerBoundaryIs>
						<LinearRing>
							<coordinates>
								-98.21690771258376,18.94885331438785,0 -98.21699511883617,18.94800010554404,0 -98.21646207172135,18.94773091709452,0 -98.21572727767682,18.94714671311452,0 -98.21577507976627,18.94709562451208,0 -98.21642891998985,18.94639688528832,0 -98.2169861097141,18.9458016626668,0 -98.21754568555808,18.94520306027747,0 -98.21786364919132,18.94486325212241,0 -98.21825000052452,18.94449661953004,0 -98.21895412471007,18.9438297131625,0 -98.21944915847044,18.94396057552294,0 -98.21979248545824,18.94429300389358,0 -98.219780065252,18.94530510391671,0 -98.2197435789252,18.94536482102277,0 -98.21882120658111,18.94688255486621,0 -98.21880924561079,18.94690170735014,0 -98.2189750209368,18.94750450132957,0 -98.21899077969898,18.94756217811918,0 -98.219560358254,18.94749340924109,0 -98.21972921218121,18.94783951938233,0 -98.21990586433276,18.94822220538935,0 -98.21988962631208,18.94868556709159,0 -98.2197528399507,18.94899662588409,0 -98.21975702524151,18.9490606530607,0 -98.2189736771317,18.94877370867488,0 -98.21869844319134,18.94972536336538,0 -98.21690771258376,18.94885331438785,0 -98.21690771258376,18.94885331438785,0 
							</coordinates>
						</LinearRing>
					</outerBoundaryIs>
				</Polygon>
				<Polygon>
					<extrude>1</extrude>
					<outerBoundaryIs>
						<LinearRing>
							<coordinates>
								-98.17082180220675,18.95954153800086,0 -98.17106704493703,18.95826915270472,0 -98.17106740842721,18.95826921035962,0 -98.17153169960572,18.95834264132361,0 -98.1717717434795,18.95838060488276,0 -98.17417562930288,18.95876982986916,0 -98.17400970578976,18.95965029993665,0 -98.17351510126912,18.95954041301038,0 -98.17343132663073,18.96008027628178,0 -98.17342743613479,18.96010534919543,0 -98.17082180220675,18.95954153800086,0 -98.17082180220675,18.95954153800086,0 
							</coordinates>
						</LinearRing>
					</outerBoundaryIs>
				</Polygon>
				<Polygon>
					<extrude>1</extrude>
					<outerBoundaryIs>
						<LinearRing>
							<coordinates>
								-98.17753714050465,18.96400781153841,0 -98.17787886607081,18.96301161440487,0 -98.17829936081252,18.96317911654735,0 -98.17835178847793,18.96319701542094,0 -98.17828841873451,18.9640206009427,0 -98.1782130575678,18.96426372214145,0 -98.17820404079502,18.96433602229234,0 -98.17817483539392,18.96437454303166,0 -98.17809438364127,18.96433544736011,0 -98.17768746068531,18.96414522268195,0 -98.1775330264588,18.9640989149691,0 -98.17753714050465,18.96400781153841,0 -98.17753714050465,18.96400781153841,0 
							</coordinates>
						</LinearRing>
					</outerBoundaryIs>
				</Polygon>
				<Polygon>
					<extrude>1</extrude>
					<outerBoundaryIs>
						<LinearRing>
							<coordinates>
								-98.2035157150256,18.96985561571656,0 -98.20352119375852,18.96983265089603,0 -98.20398707465453,18.96996389994966,0 -98.20571988075342,18.97019630179173,0 -98.20571505708914,18.97024346251509,0 -98.20571308216813,18.97025271247963,0 -98.20550585335019,18.97122304549904,0 -98.20491420038965,18.97111981732938,0 -98.20456325253298,18.97105858497487,0 -98.20421961217441,18.97099479876752,0 -98.20378781062382,18.97092562650281,0 -98.20330302044351,18.97083743738774,0 -98.20328853753269,18.97083565264223,0 -98.2035157150256,18.96985561571656,0 -98.2035157150256,18.96985561571656,0 
							</coordinates>
						</LinearRing>
					</outerBoundaryIs>
				</Polygon>
				<Polygon>
					<extrude>1</extrude>
					<outerBoundaryIs>
						<LinearRing>
							<coordinates>
								-98.1630455931293,18.96740834128718,0 -98.1632233129256,18.96716579428751,0 -98.16323093898514,18.96715538653179,0 -98.16335079528506,18.96692709590575,0 -98.1635639617527,18.96695742216572,0 -98.16370290635736,18.96693832443736,0 -98.1640307383913,18.96688437306795,0 -98.1640830021331,18.96663072196864,0 -98.16421378600465,18.9666166305503,0 -98.16468560559755,18.96683984656468,0 -98.16471221237133,18.96687655624987,0 -98.16489889735082,18.96715921256112,0 -98.16498241040738,18.96728148395063,0 -98.16505662787286,18.96739487527057,0 -98.16516395772879,18.96731567829035,0 -98.1655428628541,18.96703608739964,0 -98.1656200720808,18.96706139068727,0 -98.1668520480209,18.96746512856829,0 -98.1671186773452,18.96755250565305,0 -98.16695266240124,18.96803149885615,0 -98.1670043634946,18.96805477105116,0 -98.16807818592501,18.96838271265377,0 -98.1676734678805,18.9685226756657,0 -98.1673415687868,18.96864861438242,0 -98.16645977184649,18.96927459897309,0 -98.16645738337967,18.96928062400947,0 -98.16644007823979,18.9693720570757,0 -98.16642282184262,18.96946323461227,0 -98.16642203182234,18.96962215225633,0 -98.16648123625299,18.96976333732893,0 -98.16653747470946,18.96993444937824,0 -98.16653793134036,18.96993583860543,0 -98.16644099761352,18.96994396407094,0 -98.16644092253509,18.96994397186636,0 -98.16635509170737,18.96995116583252,0 -98.16602821458964,18.96997359729163,0 -98.16583516125691,18.969993061227,0 -98.1656426697477,18.97001414510485,0 -98.16557525825509,18.97017814233135,0 -98.16547122704416,18.97041277908875,0 -98.16546785830224,18.97042013083699,0 -98.16540607424976,18.97055497301341,0 -98.16525780355505,18.97057125283656,0 -98.16443109868969,18.97066202689787,0 -98.16442215127242,18.97066309266151,0 -98.16445332952567,18.9707020542317,0 -98.16454162213113,18.97084503205973,0 -98.16455614063487,18.97086854481369,0 -98.1646013280716,18.97092154066922,0 -98.16461580891871,18.97096634069185,0 -98.16467112804564,18.97113748794836,0 -98.16464762626894,18.97114624721516,0 -98.16457556783497,18.97117310539441,0 -98.16456473171752,18.97117576037888,0 -98.16448290255485,18.97120839244316,0 -98.1642009754343,18.97132082530853,0 -98.16410215158946,18.97135751763308,0 -98.16418847413516,18.97156795298586,0 -98.16420820271981,18.97161604809013,0 -98.16320343250986,18.97198910436626,0 -98.16318155117015,18.97195102141488,0 -98.16324379252663,18.97175984580956,0 -98.16341333146852,18.97127922237208,0 -98.16347811471601,18.97108469639173,0 -98.16359948265067,18.97073310162281,0 -98.16367667854692,18.97049398002114,0 -98.16381265646876,18.97005477362002,0 -98.16381323917331,18.97005278179522,0 -98.16397738938969,18.96922607047832,0 -98.16397894345278,18.96921824245422,0 -98.16373224803077,18.96912955099237,0 -98.16366189928713,18.9691068660555,0 -98.16333830267921,18.96899087508939,0 -98.16326613623524,18.96896605178713,0 -98.16295232015273,18.96885116798704,0 -98.16289182293937,18.96882766695877,0 -98.16272061275612,18.96877522719367,0 -98.16282147364987,18.96787438273436,0 -98.16284332978459,18.96781826804578,0 -98.16286641113226,18.96775151516869,0 -98.16297015739397,18.96750448350581,0 -98.16301008030835,18.96745642281445,0 -98.1630455931293,18.96740834128718,0 -98.1630455931293,18.96740834128718,0 
							</coordinates>
						</LinearRing>
					</outerBoundaryIs>
				</Polygon>
				<Polygon>
					<extrude>1</extrude>
					<outerBoundaryIs>
						<LinearRing>
							<coordinates>
								-98.20728494706297,18.97217883328449,0 -98.20739537659004,18.97155292241456,0 -98.20741554836162,18.97143859182995,0 -98.20743566546631,18.97132456645849,0 -98.20747641979601,18.97109357004913,0 -98.20751018758369,18.97090217109937,0 -98.20751794213496,18.97085822015602,0 -98.20760056576844,18.97038990248011,0 -98.20760059097729,18.97038979414363,0 -98.20910773023253,18.97052128119515,0 -98.20895486150405,18.97094502549254,0 -98.20885994543094,18.97120812638197,0 -98.20880309110471,18.97136572431374,0 -98.20874990372016,18.97151315405722,0 -98.20866309398077,18.97176444098762,0 -98.20855667947349,18.97206597673202,0 -98.20837204675162,18.97206253086987,0 -98.20823041649,18.97205988767844,0 -98.20822133635062,18.97205971782843,0 -98.20814056143617,18.97228318356426,0 -98.20811996106484,18.97231357106434,0 -98.20797736118034,18.97232732753941,0 -98.20792385325353,18.97231940822715,0 -98.20777617754234,18.97228644219724,0 -98.20739381587462,18.97220253336315,0 -98.20728494706297,18.97217883328449,0 -98.20728494706297,18.97217883328449,0 
							</coordinates>
						</LinearRing>
					</outerBoundaryIs>
				</Polygon>
				<Polygon>
					<extrude>1</extrude>
					<outerBoundaryIs>
						<LinearRing>
							<coordinates>
								-98.1681534617953,18.97489842573779,0 -98.16859050051357,18.97271247243203,0 -98.16859239113984,18.97270301560955,0 -98.1686596309392,18.97271464975623,0 -98.16874312563741,18.97191121963131,0 -98.16868618122227,18.97190681249704,0 -98.16871876350325,18.97146399052559,0 -98.16877713644523,18.97121509629642,0 -98.16949398183183,18.97044388207809,0 -98.17014590244348,18.96984930324189,0 -98.17079345399817,18.9698007645299,0 -98.1709756521611,18.96962653399247,0 -98.17099175447304,18.96961113567274,0 -98.17103801614716,18.96956689799569,0 -98.17105352934483,18.96955115272559,0 -98.17189614079031,18.9697514752609,0 -98.17201174644258,18.96978362138652,0 -98.17249202759848,18.96990324798968,0 -98.17284720496329,18.96999068542181,0 -98.17321068277839,18.97008041847286,0 -98.17343245422512,18.97013337071143,0 -98.1735800956811,18.97017017730034,0 -98.17394654167107,18.97025992217321,0 -98.17429578218191,18.97034733040055,0 -98.17474583567065,18.97045777955096,0 -98.1751110956863,18.97054751687516,0 -98.17546923221353,18.97063722178403,0 -98.17587081383094,18.97073171369842,0 -98.17572470241844,18.9719063632831,0 -98.1758190382528,18.97196217245149,0 -98.17481627113366,18.97935253934057,0 -98.17044869971325,18.97857174956669,0 -98.1702999192259,18.97854514965438,0 -98.16871730850882,18.97838243556854,0 -98.16831512581791,18.97596078962339,0 -98.16831689812599,18.97595662070255,0 -98.16827577122389,18.97569930214698,0 -98.1681534617953,18.97489842573779,0 -98.1681534617953,18.97489842573779,0 
							</coordinates>
						</LinearRing>
					</outerBoundaryIs>
				</Polygon>
				<Polygon>
					<extrude>1</extrude>
					<outerBoundaryIs>
						<LinearRing>
							<coordinates>
								-98.18354784835091,18.98338842708997,0 -98.18334497237642,18.98117510021192,0 -98.18351617769127,18.98057185359687,0 -98.18353576032035,18.98057170769708,0 -98.18368297423071,18.98016981187125,0 -98.1843680213267,18.9801743498311,0 -98.18460902404482,18.9801584334997,0 -98.1850733485355,18.98009256652901,0 -98.18537714161225,18.98000901533145,0 -98.18569010439793,18.97987456971886,0 -98.18596754072013,18.97970601272996,0 -98.18622721302988,18.97952039855409,0 -98.18643359435595,18.97928361742485,0 -98.18666694939364,18.97900450961438,0 -98.18720693495639,18.97805612742185,0 -98.18731794984913,18.97783207447605,0 -98.18731809275921,18.97782924471926,0 -98.1873342503476,18.97779663517466,0 -98.18734895074211,18.97776696709847,0 -98.18775584081429,18.97799034003885,0 -98.188990123176,18.97879124236056,0 -98.19117577451181,18.98020787588229,0 -98.19152139513261,18.98043133829776,0 -98.19182582296608,18.98062816631798,0 -98.19246825947289,18.98103674376,0 -98.19252943290068,18.98107787943999,0 -98.19249395059283,18.98112563430997,0 -98.19249947338641,18.98112921264483,0 -98.19169556819938,18.98223012087468,0 -98.19321929966846,18.98322221279452,0 -98.19337232757002,18.98323079417846,0 -98.1933723962608,18.98323073302621,0 -98.19352063563556,18.98309915950637,0 -98.19366242872455,18.98300858211249,0 -98.1940626625607,18.98289748891307,0 -98.19406391932444,18.98289749257647,0 -98.19504078253742,18.98289865441941,0 -98.19555895939494,18.98339805161475,0 -98.19012127929099,18.98829068020671,0 -98.18876952347061,18.98766260454065,0 -98.18876138791202,18.98684952450594,0 -98.18776264304505,18.98398851408197,0 -98.18776258307736,18.98398834301993,0 -98.18762267928697,18.98396961634295,0 -98.18714016161913,18.98390118141522,0 -98.18712505922609,18.98389903750328,0 -98.18702371460252,18.98388589825082,0 -98.18686757417639,18.9838638933875,0 -98.18684359003427,18.98386051394665,0 -98.18671174514175,18.98384193765768,0 -98.18661089881644,18.98382772768093,0 -98.1864539069683,18.98380560667279,0 -98.18629823758755,18.98378366304791,0 -98.18619707642959,18.98376935567219,0 -98.1860412318574,18.98374731436752,0 -98.18588479619194,18.98372513297155,0 -98.18578349682345,18.98371074252774,0 -98.18529629315306,18.98364067545701,0 -98.18519430915809,18.98362507705223,0 -98.18503855999349,18.9836012541436,0 -98.18488286398525,18.9835794023038,0 -98.18478159257648,18.98356496715907,0 -98.18462502646028,18.98354273081643,0 -98.1844694996587,18.9835195138906,0 -98.18436829177823,18.98350511946824,0 -98.18405615500737,18.98346072445009,0 -98.18395494720704,18.98344632980429,0 -98.18381638765494,18.9834266220766,0 -98.18354784835091,18.98338842708997,0 -98.18354784835091,18.98338842708997,0 
							</coordinates>
						</LinearRing>
					</outerBoundaryIs>
					<innerBoundaryIs>
						<LinearRing>
							<coordinates>
								-98.18770122675464,18.9780202053955,0 -98.18770138112707,18.97801912524909,0 -98.18769992186256,18.97801936013557,0 -98.18770122675464,18.9780202053955,0 -98.18770122675464,18.9780202053955,0 
							</coordinates>
						</LinearRing>
					</innerBoundaryIs>
				</Polygon>
				<Polygon>
					<extrude>1</extrude>
					<outerBoundaryIs>
						<LinearRing>
							<coordinates>
								-98.27399825063847,18.99045494704566,0 -98.27428946633975,18.99031809141532,0 -98.27418851871606,18.99041611974692,0 -98.27389865044709,18.99060609074118,0 -98.27365910105802,18.99066012991251,0 -98.27399825063847,18.99045494704566,0 -98.27399825063847,18.99045494704566,0 
							</coordinates>
						</LinearRing>
					</outerBoundaryIs>
				</Polygon>
				<Polygon>
					<extrude>1</extrude>
					<outerBoundaryIs>
						<LinearRing>
							<coordinates>
								-98.27333407101477,18.99291036592439,0 -98.27325130656519,18.99258982788519,0 -98.27342585981626,18.99300191895662,0 -98.27353016896812,18.99346861020835,0 -98.27353029013224,18.99346914929609,0 -98.27340517983419,18.99368240035361,0 -98.27303760019603,18.99377857112813,0 -98.27270627952554,18.99378292199364,0 -98.27232573904462,18.99366704055561,0 -98.2733917402213,18.9935227078438,0 -98.27333407101477,18.99291036592439,0 -98.27333407101477,18.99291036592439,0 
							</coordinates>
						</LinearRing>
					</outerBoundaryIs>
				</Polygon>
				<Polygon>
					<extrude>1</extrude>
					<outerBoundaryIs>
						<LinearRing>
							<coordinates>
								-98.26987955476595,18.99425489850206,0 -98.27048033150109,18.99409020337033,0 -98.27039611842847,18.99413163004061,0 -98.26993681955838,18.9942570592782,0 -98.2698521187245,18.99426911587575,0 -98.26987955476595,18.99425489850206,0 -98.26987955476595,18.99425489850206,0 
							</coordinates>
						</LinearRing>
					</outerBoundaryIs>
				</Polygon>
				<Polygon>
					<extrude>1</extrude>
					<outerBoundaryIs>
						<LinearRing>
							<coordinates>
								-98.2507485831146,19.00085100377601,0 -98.2514080077235,18.99965514591578,0 -98.25231135310395,19.00009940879207,0 -98.25186704114873,19.00165986505793,0 -98.25064987240565,19.00103827050251,0 -98.2507485831146,19.00085100377601,0 -98.2507485831146,19.00085100377601,0 
							</coordinates>
						</LinearRing>
					</outerBoundaryIs>
				</Polygon>
				<Polygon>
					<extrude>1</extrude>
					<outerBoundaryIs>
						<LinearRing>
							<coordinates>
								-98.1538446041198,19.0019468566689,0 -98.15454843759883,19.00120404950394,0 -98.15455708151126,19.00215227799366,0 -98.15452622275951,19.00569204760005,0 -98.15289626261674,19.00772209759773,0 -98.15159634483628,19.00810633544727,0 -98.15109125977416,19.00595000116132,0 -98.151051095616,19.00579399275314,0 -98.15091963725962,19.00520831461755,0 -98.15172418285401,19.00418952675887,0 -98.1528570796244,19.00299972462926,0 -98.1538446041198,19.0019468566689,0 -98.1538446041198,19.0019468566689,0 
							</coordinates>
						</LinearRing>
					</outerBoundaryIs>
				</Polygon>
				<Polygon>
					<extrude>1</extrude>
					<outerBoundaryIs>
						<LinearRing>
							<coordinates>
								-98.13962972672661,19.00852118829252,0 -98.13893966477926,19.00827371991995,0 -98.13782556237403,19.00835498666269,0 -98.13789657422176,19.00626491230044,0 -98.1381427288146,19.0055184050338,0 -98.14028208016768,19.00522838274027,0 -98.14057611450687,19.00539491077606,0 -98.14072465515697,19.0054282538761,0 -98.14114530772848,19.00554811181177,0 -98.14193738592324,19.00566371718481,0 -98.14205041872378,19.00564158158416,0 -98.1419705981033,19.00619015724757,0 -98.14233913878196,19.00632328000983,0 -98.14219022332723,19.00665100120274,0 -98.142696479771,19.00697373754542,0 -98.14285624537872,19.00646351045304,0 -98.143260162023,19.00580493619357,0 -98.14332717415044,19.00585021681889,0 -98.1441227899371,19.00615657526041,0 -98.14490554156147,19.00641633818348,0 -98.14501544591077,19.00646263797728,0 -98.14494461882092,19.00510464554696,0 -98.14524226958508,19.00531738681157,0 -98.14532557880187,19.00535704247998,0 -98.14542612299982,19.00528139753235,0 -98.14560790785495,19.00536900139102,0 -98.14576668013643,19.00551192832531,0 -98.145832831733,19.00559599491235,0 -98.14590806886079,19.00591367163327,0 -98.14592971242936,19.00627403145831,0 -98.1459166307625,19.00672710476287,0 -98.14708998873306,19.00578693615518,0 -98.14683805428248,19.00555510496287,0 -98.14651208257914,19.00525514251891,0 -98.14630077380305,19.00506069211169,0 -98.14602924288938,19.00502132194243,0 -98.14590658663475,19.00491932920652,0 -98.14563360659204,19.00479801705806,0 -98.14556373993697,19.00476023643161,0 -98.1454329458802,19.00468950866391,0 -98.14536962142085,19.00460745758163,0 -98.14530065371837,19.00439443776262,0 -98.14499812738654,19.00404435864176,0 -98.14494192147329,19.00371755193226,0 -98.14488947331836,19.00358187007824,0 -98.14475913567685,19.00338934485712,0 -98.14459827621603,19.00320940685621,0 -98.14464802012296,19.00262496042946,0 -98.14460757174801,19.00221879225608,0 -98.14464963267255,19.00161212377218,0 -98.14474255463949,19.00113764608563,0 -98.14465053469897,19.00084647328332,0 -98.14448337636851,19.00055866893833,0 -98.14465213771942,19.00053277964907,0 -98.1448060326361,19.00052105819116,0 -98.14501169901895,19.00041297788606,0 -98.1452522762558,19.00016255505838,0 -98.14541859630994,18.99990688094573,0 -98.14555072376675,18.99952173808885,0 -98.14577788686078,18.99955474878949,0 -98.14603303298176,18.99954405856575,0 -98.14625120569272,18.99943128925919,0 -98.14658059031545,18.99956607874183,0 -98.14719577441686,18.99956267921377,0 -98.1471989548843,18.99968132748172,0 -98.14720657002312,18.99969332833364,0 -98.14773729820099,19.00052964517224,0 -98.14791601565136,19.00088967495801,0 -98.14792905751251,19.00097726275137,0 -98.14834904259605,19.00132604171013,0 -98.14889226801102,19.00193086431161,0 -98.14928750410881,19.00217531573464,0 -98.14932823501537,19.0020737376861,0 -98.14931813013688,19.00197974909263,0 -98.14943330374517,19.00195876186256,0 -98.14962415458498,19.00215818168478,0 -98.14964534824017,19.00227823665196,0 -98.1496690500704,19.00241250010645,0 -98.15005085640766,19.00254849338932,0 -98.14982054238753,19.00170400535585,0 -98.14929157011714,19.00090187791579,0 -98.14928819121063,19.00089675382085,0 -98.14905627734693,19.0005450809852,0 -98.14853720153008,18.99975651535177,0 -98.14745124985323,18.99810673809773,0 -98.14733004419367,18.99794735071136,0 -98.1477683571747,18.99766702689666,0 -98.14795607854997,18.99753624380068,0 -98.14799970125829,18.99750571201102,0 -98.14837157963716,18.99724542098754,0 -98.14839330616937,18.99723542316226,0 -98.14841931019569,18.99722345871207,0 -98.14846722589627,18.99720730619305,0 -98.14850387042796,18.99720014230173,0 -98.14854563383589,18.99719630765653,0 -98.14859579925377,18.99719956586672,0 -98.14861725894724,18.99720355228823,0 -98.1486342229735,18.99720757224221,0 -98.14864821198975,18.99721038202046,0 -98.14865747977386,18.99721274533974,0 -98.14866607992715,18.99721338134666,0 -98.1486782928165,18.99721162654676,0 -98.14868710015796,18.99720850957896,0 -98.14869075478983,18.99720684733896,0 -98.14869871955739,18.99720128291686,0 -98.14921062552811,18.99684297672843,0 -98.14942100837125,18.99672306644057,0 -98.14958351306174,18.99663959312968,0 -98.14966647952363,18.99660040727946,0 -98.14985442026394,18.99598436330744,0 -98.15008173708745,18.99589727612178,0 -98.15030256522894,18.9958206452715,0 -98.15052588929144,18.99575085750636,0 -98.15075146953572,18.99568798401324,0 -98.15097907194198,18.99563209239155,0 -98.15112246832358,18.99560068375348,0 -98.15117314996454,18.99563508478717,0 -98.15153087348304,18.99587800355622,0 -98.15176711265093,18.99585302244127,0 -98.15189004943757,18.99584415324865,0 -98.15203929528269,18.99594569996331,0 -98.15216464717351,18.99603061219574,0 -98.15234141190987,18.99615121708472,0 -98.15285337947665,18.99649885110891,0 -98.15297519698377,18.99658098676227,0 -98.1533521901622,18.99683696554681,0 -98.15348277312587,18.99692622592361,0 -98.15361507383727,18.99701549226255,0 -98.15397075902582,18.99725700007002,0 -98.15432642801812,18.99749853425917,0 -98.15490638116586,18.9978922617742,0 -98.15457466114601,18.9983342505814,0 -98.15457539149044,18.99840559216524,0 -98.15457768973823,18.99862998996501,0 -98.15459459397489,19.00028059842249,0 -98.15459715844787,19.00053090078003,0 -98.15305331378514,19.0022130140226,0 -98.15141686872443,19.00398170899661,0 -98.15078228303221,19.00465458455558,0 -98.15074429954599,19.00453775650875,0 -98.15074123725975,19.0045417340442,0 -98.14991328151658,19.00550282304062,0 -98.14935395136017,19.00616824475171,0 -98.14931550182732,19.00622190517395,0 -98.14905363902966,19.00658735783652,0 -98.14887617892873,19.00672026188716,0 -98.14891267435925,19.00662906870337,0 -98.14893668888915,19.00648664308034,0 -98.14880122275792,19.00634281750668,0 -98.14868217916833,19.00635784465902,0 -98.14865919725966,19.00641883817589,0 -98.14847080524392,19.00641662709143,0 -98.14835853682024,19.00667538749117,0 -98.14829228392496,19.00666426885441,0 -98.14828855343606,19.00653371112566,0 -98.14812357775686,19.00644733944976,0 -98.14786010840049,19.00691351527568,0 -98.14703376774662,19.00753805952765,0 -98.14610777003729,19.00744897156144,0 -98.14608049371625,19.00793233869858,0 -98.14606454678213,19.0079568761081,0 -98.14506308547291,19.00770341139071,0 -98.14515133428203,19.00816444357971,0 -98.14502725377008,19.00890454797547,0 -98.14492079261247,19.00886889143571,0 -98.14499432758758,19.00822317589732,0 -98.14433764216072,19.00787686104583,0 -98.1440876848187,19.00806643219357,0 -98.14382365849096,19.00804724109857,0 -98.14369159886216,19.0080472866398,0 -98.14355933847749,19.00806929076846,0 -98.14338727099181,19.00813408438123,0 -98.14312712370172,19.00829635356254,0 -98.14286096499002,19.00821618753709,0 -98.14243268711117,19.00828994367376,0 -98.1422577535692,19.00828709095163,0 -98.14197091635836,19.00860068724295,0 -98.1411993154879,19.00849141843068,0 -98.14118422934577,19.00860464725262,0 -98.14084387089385,19.00898492471552,0 -98.14073606002921,19.0093108409931,0 -98.14060379671585,19.00959967822572,0 -98.14013640772767,19.00993446232328,0 -98.13975330621055,19.00954959499963,0 -98.14015299756107,19.00902232171956,0 -98.13962972672661,19.00852118829252,0 -98.13962972672661,19.00852118829252,0 
							</coordinates>
						</LinearRing>
					</outerBoundaryIs>
				</Polygon>
				<Polygon>
					<extrude>1</extrude>
					<outerBoundaryIs>
						<LinearRing>
							<coordinates>
								-98.14809442988842,19.01478974214623,0 -98.14818442663581,19.01404494319246,0 -98.14718031204664,19.01415107287976,0 -98.14708187703191,19.01411457159291,0 -98.14769588462738,19.01213949220473,0 -98.14767546563928,19.01203941493339,0 -98.14773117759977,19.01185000838616,0 -98.14793456854572,19.01116016379553,0 -98.14797853675269,19.01102875324258,0 -98.14813006735771,19.01057289722894,0 -98.1483764579761,19.00987689529589,0 -98.14846785293915,19.00963202531386,0 -98.14851266565699,19.00945827976321,0 -98.14862865716259,19.00902257263434,0 -98.14862804028498,19.00902262582299,0 -98.14838716387415,19.00885645166208,0 -98.14909746619543,19.00756645059905,0 -98.15043077144087,19.00612629736825,0 -98.15103657592087,19.00588252380624,0 -98.1511462798951,19.00628681199167,0 -98.1515584762018,19.0080580411692,0 -98.15165294793098,19.00832912677324,0 -98.15071844552563,19.0100578200803,0 -98.14859000827711,19.01399495776911,0 -98.14859599625915,19.01401728655894,0 -98.14856324613127,19.01402094568782,0 -98.14848851730851,19.01480686071701,0 -98.14809442988842,19.01478974214623,0 -98.14809442988842,19.01478974214623,0 
							</coordinates>
						</LinearRing>
					</outerBoundaryIs>
				</Polygon>
				<Polygon>
					<extrude>1</extrude>
					<outerBoundaryIs>
						<LinearRing>
							<coordinates>
								-98.23098556747813,19.02239768205069,0 -98.23098222039378,19.02239614990447,0 -98.23093890729763,19.02252816408398,0 -98.23093298058849,19.02254622882108,0 -98.22887199828261,19.02161174730802,0 -98.22884901752559,19.02142466562751,0 -98.22913350087732,19.02132336356464,0 -98.22930502865034,19.02131455387312,0 -98.22965539216636,19.02142247056651,0 -98.22996091568947,19.02164216844357,0 -98.2300328455074,19.0215840528324,0 -98.23007553426604,19.02156397871008,0 -98.23012510910176,19.02158781702022,0 -98.23029384997793,19.02162942769632,0 -98.23046087462694,19.02165211207699,0 -98.23059541322111,19.02165716540574,0 -98.23081339823011,19.02165144769409,0 -98.23092707311349,19.02163166878508,0 -98.23096895839868,19.02161479925196,0 -98.23101159759615,19.02159762920201,0 -98.23105361130735,19.02161708267566,0 -98.23107392578919,19.02156590198764,0 -98.23110122334833,19.02154937388069,0 -98.23121185614643,19.02145055882148,0 -98.23135493029324,19.02121147404081,0 -98.23140905201454,19.02101927383331,0 -98.23141703417716,19.02082689078159,0 -98.23143165808942,19.02072502213004,0 -98.2314626804944,19.02058645815661,0 -98.23154868420021,19.02036977450516,0 -98.23162129362261,19.02007277190804,0 -98.23169264661023,19.01993851358227,0 -98.23174209066838,19.01989274505525,0 -98.23191311378038,19.01973760151673,0 -98.23204900044655,19.01962942815718,0 -98.23220803880314,19.01951148694908,0 -98.23256141581295,19.01921089193889,0 -98.23266691647481,19.01888489452802,0 -98.23291429788856,19.01845453888753,0 -98.23312483585401,19.01823030917378,0 -98.23324495508116,19.01797946064514,0 -98.23339019059388,19.01783258776995,0 -98.23340907598339,19.01781348951722,0 -98.23370678493778,19.01762538007149,0 -98.23406430963668,19.01741764554483,0 -98.23412185668603,19.01739582187685,0 -98.2349307547439,19.01708905940415,0 -98.23531577295867,19.01703326730264,0 -98.23554499720169,19.01703726987034,0 -98.2357245445575,19.01713342524327,0 -98.23588076579234,19.01737932705135,0 -98.23602368683116,19.0178557536259,0 -98.23605203646228,19.01824116461392,0 -98.23608531349161,19.01839659447794,0 -98.23618726009812,19.01858454137928,0 -98.2362932528506,19.01877994603586,0 -98.236335460655,19.01882742023531,0 -98.23638605827249,19.01886451842511,0 -98.23642972996716,19.01887794621492,0 -98.2365305676191,19.01890894946779,0 -98.23663140530624,19.01893995357053,0 -98.23669857500545,19.01896867591342,0 -98.23704238337554,19.01914726813556,0 -98.2370787745885,19.01914309863833,0 -98.23731916647516,19.0190316437815,0 -98.23733241649725,19.01902913826011,0 -98.23737879685045,19.01901577407033,0 -98.23741270751938,19.01900235842481,0 -98.23744602434785,19.01898893941937,0 -98.23746744377546,19.01897999074844,0 -98.23749958416504,19.01896430852545,0 -98.23752042940131,19.01895083896319,0 -98.23755079761446,19.01893289016256,0 -98.23758892693364,19.01890593633522,0 -98.23760800188943,19.01889020020263,0 -98.2376258901138,19.01887445917344,0 -98.23764318259151,19.01885871658907,0 -98.23766823712917,19.01883396717436,0 -98.23768434287129,19.01881821969154,0 -98.23784704092608,19.01856133513703,0 -98.23795714704008,19.0180103122091,0 -98.23804729630578,19.01766531727147,0 -98.23812787356825,19.01726896962566,0 -98.2385536940272,19.0170476267817,0 -98.23893412951641,19.0166436021457,0 -98.23921958076856,19.01649776256255,0 -98.23948162742614,19.01622971867724,0 -98.23973206708695,19.0159698575896,0 -98.23980606248502,19.01586156377309,0 -98.23981944827476,19.01578669271991,0 -98.23993045270744,19.01553389512242,0 -98.24010583208373,19.01535042763497,0 -98.24028385756267,19.01509471969625,0 -98.2403672468952,19.01502665194686,0 -98.24061692235075,19.01506539465059,0 -98.24082824312251,19.01509818497514,0 -98.24100385229765,19.01515792692802,0 -98.24139416574771,19.01525578426503,0 -98.24153141204503,19.01526679420145,0 -98.24170708849255,19.01528057337233,0 -98.24188822117094,19.01530220986806,0 -98.24202255598874,19.0153497713818,0 -98.24212950332216,19.01538155029658,0 -98.24222810567306,19.01543680120115,0 -98.24231286143134,19.01551811146009,0 -98.24238942605876,19.01558894219564,0 -98.24249089372826,19.01561808674578,0 -98.24260902489223,19.01560551221592,0 -98.24266098432257,19.01565273578218,0 -98.24277890265748,19.0156871709786,0 -98.24290523692444,19.0156824649772,0 -98.24297404993814,19.01564618288515,0 -98.24307567046719,19.01564137556553,0 -98.24319633570229,19.01567582174465,0 -98.24327860522436,19.01569966386413,0 -98.24338525765845,19.0157967344161,0 -98.243511261232,19.015865154423,0 -98.24371153323335,19.01590514941785,0 -98.24392539298681,19.01597654114967,0 -98.24407893825153,19.01602679147137,0 -98.24422441123761,19.01604044477665,0 -98.24437547039101,19.01603322714826,0 -98.24455957434205,19.01600525077789,0 -98.24472735635652,19.01594325535309,0 -98.2448347871978,19.01586795381995,0 -98.24493389875487,19.01581090109479,0 -98.24520357307389,19.01568402777312,0 -98.24533581057864,19.01558793446005,0 -98.24547378804166,19.0154370177174,0 -98.24555966464676,19.01527021801224,0 -98.24561815226373,19.01508763535359,0 -98.24562716729851,19.01491529854335,0 -98.24562232348762,19.01477163396313,0 -98.24560111061928,19.01460439722056,0 -98.24562117967791,19.01441643526055,0 -98.24560010819881,19.01421785859807,0 -98.24562850893959,19.01400903696235,0 -98.24563740607434,19.01386281672647,0 -98.2457838548163,19.01365970007862,0 -98.24583945442288,19.01350844691248,0 -98.24601822855428,19.01344388243277,0 -98.2463318902754,19.01330412812373,0 -98.24647674899283,19.01320141960929,0 -98.24768691820887,19.01586032068802,0 -98.2477002801013,19.01588967951262,0 -98.24801253323841,19.01657572263795,0 -98.24817051891569,19.016922829544,0 -98.24809231014133,19.01736849177827,0 -98.24787027499666,19.01801037047256,0 -98.24760904916319,19.01876553950837,0 -98.24735984684813,19.01948530104453,0 -98.24735731017405,19.01949262970274,0 -98.24710728947377,19.01983465963944,0 -98.24670170967022,19.02001602092624,0 -98.24607964985375,19.02018120051403,0 -98.2455419095815,19.02033905965272,0 -98.24517202918669,19.02058534073013,0 -98.24474108942204,19.02105631076069,0 -98.24417325881075,19.02164483135224,0 -98.24335579986206,19.02219862098178,0 -98.24306362865308,19.02236994077564,0 -98.242674971844,19.02259783422677,0 -98.24226884975266,19.02283597009007,0 -98.24160168459441,19.02323737608597,0 -98.24153103355836,19.02327988464033,0 -98.24101954998105,19.02358762040409,0 -98.24067008043727,19.02373447985563,0 -98.24004527958344,19.0239749996589,0 -98.23987628011078,19.02402780023319,0 -98.23969094989644,19.02411877004666,0 -98.23943453945563,19.02429808957412,0 -98.23919087960215,19.02451425096926,0 -98.23904226039332,19.02466194032902,0 -98.23892914038281,19.0247974799801,0 -98.23883371973092,19.02492711898159,0 -98.23869650919559,19.02505344901714,0 -98.23850296985115,19.02519480043281,0 -98.23832564958393,19.02530414065094,0 -98.23817880002066,19.02541639965617,0 -98.23805795037147,19.02547699893938,0 -98.23747149011059,19.02541349049364,0 -98.2369458904286,19.02517265034628,0 -98.23612558871055,19.02479475075959,0 -98.23514400041755,19.02434254016966,0 -98.23513442462644,19.02433812842499,0 -98.23500344236413,19.02427778646997,0 -98.2348950499055,19.02422784919436,0 -98.23469043039458,19.02415081982472,0 -98.23419768875993,19.02393280371924,0 -98.23375430084306,19.02373662289131,0 -98.23273482982609,19.02328553867926,0 -98.2325934305223,19.02308216988176,0 -98.23214536941971,19.02292811907826,0 -98.23098556747813,19.02239768205069,0 -98.23098556747813,19.02239768205069,0 
							</coordinates>
						</LinearRing>
					</outerBoundaryIs>
				</Polygon>
				<Polygon>
					<extrude>1</extrude>
					<outerBoundaryIs>
						<LinearRing>
							<coordinates>
								-98.25129262847454,19.04604012966509,0 -98.25049313213478,19.045727109036,0 -98.25051113968672,19.04573048969104,0 -98.2512499401678,19.04602086039825,0 -98.25129262847454,19.04604012966509,0 -98.25129262847454,19.04604012966509,0 
							</coordinates>
						</LinearRing>
					</outerBoundaryIs>
				</Polygon>
				<Polygon>
					<extrude>1</extrude>
					<outerBoundaryIs>
						<LinearRing>
							<coordinates>
								-98.26106605639833,19.04544134631503,0 -98.26136580070661,19.04488119963696,0 -98.26136617474322,19.04488128698526,0 -98.2613690056578,19.04488194626672,0 -98.26108651515533,19.04545586487638,0 -98.26066432515542,19.04619366887261,0 -98.26063732963728,19.04618611062524,0 -98.26106270927264,19.0454475992065,0 -98.26106605639833,19.04544134631503,0 -98.26106605639833,19.04544134631503,0 
							</coordinates>
						</LinearRing>
					</outerBoundaryIs>
				</Polygon>
				<Polygon>
					<extrude>1</extrude>
					<outerBoundaryIs>
						<LinearRing>
							<coordinates>
								-98.25960447990985,19.04792773547649,0 -98.26032861451371,19.04672085839975,0 -98.25968238983013,19.04786729912934,0 -98.25967982001802,19.04795925879318,0 -98.2595552413499,19.0481872218825,0 -98.25967674002788,19.04795968112335,0 -98.25959460056946,19.04794417037979,0 -98.25959867995128,19.04793739992298,0 -98.25960058422696,19.04793422742563,0 -98.25960447990985,19.04792773547649,0 -98.25960447990985,19.04792773547649,0 
							</coordinates>
						</LinearRing>
					</outerBoundaryIs>
				</Polygon>
				<Polygon>
					<extrude>1</extrude>
					<outerBoundaryIs>
						<LinearRing>
							<coordinates>
								-98.25205512253301,19.04850482215181,0 -98.25196460560559,19.04837307145576,0 -98.25205646027146,19.04848410928061,0 -98.2533952809452,19.04926844763242,0 -98.25340993758826,19.04927703334852,0 -98.25366032628206,19.04942371917187,0 -98.25321996394523,19.04917285418465,0 -98.25255453362257,19.04879376967834,0 -98.25205512253301,19.04850482215181,0 -98.25205512253301,19.04850482215181,0 
							</coordinates>
						</LinearRing>
					</outerBoundaryIs>
				</Polygon>
				<Polygon>
					<extrude>1</extrude>
					<outerBoundaryIs>
						<LinearRing>
							<coordinates>
								-98.25778340255141,19.05179842658426,0 -98.25759367196012,19.05168297996365,0 -98.25778594027717,19.05179301908676,0 -98.25779256757818,19.05177495449678,0 -98.25788634606482,19.05151938105471,0 -98.2580657057715,19.05103059842137,0 -98.25807986449337,19.0509920120637,0 -98.25813291683261,19.05084742938913,0 -98.25814321983657,19.05081935025301,0 -98.25814894651552,19.05080868245521,0 -98.2584852325332,19.05097027571524,0 -98.25900116593971,19.05117175256091,0 -98.25898388091824,19.05119617715484,0 -98.25849583986199,19.05215159627978,0 -98.25847667959847,19.0521957031772,0 -98.25786342039372,19.05184711454345,0 -98.25779216388975,19.05180375751732,0 -98.25778340255141,19.05179842658426,0 -98.25778340255141,19.05179842658426,0 
							</coordinates>
						</LinearRing>
					</outerBoundaryIs>
				</Polygon>
				<Polygon>
					<extrude>1</extrude>
					<outerBoundaryIs>
						<LinearRing>
							<coordinates>
								-98.26094503776524,19.06559081888225,0 -98.26086961068718,19.06553677618295,0 -98.26078403920684,19.06555146547455,0 -98.26073707736425,19.06556500722813,0 -98.2606992479662,19.06546261160897,0 -98.26066168168714,19.06536090294719,0 -98.260615044499,19.06526435420981,0 -98.26056613770402,19.06516309801367,0 -98.26051899213381,19.06506547994264,0 -98.2604717052939,19.0649675820497,0 -98.2604245221311,19.06486989241256,0 -98.2603302954706,19.06467091692753,0 -98.26028365772873,19.06457243418487,0 -98.26014266207919,19.06427467710684,0 -98.26009823354346,19.06417743221557,0 -98.26005274136439,19.06407786956904,0 -98.26000656201853,19.06397682208307,0 -98.25993620794456,19.06382284443901,0 -98.25991665099401,19.06378004253589,0 -98.25987052514644,19.06368196751017,0 -98.25982441799448,19.06358397478547,0 -98.25977877221995,19.06348696893699,0 -98.25973235446811,19.06338831524126,0 -98.25968498589042,19.06328762438788,0 -98.25963835169591,19.06318850981645,0 -98.25959102080681,19.06308791759502,0 -98.25955556260381,19.06301257818535,0 -98.25954405804428,19.06298812300162,0 -98.25953269282304,19.06296396659835,0 -98.25949914600457,19.06289268343803,0 -98.25946096778209,19.06281156747032,0 -98.25945207976777,19.06279267151845,0 -98.25943975969081,19.06276738074482,0 -98.25940506818702,19.06269277728823,0 -98.2593586979015,19.06259423213816,0 -98.25932928437841,19.06253176760592,0 -98.25931257905903,19.06249686279998,0 -98.25921714052362,19.06229742102162,0 -98.2590767567099,19.06200632591604,0 -98.25902996715244,19.06190789648513,0 -98.25898336683046,19.06180988350629,0 -98.25893645196696,19.06171016125477,0 -98.25884361348569,19.06151161536546,0 -98.25882300488271,19.06146754936604,0 -98.25879654986738,19.06141097070587,0 -98.25875027716123,19.06131201009951,0 -98.25870415516466,19.06121336638362,0 -98.25867387791885,19.0611486119141,0 -98.25865748713694,19.06111356372331,0 -98.25861155351659,19.06101532740858,0 -98.25853499449805,19.06085158511952,0 -98.25853223813837,19.06085162826458,0 -98.25826355918456,19.06027517527438,0 -98.25814318675386,19.06001691374318,0 -98.25800422628974,19.05971176377968,0 -98.25580703819685,19.0597332774915,0 -98.25518776179443,19.05973378623025,0 -98.25165179586484,19.05973665001491,0 -98.25206347599431,19.05909850653553,0 -98.25231172518724,19.05857762390549,0 -98.25235804152894,19.05792183963585,0 -98.25275685825891,19.05810687497194,0 -98.25306665341584,19.05789508148061,0 -98.25420072561475,19.05712359430019,0 -98.25389511028125,19.05674814659498,0 -98.25384953793449,19.0566945444882,0 -98.25386159502803,19.05668612283726,0 -98.25544535251264,19.05557870706697,0 -98.25546620507924,19.05556540012957,0 -98.25591605221047,19.05527834133798,0 -98.25599673243816,19.05521984279336,0 -98.25953471515719,19.0527971028319,0 -98.26001097596721,19.05247863548906,0 -98.26139843530196,19.05155085195435,0 -98.26157810472256,19.05142239716982,0 -98.26220045696263,19.05097744475239,0 -98.26317863032908,19.05025344793336,0 -98.26442331861907,19.04933217355341,0 -98.2649131056781,19.04896964597083,0 -98.26780643470765,19.04703292300009,0 -98.26852385466627,19.04656569810314,0 -98.26854187926827,19.04651498216133,0 -98.26861689097387,19.04653605191944,0 -98.26854216959785,19.04657191857715,0 -98.26825147998646,19.04675990951872,0 -98.26775455050935,19.04708129048513,0 -98.26747088958484,19.04726475062647,0 -98.26696306029145,19.04760179973388,0 -98.2668589998151,19.04768283114372,0 -98.26622208978026,19.04810971970315,0 -98.26577308006561,19.0484117790495,0 -98.26491774377364,19.04897860659968,0 -98.26489704968395,19.04899232015233,0 -98.26547350978005,19.04913543011035,0 -98.26582351983824,19.04922231026958,0 -98.26630445012782,19.04935387966339,0 -98.26672361978582,19.04944754962677,0 -98.26687763068482,19.04948198070323,0 -98.26726015002083,19.04953282913787,0 -98.26754530987576,19.04957073984001,0 -98.26767943011491,19.04958856979031,0 -98.26789648952295,19.04961742937458,0 -98.26799604140029,19.04963564975889,0 -98.26799219890312,19.04964893073756,0 -98.26843995266523,19.04972637481998,0 -98.26900132444301,19.04982346792267,0 -98.26900307709791,19.04981755740004,0 -98.26911223929461,19.04983725033032,0 -98.26959540057474,19.0499254494662,0 -98.26978449020906,19.04995977023254,0 -98.26983131081442,19.04996865993363,0 -98.27038038011352,19.05007209032504,0 -98.27089147913179,19.05016965047765,0 -98.27101537003634,19.05019330899824,0 -98.27129237931069,19.0502461805821,0 -98.27152222326372,19.05029053616726,0 -98.27152006426938,19.05029767867078,0 -98.27329983257712,19.05062721670108,0 -98.27342931970288,19.05065222048478,0 -98.27344679743391,19.05065442744869,0 -98.27375135503172,19.05071081621001,0 -98.27376051334534,19.05069404059817,0 -98.27394573981047,19.05071742969755,0 -98.27435952918455,19.05076017999685,0 -98.27548475036878,19.05094986074354,0 -98.27610400056022,19.05098497017755,0 -98.27621091996329,19.05099102949353,0 -98.27665882991083,19.05098779954841,0 -98.27669288011815,19.05098754980893,0 -98.27743434041594,19.05098220024888,0 -98.27761949841353,19.05098012799884,0 -98.27762244939103,19.05098009526606,0 -98.27782087248238,19.05114009397911,0 -98.27784627714436,19.05117438511693,0 -98.27775978002225,19.05144890997987,0 -98.27761943019621,19.05196224900753,0 -98.27756391932563,19.05215054945596,0 -98.2775066800322,19.05235565928592,0 -98.27741065016406,19.05269962897882,0 -98.27728851936617,19.05311201993643,0 -98.27709365000359,19.05377011023673,0 -98.27694719940192,19.05426325027403,0 -98.27687118036603,19.05451920014681,0 -98.2767942917837,19.05478517047618,0 -98.27673422969976,19.05499294024876,0 -98.27670150987394,19.05510617110802,0 -98.27665422042146,19.05526968941818,0 -98.27663743281073,19.05532586124978,0 -98.2766098906035,19.05541801987884,0 -98.27652622024613,19.05569800976658,0 -98.27646976993441,19.0558869097315,0 -98.27642662861292,19.05602451960549,0 -98.27627622026765,19.05650428929552,0 -98.27619781992811,19.05675439962403,0 -98.27614684232877,19.05689855764926,0 -98.27535761916047,19.05913037036209,0 -98.27590665076497,19.0593072291988,0 -98.27615692062254,19.05938785022558,0 -98.27620742482594,19.05947852102956,0 -98.27621662053258,19.05949502984806,0 -98.27514660028351,19.05949733971723,0 -98.27423700702232,19.0596539558884,0 -98.27417042734724,19.05966541956737,0 -98.27408525521945,19.05966547851501,0 -98.27080710089508,19.05965255235044,0 -98.27080820905007,19.05965059749791,0 -98.2706602430233,19.05965135738959,0 -98.27042879882329,19.05965254621605,0 -98.2704287964263,19.05965331164446,0 -98.26972469735318,19.05965692809706,0 -98.26972434318442,19.0596759587144,0 -98.26888913822108,19.0596792301527,0 -98.26814359821823,19.0596821594368,0 -98.26679605006642,19.05968072076799,0 -98.2664150790829,19.06098253113673,0 -98.26638337006302,19.06118820103731,0 -98.26636213990344,19.06131893951028,0 -98.26630137859256,19.06154212964021,0 -98.26624433884001,19.06172730939403,0 -98.26604600911669,19.06249589053671,0 -98.26597681935364,19.06270897971563,0 -98.26593874965792,19.06282622025807,0 -98.26592318955375,19.06288644984028,0 -98.26588851428569,19.06302061939987,0 -98.26580650881731,19.06335630995746,0 -98.26565924970531,19.06383497050398,0 -98.26559008980007,19.06382216172526,0 -98.26529048699865,19.06425814254573,0 -98.26528321335466,19.0642687266701,0 -98.26517543529779,19.0644255643741,0 -98.26486516460085,19.06482920265526,0 -98.26478984857062,19.06492718294298,0 -98.26462724941653,19.06506515748491,0 -98.26442174814886,19.06513621779978,0 -98.26318971239951,19.06534180399688,0 -98.26316444496794,19.06534616826596,0 -98.26122136874349,19.06568177463113,0 -98.26094503776524,19.06559081888225,0 -98.26094503776524,19.06559081888225,0 
							</coordinates>
						</LinearRing>
					</outerBoundaryIs>
					<innerBoundaryIs>
						<LinearRing>
							<coordinates>
								-98.27043379836547,19.05226030451655,0 -98.27044694414118,19.05222715433995,0 -98.27046065681327,19.05219258758529,0 -98.27047367253255,19.05215875007601,0 -98.27060593591904,19.05220603052031,0 -98.27072805589238,19.05224969212036,0 -98.27077802261442,19.05212422025231,0 -98.27082756645079,19.05199981306874,0 -98.27086275441168,19.05191146123141,0 -98.27091193304111,19.05178795628153,0 -98.27095500981549,19.05167979924559,0 -98.27083670944657,19.05163770817003,0 -98.27070319769338,19.05159020517407,0 -98.27071113878274,19.05156477012808,0 -98.27072705343296,19.05152430181386,0 -98.27081756300545,19.05129416025119,0 -98.27088350941693,19.05112845522451,0 -98.2709016335281,19.05108124584119,0 -98.26953692115133,19.05075784620012,0 -98.26944681079641,19.05074402888975,0 -98.26924357057793,19.05144665689419,0 -98.26893575489692,19.05249932998028,0 -98.26898047351349,19.05259641321391,0 -98.26898060395887,19.05259592301864,0 -98.27008886881745,19.05311163737655,0 -98.27008923307771,19.05311179244701,0 -98.27011400462764,19.05307063084117,0 -98.27013309636021,19.05302327084861,0 -98.27015405974288,19.05297125513526,0 -98.27016714667948,19.05293876445659,0 -98.27018048136797,19.05290568734794,0 -98.2701843437154,19.0528961052698,0 -98.27019409568315,19.05287190645355,0 -98.27020690289248,19.05284013762947,0 -98.27022165705465,19.05280214093555,0 -98.27023457527113,19.05276889047111,0 -98.27024822400075,19.05273375414963,0 -98.27026092113822,19.05270107214308,0 -98.27027456027383,19.05266595385525,0 -98.27028687299668,19.05263424632833,0 -98.27030052166386,19.05259911903864,0 -98.27031330541701,19.05256618433235,0 -98.2703269540331,19.05253106607695,0 -98.27033980497089,19.05249797800396,0 -98.27035347254265,19.05246286885804,0 -98.27036667500238,19.05242958606818,0 -98.27038056174732,19.05239455640846,0 -98.27039290037064,19.05236343638327,0 -98.27040679564533,19.05232840946583,0 -98.27041991264548,19.05229532243734,0 -98.27043379836547,19.05226030451655,0 -98.27043379836547,19.05226030451655,0 
							</coordinates>
						</LinearRing>
					</innerBoundaryIs>
				</Polygon>
				<Polygon>
					<extrude>1</extrude>
					<outerBoundaryIs>
						<LinearRing>
							<coordinates>
								-98.16335343315552,19.08422245373783,0 -98.16255325021235,19.08348995334229,0 -98.16173032497541,19.08275514936739,0 -98.16146669625429,19.08243975830563,0 -98.16120737579257,19.08250960433953,0 -98.16106972679489,19.08262062802608,0 -98.15953006455351,19.08156885081522,0 -98.16080344131279,19.08040118911193,0 -98.16219289931655,19.08103651511188,0 -98.16450411723736,19.08216461811626,0 -98.1640444792139,19.08277107337763,0 -98.16383140729107,19.08339713456227,0 -98.16379841174061,19.08367179705298,0 -98.16372430959561,19.08421182060901,0 -98.16354272600562,19.08415129742467,0 -98.16335343315552,19.08422245373783,0 -98.16335343315552,19.08422245373783,0 
							</coordinates>
						</LinearRing>
					</outerBoundaryIs>
				</Polygon>
				<Polygon>
					<extrude>1</extrude>
					<outerBoundaryIs>
						<LinearRing>
							<coordinates>
								-98.18067754079343,19.09527251346441,0 -98.18159004110036,19.09454979974587,0 -98.1816808895328,19.09461411563161,0 -98.18178162130476,19.09468189943888,0 -98.18186770119357,19.09474091472093,0 -98.18201915614422,19.09484528167399,0 -98.1821788098169,19.09495511877138,0 -98.18257299895939,19.0952255641146,0 -98.18258512666331,19.0952321190487,0 -98.18233526328332,19.09558731567187,0 -98.18206063239427,19.09585946160486,0 -98.1820086011539,19.09592926626027,0 -98.18186525284547,19.09612046419651,0 -98.18183460591494,19.09610052108638,0 -98.18174409000623,19.09603490904161,0 -98.18163828605265,19.09595823117618,0 -98.18156317189586,19.09590380280864,0 -98.18152214806332,19.09587406999987,0 -98.18147266557581,19.09583821778929,0 -98.18138258557242,19.09577294187517,0 -98.18129003345945,19.09570586563327,0 -98.18111093471413,19.09557607740572,0 -98.18101821225402,19.09550889183343,0 -98.18092733698126,19.09544303381131,0 -98.18084152364663,19.09538084733997,0 -98.18079910386872,19.09535010688534,0 -98.18075242848526,19.09531373379759,0 -98.18067754079343,19.09527251346441,0 -98.18067754079343,19.09527251346441,0 
							</coordinates>
						</LinearRing>
					</outerBoundaryIs>
				</Polygon>
				<Polygon>
					<extrude>1</extrude>
					<outerBoundaryIs>
						<LinearRing>
							<coordinates>
								-98.2507485831146,19.00085100377601,0 -98.25018033240646,19.00055553069949,0 -98.25000383502761,19.00092856590602,0 -98.247789728572,19.00034794385951,0 -98.24757370546391,19.00052403645804,0 -98.24708589765346,19.00029650017159,0 -98.24600831340285,19.00033110278317,0 -98.24597793055702,19.00037118485142,0 -98.2454735954942,19.00041279567752,0 -98.24530710935137,19.00043557679671,0 -98.24529980541676,19.00044566851152,0 -98.24476684332846,19.00046907654594,0 -98.24472891140644,19.00046990763289,0 -98.24468981455188,19.00047245913107,0 -98.2441590074943,19.00049577570323,0 -98.24415114334043,19.00033325720598,0 -98.2441492413087,19.00024110755404,0 -98.24408040908789,19.00026440400838,0 -98.24393884662892,18.99985432101875,0 -98.24389906360071,18.99974463737647,0 -98.24375899723928,18.99933037530457,0 -98.24374154701124,18.99922474205292,0 -98.243668673042,18.99908289665006,0 -98.24462809543323,18.99863942746485,0 -98.24465601250367,18.99864470160616,0 -98.24469199346352,18.99835773193115,0 -98.24470114482993,18.99831718383404,0 -98.24472446134027,18.99828295624761,0 -98.24510031242346,18.9976963669889,0 -98.24501173348939,18.99722108696542,0 -98.24493983122585,18.99683528225736,0 -98.24476716354634,18.99634045788594,0 -98.24468780753845,18.99603061443961,0 -98.24457967047282,18.99591495039404,0 -98.24442655159498,18.99572727058985,0 -98.24441137615895,18.99570866908056,0 -98.2443782684656,18.99567690505546,0 -98.24417545609704,18.99548855761315,0 -98.24413228522805,18.99544997373758,0 -98.24388575174005,18.99534503934686,0 -98.24344615696502,18.99525965059643,0 -98.24252464684467,18.99525588063984,0 -98.24179874305959,18.99616924500899,0 -98.24014940230477,18.99778103625733,0 -98.24048927003065,18.99801178232128,0 -98.24029398978367,18.99836873147234,0 -98.24016108645097,18.9987994376603,0 -98.23997919807692,18.99982604293331,0 -98.23994031153616,19.00004551885954,0 -98.23992010666967,19.00031460181408,0 -98.23990536224427,19.00051096523012,0 -98.23986303366024,19.00088518562123,0 -98.23986084421882,19.00090454393529,0 -98.24321169504128,19.00167864950179,0 -98.24330821000618,19.00170094472915,0 -98.24369780802972,19.00179562510284,0 -98.24393636469355,19.00179409248128,0 -98.24429036795757,19.00174679309055,0 -98.24500847867282,19.00153617593267,0 -98.24503675697328,19.00153035037744,0 -98.24509168745446,19.00151903331513,0 -98.24594845498133,19.00143873960666,0 -98.24614629938205,19.00144643219148,0 -98.24627286388375,19.00147449288296,0 -98.24643192893937,19.0015199014926,0 -98.24655358465733,19.00156630531344,0 -98.24701868545058,19.00175783643759,0 -98.2470069997604,19.00177301813314,0 -98.24698723213602,19.00179869872498,0 -98.24721223209318,19.00193243493637,0 -98.2472503200234,19.00185114970407,0 -98.24726669261675,19.00178521231273,0 -98.24800862901857,19.00204988635601,0 -98.24905095926808,19.00249521902076,0 -98.24928994323957,19.00200470176097,0 -98.25014999539376,19.00203827172837,0 -98.25010631799053,19.00229866411842,0 -98.25087862642664,19.00231080328791,0 -98.25132080866061,19.00244324149248,0 -98.25138185439961,19.0025328796493,0 -98.25134174362317,19.00315280136837,0 -98.25132284002201,19.00337537568537,0 -98.25128312796092,19.00383788673511,0 -98.25127091892089,19.00398007808447,0 -98.25125838808249,19.00412602393381,0 -98.25117743430361,19.00505483072982,0 -98.25115410261364,19.00531947899731,0 -98.25113262898761,19.00555126876612,0 -98.25112004530571,19.00568709103703,0 -98.25058576596568,19.00556477826753,0 -98.2501456236688,19.00545989949957,0 -98.2500389678336,19.00543448499744,0 -98.24995600259579,19.00538423143356,0 -98.24976027779091,19.00517602791852,0 -98.24961158809735,19.00504075437953,0 -98.24950886159075,19.00495530241153,0 -98.24943416510442,19.0048875159249,0 -98.24877155186431,19.00554886035159,0 -98.24824832131995,19.00543505891849,0 -98.24824110677997,19.00544236949807,0 -98.24806314250586,19.00562270544238,0 -98.24803783237871,19.00565966444118,0 -98.24791168068589,19.00563368506777,0 -98.24794104344859,19.00559175410686,0 -98.2481195060415,19.00541027621601,0 -98.24787134855691,19.00565862692384,0 -98.24799750026108,19.00568460632513,0 -98.24856074114483,19.00580059896049,0 -98.24927743432855,19.00594819007718,0 -98.24946824290028,19.0059709932187,0 -98.25012775197408,19.00631338697637,0 -98.25131195103518,19.00697827988557,0 -98.25133826219218,19.00704321831479,0 -98.25132612566661,19.0071215738743,0 -98.25129402633951,19.00721719888194,0 -98.25109668328514,19.0078050779741,0 -98.25111231562391,19.00783365683411,0 -98.2511561890005,19.00784689305048,0 -98.25112829911019,19.00794341346239,0 -98.25080745487513,19.00785070405999,0 -98.25072320016008,19.00803864726071,0 -98.24964206963065,19.00775271684567,0 -98.24950873233728,19.008224519594,0 -98.24949430353726,19.00826615804709,0 -98.24947942239299,19.00830908696286,0 -98.24946511871028,19.00835036443808,0 -98.24946455086317,19.0083519888048,0 -98.24942381075206,19.00838581185248,0 -98.24937895084868,19.00842305225259,0 -98.24933734288147,19.00845759472236,0 -98.24929542973435,19.00849238898105,0 -98.24925366911079,19.00852706636694,0 -98.24921118376852,19.00856232820955,0 -98.24916972673235,19.0085970971783,0 -98.24914486337602,19.00863712982199,0 -98.24912010524716,19.00867700022194,0 -98.24909551937927,19.0087165911686,0 -98.2490708091364,19.00875637138473,0 -98.24903381624796,19.00881682370189,0 -98.24899831573246,19.00887499569448,0 -98.24898547087176,19.00889603603194,0 -98.24896131350548,19.00893561152767,0 -98.24894463810631,19.00896526308374,0 -98.24891686429241,19.00901041330741,0 -98.24946132054573,19.00919662200875,0 -98.24936245122711,19.00938915926707,0 -98.24963507673172,19.00950916993342,0 -98.24974438648398,19.00929821577901,0 -98.24974691286407,19.00929629932703,0 -98.25010440367913,19.00941895171717,0 -98.25005607940835,19.00951832429691,0 -98.24996257483754,19.00980030446732,0 -98.24984921311599,19.01002326068895,0 -98.24974569109096,19.01029077783138,0 -98.24973835288314,19.01030974034625,0 -98.24953447724511,19.0106679464381,0 -98.24950275584978,19.01069799424794,0 -98.24928932094043,19.01083581511343,0 -98.2489439982072,19.01095327367312,0 -98.24881195657669,19.01100660451054,0 -98.24849405912383,19.01111542845692,0 -98.24825091575106,19.01118659651232,0 -98.24806246256163,19.01120943867088,0 -98.24793545263181,19.01127030273707,0 -98.24784033557172,19.01134821381839,0 -98.24703110862551,19.01253257192943,0 -98.24677773232554,19.01276036265271,0 -98.24653592450566,19.01270520662038,0 -98.24503495236104,19.00944078455871,0 -98.24679322901137,19.00875658433453,0 -98.24695125120799,19.0086941257185,0 -98.24476145740009,19.00788424338533,0 -98.24372138785543,19.00745208313877,0 -98.24418924621916,19.00854188630724,0 -98.2433259141213,19.00979256039566,0 -98.24327846521724,19.00985819211472,0 -98.24331904079862,19.00989470245981,0 -98.24352731360372,19.01007769635022,0 -98.24490146507335,19.01125738852099,0 -98.24496630091417,19.0114005832958,0 -98.24517240322221,19.01202118581145,0 -98.24515940741483,19.01202498254246,0 -98.24537846430084,19.01269968832581,0 -98.24549965440418,19.01307008750454,0 -98.24524733834009,19.01313534447304,0 -98.24517457806564,19.01315416080757,0 -98.24511261287915,19.01317261452042,0 -98.24476274231985,19.01327251817328,0 -98.24462917464857,19.01316487445588,0 -98.24459419668622,19.01314255463133,0 -98.24456001748655,19.01302752696715,0 -98.24445948662898,19.01304807311076,0 -98.24433801926303,19.01270801860102,0 -98.24432077842849,19.01271345170154,0 -98.24426842205173,19.0125188507658,0 -98.24426338540448,19.01250014155988,0 -98.2441902880114,19.01240435730354,0 -98.24421472165787,19.01237149905677,0 -98.24415091564327,19.01230956036924,0 -98.2439720742896,19.01249023893921,0 -98.24403109702901,19.0126495910817,0 -98.24409844411301,19.01293715603746,0 -98.24423774648061,19.01370818364859,0 -98.2442777421255,19.01397213136007,0 -98.24426856058422,19.01418103129874,0 -98.24425406433839,19.01435073390229,0 -98.24422846666671,19.01454650818917,0 -98.24418642924623,19.01473438013912,0 -98.24408896123927,19.01525006212963,0 -98.24409377488035,19.0152802836231,0 -98.24406946759422,19.01533343051748,0 -98.24403899342934,19.01535304282104,0 -98.2439723201026,19.01535409591449,0 -98.2438543873748,19.0153369158524,0 -98.24380580005446,19.01533627430727,0 -98.24374674258438,19.01533218114641,0 -98.24372177119209,19.01533885678143,0 -98.24369739362521,19.01534553484228,0 -98.24364687743822,19.01535436522621,0 -98.24362191625656,19.01535878162768,0 -98.24359099141736,19.01536227353602,0 -98.24356816467214,19.01536008444892,0 -98.24350776857135,19.01534063088938,0 -98.24343168895047,19.01532633021601,0 -98.24337542280969,19.01531136052687,0 -98.24331908132302,19.01529120595923,0 -98.24328821419317,19.01527921488263,0 -98.2432443975101,19.01525695441452,0 -98.2432130601762,19.01523192184761,0 -98.24319071606725,19.01521126839093,0 -98.24317245199406,19.01519415608194,0 -98.24312075345232,19.01515247704904,0 -98.2430763296624,19.01513253115554,0 -98.24304471139585,19.01511457883998,0 -98.24300440479664,19.01509416540129,0 -98.24299814919281,19.01509120093989,0 -98.24296443203836,19.01508627324394,0 -98.24287051398977,19.01508513495528,0 -98.2427092771474,19.01508514692729,0 -98.24259933868132,19.01506578203227,0 -98.24250376376496,19.01506335079838,0 -98.24242237463035,19.01505752007182,0 -98.24235134149116,19.01503880245025,0 -98.24232257581812,19.01502311825411,0 -98.24229639763627,19.01500884540012,0 -98.24225919629734,19.01498673562371,0 -98.24225288442013,19.01498298378036,0 -98.24220453453546,19.01496561522164,0 -98.24205845107429,19.01493827577102,0 -98.24191387678412,19.01493602471009,0 -98.24185133651736,19.01494467245545,0 -98.24175185671166,19.01496003593133,0 -98.24163963215604,19.01495791281107,0 -98.24160045354624,19.01495552898598,0 -98.2415625964834,19.01495002375709,0 -98.24147290681856,19.0149327194739,0 -98.24138635571121,19.0149138980548,0 -98.2413026911554,19.0148944459077,0 -98.241264002276,19.0148879973523,0 -98.24111327146505,19.01484380027074,0 -98.24098877142951,19.01480729645248,0 -98.24078149136359,19.01476332601885,0 -98.24059170548966,19.0147306223028,0 -98.2404174713117,19.01471763423971,0 -98.2402518482025,19.01470026590126,0 -98.24009841509906,19.01469885451937,0 -98.23997695299499,19.01472946977432,0 -98.23986961996142,19.01476832156178,0 -98.23972778911934,19.01486740789156,0 -98.23965409306162,19.01498100767377,0 -98.23960463971561,19.01508373707055,0 -98.23950968569582,19.01528098565774,0 -98.2392148756534,19.01573853799549,0 -98.23914412587821,19.01580083013179,0 -98.23874660823442,19.01615081036028,0 -98.23849501790745,19.016372314839,0 -98.2383581936336,19.01649277517457,0 -98.23808256190321,19.01681140314212,0 -98.2378766966518,19.01703498299571,0 -98.2376916987777,19.01770716118971,0 -98.23767881894786,19.0177539578682,0 -98.23764388148315,19.01812083484732,0 -98.23759653629379,19.01829148470397,0 -98.23749287439713,19.01840812285895,0 -98.23742276041141,19.01846478500775,0 -98.23727784157275,19.0185066141652,0 -98.23716600644478,19.01853110844428,0 -98.23664518191624,19.01864123174417,0 -98.2363604228607,19.01836582685973,0 -98.23633939864534,19.01797948643142,0 -98.23632643724706,19.01774133601475,0 -98.23607698831698,19.01706024156554,0 -98.23561443262297,19.01668275951706,0 -98.23507614921395,19.01676922243255,0 -98.23498033044261,19.01679895990947,0 -98.2346558073024,19.0168996763482,0 -98.23444580928515,19.01696484943323,0 -98.23413849872368,19.0170984903413,0 -98.23378332038506,19.01725279882038,0 -98.23328491561915,19.01746472009741,0 -98.23302894980229,19.01776402192895,0 -98.23292262283064,19.01779159010282,0 -98.23274482958666,19.01783768753361,0 -98.23254456242795,19.01786325335003,0 -98.2324570509866,19.01793827597173,0 -98.23245330788134,19.01794706791453,0 -98.2309399290446,19.01726059640592,0 -98.23080745052739,19.01743412900585,0 -98.23077813541491,19.01749467436585,0 -98.23083687496276,19.01751961515796,0 -98.23234798495254,19.0181725191373,0 -98.23232385410654,19.01827056734049,0 -98.23224875024593,19.01854823068168,0 -98.23203845165658,19.01892605630178,0 -98.23204363178318,19.01897760150966,0 -98.2319349458613,19.01905185990796,0 -98.23182288823052,19.01927036945479,0 -98.23143865822269,19.01977370502012,0 -98.23127179999487,19.02012852485596,0 -98.23120071358102,19.02027249619873,0 -98.23114590209607,19.02041138229876,0 -98.23106854466018,19.02074081233644,0 -98.23097980722859,19.02118869921948,0 -98.2306353758056,19.02128258466477,0 -98.23011109248021,19.02102278323805,0 -98.23000022939492,19.02098110176487,0 -98.22982178239344,19.02091080124091,0 -98.22963516141944,19.02085077139145,0 -98.22944586827222,19.02078300175965,0 -98.22934521358837,19.02082595798021,0 -98.22888596314782,19.02099800511468,0 -98.22876215115605,19.02131830259111,0 -98.22868650183359,19.02152763844028,0 -98.22867399994566,19.02152196976144,0 -98.22861212864352,19.02149741823885,0 -98.22860494991913,19.02149457053596,0 -98.22855483017455,19.02195768007385,0 -98.22848266061509,19.02223581918389,0 -98.22832380884034,19.02255408848782,0 -98.22832336959112,19.02255496957005,0 -98.22771557581135,19.02363213869544,0 -98.22770640076132,19.02364839950837,0 -98.22754978751875,19.0240808039732,0 -98.2274962896755,19.02422850989621,0 -98.22744286011854,19.02452424954761,0 -98.22744889017753,19.02469814954907,0 -98.22759287956275,19.02536947925288,0 -98.22750861931038,19.02563445002803,0 -98.22755515948606,19.02582905866825,0 -98.22755670971613,19.02583553926203,0 -98.22753394163449,19.02593595732009,0 -98.22753237027604,19.02594288936713,0 -98.22746917979043,19.02602170987614,0 -98.2272962598407,19.02603977029942,0 -98.22696502013656,19.02596011897799,0 -98.22662786421641,19.0258058490407,0 -98.22631305016539,19.02566179891897,0 -98.2259753493593,19.02530884874564,0 -98.22564435047552,19.02468417964742,0 -98.2254092493968,19.02458965952796,0 -98.22515727933161,19.02466477885403,0 -98.22428515029991,19.02518099000332,0 -98.22427508004263,19.02518695010925,0 -98.22429649772403,19.02547373807783,0 -98.22430943999724,19.02564703087358,0 -98.22431698063173,19.02574800044077,0 -98.22433473944848,19.02598579970203,0 -98.22436034012111,19.02632785925175,0 -98.22430440058619,19.02707788005227,0 -98.22421063003645,19.02770808930859,0 -98.22412578030986,19.02801345932615,0 -98.22389608982967,19.02884011044929,0 -98.22389374052328,19.02897645987927,0 -98.22385910967898,19.02939491095949,0 -98.22434837999447,19.02992771049146,0 -98.22465595019882,19.03017696956545,0 -98.2247780470579,19.03033326173942,0 -98.22494240436512,19.03054364768454,0 -98.22513277969638,19.03078734003977,0 -98.22534214035343,19.03084488001573,0 -98.22537705922267,19.03087666045158,0 -98.22552848959761,19.03096514039336,0 -98.22578721993328,19.03103082945121,0 -98.22605344929833,19.03101576961511,0 -98.22606078895527,19.03099933494494,0 -98.22618134961594,19.03072937964923,0 -98.22626644926,19.03057519970893,0 -98.22626677191518,19.03057488024661,0 -98.22635522026444,19.03048754924558,0 -98.22653282026427,19.03032408870445,0 -98.22668110565604,19.0301922269702,0 -98.22682391973116,19.03006523032647,0 -98.22693615031203,19.02996605072579,0 -98.2269781097294,19.02992897033572,0 -98.22708171080029,19.0298272006756,0 -98.2272576002763,19.02965442049589,0 -98.22731772028347,19.02955688973007,0 -98.22747288985238,19.02935222054233,0 -98.22774754027654,19.02909716868205,0 -98.22791832883436,19.02896626928865,0 -98.22809008026498,19.02883462910046,0 -98.22888047992723,19.02821411114098,0 -98.2291445403395,19.02800987946991,0 -98.22923307973728,19.02791021997194,0 -98.22923619035026,19.02790061756873,0 -98.22928754008993,19.02774208040796,0 -98.22929664664075,19.02772606323935,0 -98.22936427985738,19.02760711914373,0 -98.22952088967099,19.02762313968616,0 -98.22982549044353,19.0276934496313,0 -98.22991816358368,19.02772289440042,0 -98.23002564499959,19.02775704404942,0 -98.23057733634541,19.02793232960116,0 -98.23105297967436,19.02808345019825,0 -98.23148791028602,19.02826409046743,0 -98.23183707951587,19.02843788011366,0 -98.23223905995263,19.02865770985332,0 -98.23228882528086,19.0286856946137,0 -98.23235942062692,19.02872539834987,0 -98.23237332534258,19.02873321258891,0 -98.23253422030081,19.02882368992701,0 -98.23253446006589,19.02882382918926,0 -98.23297925982159,19.02907395017465,0 -98.23347003162347,19.02935181923791,0 -98.23470475005558,19.03005088939338,0 -98.23527902998305,19.03037602892959,0 -98.23593174140744,19.03074556918436,0 -98.23607708946859,19.03083445921126,0 -98.23619702019002,19.0308971198312,0 -98.23672775025881,19.03116048947444,0 -98.23691416953569,19.03122742049715,0 -98.23705911928784,19.03125974090267,0 -98.23715045991591,19.03127582985441,0 -98.2372431704031,19.0312811803036,0 -98.23746593969631,19.03127388075137,0 -98.23785455016427,19.03123798069882,0 -98.23792554000069,19.0313854902436,0 -98.23799781929708,19.03134882967748,0 -98.23812314998824,19.03132946061345,0 -98.23842489003243,19.03129989029406,0 -98.23849205947262,19.03130124890793,0 -98.238627710147,19.03131283046215,0 -98.23879434991206,19.03133981940378,0 -98.23894991004885,19.03137994937877,0 -98.23908059988719,19.03143425980625,0 -98.23917060005901,19.03147267905751,0 -98.23926574994816,19.03152855008284,0 -98.23948671110585,19.03170688823726,0 -98.23999154039343,19.03211433956128,0 -98.24012345039556,19.03223444925413,0 -98.24026836961622,19.03229640036507,0 -98.24030946434007,19.0323330129729,0 -98.24037793853469,19.0323940224497,0 -98.24072520037996,19.03270341921072,0 -98.24073248623394,19.03270919308945,0 -98.24101823061267,19.03293557991538,0 -98.24124084071632,19.03311196179926,0 -98.24124651984185,19.03311645935697,0 -98.24155613989559,19.03336327946839,0 -98.24212210999391,19.03380225970186,0 -98.24296212002449,19.03445042014278,0 -98.24325845064936,19.03469607963151,0 -98.24367800031014,19.0350271994258,0 -98.24387834021967,19.03516997958182,0 -98.24504478023223,19.03602802974783,0 -98.24514240003218,19.03612882921653,0 -98.24526688970273,19.03625188005817,0 -98.24539682023141,19.03645982069218,0 -98.24541022493072,19.03649824848955,0 -98.24547571003656,19.03668597020383,0 -98.24550174951311,19.03682894929273,0 -98.24549778101121,19.03709028756619,0 -98.24549575766936,19.03722350769346,0 -98.24549484879429,19.03728334808648,0 -98.2454871505294,19.03779017010873,0 -98.24548647296253,19.03794122035689,0 -98.24548626961491,19.0379864471388,0 -98.24548544991403,19.03816917068092,0 -98.24549145053822,19.03820605994184,0 -98.24552825961408,19.03830507901109,0 -98.24558524970968,19.03839378069977,0 -98.24568867936674,19.03849307999593,0 -98.24576454984017,19.03852428926404,0 -98.24577261804244,19.0385275719288,0 -98.24608884979203,19.03865625989827,0 -98.24612012573468,19.03866898789777,0 -98.24655687969428,19.03884672116373,0 -98.24655761102233,19.03884701694703,0 -98.24655834233403,19.03884731634508,0 -98.24700175214284,19.03902776696471,0 -98.24700437769305,19.03902883500223,0 -98.24734581686323,19.03916778668992,0 -98.24734680903511,19.03916819017018,0 -98.24734780215314,19.039168594558,0 -98.24744531091483,19.03920827679649,0 -98.24744550062483,19.0392083534806,0 -98.2474456893805,19.0392084310645,0 -98.2480240415338,19.03944379227639,0 -98.24804179916984,19.0394510191988,0 -98.2481724074421,19.03950548034025,0 -98.24826499709778,19.03954408750883,0 -98.24835647894906,19.03958223284951,0 -98.24855168982725,19.03966362945156,0 -98.24867638359368,19.03971562256569,0 -98.24878484951586,19.03976084953208,0 -98.24884965704629,19.03979438478207,0 -98.24902200195017,19.03988356728019,0 -98.24938526043032,19.04007153954423,0 -98.24941046195971,19.04008548851677,0 -98.24963662565889,19.04021066499703,0 -98.24965686386928,19.0402218709119,0 -98.24965799190107,19.04022249543566,0 -98.24965909695594,19.04022315782161,0 -98.24994865943243,19.04039654020502,0 -98.25009861995578,19.04052248925333,0 -98.25016978070437,19.04060745882222,0 -98.25023578003636,19.04070460107786,0 -98.25029557014869,19.04082674887689,0 -98.25034778003653,19.04096686042541,0 -98.2503573496478,19.0410064019511,0 -98.25039265933671,19.04115230991445,0 -98.25040424980708,19.04129991995864,0 -98.25026367989069,19.04204609009037,0 -98.25013254025917,19.04270190902946,0 -98.24995025892177,19.04357988883125,0 -98.24991391020384,19.04375496917576,0 -98.24976961899659,19.04444995041236,0 -98.24976813869669,19.04445707913149,0 -98.24972780032456,19.04465136947777,0 -98.24953512022738,19.04554722943691,0 -98.24968780853573,19.04557589914019,0 -98.2495449637682,19.04555353030063,0 -98.24939445255218,19.04552996169611,0 -98.24939391030662,19.04552987635096,0 -98.24875182994334,19.04566733783943,0 -98.24856145529665,19.04573660095256,0 -98.24836347121203,19.04578098016277,0 -98.24816170949634,19.04580046394147,0 -98.24816144139029,19.04580048996074,0 -98.24788828166473,19.04578808200882,0 -98.24750420178287,19.04568130162009,0 -98.24601045965528,19.04507779431867,0 -98.24578148512499,19.04499596149007,0 -98.24577385694478,19.04499323548906,0 -98.2456345174824,19.04494070245449,0 -98.24315115357609,19.04404265320583,0 -98.24195478929136,19.04355652423688,0 -98.24162993278944,19.04341963502594,0 -98.2411308004006,19.04320747371107,0 -98.24105669315064,19.04317779792234,0 -98.24063434489342,19.04300022015141,0 -98.24063343244988,19.04299983684434,0 -98.24059494145638,19.0429818937005,0 -98.24059430906036,19.0429830369931,0 -98.23772406772618,19.04177256729863,0 -98.23854399458185,19.04260264068494,0 -98.23955808377096,19.04424477830522,0 -98.23989168679472,19.0453305934002,0 -98.23989828923555,19.04537449979086,0 -98.24003004536017,19.04625067885301,0 -98.24005136286021,19.04639535877401,0 -98.24010382754298,19.0467434996329,0 -98.24038542677322,19.04790584925671,0 -98.24054429465338,19.04841992794827,0 -98.24063558325697,19.04871532479499,0 -98.24066720101652,19.04903386483842,0 -98.24069027080026,19.04926629039142,0 -98.24067936710058,19.04944043117468,0 -98.24066624054016,19.04965008548278,0 -98.24065643426265,19.04980671162598,0 -98.24061740427452,19.04996664799349,0 -98.24051865554605,19.05010618973568,0 -98.24038445433203,19.05029583038558,0 -98.24020773860654,19.05054554656093,0 -98.24009860110165,19.05078087731828,0 -98.24006283254387,19.05094067151891,0 -98.24006227122385,19.0510639565655,0 -98.24013171494222,19.05120419043997,0 -98.24028053769317,19.05132450903668,0 -98.24040623355779,19.05142612876468,0 -98.24053686207198,19.05149575059244,0 -98.24068002679388,19.05160629918772,0 -98.24083737483842,19.05168025281694,0 -98.240991066682,19.0517875116294,0 -98.24116240117289,19.05186818639308,0 -98.24131263497023,19.05196543489633,0 -98.24145789648074,19.05204266123826,0 -98.24164797816779,19.05219672804489,0 -98.241756494437,19.05228468464266,0 -98.24181769375721,19.05240234937147,0 -98.24183389518754,19.05253836595684,0 -98.24183122289291,19.05258625112032,0 -98.24173781005942,19.05270857457577,0 -98.24161679896957,19.05281203911576,0 -98.24148192776266,19.05288079240002,0 -98.24133569895847,19.05298148718824,0 -98.24117565130852,19.05309169794008,0 -98.24102001647366,19.0531988685694,0 -98.2408951696452,19.05328483836036,0 -98.24079841155913,19.05338979287449,0 -98.24071280571748,19.05348265019017,0 -98.24063741332678,19.05365569867953,0 -98.2405234629189,19.05405508199644,0 -98.24041162384394,19.05460641665258,0 -98.24037320131922,19.05479583133862,0 -98.24038741386073,19.05499817230649,0 -98.2403809340791,19.05519007440518,0 -98.24029596196472,19.05538165339402,0 -98.24022238946755,19.05554752923303,0 -98.24014960133542,19.05562084858036,0 -98.24007305715139,19.05569795158507,0 -98.23994322033441,19.05589201154369,0 -98.23984805030594,19.05603425505798,0 -98.23978203507963,19.05619790075947,0 -98.2397562108882,19.05632841247051,0 -98.23972977869649,19.05646199063536,0 -98.23970024522241,19.05661124695933,0 -98.23971790925756,19.05673610353801,0 -98.23976239800106,19.05681625704774,0 -98.23982098864458,19.05687780904206,0 -98.23991604609704,19.0569341803008,0 -98.24001965905033,19.05695859757318,0 -98.24012617271157,19.05696170212253,0 -98.24025813601371,19.05696554759583,0 -98.24042627273425,19.05693094936181,0 -98.24055807380509,19.05690382776339,0 -98.24070537860393,19.05684991550845,0 -98.24083067394928,19.05680405944511,0 -98.24095670449687,19.05679984792071,0 -98.24110002596622,19.05679505946678,0 -98.2412144030057,19.05684622468079,0 -98.24130732778912,19.05690333292376,0 -98.24134654575857,19.05692743589163,0 -98.24145167882467,19.05706845131407,0 -98.24152644745384,19.05727135017389,0 -98.24159813400408,19.05753554697738,0 -98.24168120373476,19.05776247132743,0 -98.24177127848726,19.0580085295525,0 -98.24180267297872,19.05817615035329,0 -98.24180206728553,19.05830943189826,0 -98.24175948427427,19.05842654726553,0 -98.24170414148603,19.05857875237166,0 -98.24159694506247,19.05872142266895,0 -98.24154477052424,19.05879086271011,0 -98.24141764427493,19.05896005499612,0 -98.2413003960198,19.05911610281697,0 -98.24116630951934,19.05940774384689,0 -98.24104160724126,19.05974627296953,0 -98.24103867517731,19.05975423334979,0 -98.24096789377685,19.05994638327672,0 -98.24095297676813,19.0600839490802,0 -98.24099711523546,19.06024140516438,0 -98.24104443334629,19.06031623909593,0 -98.2410726557012,19.06043628881223,0 -98.24232060342591,19.06149196909567,0 -98.24194214105529,19.06307866694523,0 -98.24116900449638,19.0636741885317,0 -98.24116326043863,19.06415312657721,0 -98.24116133548553,19.0641847472391,0 -98.24135401783903,19.06478876008946,0 -98.2415157820061,19.06605234530913,0 -98.24163400908866,19.06617934933459,0 -98.24260986622794,19.06672783690012,0 -98.24281609564781,19.06735901492131,0 -98.24274471873663,19.06777216440587,0 -98.24247271575288,19.06841267403135,0 -98.24204750787267,19.0689102200685,0 -98.241319659963,19.06959855637291,0 -98.24201307651575,19.07037547825692,0 -98.24224442590705,19.07056990010164,0 -98.24240155880307,19.07067389540784,0 -98.24254102998958,19.0707340735845,0 -98.24471183660154,19.07085280884767,0 -98.24480331737819,19.07085318348327,0 -98.24529461686954,19.07084615769987,0 -98.24671320750586,19.07136480720747,0 -98.24797557675817,19.0718828081345,0 -98.24888527103715,19.07222992162007,0 -98.25025514436689,19.07275512470568,0 -98.2518987101607,19.07345087132768,0 -98.25196986163124,19.07348052933402,0 -98.25339203214999,19.07411621483191,0 -98.25372054421624,19.07426451713391,0 -98.25244774753936,19.07673127093657,0 -98.2524474674714,19.07673183370993,0 -98.25269285728511,19.07684475719692,0 -98.25271692015704,19.07680146898512,0 -98.25275997111635,19.07672402375515,0 -98.25279205617052,19.07666630432234,0 -98.25282576891895,19.07660593460041,0 -98.25285908896288,19.07654728934736,0 -98.25289244789298,19.07648844543073,0 -98.25292612104128,19.07642904790819,0 -98.25298673714545,19.07631209442573,0 -98.2530288644452,19.07624387487054,0 -98.2530665403208,19.07617655904525,0 -98.25305575059652,19.07617162993027,0 -98.25330580886408,19.07570683132719,0 -98.25357158668426,19.07582082303541,0 -98.2535725815612,19.07584529384911,0 -98.2537846778616,19.07594278595952,0 -98.25376022577571,19.07598987733044,0 -98.25366701190852,19.07616742781217,0 -98.25357306920482,19.07634637602244,0 -98.25349081093883,19.07650659259105,0 -98.25344452060305,19.07659475813784,0 -98.25339736262501,19.07668457483258,0 -98.25335088150199,19.0767737200935,0 -98.25330401192754,19.0768636355272,0 -98.25325709247259,19.07695258017046,0 -98.25320571195036,19.07704987499434,0 -98.25319199206216,19.0770758550258,0 -98.25406674689577,19.07748155557496,0 -98.25464634503658,19.07634101403154,0 -98.25448119169394,19.07626280247566,0 -98.25518107404977,19.07491459850075,0 -98.25539325193517,19.07500996178053,0 -98.2553947679281,19.07500996790257,0 -98.25565920330902,19.07512881943416,0 -98.25565891572757,19.07512936501227,0 -98.25568322878236,19.07514029130345,0 -98.25582650177701,19.07520332256665,0 -98.25583757809241,19.07522304897173,0 -98.25693580756055,19.0757281347817,0 -98.25690292114665,19.07580606303311,0 -98.25683117911349,19.07594871226402,0 -98.25678454911848,19.07604143018873,0 -98.25633485009546,19.07693992346829,0 -98.25637749068208,19.07699627040151,0 -98.25691483465747,19.07692485667003,0 -98.25726701042225,19.07677606708673,0 -98.25814598969041,19.07628469761416,0 -98.26005586165684,19.07716302444182,0 -98.26054600907078,19.07748385115614,0 -98.26146842448452,19.07864853109767,0 -98.2614324592418,19.07867728016028,0 -98.25977806012359,19.07999969010872,0 -98.2596769611332,19.08007941710548,0 -98.25927845862002,19.08045792105294,0 -98.2591077395694,19.08061396925915,0 -98.25875453898223,19.08089654004613,0 -98.25864306011444,19.08098804962282,0 -98.25864498262418,19.08099091395282,0 -98.25764822074326,19.08177000518866,0 -98.25743342994765,19.08190531866918,0 -98.25734251027848,19.08196957057846,0 -98.25726634871191,19.08202095085742,0 -98.25687591889071,19.08220668993659,0 -98.25647941976932,19.08239419932956,0 -98.25617008913036,19.08252818011207,0 -98.25601746019431,19.08258014953553,0 -98.25533169075784,19.08284916991165,0 -98.25530042424786,19.08286274729862,0 -98.25509218991196,19.08292043580859,0 -98.25490157972546,19.08295186060207,0 -98.2544760740325,19.08302745609434,0 -98.25190842424924,19.08346164672195,0 -98.24969514717962,19.08383615673176,0 -98.24762569368647,19.0841863047991,0 -98.24627578729707,19.08441469367428,0 -98.24566450644404,19.08443849770032,0 -98.24524447172146,19.08445485297845,0 -98.24517261875327,19.08445425056055,0 -98.24466991968326,19.0844528001847,0 -98.24414102838691,19.08444052045338,0 -98.2441685678692,19.08447998763641,0 -98.24222419226425,19.0840094893354,0 -98.24222360325263,19.08401004630269,0 -98.24135726994072,19.08365404034609,0 -98.24020234103499,19.08284266608878,0 -98.2400711235251,19.08299300287517,0 -98.23996945185121,19.08314169375938,0 -98.23992157597942,19.08321831062735,0 -98.23987784823483,19.08329720383146,0 -98.23983175448078,19.08337382802161,0 -98.23979040292708,19.08345273100112,0 -98.23978078442366,19.08347754300956,0 -98.2397555654773,19.08353617932545,0 -98.23972072799123,19.08361962764124,0 -98.23968590077931,19.08370081674747,0 -98.23964691504059,19.08378198869019,0 -98.23961623593837,19.08386545413548,0 -98.23959325910103,19.08395346983782,0 -98.23954732597342,19.08412498282721,0 -98.23951901272618,19.08421071725452,0 -98.23950079867286,19.08429649334744,0 -98.23947860762135,19.0844726227581,0 -98.23946038319966,19.08456065804358,0 -98.23945166392953,19.08464873254946,0 -98.23944590470224,19.08473907851191,0 -98.23944193800291,19.08482717262704,0 -98.23944093135438,19.08491753819938,0 -98.2394423113156,19.0850056543764,0 -98.23944547350109,19.08509377790726,0 -98.23945218982485,19.08518417534709,0 -98.23946069869493,19.0852723209401,0 -98.23947158387554,19.08536047633816,0 -98.23948484537048,19.08544864154098,0 -98.23950107726003,19.08553681899961,0 -98.23951910170909,19.08562274461023,0 -98.23954009656049,19.08570868247552,0 -98.23956345742829,19.08579688934381,0 -98.23958862117817,19.08588058516186,0 -98.23961674502927,19.0859665524325,0 -98.23962378115262,19.08598691464931,0 -98.2396490068316,19.08605705525696,0 -98.24016380294992,19.08729046589373,0 -98.24019399649931,19.08736271535741,0 -98.24010131896387,19.08738142021129,0 -98.24024791922312,19.0875090347768,0 -98.24026449179912,19.08753139730905,0 -98.24028486504595,19.08758014810212,0 -98.2406504301114,19.08844920407579,0 -98.24073494148116,19.0885500840918,0 -98.2428402746875,19.09106312244272,0 -98.24188624010951,19.09365055054141,0 -98.24185437189593,19.09373401135731,0 -98.24130279622901,19.09381541127953,0 -98.24126703040213,19.09391303041406,0 -98.24032786270575,19.09538657196243,0 -98.23907609644074,19.09414418051052,0 -98.23853458029714,19.09422413063966,0 -98.23809226467502,19.09428781986987,0 -98.23725516211088,19.0944153918979,0 -98.23682103522452,19.09476603539202,0 -98.23666952252309,19.09488870882763,0 -98.23664601931522,19.09490773816259,0 -98.23633523602936,19.09515936655632,0 -98.23634194457553,19.09516056645906,0 -98.23635282020801,19.09516660304486,0 -98.2363712158005,19.0952615944645,0 -98.23638145198215,19.09532829349399,0 -98.23638766085375,19.09537978470351,0 -98.23638786968061,19.09581508676287,0 -98.23639164150103,19.09598133722122,0 -98.23639784405204,19.09625306897788,0 -98.236400682672,19.09637739221564,0 -98.23640208211181,19.09643870472951,0 -98.23640078608868,19.09654510048194,0 -98.23638552006946,19.09675841780994,0 -98.23611157240479,19.09677122419894,0 -98.23573315774726,19.09678804296269,0 -98.23554412843222,19.09679629012566,0 -98.23539130346596,19.09680295499065,0 -98.23527357776247,19.09680835116112,0 -98.2351311811108,19.09681538533589,0 -98.23494660132837,19.09682450435117,0 -98.23475964067293,19.09856107646691,0 -98.23589638729173,19.09919048316796,0 -98.23518817563914,19.09996645670592,0 -98.23096278363198,19.09765107083942,0 -98.23088853050092,19.09779719639419,0 -98.23087694855938,19.09780001726452,0 -98.23037940474302,19.09750454201952,0 -98.22979046035633,19.09715415892007,0 -98.22998518524273,19.09718660232395,0 -98.23007676280353,19.09716891122592,0 -98.23016072130531,19.09712859587636,0 -98.23023050454616,19.09707014735988,0 -98.23028194325876,19.09699580750685,0 -98.23031144142138,19.09691233901636,0 -98.2303166121543,19.09682199116282,0 -98.2302410916063,19.09632238432621,0 -98.23052189744239,19.096497518733,0 -98.23077834694909,19.09641499803167,0 -98.23087190547687,19.0962256127934,0 -98.23108024037538,19.0963981845293,0 -98.23108954797718,19.09640594725943,0 -98.23113794245771,19.09637355750391,0 -98.23116183957529,19.09635112813377,0 -98.2311664502141,19.09635519592968,0 -98.23118220776924,19.09633946511089,0 -98.23120904794678,19.09632238523866,0 -98.23122153561012,19.09631443784823,0 -98.2312539512655,19.09629381164306,0 -98.23128072372029,19.09626483794987,0 -98.23133481411676,19.09620630090677,0 -98.23137660418259,19.09618184236654,0 -98.2313837977951,19.09617763224549,0 -98.23142710055757,19.09615228353962,0 -98.23151758623915,19.09610532550568,0 -98.23153395497818,19.09609309450343,0 -98.23155047635001,19.09608074665601,0 -98.23158991016602,19.09605126995891,0 -98.23163339794864,19.09601877374741,0 -98.23166801458147,19.0959929007562,0 -98.23164511065413,19.09595875400174,0 -98.23170840511861,19.09591883067866,0 -98.2319250495952,19.09578215557684,0 -98.23202304278936,19.09571499485335,0 -98.23220189254465,19.09559242214925,0 -98.23226030285356,19.09555202642231,0 -98.2322709549792,19.09554466051616,0 -98.23234253506624,19.0954951381048,0 -98.23242458181105,19.09542279578983,0 -98.23246420212196,19.09538785231565,0 -98.23248674681787,19.09536797458372,0 -98.23254181868315,19.09531145196916,0 -98.23263990087354,19.09522693128509,0 -98.23267162459496,19.09519960013068,0 -98.23279447089099,19.09508386043179,0 -98.2328140574795,19.09503897322493,0 -98.23284546690611,19.09496699005336,0 -98.23285639276043,19.09494786004305,0 -98.23286686245375,19.0949295279027,0 -98.23288772900263,19.09489299073761,0 -98.23303803900247,19.09477280155742,0 -98.23303818595279,19.09477268017033,0 -98.23307869820852,19.09473926299266,0 -98.2331148689196,19.09477646597643,0 -98.23316199370564,19.09482493663836,0 -98.23321660505033,19.09477337317632,0 -98.23331388468397,19.09467926959758,0 -98.23344904338116,19.0945484076252,0 -98.23346429907417,19.0945340273399,0 -98.23348108804041,19.09451738154272,0 -98.23332909607819,19.09439396399484,0 -98.23328107197365,19.0942557246719,0 -98.23325185940568,19.09401648530521,0 -98.23324067883696,19.09392808447735,0 -98.23309849945214,19.09387650618766,0 -98.23302583114052,19.09372683910317,0 -98.23290954356855,19.09382124296054,0 -98.23285700998736,19.09386361989563,0 -98.232747937287,19.09395160582076,0 -98.23272193198396,19.09392212742004,0 -98.23265506414383,19.09384059948483,0 -98.23257550306089,19.0937512631402,0 -98.23251209179702,19.09381675185435,0 -98.23248807971363,19.09384155766213,0 -98.23243093280099,19.09385135963203,0 -98.23232086510448,19.09385532912698,0 -98.23228471779279,19.09385663344934,0 -98.23225565351102,19.09385974756127,0 -98.23218739618396,19.09386706317733,0 -98.23208613717954,19.0938841005273,0 -98.23201394111281,19.09389625250401,0 -98.23194208982575,19.09390784559844,0 -98.23192631735387,19.09391039152134,0 -98.23190288731,19.09393058179387,0 -98.23189069035197,19.0939410861009,0 -98.23184332694029,19.09398341651588,0 -98.23182097352041,19.09400512947406,0 -98.23180022426374,19.09402528572578,0 -98.23176963031187,19.09405500720219,0 -98.23165377251449,19.0941333262542,0 -98.23154707832448,19.09420545699387,0 -98.23153697054215,19.09421229195136,0 -98.23153686834928,19.09421589726834,0 -98.23149525639649,19.09421609149346,0 -98.23141835424363,19.09421064040491,0 -98.23134147678266,19.09420519571329,0 -98.23114386302204,19.09416932580926,0 -98.23099738404622,19.09414730590503,0 -98.23084692489932,19.09412469090356,0 -98.23077658809819,19.09413764540284,0 -98.2306741631465,19.0941621416182,0 -98.2306711593689,19.0941619185137,0 -98.23066398083778,19.0941643203794,0 -98.2301922594233,19.09429112638676,0 -98.22995423027655,19.09437372337845,0 -98.22993042421477,19.09438266081818,0 -98.22992003331748,19.09431709951344,0 -98.2299027116883,19.09420858373495,0 -98.2297605965379,19.09410632396104,0 -98.22948478403148,19.09272477683778,0 -98.22950876578545,19.09126540983163,0 -98.22941281875649,19.09017379683614,0 -98.22956145300293,19.0897106284747,0 -98.22976910103351,19.0892268827787,0 -98.22984917367442,19.08894909168776,0 -98.23120275513611,19.08611658838158,0 -98.23244994458322,19.08350578458391,0 -98.2321561344217,19.08321235789452,0 -98.23107933693069,19.08213813860523,0 -98.23107963651931,19.08213727682516,0 -98.23051135127412,19.0816083686414,0 -98.22970638970405,19.08090536695455,0 -98.22893385283919,19.0801882173342,0 -98.2284216077001,19.07970937442562,0 -98.22832859228936,19.07965476333408,0 -98.22825223254,19.07895407933187,0 -98.23031964368595,19.0744947564492,0 -98.23041369408641,19.07442025785349,0 -98.23046726164307,19.07437893576808,0 -98.23051524721551,19.07435322251895,0 -98.23052653065122,19.07434717597834,0 -98.23054937955615,19.07433493225077,0 -98.23056973417764,19.07432376887411,0 -98.23060703011998,19.07429838331685,0 -98.23063543494357,19.07427904976317,0 -98.23064835319784,19.07426908799175,0 -98.23065101546234,19.07426764957004,0 -98.23068871977713,19.07424727308331,0 -98.23072977430597,19.07422508600156,0 -98.23075815315653,19.07420849142475,0 -98.23076066983715,19.07420688159534,0 -98.23081693465342,19.07416927400463,0 -98.23083936851833,19.07415427404013,0 -98.23085809642575,19.07414155219704,0 -98.23086209334004,19.07413883699339,0 -98.23088862342071,19.07412081587981,0 -98.23090987821936,19.07410715297817,0 -98.23095418818289,19.07408329041281,0 -98.23098275911252,19.07406790393989,0 -98.23100763522189,19.07405485437655,0 -98.23104590830229,19.07403478744241,0 -98.23107646863816,19.07401876491464,0 -98.23110517486495,19.0740037142577,0 -98.23113307255424,19.07398900634068,0 -98.23114500715707,19.07399426320578,0 -98.23118919312287,19.07396347503502,0 -98.23126591533452,19.07391420634147,0 -98.23126896922125,19.07391275960241,0 -98.23130566704265,19.0738913070033,0 -98.23154682467835,19.07376471919086,0 -98.23163168566823,19.07372017444298,0 -98.23169075113189,19.07368917342365,0 -98.23197109581493,19.07354201749638,0 -98.23206024501725,19.07349522212405,0 -98.23207198317021,19.07346905294701,0 -98.23217163394131,19.07325575709446,0 -98.23235224210784,19.07332075830301,0 -98.2324401978977,19.07325071377467,0 -98.23246298777661,19.0730900065584,0 -98.23248786351053,19.07245250197025,0 -98.23247063433439,19.07194715772469,0 -98.23241938759972,19.07168163334191,0 -98.23246586290708,19.07148453879779,0 -98.23234221702077,19.07085821369125,0 -98.23225666317309,19.07034500925043,0 -98.23201662483351,19.07009775227806,0 -98.23179151055554,19.0698347424684,0 -98.2315788812446,19.06944074828952,0 -98.23103493742167,19.06888496653318,0 -98.23091774945999,19.06866307204409,0 -98.23109945499175,19.068291054448,0 -98.23104000050429,19.06752944144313,0 -98.23094249850284,19.06664567056751,0 -98.23081052473387,19.06618797218882,0 -98.23092223868139,19.06607737898487,0 -98.230889627598,19.06589231936274,0 -98.23088844462313,19.06583558029082,0 -98.23088712779385,19.06577283107093,0 -98.23088632495704,19.06573464649668,0 -98.23088573271949,19.06570643962273,0 -98.230884392546,19.06564256971956,0 -98.23088416627276,19.06563186899549,0 -98.23086649874708,19.06543116269353,0 -98.23094701646748,19.06517833922912,0 -98.23097444756343,19.06499881474247,0 -98.2309807162612,19.06490509307677,0 -98.23099763469884,19.06454417248571,0 -98.23099840370128,19.06452786394592,0 -98.230999152002,19.0644974937818,0 -98.2310009581379,19.06449741997819,0 -98.23102899427418,19.06449624094666,0 -98.23104613079349,19.06449552074037,0 -98.23104746045735,19.06442769472404,0 -98.23104818513629,19.06442718263703,0 -98.23104920618141,19.06440361845367,0 -98.23105276938701,19.06434608582822,0 -98.23105488136704,19.06431265781154,0 -98.23106060587409,19.06422192329824,0 -98.23100797629854,19.06419558704762,0 -98.23102592146144,19.06402215186374,0 -98.23100506404258,19.0638872512715,0 -98.2310037161533,19.06384977833878,0 -98.23101551980548,19.06372002037778,0 -98.23105003732017,19.06372241446659,0 -98.23105534975973,19.06371218867594,0 -98.2310954213159,19.06372204334041,0 -98.23112053353744,19.06351538192245,0 -98.23110783599456,19.06350920192876,0 -98.23115246020093,19.06342622962824,0 -98.23122739614504,19.06328690251014,0 -98.23125307773125,19.06323915872112,0 -98.23129241018208,19.0631660236739,0 -98.23134114669909,19.06307540509512,0 -98.2313768135604,19.06299335332784,0 -98.23143656960221,19.06285331400632,0 -98.22816879803727,19.06091819988818,0 -98.22424953038882,19.0591440725986,0 -98.22403376290995,19.05904827622219,0 -98.22385144772367,19.05891195484874,0 -98.22341222936024,19.05858477675639,0 -98.22308540593474,19.05909086028108,0 -98.22299541619783,19.05944153418698,0 -98.22280183462061,19.06012325945986,0 -98.22226709095982,19.06175418852338,0 -98.22183983757948,19.06336894898525,0 -98.22111560797191,19.06221099589865,0 -98.22104219781191,19.06253519337373,0 -98.22092799237426,19.06304692618158,0 -98.22086922743971,19.06330556890452,0 -98.22086634886465,19.06331874709724,0 -98.22085913686396,19.06335176842342,0 -98.22082791911953,19.06349755640046,0 -98.22081532466819,19.06355687604541,0 -98.22079799400488,19.06363721373105,0 -98.2207187039326,19.06375459426851,0 -98.22059934267685,19.06380460030322,0 -98.22034819856074,19.0640700019863,0 -98.21829167191558,19.06687877503461,0 -98.21833235383784,19.06690316738245,0 -98.21841817020443,19.06695951496874,0 -98.21845650663219,19.06698469079608,0 -98.21850322858718,19.06701537130952,0 -98.21848319001978,19.06704247860339,0 -98.21862210305875,19.06709157750027,0 -98.2185951202035,19.06716867493241,0 -98.21857458180601,19.06722740042216,0 -98.21855358156252,19.06728732586705,0 -98.21852997062003,19.06735472194218,0 -98.21851560753639,19.06739571868233,0 -98.21850768036988,19.06741834796943,0 -98.21843396881091,19.06736658826272,0 -98.21837730091507,19.06752905487481,0 -98.21836369027477,19.06756807660013,0 -98.21831528251869,19.06770843223135,0 -98.21830705129075,19.06773286038026,0 -98.21829363143789,19.06777314446582,0 -98.21827771686475,19.06782089153726,0 -98.21826057701702,19.06787232049063,0 -98.21823761453142,19.06794123837805,0 -98.21820991200686,19.06802438744522,0 -98.21819950242902,19.06809521924157,0 -98.21813640958271,19.06821622680038,0 -98.21838489905785,19.06842964840689,0 -98.21843341747567,19.06847052030113,0 -98.21976234775107,19.06959221084122,0 -98.21942354968985,19.07065035999006,0 -98.21928855307674,19.07106322912169,0 -98.21918911103066,19.07136780523874,0 -98.21911253686937,19.07160921945711,0 -98.21833600489217,19.07404364655835,0 -98.22003863752713,19.0745298147337,0 -98.22000022816141,19.07461324404543,0 -98.2199624233634,19.07469441666739,0 -98.21992402449197,19.07477558676641,0 -98.21988503154624,19.07485675434211,0 -98.21984544452539,19.07493791939407,0 -98.2198058680395,19.07501682524292,0 -98.21976628093969,19.07509799027377,0 -98.21968473047251,19.0752603102478,0 -98.21964396575471,19.07533921102571,0 -98.21960201292197,19.07541810676404,0 -98.21956004947005,19.07549926168302,0 -98.21951809655506,19.07557815739804,0 -98.21947554956081,19.07565705058674,0 -98.21943239790629,19.0757382004408,0 -98.21938866275045,19.07581708857544,0 -98.21934552159141,19.07589597921272,0 -98.21930119231138,19.07597486480715,0 -98.21925687357113,19.07605149119676,0 -98.21916702671652,19.07620925729007,0 -98.21912092572742,19.07628587609331,0 -98.21907540815042,19.07636475659077,0 -98.21902930707425,19.07644137536678,0 -98.21898260132653,19.07652025080445,0 -98.21888802278781,19.07667347822081,0 -98.21886527977703,19.07670952964955,0 -98.21877996009884,19.07666172418573,0 -98.21861831894169,19.07692762909738,0 -98.21857581353039,19.07699748527396,0 -98.21840879134264,19.07689059319198,0 -98.21838200644646,19.07690177582289,0 -98.21835343941854,19.07691295089431,0 -98.2183413996275,19.07694678839345,0 -98.21830827163224,19.07704379509518,0 -98.21829200993933,19.07709117010665,0 -98.21827272503502,19.07714982847824,0 -98.21825767260215,19.07719269014063,0 -98.21813493872274,19.07714246649732,0 -98.21801042278989,19.07709223521585,0 -98.21791669116261,19.07706472680076,0 -98.2178831066805,19.07713236141247,0 -98.21787231847813,19.07715264877043,0 -98.21778872799443,19.07711614636708,0 -98.21776053225784,19.07717476687322,0 -98.21759987522996,19.07710404885082,0 -98.21756134726553,19.07708581145924,0 -98.2174514704783,19.0769543094438,0 -98.21733824146132,19.07728367722864,0 -98.21682393090579,19.07889684641218,0 -98.21659818756024,19.07952847303757,0 -98.21631293963715,19.08043398636731,0 -98.2165539245112,19.0805354770643,0 -98.21809742470707,19.08118019755952,0 -98.21763582090125,19.0819683042181,0 -98.21615915547189,19.08141914941308,0 -98.21601901378482,19.0813670320493,0 -98.21508263623132,19.08433941819121,0 -98.21508143678817,19.08434322486108,0 -98.21518987854853,19.08440139921324,0 -98.21557152733403,19.08460613713232,0 -98.21579332866996,19.08472512323708,0 -98.21604083057404,19.08485789580388,0 -98.2195774244358,19.08624877817964,0 -98.2201989702547,19.08647507432319,0 -98.22033418720277,19.08652534868509,0 -98.22046179350886,19.08629770577813,0 -98.22062037286103,19.08592560361767,0 -98.22070569427481,19.08572037312365,0 -98.22014867612083,19.08503572890262,0 -98.22018547501912,19.08491614424652,0 -98.22155376478145,19.08547598261525,0 -98.2218759571722,19.08560614223789,0 -98.22185863767731,19.08565594309424,0 -98.22178831884092,19.085822368728,0 -98.22175699443821,19.08589650204445,0 -98.22172241155735,19.08597836625279,0 -98.22170350534705,19.0860231186794,0 -98.22167511246913,19.08609030591303,0 -98.22164300853373,19.08616443591265,0 -98.22156016862351,19.08635569629003,0 -98.22153112023008,19.0864227813203,0 -98.22147657891327,19.08654870661937,0 -98.22143507256065,19.08664346433687,0 -98.22138460182944,19.08675870706059,0 -98.22133969405041,19.08686124925971,0 -98.22129753424991,19.0869574862354,0 -98.22127919260818,19.08694730362572,0 -98.22124416279489,19.08703439099116,0 -98.22120868016563,19.0871174802996,0 -98.22116569173569,19.08721810568901,0 -98.22112823576923,19.08730239758792,0 -98.22105428434804,19.08746882558854,0 -98.22101794271286,19.08755059182646,0 -98.2209809188101,19.08763392759861,0 -98.22094292473105,19.08771941908834,0 -98.22090687114301,19.08780054489385,0 -98.22086967425399,19.08788425945801,0 -98.22081301167957,19.0880123263331,0 -98.22077567844723,19.08809671806731,0 -98.22073862374758,19.08818048742114,0 -98.22071296300994,19.0882385135289,0 -98.22068117294293,19.08831038541047,0 -98.22064849916433,19.08838198334326,0 -98.2206217414253,19.08844061840365,0 -98.22165176536765,19.08883759802574,0 -98.2207230114176,19.08883171621419,0 -98.22068415773315,19.08890966447494,0 -98.22041787023603,19.0895145460337,0 -98.22023118828358,19.08993513037682,0 -98.22021021712206,19.08999032056356,0 -98.22036851372513,19.09009622461117,0 -98.22049418625177,19.09019197216931,0 -98.22057885776812,19.09032986437808,0 -98.22068184449532,19.09051720550622,0 -98.22077032436474,19.09063395465829,0 -98.22099870811473,19.09081851204114,0 -98.2205426158513,19.09073518481068,0 -98.22038487285009,19.09067351813342,0 -98.21682337622664,19.08925091275121,0 -98.20768892126806,19.08754455131605,0 -98.20569352206375,19.08716344357518,0 -98.20569314502895,19.08716337417323,0 -98.20532153496072,19.08496525351734,0 -98.20498033555195,19.08255426386732,0 -98.20489273297534,19.0819352349552,0 -98.20485805550963,19.08169102354518,0 -98.20450342934592,19.0805011695915,0 -98.20397673127559,19.07873394165556,0 -98.20385946780306,19.07833800684807,0 -98.20353404153704,19.0772452207008,0 -98.20349250393642,19.07710728065139,0 -98.20350248635054,19.07711335953565,0 -98.20349648170499,19.0770933620032,0 -98.20264291833628,19.07421819144228,0 -98.20264280327248,19.07421780597191,0 -98.20256691560671,19.07396256976845,0 -98.20255611740832,19.07396235769419,0 -98.20094473925205,19.07393069578091,0 -98.20093261112405,19.07393033416151,0 -98.19890627988822,19.07386988873131,0 -98.19787339122888,19.07386905842703,0 -98.19753246418571,19.07381586042044,0 -98.19720659835301,19.07371571373446,0 -98.19700427792428,19.07363020844127,0 -98.1968215788402,19.07357769811648,0 -98.19587771880401,19.06946476666947,0 -98.19410232765709,19.07211004860892,0 -98.19410018598545,19.07211325548477,0 -98.19410562482901,19.07211613491632,0 -98.19262504610688,19.07432662075484,0 -98.19289031090946,19.07447096365939,0 -98.19332500743026,19.07470750188768,0 -98.19333314863202,19.07471193124709,0 -98.19323680970668,19.07521920388002,0 -98.19318294501096,19.07550282995555,0 -98.19279670734838,19.07629372540961,0 -98.19279787521954,19.07629436943157,0 -98.19305419965144,19.07643568001267,0 -98.19305387256786,19.07643766760314,0 -98.19300507266857,19.07673415265263,0 -98.1929039957695,19.07734824565991,0 -98.19289359683945,19.07734660783427,0 -98.19280928659128,19.07733332860896,0 -98.19267562111884,19.07731227476527,0 -98.19228051817845,19.07725004216865,0 -98.19219327898446,19.07723630069875,0 -98.19110155096334,19.0770643368346,0 -98.19110111704703,19.07706522235416,0 -98.19043636291072,19.07842303876872,0 -98.18990200021291,19.07814648496489,0 -98.18953514131724,19.07795661961111,0 -98.18953242229098,19.07796124448818,0 -98.1895237438236,19.07797600786481,0 -98.18932243744881,19.07831845785058,0 -98.18933145388733,19.07832332410322,0 -98.18929459251396,19.0783816343226,0 -98.18929470144433,19.0783817116152,0 -98.18933526892653,19.07841071136891,0 -98.18935591940588,19.07842319175403,0 -98.18940623644427,19.07846071729448,0 -98.18965410415903,19.07864472273854,0 -98.190356102762,19.07915877027995,0 -98.19040517936664,19.07919541805115,0 -98.19096614585824,19.07961430900567,0 -98.1919131724476,19.08032147633799,0 -98.19329871843711,19.08135905074106,0 -98.19392429313747,19.0818271207894,0 -98.1939243831106,19.08182718805591,0 -98.1945139666731,19.08226353652388,0 -98.19457072324683,19.08232026515324,0 -98.19467359804749,19.08242237975934,0 -98.19461830896915,19.0827994286936,0 -98.19461819805373,19.08279936766172,0 -98.19412764526206,19.08252990218907,0 -98.19329647663076,19.08239649655473,0 -98.19142999078042,19.08208700119315,0 -98.18845253924867,19.08158596036243,0 -98.18818622357237,19.0815395941894,0 -98.18721086482897,19.08137096927022,0 -98.18705873090174,19.08134867312264,0 -98.18692991371367,19.08141426310651,0 -98.18692263900978,19.08140481548684,0 -98.18646246994838,19.0816345360459,0 -98.18630170007205,19.08191303903887,0 -98.18595718988668,19.08250984995754,0 -98.18573287061396,19.08289843914403,0 -98.18554249702655,19.08280794312567,0 -98.18543765269467,19.08276957913594,0 -98.18538160199972,19.0827473754158,0 -98.18538150049129,19.08274733520489,0 -98.18598717017136,19.0816934809497,0 -98.18598947873433,19.08168944081307,0 -98.18493073816504,19.08019217922236,0 -98.1845292041554,19.07962797490055,0 -98.18382620298507,19.07863759248162,0 -98.18371483166555,19.07848050014305,0 -98.18364208528713,19.07837100344073,0 -98.18329345698079,19.07787609976146,0 -98.18318574149963,19.07772128796151,0 -98.18303608615614,19.07751663078207,0 -98.1828634309566,19.07727270841252,0 -98.18258809385648,19.07688150120962,0 -98.18253595751921,19.07680836952056,0 -98.1822560092003,19.07643499647988,0 -98.18223460174214,19.0764394199715,0 -98.18221282038191,19.07639045370865,0 -98.18212184722708,19.07625740681532,0 -98.182092157433,19.07623546911251,0 -98.18208988401653,19.07620484207005,0 -98.18183467322216,19.07606509300871,0 -98.18175419969731,19.07599860398786,0 -98.18177931476664,19.07587068632255,0 -98.18177938397017,19.07587033599864,0 -98.18181232198907,19.07581626087386,0 -98.1819619606394,19.07571463818025,0 -98.18236511999962,19.07593033851643,0 -98.18255830092076,19.07603369142661,0 -98.18255819150272,19.07603410211969,0 -98.18308105064173,19.07513981596219,0 -98.18313658500446,19.07502068294047,0 -98.1829469934691,19.07491817795096,0 -98.18250273625178,19.07490039425567,0 -98.18184385834965,19.07515954145105,0 -98.18158195328652,19.07550855830729,0 -98.18143366797653,19.07570445222152,0 -98.17822854919649,19.0739460776784,0 -98.17813369434663,19.07390724819034,0 -98.17660975188649,19.0756377884547,0 -98.17650281738918,19.07575930866267,0 -98.17561932667337,19.07674941632967,0 -98.17474619922419,19.07720413127256,0 -98.1742655334437,19.0772200528333,0 -98.17226478763979,19.07813116025222,0 -98.17173175319947,19.07857142426704,0 -98.17141026179537,19.07839827109621,0 -98.17141024173674,19.07839829088715,0 -98.17115188266881,19.07864682970979,0 -98.17091031008516,19.07889714708115,0 -98.17004319116396,19.07894188621216,0 -98.16973170014617,19.07866875162027,0 -98.16878978878245,19.07971819547096,0 -98.16862884548522,19.0798404893147,0 -98.16868793657832,19.07997504255678,0 -98.16867210260855,19.08019102246101,0 -98.16857021753806,19.08031224962188,0 -98.16842262745465,19.08058035075922,0 -98.16839916392863,19.08077279676071,0 -98.16839949923209,19.08077493639286,0 -98.16833192229022,19.08109204284943,0 -98.16817641365863,19.08127079679197,0 -98.16793180496776,19.08125816087303,0 -98.16787532398972,19.08133071492347,0 -98.16771809326951,19.08129901499767,0 -98.1675042284927,19.08123846205716,0 -98.166745806213,19.08102372207093,0 -98.16674347014785,19.0810232885865,0 -98.16648065618223,19.08097453492725,0 -98.16609879030167,19.08082265153589,0 -98.16579987550863,19.08068817091438,0 -98.16540196964158,19.08048822605847,0 -98.16489467244385,19.08021424568056,0 -98.16473974561674,19.080130572852,0 -98.16472221578614,19.08012200782301,0 -98.16446929262544,19.07999842951251,0 -98.16325392080337,19.07940459292799,0 -98.16269038439913,19.07907216226101,0 -98.16220594230714,19.07859111431154,0 -98.16190116248262,19.07799382956426,0 -98.16180763732864,19.07767417333478,0 -98.16177009841108,19.07734945072081,0 -98.16151558580209,19.0773398014548,0 -98.16145118506563,19.07733735958863,0 -98.16134357796992,19.07759225494121,0 -98.16119675646557,19.07781089852877,0 -98.16082922577185,19.07825189387558,0 -98.16050402131647,19.07864209890885,0 -98.16039431258612,19.07877373597718,0 -98.16024221449324,19.07889279128079,0 -98.16008500138341,19.07901585086519,0 -98.15989735246576,19.07909893360582,0 -98.15969356033594,19.07918916299878,0 -98.15944177363482,19.07924327719736,0 -98.15915514056432,19.07926580650485,0 -98.15880076904024,19.07922673302607,0 -98.15756335494157,19.07887375890691,0 -98.15653764441424,19.07860916678341,0 -98.15424407813805,19.07801749403821,0 -98.15360715378063,19.0778531795645,0 -98.1535461501298,19.07783744199135,0 -98.15280442084267,19.07762243404935,0 -98.15171917314613,19.07730784216228,0 -98.1513212993455,19.07719609887112,0 -98.14860062132024,19.07643196966253,0 -98.14750070687971,19.0761230349283,0 -98.14802984979291,19.0738700184768,0 -98.14648710948882,19.07364374102012,0 -98.14512160866684,19.07534537373354,0 -98.1449952780866,19.07530638149159,0 -98.14311735942069,19.07463989759619,0 -98.14183416926498,19.07422187568771,0 -98.14475661519255,19.07145784979508,0 -98.15012326274385,19.06623157658699,0 -98.15028268358236,19.06601159360639,0 -98.15218462336151,19.06415649730449,0 -98.15262934785346,19.06372477233414,0 -98.15356543014947,19.06280053415554,0 -98.1541275653384,19.06205531355094,0 -98.15436915551794,19.06126795625876,0 -98.15426942361192,19.06125620305488,0 -98.14798223018673,19.06008156096386,0 -98.1474427575525,19.05997556557942,0 -98.14744209918598,19.05997663340217,0 -98.14727314557348,19.06002781442768,0 -98.14727191788901,19.06002721684104,0 -98.14512589376004,19.05898316085409,0 -98.14250390751803,19.05727884833435,0 -98.14230658287994,19.05718756298727,0 -98.14230599956959,19.0571873370664,0 -98.14141680273788,19.0568422849228,0 -98.14141605816764,19.05684218566812,0 -98.14141539527512,19.05684209673397,0 -98.14079080816487,19.0577543488665,0 -98.14007647078415,19.05886480875552,0 -98.13907086887022,19.05955369627387,0 -98.13802438589711,19.06100953589775,0 -98.13781327458578,19.06130322465409,0 -98.13735398040663,19.06201950352553,0 -98.13709331252144,19.06308104984275,0 -98.13708578457744,19.06311170454926,0 -98.1353865445985,19.06513929039443,0 -98.13373915719501,19.06666781800422,0 -98.1317051589333,19.06714624136228,0 -98.12975309472449,19.06851572196392,0 -98.12964168021776,19.06859388410364,0 -98.12888808459711,19.0696716416191,0 -98.12825801843911,19.06949516718159,0 -98.12700320385171,19.06905805495378,0 -98.12605456061165,19.06877051102713,0 -98.11886098880279,19.0673539438155,0 -98.11885988754048,19.06735479252958,0 -98.11722973590288,19.06705071447513,0 -98.11639824142487,19.0668956066206,0 -98.11420127833161,19.0664416728204,0 -98.10920047057439,19.06540830668493,0 -98.10927101564508,19.06528007236968,0 -98.10951883288504,19.06489535051004,0 -98.10965923456865,19.06467738386146,0 -98.1110739572589,19.06346235789904,0 -98.11213538221756,19.06262506678483,0 -98.1126208178361,19.06224214066261,0 -98.11380883272388,19.06135839181972,0 -98.11389374904607,19.06131635036256,0 -98.11422125801184,19.06115419937612,0 -98.11429616696661,19.06111711153148,0 -98.11456170266489,19.06098564405421,0 -98.11460844682128,19.06087715963539,0 -98.11460927626477,19.06087523426509,0 -98.1146094205874,19.06087490150081,0 -98.11461329259859,19.06086591493927,0 -98.11462998149804,19.0608271820923,0 -98.11473473145821,19.06058407505018,0 -98.11514512778314,19.06014745481043,0 -98.11517286122985,19.06011794900479,0 -98.1155058302065,19.05976348848851,0 -98.11573994016069,19.0596100808689,0 -98.11591398119602,19.0594960357803,0 -98.11580438464551,19.05944566194797,0 -98.1158468567303,19.0594004484496,0 -98.11590047972709,19.05935231436874,0 -98.11538905202458,19.05915314696869,0 -98.11537057121092,19.05918056630695,0 -98.1152501738737,19.05908579872705,0 -98.11470169927533,19.05865408022322,0 -98.11427769317757,19.05832032982046,0 -98.11375630162313,19.0580481301522,0 -98.11374905811078,19.0580443487158,0 -98.11374156548189,19.05803969584138,0 -98.1136016665473,19.05795281575008,0 -98.11317648902427,19.05768876786915,0 -98.11275541341736,19.05742726635691,0 -98.11239918521466,19.05720603826744,0 -98.11268475193822,19.05669095473352,0 -98.11282588483967,19.05645753662906,0 -98.1130734800508,19.05604804162387,0 -98.11309657027275,19.05600985294629,0 -98.11373187686651,19.05500520717323,0 -98.11386682285041,19.05474639218496,0 -98.11394325466864,19.05460505799681,0 -98.11394399464598,19.05460368976694,0 -98.11412808847371,19.05426327074883,0 -98.11419239905291,19.05414434910137,0 -98.11421356939439,19.05410520218117,0 -98.11421396000917,19.05410448111378,0 -98.11425286378118,19.05403254079382,0 -98.11425290888715,19.05403245787195,0 -98.11425300581844,19.05403227940898,0 -98.11425406985693,19.05403234325479,0 -98.1148916857822,19.05407111025668,0 -98.11511632252525,19.05408476756814,0 -98.11538249944098,19.05410094979368,0 -98.11563379891564,19.05411622986566,0 -98.11563380485218,19.05411618561389,0 -98.11563849914702,19.054079853142,0 -98.11569128438886,19.0536713797248,0 -98.11584599602634,19.0525115497067,0 -98.11586925638188,19.05233716448308,0 -98.11609260560324,19.05066273506618,0 -98.11610849275887,19.05054362860979,0 -98.1162015756609,19.04984578297142,0 -98.11622865794803,19.04964273859071,0 -98.11630902350043,19.04904023055199,0 -98.1165810902319,19.04828642789108,0 -98.11666238810821,19.04806117737533,0 -98.11670056550031,19.04801755422348,0 -98.11698019366069,19.04769803719684,0 -98.11715473256864,19.04749859956252,0 -98.11848050399192,19.04598367864337,0 -98.11881827523055,19.04567428171612,0 -98.11933118300665,19.04539360535318,0 -98.11991319532555,19.04530899665021,0 -98.1199131304765,19.04530922045365,0 -98.11970873976611,19.04602290387918,0 -98.11971004323232,19.04602278719386,0 -98.1197194755637,19.04602193752551,0 -98.1197190142878,19.04602363243632,0 -98.11971038680961,19.04605530954876,0 -98.11970216536676,19.04608549481433,0 -98.11969544403128,19.04611016936477,0 -98.11968752976452,19.04613922830191,0 -98.11968033841892,19.04616563115674,0 -98.11967255886898,19.04619419100045,0 -98.11966482580591,19.04622258478829,0 -98.11965690863876,19.04625165093898,0 -98.11964952832047,19.04627874691671,0 -98.11964169349781,19.04630751434112,0 -98.11963442654785,19.04633419516595,0 -98.11962702297679,19.0463613741699,0 -98.11961870071484,19.04639193036121,0 -98.1196109715189,19.04642030789776,0 -98.11960373266419,19.04644688493153,0 -98.11959574763991,19.04647620017012,0 -98.1195884205993,19.04650310029967,0 -98.11958127669349,19.04652933077194,0 -98.11957302516053,19.04655962613397,0 -98.11956504884863,19.04658890887959,0 -98.11955729927703,19.04661736222456,0 -98.11955008075526,19.04664386434663,0 -98.11954181952629,19.04667419400007,0 -98.11953525801826,19.0466982846231,0 -98.11952683592138,19.04672920451467,0 -98.11951824518518,19.04676074714017,0 -98.11951152475577,19.04678541897351,0 -98.11950400386615,19.04681303208013,0 -98.11949661381061,19.04684016234173,0 -98.11948955806442,19.04686606790437,0 -98.11948142181831,19.04689593908059,0 -98.11947341348841,19.04692534004933,0 -98.11946627923707,19.04695153441358,0 -98.11945855387225,19.04697989569229,0 -98.11945097190014,19.04700773532772,0 -98.11944326688111,19.04703602169707,0 -98.11943509960304,19.04706600748937,0 -98.11942670458869,19.04709682990565,0 -98.11941993567262,19.04712168043107,0 -98.11941160267106,19.04715227541488,0 -98.11940439475272,19.04717873962415,0 -98.11939757253472,19.04720378508881,0 -98.11936539950332,19.04732190517619,0 -98.11934522958263,19.04737861334074,0 -98.12045030117228,19.04739813269514,0 -98.12046999051539,19.04739848043632,0 -98.12080945384606,19.0467303243923,0 -98.12080985087614,19.04665493409153,0 -98.12096425862359,19.04623950223824,0 -98.12105887436813,19.04605453749857,0 -98.12109015029856,19.04605112860802,0 -98.12317901180455,19.04582342850394,0 -98.12375110781966,19.04535986095764,0 -98.1237641432545,19.04534929915779,0 -98.12376498421001,19.04534967094692,0 -98.12560620078366,19.04616308905864,0 -98.12571119159784,19.04620947067665,0 -98.1257114114578,19.0462090424695,0 -98.12590615748735,19.04582837999684,0 -98.125907527568,19.04582570345528,0 -98.12590855704792,19.04582618818387,0 -98.12600603606752,19.04587195119225,0 -98.12634196891941,19.04602966109504,0 -98.12646437135379,19.04608018311501,0 -98.12681764365657,19.04622599864144,0 -98.12760022005781,19.04654900768642,0 -98.12775164929398,19.04661150878114,0 -98.12797988622177,19.04670571313402,0 -98.12807846574977,19.04674640068832,0 -98.12809484588641,19.04675316257936,0 -98.12884492779033,19.04706275060416,0 -98.12964903884988,19.04739463299557,0 -98.12984797953436,19.04747674127858,0 -98.12986259890033,19.04748277538741,0 -98.1298859603082,19.04749241662605,0 -98.13015804083311,19.047604713379,0 -98.13015823491328,19.04760430673317,0 -98.13019449682761,19.04752820687863,0 -98.1304756746698,19.04693811892021,0 -98.13062178693545,19.04692792582247,0 -98.13127762930674,19.04688216916375,0 -98.13165150931924,19.04616893509323,0 -98.13224922313661,19.04528992443953,0 -98.1322463916779,19.04515673822063,0 -98.1322413005359,19.04491730090155,0 -98.13223000245674,19.04438598032916,0 -98.13261239429957,19.04374633087366,0 -98.13285141212032,19.04334650870372,0 -98.13291374073175,19.04324224626841,0 -98.13291385768596,19.04324204981488,0 -98.1323929177676,19.04330399280397,0 -98.13232232730299,19.04331238614768,0 -98.13160611871858,19.04339754472067,0 -98.13146132244852,19.04341476108968,0 -98.13057134850203,19.04352057324725,0 -98.13047817534876,19.04319430114611,0 -98.13046316573363,19.04314173919544,0 -98.13042609017127,19.04301190341012,0 -98.13036291051435,19.04279066105455,0 -98.13035295548497,19.04275579801552,0 -98.1241872902075,19.03987433465365,0 -98.12280789546958,19.03922968685593,0 -98.12135663277149,19.03855145251483,0 -98.11870887460468,19.03735212459614,0 -98.11825148306539,19.03718502799513,0 -98.1178425828091,19.03722619448017,0 -98.11782795270265,19.03722766808606,0 -98.11783491897313,19.0371988712554,0 -98.11801187916396,19.03701342456257,0 -98.11805502697864,19.0369682080293,0 -98.11807136999079,19.03695870254171,0 -98.11807884159219,19.03694325094917,0 -98.11818456870277,19.0368324549087,0 -98.11831701979474,19.03669365119671,0 -98.11831960745801,19.03669254027495,0 -98.11844682206073,19.03663790825314,0 -98.11861467257732,19.03662847966489,0 -98.11873152115666,19.03667087853891,0 -98.11884741527962,19.03672922003348,0 -98.11897959692806,19.03677957109441,0 -98.11906118215228,19.03681064832901,0 -98.11914761199053,19.03681122321548,0 -98.11922057870039,19.036772536723,0 -98.11930471530694,19.03672792832813,0 -98.11939781264851,19.03664978908235,0 -98.1195239362474,19.03650786009067,0 -98.11963784984279,19.0363796692946,0 -98.11982612882754,19.0361677941443,0 -98.11994496474641,19.0360701574424,0 -98.12005062343309,19.03602360529801,0 -98.12020986818764,19.03601413423429,0 -98.12034983854875,19.03598820467808,0 -98.1204684478392,19.03593353023336,0 -98.12054412843145,19.03586023881637,0 -98.12059623202585,19.03577046764772,0 -98.12061816480882,19.03569078248582,0 -98.12071140001386,19.03555210560909,0 -98.12076790192339,19.03544394192084,0 -98.12081309068982,19.03538445263855,0 -98.12088897418235,19.03532994864813,0 -98.12097103277004,19.03527100802131,0 -98.12105501652006,19.0352550411194,0 -98.12118841080846,19.03528505450294,0 -98.12130245499529,19.03529259698577,0 -98.12146803704728,19.03530354742083,0 -98.12160974240328,19.03531291839163,0 -98.12174307629363,19.03532173615848,0 -98.12185479974575,19.03534886449334,0 -98.12199672707504,19.03535976796389,0 -98.12218191542469,19.03532586818973,0 -98.12229291947493,19.03531522801052,0 -98.12243814844834,19.03528207611008,0 -98.12255658291798,19.03525504034254,0 -98.12264913690943,19.03525368437716,0 -98.1227158179033,19.03525270702437,0 -98.12282123807708,19.0352511617614,0 -98.12272080429277,19.03515254409337,0 -98.12262973102624,19.03508908788711,0 -98.12255802959719,19.03503912977275,0 -98.12248211262801,19.03491452922927,0 -98.12240245343939,19.03485330049547,0 -98.12231840649503,19.03475727994061,0 -98.12224394786514,19.0346722123453,0 -98.12217333659063,19.03453274874997,0 -98.12213852520205,19.0344639948157,0 -98.12209567193763,19.03437935389468,0 -98.12201236177236,19.03429075683788,0 -98.12188486539235,19.03420104872614,0 -98.12181860512155,19.03415442729527,0 -98.12178262954077,19.03408755465048,0 -98.12173757889836,19.0339634674657,0 -98.1217114673895,19.03392665114998,0 -98.12155985154595,19.03342063328992,0 -98.12261546975675,19.03246354222079,0 -98.12334842288637,19.03168528495372,0 -98.12360934647468,19.03175027769887,0 -98.12403689499816,19.03164612288683,0 -98.12609441490363,19.03148099595947,0 -98.12762830244297,19.03115253662309,0 -98.12808123475021,19.03119082126678,0 -98.12940100362935,19.03055531763255,0 -98.12921245197249,19.03023245312283,0 -98.13058524818619,19.02944777819319,0 -98.13077993232555,19.02980592021409,0 -98.13308934232279,19.02946037444882,0 -98.13321892974915,19.02943674655933,0 -98.13322375571704,19.02906488074582,0 -98.13306531843365,19.02906785243101,0 -98.13262010633136,19.02847257132725,0 -98.13215737981241,19.02749719441184,0 -98.13204245781871,19.02710737116004,0 -98.13229612489909,19.02705295166239,0 -98.13205068818779,19.02552247674787,0 -98.13333005510623,19.02500016967479,0 -98.1332078954825,19.02437136992665,0 -98.13260410559647,19.02457907357168,0 -98.13218236892541,19.02436924621935,0 -98.13176751825785,19.02431985509386,0 -98.13290275844342,19.02264650144127,0 -98.13355822596914,19.02094917477931,0 -98.13367426179671,19.02057888628975,0 -98.13530915797386,19.01989149718785,0 -98.13656593834541,19.01875494964601,0 -98.13699352343774,19.01853386989963,0 -98.13751245541158,19.01851601234798,0 -98.1381243727984,19.01838366882203,0 -98.13842162164181,19.01862841079544,0 -98.13872646665773,19.01877854921564,0 -98.13930936424619,19.01876098467243,0 -98.13947985980775,19.01929983848234,0 -98.13952602235254,19.01944573839407,0 -98.13956526830751,19.01956977395072,0 -98.1404154798927,19.02118945070161,0 -98.1410754235884,19.02378499295586,0 -98.14349122176789,19.02359706990355,0 -98.14431011524961,19.02353336073625,0 -98.14594554819386,19.02340611666757,0 -98.14600877001469,19.02340119726608,0 -98.14719951022064,19.02313341911808,0 -98.14792296526217,19.01857764730709,0 -98.14868853846612,19.01858117475671,0 -98.14977436975883,19.01858617238752,0 -98.1503119240039,19.01858864416618,0 -98.15063929768907,19.02512260991207,0 -98.1497767553161,19.02573750466145,0 -98.14951709404477,19.02609828524202,0 -98.15153767774122,19.02998606981324,0 -98.15171486544115,19.0307848292206,0 -98.15174062524746,19.03112296169932,0 -98.15177448027977,19.03156736154959,0 -98.15178242761911,19.03167167538546,0 -98.15192988891975,19.03175368422005,0 -98.15410814498925,19.03318471939233,0 -98.15532408628664,19.03407589710519,0 -98.15650693292096,19.03517250495858,0 -98.15688922585551,19.03544309739473,0 -98.15730901470458,19.03569804561394,0 -98.15749957409294,19.03583220884395,0 -98.1577043643216,19.03597095522112,0 -98.1581295007874,19.03622592603485,0 -98.15784172155884,19.03746944379373,0 -98.15781681849049,19.0379324700955,0 -98.15759915504806,19.03881483186426,0 -98.15719505610943,19.04039218159344,0 -98.15715816934745,19.04038393970039,0 -98.15741845870488,19.04072756530731,0 -98.1587572365994,19.04082855618439,0 -98.15919108580647,19.04088927178341,0 -98.15988400050441,19.04080883436941,0 -98.16008423759128,19.04079167147565,0 -98.16028247709946,19.04081742444469,0 -98.16046921668436,19.0408860500875,0 -98.16063617584722,19.04099073314645,0 -98.1610794569312,19.04130226057779,0 -98.16107507259653,19.04134742504825,0 -98.1619735390982,19.0416113149677,0 -98.16249478892485,19.04141712767112,0 -98.16273307561727,19.04151083537272,0 -98.1632939107718,19.04159470936985,0 -98.16327930700007,19.04166467993298,0 -98.16324786743439,19.04181538741969,0 -98.16337488128185,19.041687201827,0 -98.1639753865916,19.04116102895652,0 -98.16570891858007,19.03990670159282,0 -98.16689075923085,19.03967933711852,0 -98.16732413103122,19.03959770042756,0 -98.16922097441567,19.0390256229024,0 -98.17027268747256,19.03844973133166,0 -98.17042473838863,19.03820867647358,0 -98.17047049249048,19.0379648857427,0 -98.17045560151371,19.03761463995605,0 -98.17045456053044,19.03758526536061,0 -98.1703597087953,19.03707199531526,0 -98.17060447349303,19.03669806330329,0 -98.17100002941069,19.03633610390581,0 -98.17134783691822,19.03626085099859,0 -98.17160055414658,19.03595924841493,0 -98.17214411353093,19.03437344964926,0 -98.17160342045706,19.03406377087417,0 -98.17147815579401,19.03393443318862,0 -98.17116304826811,19.03420421884303,0 -98.17083830208939,19.03398470095243,0 -98.17056231087707,19.03366784717618,0 -98.17029838835877,19.03335104721937,0 -98.1698815125667,19.03345820544923,0 -98.16941144340653,19.03334132290024,0 -98.16913394355552,19.03332859809205,0 -98.16910514424076,19.03305302383729,0 -98.16904034195186,19.0327371177001,0 -98.16890879710741,19.03249551180012,0 -98.16914039264879,19.0320317387637,0 -98.16935265891898,19.03181463287977,0 -98.16982409230158,19.03165607588093,0 -98.17022075445885,19.0319734718227,0 -98.17082595665899,19.03160892941094,0 -98.17145768193615,19.03197902358325,0 -98.17180007239868,19.03229043529996,0 -98.17215695749532,19.03262034756264,0 -98.1735450875739,19.03185842575806,0 -98.17444409037667,19.03116660323656,0 -98.17469555674572,19.03063454894976,0 -98.17677578979952,19.02668565982236,0 -98.17682719124518,19.02649837271785,0 -98.1768536728415,19.02630645612329,0 -98.17685581740091,19.0261121718783,0 -98.17683360275535,19.02592003834824,0 -98.17678701786194,19.02573231470828,0 -98.17671664552678,19.02555126276973,0 -98.17662366239865,19.02537914698119,0 -98.17650923398003,19.02522049096528,0 -98.17630053533856,19.02491004627909,0 -98.17586011444739,19.0239004659641,0 -98.17580540246776,19.02391603657659,0 -98.17490506412851,19.022601665576,0 -98.17401602921252,19.0210456033674,0 -98.17372669606702,19.01914881592586,0 -98.17352333597046,19.01908238907969,0 -98.17345877892882,19.01913410880491,0 -98.17316021858868,19.01937898352367,0 -98.17289500322107,19.01945958288811,0 -98.17187849558179,19.01942068940535,0 -98.17156649846183,19.01934699598483,0 -98.17115219325058,19.01870803597123,0 -98.17099257652323,19.01868246865733,0 -98.17072413233946,19.01832882475808,0 -98.17038286096543,19.01829114574956,0 -98.16993748102554,19.0179321881246,0 -98.16984224638011,19.01761772761641,0 -98.16968314764425,19.01736849785909,0 -98.16967263900246,19.01721256384912,0 -98.16926596088899,19.01707292375553,0 -98.16906959755173,19.01691389519448,0 -98.16881670926219,19.01677720458145,0 -98.1682518154131,19.01609237675594,0 -98.16785677625089,19.01564327171785,0 -98.16769752993426,19.01578262701892,0 -98.16695840596299,19.01526645310207,0 -98.1668908996274,19.01534748112529,0 -98.16665734413893,19.01562205432305,0 -98.16584437412402,19.01490350676471,0 -98.16549703402815,19.01475750230325,0 -98.16527416604222,19.01447524944232,0 -98.16482792002755,19.01475349581758,0 -98.16384378290618,19.01366437438374,0 -98.1633229912301,19.01324522348093,0 -98.15798531774789,19.00744297150381,0 -98.15857547887978,18.99711597723079,0 -98.16080553249701,18.99487947899198,0 -98.16218657873246,18.99489397426813,0 -98.1663127084839,18.9963054307695,0 -98.16767064831467,18.99677082374473,0 -98.16740354941361,19.00212765267613,0 -98.16981773324852,19.00223437315558,0 -98.17039198657248,19.00230466952928,0 -98.17061635182384,18.99936049822568,0 -98.17144199727409,18.99941838054205,0 -98.17121811318074,19.00230800130936,0 -98.17835392214334,19.00025658884033,0 -98.1785089940464,19.00072039038945,0 -98.17861985498433,19.00105337908554,0 -98.17874767488236,19.00111990545288,0 -98.17925905716714,19.00097080608987,0 -98.17942049972127,19.00109193240331,0 -98.17957926481732,19.00154381351772,0 -98.17969118014135,19.00159668527798,0 -98.18048683960723,19.00197257308211,0 -98.18079854381328,19.00210047104307,0 -98.18120563082317,19.00202997777863,0 -98.18099332144219,19.00173307774576,0 -98.18032251244412,19.00072926426824,0 -98.18032676837741,19.00070894998476,0 -98.18033897559347,19.00064122693584,0 -98.18067577938803,18.99976779550805,0 -98.18067628976817,18.99976639432958,0 -98.17957076157161,19.00009831384604,0 -98.17932982489395,18.99995105805902,0 -98.17919246016048,18.99988403068265,0 -98.17834413466581,19.00011242502064,0 -98.17834409332028,19.00011310622292,0 -98.17816906999774,19.00016279110865,0 -98.17790434192162,19.00023794096035,0 -98.17731345693568,19.00040722406819,0 -98.1770729752119,19.00047618177426,0 -98.17707227359442,19.00047570059876,0 -98.17635636714695,19.00064258086562,0 -98.17550269797859,19.00082969711162,0 -98.17527390751405,19.00088066047427,0 -98.17499670258645,19.00094240650463,0 -98.17499488946011,19.00082029126219,0 -98.17497288501662,18.99935371787252,0 -98.17492330695484,18.99934684648701,0 -98.1743202013629,18.99926223773285,0 -98.1739425827722,18.99921000119598,0 -98.17303510182572,18.99908501381444,0 -98.17300914196075,18.99905023297688,0 -98.17308545733502,18.99855712100786,0 -98.17324638399431,18.99750339362792,0 -98.17326491693751,18.99739358180508,0 -98.17330397643018,18.99736566409349,0 -98.17401256952111,18.99746545632259,0 -98.17421557997379,18.99749374354553,0 -98.1757207777548,18.99770269505543,0 -98.17658979827846,18.99782578452783,0 -98.1769617561617,18.99786299901654,0 -98.17725995152131,18.99791229611317,0 -98.17726065312891,18.99791277728768,0 -98.17737908143086,18.99793164527144,0 -98.17769074825543,18.99797035334032,0 -98.17782974873938,18.99798726289051,0 -98.17820918715233,18.99810416975234,0 -98.17843393268447,18.99816390805519,0 -98.17849297994816,18.99817960264777,0 -98.17847456905785,18.99837924202212,0 -98.17846307875797,18.99849629180257,0 -98.17844160862266,18.99873039806273,0 -98.17841778553432,18.99903353615917,0 -98.17841775091421,18.99903400863789,0 -98.17856556137514,18.99907835682016,0 -98.17865389576386,18.99910160345078,0 -98.17879694065319,18.99913691322595,0 -98.17894839274035,18.99917430255409,0 -98.17902337249373,18.99919310682263,0 -98.17922537514319,18.99924815251966,0 -98.17933188299533,18.99921927299096,0 -98.1793321664513,18.99922017161758,0 -98.17933312418506,18.99921937699952,0 -98.17939119112086,18.99920239116197,0 -98.17956956661723,18.99915021127704,0 -98.17962608203801,18.99913556357264,0 -98.17976497648274,18.99909486699188,0 -98.17985883240024,18.99906736703163,0 -98.17995490410866,18.99903921714658,0 -98.18005249327135,18.99901062299184,0 -98.18015051243843,18.99898190236521,0 -98.18024675468416,18.99895402328568,0 -98.18033815681092,18.99892820753645,0 -98.18043871852886,18.99889980437078,0 -98.1805599399425,18.99886688832808,0 -98.1808571814657,18.99878342715129,0 -98.1808549047588,18.99879982185404,0 -98.18080747089668,18.99901172269783,0 -98.18075418311133,18.99917871104961,0 -98.1807344074802,18.99921881984799,0 -98.1808590439333,18.9992650300401,0 -98.18100197180046,18.99887292040229,0 -98.1810472012514,18.99824505225942,0 -98.18100454219883,18.99810479062345,0 -98.18094027897381,18.99788987845812,0 -98.18059427047956,18.99797871592411,0 -98.180411105877,18.99803664483247,0 -98.18031655474628,18.99806559606403,0 -98.18023092100209,18.99809232751909,0 -98.18017025821912,18.99811239186978,0 -98.18013696356925,18.99812128128714,0 -98.18010187658021,18.99813242199401,0 -98.1800501422567,18.99814800739393,0 -98.17995678958859,18.99817470451012,0 -98.1798663946111,18.99820367392725,0 -98.17983072489967,18.99821255276009,0 -98.17977780301426,18.9982281328176,0 -98.17960269994926,18.99821606026248,0 -98.17951614425422,18.99818856557735,0 -98.17949006322927,18.99817941296186,0 -98.17942303511353,18.99816556026307,0 -98.17939041169578,18.998158637855,0 -98.17933053083229,18.99814029834764,0 -98.17924100644147,18.9981127903681,0 -98.17921789422908,18.99810365088516,0 -98.17915031672301,18.99808075870006,0 -98.17910170621556,18.99806472836042,0 -98.17906137507489,18.99805551245881,0 -98.1789908066698,18.99803712542148,0 -98.17896768340279,18.99803024509684,0 -98.17892735227893,18.99802102916658,0 -98.17887991824425,18.99800726322868,0 -98.17878741414276,18.99798200104762,0 -98.17874354266981,18.99796825088815,0 -98.17869492115447,18.9979544796327,0 -98.17865934011589,18.99794528473098,0 -98.17860538589433,18.99792923054126,0 -98.17851408048062,18.99790171431002,0 -98.17848442593812,18.99789480492685,0 -98.17842098274372,18.99787644931341,0 -98.17836821608154,18.99786040032929,0 -98.1783320524158,18.99784894354078,0 -98.17829054495334,18.9978374630123,0 -98.17825794383275,18.99782602203171,0 -98.17822592538278,18.99781684287111,0 -98.17818324151548,18.99780309785631,0 -98.17815181683007,18.99779392132052,0 -98.1780255021846,18.99776173086388,0 -98.17795966188876,18.99774788292081,0 -98.17789618553198,18.99773630469598,0 -98.17787187484603,18.99772941896088,0 -98.17783924049317,18.99772475547272,0 -98.17778939833484,18.99771775627192,0 -98.177749056265,18.99771079927786,0 -98.17772769217284,18.99770844509402,0 -98.17767903753563,18.99770145114143,0 -98.17763097665815,18.9976944598153,0 -98.17742863935791,18.9976664495118,0 -98.1773942348687,18.99765951883883,0 -98.17735092405796,18.99765254855969,0 -98.17725540722762,18.99763630917911,0 -98.17441370982561,18.99725991389776,0 -98.17376661647815,18.99711695276184,0 -98.17229272776535,18.99678955376591,0 -98.17101410209878,18.99684031033365,0 -98.17069032804943,18.99675526774434,0 -98.16921719900938,18.99675543684964,0 -98.16910646157777,18.99609750255206,0 -98.17287623542576,18.9941782273661,0 -98.17349291334446,18.99386468966106,0 -98.17351969583937,18.99373151432926,0 -98.17667577347746,18.99210537629403,0 -98.17688586691172,18.9921243847532,0 -98.17973594262722,18.99065271853901,0 -98.17988562169515,18.99052008669283,0 -98.18060107559032,18.98930778418796,0 -98.18084832319576,18.98864918026256,0 -98.18292650266214,18.98923673170679,0 -98.18311858435686,18.98929631893434,0 -98.18459238887854,18.98938866976929,0 -98.18455784251202,18.98953310908761,0 -98.18446925555713,18.98980156861576,0 -98.18442396686275,18.98995725677362,0 -98.18440371372301,18.99009272206048,0 -98.18439239950131,18.99022144810378,0 -98.18438847406139,18.99029598579703,0 -98.18424943885563,18.99092570157064,0 -98.18419492268319,18.99175686226658,0 -98.18424507787356,18.99255233731793,0 -98.1852676925553,18.9925161758405,0 -98.18526803328872,18.99244614083748,0 -98.18583155382207,18.99194706815496,0 -98.18754049096117,18.99045218160757,0 -98.18824409286128,18.98983623610707,0 -98.18884453911707,18.98931020634832,0 -98.18904313931858,18.98925007610797,0 -98.19012253608525,18.98829068570572,0 -98.19556021615419,18.98339805707549,0 -98.19563827281829,18.98332699492331,0 -98.19570454875361,18.98326609336186,0 -98.19572767281905,18.9832448412051,0 -98.19577276163129,18.98320340182652,0 -98.19580778876744,18.98317121960729,0 -98.19584128927946,18.98314043148429,0 -98.19584608867967,18.98313602420259,0 -98.19609151941955,18.98292481012032,0 -98.19626816864135,18.98276943222436,0 -98.19628387549778,18.98246139032096,0 -98.1964382936731,18.98247452802764,0 -98.19659986970262,18.98249420782333,0 -98.19661468295733,18.98249603431645,0 -98.19673090857118,18.98251036792646,0 -98.19691980256449,18.98253355845386,0 -98.19710721637284,18.98255639986895,0 -98.1972504673415,18.98257385967143,0 -98.19731128163589,18.98258127070253,0 -98.19740407234274,18.98259259779911,0 -98.19763285038123,18.98262246984754,0 -98.19772766613679,18.98263484933277,0 -98.19780619763704,18.98264510320023,0 -98.19788711985936,18.98265561952448,0 -98.19796773377844,18.98266545308832,0 -98.19804791003817,18.98267523321073,0 -98.19815051002965,18.98268774922041,0 -98.19820906940311,18.98269472906888,0 -98.19833295117178,18.98271140017632,0 -98.1997760856927,18.98290132489982,0 -98.19977741581032,18.98290148427793,0 -98.19986910767696,18.98291244211254,0 -98.19986976027873,18.98290767068419,0 -98.19989364464614,18.98273305067727,0 -98.19991327258276,18.98264450057066,0 -98.1997208935191,18.98261773291922,0 -98.199739577119,18.98242996691433,0 -98.19940718821594,18.98238578309209,0 -98.19942273743439,18.9822808999995,0 -98.19943523308399,18.982196584571,0 -98.19945519839052,18.98206191110864,0 -98.19961039832312,18.98207923006352,0 -98.19976559926019,18.98209654527881,0 -98.19989899634486,18.98211143278862,0 -98.20003060946651,18.98212612000685,0 -98.20013316409062,18.98213756202372,0 -98.20015574996938,18.98198313585902,0 -98.20052921624138,18.98202782825715,0 -98.20066946197213,18.98204461002233,0 -98.20100286373253,18.98208451059102,0 -98.20098921897764,18.98224860891629,0 -98.20098512974083,18.98229775529058,0 -98.20098411095736,18.9823099996513,0 -98.20098309312795,18.98232224311242,0 -98.20096769379036,18.98250745334015,0 -98.20095333878649,18.98268501372565,0 -98.20092059578354,18.98304080388609,0 -98.20101493032746,18.98305261210153,0 -98.20105553614972,18.98305775045696,0 -98.20110181295476,18.98306472880882,0 -98.20112258350595,18.98306594806012,0 -98.20114336166129,18.98306716643817,0 -98.20118206051973,18.98307279176569,0 -98.20119142054381,18.98307415245724,0 -98.20120416893502,18.98307533618305,0 -98.20350327905857,18.9755458858282,0 -98.20230801055939,18.9753421106454,0 -98.20231419167193,18.97528620447356,0 -98.20233828117361,18.9751752424122,0 -98.20236140068889,18.97506529915793,0 -98.20237199234124,18.97500955837626,0 -98.20238335205991,18.97495190505397,0 -98.20243061729101,18.97472872533222,0 -98.20245280614202,18.97462289621766,0 -98.20249316305831,18.97443754368066,0 -98.20251436217131,18.9743404698707,0 -98.20253491209684,18.97424427437044,0 -98.20255740347456,18.97413212875831,0 -98.20260565429618,18.97390713043477,0 -98.20262879793492,18.97378684255205,0 -98.20266291023808,18.97361457848806,0 -98.20269566293362,18.97346473211012,0 -98.20277727204018,18.97308826235923,0 -98.20290663817929,18.97249148578574,0 -98.20300503570604,18.97250622112061,0 -98.20405877404581,18.97267617026364,0 -98.20416712700461,18.97219216839535,0 -98.20523537672497,18.97246020678956,0 -98.20520826467414,18.97263017444574,0 -98.205206466878,18.97263791507438,0 -98.20520615173456,18.97263927108285,0 -98.20520687671757,18.97263942601565,0 -98.20528628150356,18.97265636140197,0 -98.20536758608068,18.97267369982281,0 -98.20543146068974,18.97268731700115,0 -98.20544748627725,18.97269073396247,0 -98.20552735799517,18.972707767946,0 -98.20560757134247,18.9727248756569,0 -98.20568733594459,18.9727416696319,0 -98.20576710342226,18.97275846177796,0 -98.2058494292551,18.97277579713969,0 -98.20592919390971,18.97279259101221,0 -98.20604699047813,18.9728173920116,0 -98.20632477271562,18.97287854314667,0 -98.2069148233505,18.97300856126181,0 -98.20695021083348,18.97301636804304,0 -98.20717982200466,18.97306702210359,0 -98.20742678027841,18.97312170110063,0 -98.2076671542097,18.97317493912004,0 -98.2079587747574,18.97323952688376,0 -98.20795820197857,18.97324213884618,0 -98.20789813778589,18.97351583401633,0 -98.20788911031806,18.97355697081109,0 -98.20849898030254,18.97347096089529,0 -98.20871817819271,18.97358374875203,0 -98.20917840056921,18.97392070790393,0 -98.20926127064969,18.97408365592299,0 -98.20929872196972,18.97427164139571,0 -98.20946159273726,18.97413454907458,0 -98.20956318335166,18.9740544491807,0 -98.20882383102351,18.97736804523124,0 -98.20865914742072,18.97822870183565,0 -98.20942366226981,18.97759464560274,0 -98.2096890401285,18.97759577833537,0 -98.20990216870618,18.97666649674532,0 -98.2105807824265,18.97680917543552,0 -98.21077579059339,18.97685017527791,0 -98.21080135852398,18.97674709041635,0 -98.21104973512563,18.97574567109598,0 -98.21123098109433,18.97588391530505,0 -98.21176104171035,18.97628821509315,0 -98.21194880754936,18.97643143053839,0 -98.21157914690305,18.9778873031048,0 -98.21175048017811,18.97787549811976,0 -98.21339477697568,18.9778198433921,0 -98.21397253813446,18.97816498541988,0 -98.21396834687631,18.97818041914681,0 -98.21397542958286,18.97817372114001,0 -98.21401834512635,18.97819401249904,0 -98.21451187144366,18.97831575958699,0 -98.21556329727153,18.97859983769725,0 -98.216443061717,18.97864041995033,0 -98.21876049071884,18.97874187587673,0 -98.2196187969851,18.97884333179661,0 -98.22026252763111,18.97914769999277,0 -98.2209277155916,18.97947235769862,0 -98.22093545875016,18.9794626998555,0 -98.22266868894792,18.98027323535765,0 -98.22275657965707,18.98032023365234,0 -98.22275569274744,18.98032671581661,0 -98.22395324730932,18.98095360419388,0 -98.2264423368036,18.9823536732428,0 -98.22643904393959,18.9823619762814,0 -98.23019978808188,18.98442007123977,0 -98.23027945238948,18.98429881886087,0 -98.23038929097534,18.98413542106105,0 -98.22658233296961,18.98208736059074,0 -98.22438125797436,18.98086108787951,0 -98.22436732690113,18.98085332634375,0 -98.22432774799255,18.98083127552653,0 -98.22301745076265,18.98007583535122,0 -98.2229075668514,18.98002378173734,0 -98.22279740377779,18.97993198105904,0 -98.2226493512421,18.97974709512936,0 -98.22106785601653,18.9788094394135,0 -98.21980310944312,18.97818658865777,0 -98.21977346969021,18.97788931770181,0 -98.21906954464947,18.97788212934801,0 -98.21839770569427,18.97796041864812,0 -98.21782395684542,18.97796960873461,0 -98.21704877617768,18.97798375179648,0 -98.21701623082984,18.9779841555109,0 -98.21563321371612,18.9780012992697,0 -98.21555865475187,18.97800807300406,0 -98.21563347817278,18.97782544059009,0 -98.21483930181455,18.97762016785444,0 -98.21396212531978,18.97746209416347,0 -98.21301638175564,18.97626086057208,0 -98.21213219101567,18.97557787518678,0 -98.21181470732853,18.97533263563402,0 -98.2118115291841,18.97512632024369,0 -98.21186976095409,18.9749825548246,0 -98.21188802222051,18.9749150165589,0 -98.21198023425052,18.97452524953053,0 -98.21206027600385,18.97418512800532,0 -98.21212212935025,18.9739222815373,0 -98.21287553177812,18.97040321516118,0 -98.21128809656416,18.97024378521918,0 -98.21109948642372,18.97022484205226,0 -98.21336791625762,18.96470297349597,0 -98.21596698550559,18.95837574119274,0 -98.21453106815528,18.95862661292765,0 -98.21378154258372,18.9587787520597,0 -98.21385554318677,18.95785525433985,0 -98.21193566728425,18.95792481911875,0 -98.21227847283366,18.9556429130414,0 -98.21437095741267,18.9552883527426,0 -98.21587975865175,18.95507476378381,0 -98.21821724723895,18.95610328862018,0 -98.21808573984043,18.9573350309945,0 -98.21808458183669,18.95734587419509,0 -98.21799846983093,18.95815242624596,0 -98.21799429819373,18.95819156802519,0 -98.21799444670957,18.95819414330964,0 -98.218326133285,18.9640068049153,0 -98.21865956238551,18.9698499054017,0 -98.21865957645474,18.96985014765393,0 -98.21862843518947,18.96985798878886,0 -98.21865320246796,18.96985408532288,0 -98.22045564625739,18.96938736201366,0 -98.22045995684394,18.96939695490851,0 -98.22045996032371,18.96939681936737,0 -98.22052498708928,18.96938044492867,0 -98.22046804578187,18.96820799936471,0 -98.21946631762547,18.96824768731288,0 -98.21942578799177,18.96732440526006,0 -98.21935688418962,18.96529653652397,0 -98.22030274816717,18.96527705986656,0 -98.22029620950281,18.96502019833632,0 -98.22123782194397,18.96498914689035,0 -98.22125529786878,18.96543950073503,0 -98.22126575812281,18.96570902972436,0 -98.22130777034386,18.96579493181039,0 -98.22135063077589,18.96669244822233,0 -98.22234560477862,18.96671007239337,0 -98.22233713694514,18.96629112314824,0 -98.22231806206403,18.9655417516877,0 -98.2222412194028,18.96552912790462,0 -98.22137056080805,18.96556307165988,0 -98.22131680103712,18.96556407025796,0 -98.22124425738731,18.96395209024913,0 -98.22129497600984,18.96395481208421,0 -98.22129583930733,18.96392782924907,0 -98.22129593830751,18.9639277826724,0 -98.22218254898274,18.96390319063095,0 -98.22225516492362,18.96390129400286,0 -98.22224715378928,18.96456871138487,0 -98.22322456700492,18.96453341613513,0 -98.2233224277345,18.96724425565006,0 -98.22241109979386,18.96727606615456,0 -98.22236629756944,18.96727687580456,0 -98.22240502339591,18.96833762456443,0 -98.22241857530975,18.96872885762919,0 -98.22336201301019,18.96853421398974,0 -98.22335739985061,18.96839179864203,0 -98.22428713160811,18.96804402844505,0 -98.22431198981772,18.96813558756578,0 -98.2243813841974,18.9691616421231,0 -98.22342240483178,18.96920185923567,0 -98.2234783697355,18.97000608820649,0 -98.22344236360487,18.97000874689441,0 -98.22290984906402,18.9700210915222,0 -98.22254627746219,18.97002870431069,0 -98.2224738718143,18.97002851429119,0 -98.22261439214779,18.97248945266154,0 -98.22413082172527,18.97123589883061,0 -98.22532582448848,18.97155753341837,0 -98.22699142693939,18.97274721864658,0 -98.22768224000116,18.97340811670764,0 -98.22772082164649,18.97345997317553,0 -98.22781649783732,18.97332627475227,0 -98.22849335904748,18.97388099949221,0 -98.22896545350115,18.97350508513757,0 -98.22997864513454,18.97365846313552,0 -98.23059904523278,18.97380005034816,0 -98.23076654273331,18.9739352031249,0 -98.23060727402283,18.97406729696791,0 -98.23084260042215,18.97431824861318,0 -98.2326956312837,18.97615849087493,0 -98.23275259119545,18.97607982875575,0 -98.23287107076875,18.9759162082432,0 -98.23309555866277,18.97527069397901,0 -98.23357378942214,18.97367516747816,0 -98.23398301431799,18.97232593937084,0 -98.23397302560294,18.97232377615799,0 -98.23030823262677,18.97065934745405,0 -98.230443030678,18.96985346488453,0 -98.22578689413348,18.96918808873336,0 -98.22579676710025,18.96917698910519,0 -98.22540083638341,18.96908642022247,0 -98.22540800898837,18.96904959165866,0 -98.22535200588854,18.96866043133312,0 -98.22528222820502,18.96847970740912,0 -98.22524206406091,18.96838816482562,0 -98.22488131482136,18.96790121117403,0 -98.22491851056643,18.96764681899896,0 -98.22495679901766,18.96743733201496,0 -98.22530614605219,18.96746950194963,0 -98.22606699844079,18.9675084252252,0 -98.22618809863567,18.96664036081703,0 -98.22611594008882,18.96655975517959,0 -98.22646830845895,18.96394616372134,0 -98.22544559193996,18.96393313917828,0 -98.22593738741737,18.96313283558245,0 -98.22597114754561,18.96307789748712,0 -98.22610283346189,18.96286360296878,0 -98.22625645605787,18.96169863348129,0 -98.22599948427464,18.96142770087544,0 -98.225531199483,18.96092268342573,0 -98.22491165537161,18.9604897038932,0 -98.22462144424009,18.96047267415979,0 -98.22426475770693,18.96070953413386,0 -98.22403836193982,18.96088481003987,0 -98.22378770311057,18.96091538917787,0 -98.22265316600406,18.96016507606051,0 -98.22234103603591,18.95962606131112,0 -98.22242269593244,18.95942645888717,0 -98.22214989901683,18.95898249802948,0 -98.22178662178283,18.95897645541827,0 -98.22171057965512,18.9588609126494,0 -98.22181238639742,18.9586693034241,0 -98.22140773976244,18.95811182370178,0 -98.22095284891668,18.9577642455109,0 -98.2208888586175,18.95761034556004,0 -98.22089073107311,18.95720707536633,0 -98.22083149335164,18.95692441811309,0 -98.22051153109935,18.95641247783784,0 -98.22045604978585,18.95621568837567,0 -98.22082381190175,18.95602180810339,0 -98.22105844557692,18.95586125668605,0 -98.22185133409374,18.95551891993561,0 -98.22359547228855,18.95464414475247,0 -98.22318039519448,18.95371610247791,0 -98.22317680493374,18.95370544537855,0 -98.22290263952243,18.95289159885515,0 -98.22280537582881,18.95164964837551,0 -98.22271655342361,18.95155125902395,0 -98.22250967543667,18.95071582156239,0 -98.22302243675247,18.95010046688237,0 -98.22311152108593,18.9500493812588,0 -98.22444561796785,18.94891552282185,0 -98.22569883876301,18.94764548996341,0 -98.22647073331953,18.94770922016878,0 -98.2271099159923,18.94897392847524,0 -98.22769131065377,18.94965174638839,0 -98.22854073786675,18.94864084174127,0 -98.22904719145706,18.9491271542754,0 -98.2294294797596,18.94895229425814,0 -98.22964675579371,18.94913238894012,0 -98.22980499173033,18.9493051105992,0 -98.22997318800374,18.94879270595808,0 -98.23121961531902,18.94852594914583,0 -98.23120356073898,18.94757413691923,0 -98.23170210432696,18.94746533883254,0 -98.23152742264264,18.94668783993711,0 -98.23159537706691,18.94619230416831,0 -98.23288776270857,18.94591329076269,0 -98.23310652871423,18.94562452592394,0 -98.23357462591926,18.94529979259455,0 -98.23355954714351,18.94501425561872,0 -98.23355678389532,18.94496192031111,0 -98.23355206423177,18.94487253747179,0 -98.23356831953483,18.94486556023267,0 -98.23401502586562,18.94467381215554,0 -98.23433295874688,18.94453733907644,0 -98.2381673181136,18.94458730956867,0 -98.23873702686443,18.94469370036807,0 -98.23882232486618,18.94470962954144,0 -98.23901761852662,18.94481031178872,0 -98.23913421741489,18.94487042334021,0 -98.23944052205313,18.94502833437355,0 -98.23945552595299,18.94520533612759,0 -98.23946078477483,18.94526738206753,0 -98.23986515540537,18.94514016083489,0 -98.23997240872207,18.94510032744062,0 -98.24125360352669,18.94462448660974,0 -98.2415118550915,18.94465703098106,0 -98.24166117182219,18.94467584775495,0 -98.2417577083741,18.94468190059954,0 -98.24203160383311,18.94489590924245,0 -98.2420693526215,18.94492970506852,0 -98.24211403123535,18.94496970426481,0 -98.24315094180919,18.94589801336074,0 -98.24332068200377,18.94600941154875,0 -98.24339397290662,18.94605751148236,0 -98.24343538455409,18.94615726037328,0 -98.24342080291515,18.94629661370382,0 -98.2434061015943,18.94646252028833,0 -98.24337058965892,18.946601788214,0 -98.24328704354012,18.94669141357237,0 -98.24318820585957,18.94682012073111,0 -98.24308457817739,18.94688673326756,0 -98.24308773806007,18.94688967057434,0 -98.24474648893458,18.94758166463477,0 -98.24502409455998,18.94744223452016,0 -98.24522720860278,18.94744306135401,0 -98.24552304156563,18.94735641634159,0 -98.24591182960846,18.94712958648385,0 -98.24613474922518,18.94683180170692,0 -98.24646900838542,18.94641148114299,0 -98.24720814957746,18.94629149330326,0 -98.24759551671978,18.94638091518975,0 -98.2477050454866,18.94666247991815,0 -98.24770378590718,18.94694359517258,0 -98.24768406149597,18.94722463460487,0 -98.24747984605725,18.94746978640838,0 -98.24725614012372,18.94794326926671,0 -98.24736622059154,18.94810184575963,0 -98.24751307456305,18.94829571225314,0 -98.24778997076086,18.948314405673,0 -98.2479745414019,18.94833272427014,0 -98.24817749929852,18.94836868720148,0 -98.248232579418,18.94843919127907,0 -98.2483056525345,18.94861518716847,0 -98.24839726944286,18.94877368913544,0 -98.24847042246931,18.94893211532252,0 -98.24861767163372,18.94903813185833,0 -98.24872877624571,18.94896830128226,0 -98.24878511470689,18.94875769084915,0 -98.24880468032974,18.94851178968086,0 -98.24878692293147,18.9483535871382,0 -98.24880640986798,18.9481252556063,0 -98.248954365955,18.94807314502244,0 -98.24902814701015,18.94809101471144,0 -98.24921232473031,18.94819718032496,0 -98.24937843147218,18.94821542276624,0 -98.24945299811417,18.94805759396802,0 -98.24954618657418,18.94786470146025,0 -98.24984162580498,18.94786589687383,0 -98.25024777691499,18.94788510945664,0 -98.25151241979871,18.94783195335109,0 -98.25175796979723,18.94799517788173,0 -98.25201494343634,18.94842883532664,0 -98.25217639603382,18.94904236621709,0 -98.25213837590361,18.94933274736754,0 -98.25204743067221,18.94961864497227,0 -98.25185723282465,18.94981018219607,0 -98.25171907277689,18.95001381394281,0 -98.2516472918488,18.95015783533474,0 -98.25175315828942,18.95054371663133,0 -98.25199088264765,18.95099441996418,0 -98.25179936334173,18.95123487236854,0 -98.25145808249896,18.95152102888728,0 -98.25117982807166,18.95161003426644,0 -98.25087838915175,18.95200145406788,0 -98.2506137885085,18.95203178330243,0 -98.24984408875204,18.95212000599754,0 -98.24981031317959,18.95212602632015,0 -98.25011596035125,18.95227269083617,0 -98.25012023519092,18.95272936360333,0 -98.2502078240053,18.9527764768104,0 -98.25023957357223,18.95287405335181,0 -98.25031613168916,18.9531093442635,0 -98.25059725415022,18.95330164300239,0 -98.25072683629898,18.95336837450174,0 -98.25065217078375,18.95348762654648,0 -98.25058657766633,18.95354474709601,0 -98.25052742208466,18.95356722365092,0 -98.25046940558558,18.9536160055128,0 -98.2504149762165,18.95370545081,0 -98.25036376811292,18.95384643965588,0 -98.2503014537935,18.95381481712353,0 -98.25033026514159,18.95397804906541,0 -98.2503410176148,18.95411735812179,0 -98.25027784790426,18.95436904660689,0 -98.25017356170835,18.95452751899731,0 -98.2500735040405,18.95467956405981,0 -98.24995622450582,18.95483478008956,0 -98.24982074963866,18.9549194076069,0 -98.24989973991552,18.95492106383862,0 -98.25038350300615,18.95494982659443,0 -98.25038558213527,18.95495024799812,0 -98.25118812297555,18.95362111139564,0 -98.25115829909655,18.95360480906511,0 -98.25158067001702,18.95299007202846,0 -98.25154244441258,18.95296524185487,0 -98.25169973684017,18.95275970847946,0 -98.25163286499445,18.95270265290888,0 -98.25197161390912,18.95214095589608,0 -98.25232205005365,18.95233478153108,0 -98.25329080307276,18.95073129789177,0 -98.25374782051034,18.95097822471819,0 -98.25380498023266,18.95104185201015,0 -98.25358343405289,18.95143505837708,0 -98.25392444787214,18.9516152223212,0 -98.25450559518703,18.95218775920596,0 -98.25430406556791,18.95253355136916,0 -98.25430303899088,18.95276461565544,0 -98.25423082918222,18.95294102536336,0 -98.25413710078816,18.95313773530909,0 -98.25413525849942,18.95355229236052,0 -98.25414073970875,18.95392610155454,0 -98.25359334169549,18.95495011409091,0 -98.25517974012489,18.9558485375292,0 -98.25422760259775,18.95736486949865,0 -98.25423424045319,18.95736987385117,0 -98.25504475021549,18.95782128392607,0 -98.25585484340066,18.95832222045068,0 -98.25591365767221,18.95830926237641,0 -98.25680082259713,18.95685169882498,0 -98.25686973219773,18.9567959783733,0 -98.25765056864212,18.95719375755593,0 -98.25781309872973,18.95728290898291,0 -98.25857885649916,18.95581179221626,0 -98.2585214342901,18.95577541402289,0 -98.26006114358137,18.95280670992787,0 -98.26029485457944,18.95302930266431,0 -98.26056715388808,18.95339622475126,0 -98.26071414430011,18.95368613118937,0 -98.26080768853735,18.95398050745745,0 -98.26094364300847,18.95424651530127,0 -98.26107581160306,18.95442891357422,0 -98.26121542802753,18.95453791563517,0 -98.26133427628507,18.95456254730552,0 -98.26159072211425,18.95493298621587,0 -98.26174978593086,18.95533532124538,0 -98.2618786736235,18.95574231843884,0 -98.26197328311864,18.9559435454302,0 -98.26197477624073,18.95617548668616,0 -98.26190066916539,18.95645494780993,0 -98.2616065415373,18.9570491543814,0 -98.26121908175638,18.95772189520568,0 -98.26128937905092,18.95778934204936,0 -98.26087114066249,18.95849709659237,0 -98.26103679378244,18.95853474427905,0 -98.26104612549278,18.95850547949588,0 -98.26160314184551,18.95756465767057,0 -98.26177611346466,18.95754813092558,0 -98.26237312438533,18.95673745045297,0 -98.26299097594583,18.95588586907748,0 -98.26378202220819,18.95459892872052,0 -98.2639398377521,18.95455917295822,0 -98.26427984761484,18.95451811681518,0 -98.26461206618492,18.95464416650003,0 -98.26482236743686,18.9548821821593,0 -98.26495833005639,18.95503606349517,0 -98.26513266573845,18.95523337210497,0 -98.2653286593013,18.95545519287898,0 -98.26554485826274,18.9556998806599,0 -98.26585134353681,18.95588708539911,0 -98.26625865583843,18.95603815704822,0 -98.26519674361313,18.95756008547414,0 -98.26525632254565,18.95777119782245,0 -98.26455625860898,18.95794464555726,0 -98.26439140786771,18.95819014125151,0 -98.26345223045688,18.95849817992324,0 -98.26393785503541,18.9588538107853,0 -98.26464245700589,18.95836131754539,0 -98.26495684168141,18.95810777248398,0 -98.26564712688723,18.95794576166834,0 -98.26635588551325,18.95781031011642,0 -98.26678638027188,18.95802923024295,0 -98.2675318830497,18.95847453408591,0 -98.26748795122442,18.95853146163381,0 -98.26743912026726,18.95862295945819,0 -98.26738851136243,18.9587105010096,0 -98.26734952641817,18.95878758733822,0 -98.26729149435957,18.95888278108342,0 -98.26722719595111,18.95898826140818,0 -98.26718297763985,18.95906092591793,0 -98.26711120656032,18.95917885693822,0 -98.26704121209318,18.95929449048194,0 -98.26762487817356,18.95962065449938,0 -98.26809995368922,18.95881384995605,0 -98.27034904698586,18.95505916404283,0 -98.27046542725914,18.95468142287174,0 -98.27049101333142,18.95445148476014,0 -98.27049153870787,18.95433061948612,0 -98.27045608322206,18.95400296736817,0 -98.27034123274025,18.95308625960793,0 -98.27030091616119,18.95278625643897,0 -98.27036849082546,18.95273297186245,0 -98.27052771326787,18.95260742173624,0 -98.27104700049804,18.95286679531029,0 -98.27180456693435,18.95331944216144,0 -98.27200156215726,18.95386088241265,0 -98.27207809955358,18.95416530207602,0 -98.2723044420602,18.95469481885902,0 -98.27224338367311,18.9547936832732,0 -98.27251727267041,18.95494681832059,0 -98.27243923700482,18.95514285320331,0 -98.27274123160279,18.95533453776678,0 -98.27267912072995,18.9554231265636,0 -98.2731486337717,18.95572113819111,0 -98.2727676296841,18.95638566466056,0 -98.27276425509542,18.95639156081356,0 -98.27415770079949,18.95713300180571,0 -98.27428695486626,18.95692365258778,0 -98.27467599370928,18.95715672887086,0 -98.27405238191099,18.95839413765964,0 -98.27375673939427,18.95857397913085,0 -98.27371948189736,18.95896734225324,0 -98.27611419064812,18.96043154668743,0 -98.27615787524147,18.96050600992695,0 -98.2769017173315,18.96081142511453,0 -98.27697921270875,18.96104040628231,0 -98.27709301129346,18.96195090137356,0 -98.27710062997657,18.96245962602073,0 -98.27716765187013,18.96284257465869,0 -98.27728935422313,18.96305772776442,0 -98.27720377540246,18.96356608886055,0 -98.27728087017189,18.96388840762354,0 -98.2772549970944,18.96420099028987,0 -98.27705539286507,18.96498892249863,0 -98.27712028333862,18.96586655715649,0 -98.27707372226384,18.96642640572455,0 -98.27727811171999,18.96680522426523,0 -98.27721735853548,18.96724367749797,0 -98.27702947150344,18.96758829716391,0 -98.27623504290371,18.96768622255845,0 -98.27559966990566,18.96964845036259,0 -98.27665866727546,18.97013746723821,0 -98.27675757423209,18.97018313944068,0 -98.27677868908953,18.97019288981104,0 -98.27676680928269,18.9702121594213,0 -98.27669758798888,18.97032444135512,0 -98.27600860506229,18.97144201205549,0 -98.27612916013813,18.9715151101798,0 -98.27628816090504,18.97160815429465,0 -98.27699068258384,18.97199530516156,0 -98.27678896921978,18.97232254064947,0 -98.27729195537948,18.97264860101741,0 -98.27728082962213,18.97266413583252,0 -98.27726563393531,18.9726886087666,0 -98.27723002087774,18.97273910671787,0 -98.27714021684316,18.97286644656439,0 -98.27704793919412,18.9729972921548,0 -98.27696102602985,18.97312053219085,0 -98.27701326202293,18.97315387528571,0 -98.27706977482835,18.9731878080135,0 -98.27712107191847,18.97321860888157,0 -98.27757879193169,18.97346808464509,0 -98.27779848626484,18.97314939708813,0 -98.27784236614877,18.97317677539296,0 -98.27801697161243,18.97328572103104,0 -98.27821739155296,18.97299498921967,0 -98.27840194939908,18.9733201805989,0 -98.27829121411732,18.97349596892179,0 -98.27834106401887,18.97361941622087,0 -98.27837641215858,18.97376791399713,0 -98.27838244036883,18.97403954969657,0 -98.27834096781932,18.97419916026376,0 -98.27873804990223,18.97445589601139,0 -98.27886369381601,18.97428728585608,0 -98.27894152420457,18.97400214709974,0 -98.27903306210216,18.9734984251338,0 -98.27898143942399,18.97334687281751,0 -98.27912948063323,18.97312821334634,0 -98.27925234247594,18.97315277726425,0 -98.27956344268721,18.97316743754031,0 -98.27991368165661,18.97357472995928,0 -98.28015516285701,18.97383074384121,0 -98.28041464769142,18.97435405032851,0 -98.2804860013749,18.97456543433732,0 -98.28073820488792,18.97482294594101,0 -98.28110418100088,18.97433243522453,0 -98.28139055766592,18.97454003630786,0 -98.28049150886369,18.97578155803769,0 -98.28119303351549,18.97594218543118,0 -98.28058138345244,18.9768059565025,0 -98.28081183770202,18.97700352061713,0 -98.28091262234291,18.97731972036953,0 -98.28065212297911,18.97737164012417,0 -98.28037153056985,18.97734544299624,0 -98.27981692477067,18.97743686752892,0 -98.27947326964009,18.97738849154885,0 -98.27911379187512,18.97802208899333,0 -98.27868579398751,18.9787764513124,0 -98.27943986264826,18.9792950254218,0 -98.27883985999944,18.98083559737889,0 -98.27859009053456,18.9810542087418,0 -98.27873577200961,18.98148930345662,0 -98.27863382457183,18.98228020235433,0 -98.27893178912652,18.98312780545583,0 -98.27887684985492,18.98450485333348,0 -98.27770515132721,18.98518532994385,0 -98.27615931156281,18.98572015430388,0 -98.27563154337825,18.98605740600575,0 -98.27525071760886,18.98628413358424,0 -98.27454980816775,18.98650147462923,0 -98.27353585546003,18.98679724151403,0 -98.27293159500731,18.98783452841866,0 -98.27319468653781,18.98875246875166,0 -98.27227280409146,18.98915053108531,0 -98.27269533327042,18.99006506369934,0 -98.27186381941631,18.99048120780089,0 -98.27246380055787,18.9927393732431,0 -98.27232231132827,18.99309382191749,0 -98.27089148733225,18.99263809412702,0 -98.26910335216751,18.99312551239777,0 -98.2687903332691,18.99222255312146,0 -98.26792538597533,18.99007080044338,0 -98.26756966815326,18.9903123892366,0 -98.26749595529819,18.99021338698001,0 -98.26731271495846,18.99009612906198,0 -98.26710587927187,18.98996377141882,0 -98.26689016801902,18.98988481572446,0 -98.26669588248718,18.98984705086401,0 -98.26646252659374,18.98985023715154,0 -98.266293844049,18.98988656375681,0 -98.26615960244173,18.98995180091295,0 -98.26604648083705,18.99012810733661,0 -98.26597391533058,18.99030186520357,0 -98.26588958843419,18.99043166779481,0 -98.26575907400068,18.99063256909714,0 -98.26564994762595,18.99088288148863,0 -98.26559724717936,18.99107586942576,0 -98.26548141553475,18.99132456455213,0 -98.26539687216801,18.99144091609596,0 -98.2652528036092,18.9916391885069,0 -98.26505836599985,18.99177252890362,0 -98.26486765956339,18.99190331013882,0 -98.26464108308252,18.99198522510182,0 -98.26392263639843,18.99206628482008,0 -98.26279079070656,18.99142466496438,0 -98.2626595818229,18.99141373695123,0 -98.26246851208055,18.99139782311651,0 -98.26237324045417,18.99141530073691,0 -98.26229284962081,18.99140541635165,0 -98.262167520932,18.99132601111799,0 -98.26204005797439,18.99116051891881,0 -98.26183044252372,18.99091635818559,0 -98.26165101313758,18.9911348454283,0 -98.26168243414487,18.99132113863169,0 -98.26179630243222,18.99183745575689,0 -98.26145475930491,18.99190552602711,0 -98.26126934818484,18.99187113368034,0 -98.2608177854942,18.99192207747796,0 -98.26051494339281,18.99187784836192,0 -98.26027916365526,18.99190825307781,0 -98.25997147982083,18.99176743151328,0 -98.26034824456318,18.99097193081382,0 -98.26043256011141,18.99094790555133,0 -98.26069230472962,18.99039959439267,0 -98.26077913447223,18.99021696527459,0 -98.25895946884593,18.98905851799251,0 -98.25913061056383,18.98987374552934,0 -98.25947133785198,18.99056418678679,0 -98.25910532827513,18.99075702042978,0 -98.25845959667298,18.99109784302341,0 -98.25838639712532,18.9911359582736,0 -98.25835961864892,18.99114940570479,0 -98.25833224641686,18.99116285255998,0 -98.25829952048731,18.99117853632544,0 -98.25827275200328,18.99118972451027,0 -98.25824121355046,18.99120541302412,0 -98.25817934317921,18.99123227632446,0 -98.25814542973502,18.99124795530189,0 -98.25811982964798,18.99126366759757,0 -98.25809125988293,18.99127936888871,0 -98.2580591076356,18.99129957345634,0 -98.25800314556358,18.99133323820091,0 -98.2579376635461,18.99137138239995,0 -98.25784843172366,18.99140943224227,0 -98.25778597748587,18.9914340337919,0 -98.25770993484542,18.99148766579788,0 -98.25758826921519,18.99154831009376,0 -98.25745604170663,18.99161421941456,0 -98.2573754584742,18.99165035441969,0 -98.25719421734966,18.99170696832311,0 -98.25706359496074,18.99173478703547,0 -98.25700794282433,18.99174541084061,0 -98.25700835655583,18.99174573151092,0 -98.25700515341293,18.99174609459439,0 -98.25697181542368,18.99175236172214,0 -98.2568026671963,18.99161406572528,0 -98.25676385043961,18.99156854907068,0 -98.25656385923809,18.99133403580734,0 -98.25652822755572,18.99129225337407,0 -98.25627391668671,18.9914184105618,0 -98.25586025036678,18.9916236193847,0 -98.25610689289256,18.99218303165241,0 -98.25613991468251,18.99216713078015,0 -98.25617303341281,18.99215207525923,0 -98.25620644618638,18.9921377637627,0 -98.25625375956082,18.99211895162358,0 -98.2562936906519,18.9921043581417,0 -98.25630899583447,18.9921446780719,0 -98.25633028167405,18.99220011397288,0 -98.25635152714284,18.99225544487903,0 -98.2563725810531,18.99231027345468,0 -98.25639297019518,18.99236355311092,0 -98.25641371623432,18.99241797467971,0 -98.25643525486667,18.99247447525021,0 -98.25645590234203,18.99252863524654,0 -98.25647201395921,18.99255124119037,0 -98.25649250546918,18.99259452984156,0 -98.2565597024614,18.99273648961087,0 -98.25656948051049,18.99277040351671,0 -98.25660784966905,18.99281813973159,0 -98.25664635678692,18.9928660481978,0 -98.25668676447376,18.99291405466112,0 -98.25670362839004,18.99296388332045,0 -98.25672202995523,18.99299518941006,0 -98.25674354966935,18.99305534898802,0 -98.25677092297947,18.99313187203368,0 -98.25677971480775,18.99316090013256,0 -98.2567909185459,18.99319789055592,0 -98.25680909418027,18.99324029779404,0 -98.256824840283,18.99327871533963,0 -98.25682734951268,18.99328551317411,0 -98.25685121118265,18.99335014827444,0 -98.25685851554374,18.99337055985782,0 -98.25686922531003,18.99340048400035,0 -98.25687011277748,18.99340730062559,0 -98.25687175817372,18.99341993927613,0 -98.25691235064275,18.99353274959368,0 -98.25694520865829,18.99362466672649,0 -98.25698173889836,18.99373148991339,0 -98.25698989161521,18.99373135726881,0 -98.25698654920468,18.99373676339093,0 -98.25693039607941,18.99382759201328,0 -98.2568736926728,18.99391931217414,0 -98.25676861447094,18.9940892790542,0 -98.25678597092558,18.99411335578819,0 -98.25692117147219,18.99430090501845,0 -98.25678425966154,18.99461576763215,0 -98.25688348147322,18.99499740379802,0 -98.25699378559588,18.99548056547754,0 -98.25717724360339,18.99572266095997,0 -98.25754379441624,18.99628913262421,0 -98.25764837197859,18.9967640417797,0 -98.2575489780174,18.99707082801693,0 -98.25730227898893,18.99715377348285,0 -98.25613498839013,18.99612654806488,0 -98.25594365430806,18.99635636812847,0 -98.25562295606794,18.99674238237003,0 -98.2556231504043,18.99674247713752,0 -98.25673884001428,18.9972801502614,0 -98.25671915549445,18.99730040553107,0 -98.25669828344772,18.99732065422039,0 -98.25665712306514,18.99736341501512,0 -98.25648521113115,18.9972994655816,0 -98.25640983348592,18.99727026206712,0 -98.25637937623938,18.99723259238182,0 -98.25633175824738,18.99719453561342,0 -98.25626958189932,18.99718298934345,0 -98.25619683300181,18.99717754576883,0 -98.25611099915555,18.99715778813596,0 -98.25604951766302,18.99713504673547,0 -98.25596355235797,18.99710533054375,0 -98.25588410845261,18.99707789890728,0 -98.25583667761727,18.99706189325295,0 -98.25579187870537,18.99707616788508,0 -98.25573704211406,18.9970642695951,0 -98.25566666834933,18.99705883536786,0 -98.25563008163705,18.99706112819406,0 -98.25559479481959,18.99707020405545,0 -98.2555502491434,18.99709247475489,0 -98.25545200236454,18.99714446108018,0 -98.25523770759169,18.99727643922763,0 -98.25485990566573,18.99746198570988,0 -98.25460982875086,18.99789457757307,0 -98.25450427896482,18.99804389674359,0 -98.25457645664241,18.99832704818405,0 -98.25463549661372,18.99836027138943,0 -98.25462815970334,18.99838644936541,0 -98.25461902296452,18.9984114452694,0 -98.25460598788069,18.99843714843353,0 -98.2545933569882,18.99847875848673,0 -98.25459048319641,18.99850540629599,0 -98.2545843680327,18.9985345714283,0 -98.25455918994959,18.99862032224866,0 -98.25454700938438,18.99862053524669,0 -98.25438160670197,18.99894033262582,0 -98.25397591401078,18.99942479262049,0 -98.2538431952613,18.99986091997743,0 -98.25351026665209,18.99969067392888,0 -98.25333791451199,18.99960611433384,0 -98.25318477955588,18.99952851841067,0 -98.25297005111435,18.9994200135781,0 -98.25258032195518,18.99922545002202,0 -98.25231125611825,19.0000975124217,0 -98.25140791074814,18.99965324954522,0 -98.25140664850353,18.99965444004267,0 -98.2507485831146,19.00085100377601,0 -98.2507485831146,19.00085100377601,0 
							</coordinates>
						</LinearRing>
					</outerBoundaryIs>
					<innerBoundaryIs>
						<LinearRing>
							<coordinates>
								-98.25526581282537,18.99193126548788,0 -98.2551773415077,18.99189574252657,0 -98.25524798861171,18.99195094612369,0 -98.25526581282537,18.99193126548788,0 -98.25526581282537,18.99193126548788,0 
							</coordinates>
						</LinearRing>
						<LinearRing>
							<coordinates>
								-98.27240185453427,18.98656739377833,0 -98.27092468225895,18.98541652099629,0 -98.27038713238072,18.98625746507217,0 -98.27038710178506,18.98625751013718,0 -98.27260103365292,18.98772754872652,0 -98.27240185453427,18.98656739377833,0 -98.27240185453427,18.98656739377833,0 
							</coordinates>
						</LinearRing>
						<LinearRing>
							<coordinates>
								-98.22414636613644,18.98535668146207,0 -98.22422618111156,18.98517560997113,0 -98.2243184536088,18.98514845171531,0 -98.22433101252599,18.98512170046792,0 -98.22429685707317,18.98501242421451,0 -98.22429656953167,18.98501174432773,0 -98.22429656943444,18.98499145345445,0 -98.22437841047505,18.98481732810795,0 -98.22438240067345,18.98480884006398,0 -98.22438787770565,18.98479478148968,0 -98.2245326037518,18.98442332003238,0 -98.22455406218602,18.98438273869861,0 -98.22457551965542,18.98434215826148,0 -98.22408199267909,18.98409867125886,0 -98.22409822144228,18.98406797988981,0 -98.22414636623286,18.98397692830383,0 -98.2242965700878,18.98361169749517,0 -98.22431830651985,18.98355414668263,0 -98.22440385854803,18.98332762828935,0 -98.22442747084361,18.98329413650991,0 -98.22444677338922,18.98326675650108,0 -98.22449709757669,18.98313985584076,0 -98.22451114607932,18.98310443072729,0 -98.22457585630708,18.98295145335432,0 -98.22463989216864,18.98280006997435,0 -98.22465900019891,18.98275188674861,0 -98.22470426542708,18.98263774411624,0 -98.22472914197184,18.98259069659351,0 -98.22476863888816,18.98251599999001,0 -98.22466666397402,18.98247216804606,0 -98.2245326037453,18.98241454578392,0 -98.22425365467892,18.98227251046915,0 -98.22424485770532,18.98226419206209,0 -98.22423219710234,18.98225222005522,0 -98.2240439212359,18.98216843757237,0 -98.22386741681555,18.98208989331991,0 -98.22369575518526,18.98200873039168,0 -98.22369575542689,18.98200355216593,0 -98.22369575510764,18.98196814863721,0 -98.22341067205673,18.98198040204161,0 -98.2232246484258,18.98198839756877,0 -98.22322368593744,18.98198843871599,0 -98.22309494033114,18.98202902069825,0 -98.223020387338,18.98208189446951,0 -98.22292327861415,18.98215076580644,0 -98.22285890619793,18.98217105670273,0 -98.22275161783064,18.98221163813116,0 -98.22266578704766,18.98221163837347,0 -98.22251558304994,18.98219134760313,0 -98.22238683678687,18.98213047472061,0 -98.22230784534887,18.9821055766486,0 -98.22225809143002,18.98208989352999,0 -98.22210788680719,18.98204931156006,0 -98.22198937816773,18.98203063470314,0 -98.22197914141793,18.98202902104949,0 -98.22185039493269,18.98202902041198,0 -98.22183327116402,18.98202902073952,0 -98.22178602263716,18.98202902096732,0 -98.22175742777146,18.98212095750421,0 -98.2216787338821,18.98237396389699,0 -98.2215714453209,18.98265803504003,0 -98.22155576210848,18.98272724524657,0 -98.22131395328888,18.98379431250293,0 -98.22142124221494,18.98397692785309,0 -98.2215499876316,18.98411896217193,0 -98.22170019193658,18.98426099534721,0 -98.22179495037425,18.98438046843523,0 -98.2218289376073,18.98442332034789,0 -98.22183391255206,18.98444684208054,0 -98.22185039532144,18.9845247726872,0 -98.22185039509721,18.98464651606557,0 -98.2218621739449,18.98471334296962,0 -98.22187185265655,18.9847682583611,0 -98.22188549097531,18.98484564020753,0 -98.22189331023949,18.98489000155736,0 -98.22193263054692,18.98494577262682,0 -98.22193419478879,18.98494277980791,0 -98.22201044377579,18.98504320896541,0 -98.22275450594518,18.98540239469243,0 -98.22389529971746,18.9859530868752,0 -98.22389713969535,18.98594901075021,0 -98.22392025029291,18.98589514294593,0 -98.22392854740455,18.98587359637105,0 -98.22394401847512,18.98583671599605,0 -98.2239655892036,18.98578529528589,0 -98.22397470430526,18.98574219879264,0 -98.22401761988715,18.9856610371802,0 -98.22401761982265,18.98564074721321,0 -98.22405837041181,18.98556368023469,0 -98.22406053535619,18.9855595855883,0 -98.22406938027316,18.98553728128615,0 -98.22412490842123,18.98539726274038,0 -98.22414181104804,18.9853652954582,0 -98.22414636613644,18.98535668146207,0 -98.22414636613644,18.98535668146207,0 
							</coordinates>
						</LinearRing>
						<LinearRing>
							<coordinates>
								-98.22159290267756,18.98249570884592,0 -98.22159643670682,18.98247398781314,0 -98.22159214892864,18.98249518966191,0 -98.22159290267756,18.98249570884592,0 -98.22159290267756,18.98249570884592,0 
							</coordinates>
						</LinearRing>
						<LinearRing>
							<coordinates>
								-98.26613345999681,18.98068473465507,0 -98.26390454470884,18.97873607078218,0 -98.26329890522292,18.97920212279357,0 -98.26362938120681,18.97950076824583,0 -98.26363682337623,18.9795071789466,0 -98.26366813462013,18.97953415181799,0 -98.26378416601202,18.9796340873984,0 -98.26389644237959,18.9797307880583,0 -98.26395679188765,18.97978277446774,0 -98.26396478013372,18.97978965544903,0 -98.26407433779738,18.97988401633476,0 -98.26417391711101,18.97996978297448,0 -98.26425201277915,18.98003192071153,0 -98.26436492914442,18.9801303190048,0 -98.26446728412644,18.98021984873028,0 -98.26454971223454,18.98029075600151,0 -98.26465399334808,18.98038041256834,0 -98.26473650411987,18.98045135171809,0 -98.26476898945715,18.98047928068141,0 -98.26479655647206,18.98050298333414,0 -98.26483663460648,18.98053744282993,0 -98.26494279079404,18.98062871348453,0 -98.2650158219149,18.98069150497606,0 -98.26504290729989,18.98071479178204,0 -98.26512494899539,18.98078532765615,0 -98.26521946122077,18.98086658671924,0 -98.26533266092649,18.980963884851,0 -98.26541205323768,18.98103208664893,0 -98.26562123746407,18.98121558183196,0 -98.26613345999681,18.98068473465507,0 -98.26613345999681,18.98068473465507,0 
							</coordinates>
						</LinearRing>
						<LinearRing>
							<coordinates>
								-98.22191619182927,18.9819466459541,0 -98.22186198258734,18.9819379513304,0 -98.22181038268782,18.98194279339861,0 -98.22179899399269,18.98194785778597,0 -98.22180747987848,18.98194785730442,0 -98.22187185308887,18.98194785764818,0 -98.22191476793246,18.9819478572598,0 -98.22191619182927,18.9819466459541,0 -98.22191619182927,18.9819466459541,0 
							</coordinates>
						</LinearRing>
						<LinearRing>
							<coordinates>
								-98.22731575602329,19.0387296445923,0 -98.22783478783262,19.03904428767516,0 -98.22839931748092,19.03813059281853,0 -98.22816969645675,19.03800209508833,0 -98.22800423772581,19.03792727395114,0 -98.22815641320042,19.03768138064478,0 -98.22783831546788,19.03762241935603,0 -98.22731575602329,19.0387296445923,0 -98.22731575602329,19.0387296445923,0 
							</coordinates>
						</LinearRing>
						<LinearRing>
							<coordinates>
								-98.24818245037612,19.04161528448003,0 -98.2481287346981,19.04177410843981,0 -98.24806946385715,19.04175557163381,0 -98.24806468776089,19.0417540782461,0 -98.24804695386557,19.04179344181614,0 -98.24803700333274,19.04178943675161,0 -98.24800940780339,19.04185168890659,0 -98.24802842709106,19.04185946861796,0 -98.24805718889746,19.04187123266299,0 -98.24805078136816,19.04189248244623,0 -98.24801101742467,19.04202435149727,0 -98.24795643944967,19.04220534784178,0 -98.24792740134261,19.04230894031211,0 -98.24792689418069,19.04231077366679,0 -98.24790837239297,19.04237777827647,0 -98.24788627326596,19.04245394631738,0 -98.24785528096665,19.04256076787441,0 -98.24773764561569,19.04275252340368,0 -98.24765488695374,19.04288921827674,0 -98.24779837416384,19.04293653422323,0 -98.24775094876428,19.04318034073745,0 -98.24779480870457,19.04320085182328,0 -98.24821218051967,19.04336973752909,0 -98.24818640051596,19.04355489161417,0 -98.24831923701758,19.04360061757214,0 -98.24836192962377,19.04361660526205,0 -98.24855049383675,19.04368515137452,0 -98.24855717861149,19.04365128882376,0 -98.24856811427637,19.04359711206808,0 -98.24866984016666,19.04329704485774,0 -98.2486842977237,19.04325191854616,0 -98.24872703576104,19.04312557404788,0 -98.24884440542318,19.04278038431057,0 -98.24885349817687,19.04273975557446,0 -98.24886741156685,19.04268333074335,0 -98.24890857171444,19.04251179462347,0 -98.24893520229462,19.04240119933808,0 -98.2489501723301,19.04237414913969,0 -98.24896993344882,19.04233808049348,0 -98.24908370442034,19.04213295167423,0 -98.24912740620539,19.04205631372969,0 -98.24914178130417,19.0420292610937,0 -98.24915914822431,19.04199770301035,0 -98.24919866200825,19.04192782578922,0 -98.24921901693207,19.04189176133317,0 -98.2492656078944,19.04183321006109,0 -98.24942268269527,19.04163955152849,0 -98.24937003693054,19.0415918940269,0 -98.24957378650558,19.04145264816308,0 -98.24966553549392,19.0413897608681,0 -98.24977992347617,19.04131115250335,0 -98.24990923958751,19.04121452973437,0 -98.24970716960703,19.04111204222065,0 -98.24967518009936,19.04109383818055,0 -98.24960880322834,19.04106193795253,0 -98.24957443615918,19.04104372513786,0 -98.24945711521451,19.04098224747475,0 -98.24939370801877,19.0409503610488,0 -98.24931845198873,19.04091164775834,0 -98.24927756299064,19.04089114731248,0 -98.24920890295695,19.04083890615046,0 -98.24903053981971,19.04074780968604,0 -98.24895232453432,19.04070682586266,0 -98.24884152605063,19.04064763360483,0 -98.2487334501503,19.04059268078515,0 -98.2485784948183,19.04086657903931,0 -98.24855903895379,19.04090325708622,0 -98.24845146418679,19.04110604945656,0 -98.2484250271353,19.04115588771518,0 -98.24840055544001,19.04119681893903,0 -98.24835408224405,19.0412771081425,0 -98.24825263410486,19.04145042212365,0 -98.24822310530287,19.0415003354208,0 -98.2482158343839,19.04151769938915,0 -98.24821075282429,19.04153255455422,0 -98.24818245037612,19.04161528448003,0 -98.24818245037612,19.04161528448003,0 
							</coordinates>
						</LinearRing>
						<LinearRing>
							<coordinates>
								-98.23772254819626,19.04177048883926,0 -98.23772163198196,19.0417701018878,0 -98.23772229696694,19.04177077427543,0 -98.23772254819626,19.04177048883926,0 -98.23772254819626,19.04177048883926,0 
							</coordinates>
						</LinearRing>
						<LinearRing>
							<coordinates>
								-98.13389585783824,19.03556995646492,0 -98.13370806243898,19.03553226785482,0 -98.13334349142792,19.03554213108519,0 -98.13317346268552,19.03462524788678,0 -98.13317317249255,19.0346253197233,0 -98.13317057882379,19.03462596362567,0 -98.1331727694695,19.0346231462812,0 -98.13317301436362,19.03462283114131,0 -98.1331610541789,19.03454547937276,0 -98.13316031850577,19.03454313628444,0 -98.13315654073658,19.03454471807513,0 -98.13303341604328,19.03459628003257,0 -98.13295655391599,19.03465686636355,0 -98.13292010504617,19.03468559686412,0 -98.132854128562,19.03473760226678,0 -98.13276678703652,19.03480644868299,0 -98.13269783120566,19.03484075315163,0 -98.13261863053025,19.03490001891483,0 -98.13256924071594,19.03492593233842,0 -98.13259131593378,19.03527704910215,0 -98.13257767190713,19.03549694328709,0 -98.13253948876434,19.03565227335427,0 -98.13276548398166,19.03574569281005,0 -98.13293158740282,19.03592470514187,0 -98.13301339970799,19.03622649097876,0 -98.13297407823531,19.03682708480171,0 -98.13293392584332,19.03682358430946,0 -98.13276922835468,19.03677828388138,0 -98.13276706988964,19.0367823999627,0 -98.13274502191382,19.03691243310374,0 -98.13270349835413,19.03715727174036,0 -98.13268536351859,19.03726421878122,0 -98.13266707178822,19.03737209587485,0 -98.13263471186521,19.03756685022288,0 -98.13261773308474,19.03761767674534,0 -98.13237098768153,19.03756616996876,0 -98.13207258085544,19.03791140882131,0 -98.13203381230196,19.03833497427646,0 -98.13204289884291,19.03852930875016,0 -98.13226361108214,19.03925781134598,0 -98.13199943492451,19.03936260346103,0 -98.13222746982254,19.03958814083954,0 -98.13265847790404,19.03994048995735,0 -98.13366173677174,19.04025310838584,0 -98.13366310575444,19.04025354134648,0 -98.13392595159404,19.04024613414821,0 -98.13413929146149,19.04021987588154,0 -98.13435509460284,19.04014406913409,0 -98.1346020567035,19.04006934888127,0 -98.13482872890177,19.03991441269575,0 -98.13505198587056,19.0397362762291,0 -98.13525627975658,19.0396084644491,0 -98.13567122815442,19.03907271728811,0 -98.13595242779004,19.03867415236731,0 -98.13612247173533,19.03844471824535,0 -98.1361400536257,19.03836638877936,0 -98.13596389775898,19.03788530126362,0 -98.13594711018114,19.03781007873483,0 -98.13619392785493,19.03653355849988,0 -98.13575597670113,19.03618862780556,0 -98.13535322887265,19.03601847788037,0 -98.13496143062234,19.03586941251964,0 -98.13492297249552,19.03582190830653,0 -98.13434324320563,19.03566144340692,0 -98.13389585783824,19.03556995646492,0 -98.13389585783824,19.03556995646492,0 
							</coordinates>
						</LinearRing>
						<LinearRing>
							<coordinates>
								-98.1383958553844,19.04226580996895,0 -98.13795051530218,19.04387946477931,0 -98.13793495602208,19.04393584161137,0 -98.13925836325342,19.04450058075715,0 -98.13940334715318,19.04456244952871,0 -98.13963230503306,19.0447252461157,0 -98.14098830683612,19.04568939424506,0 -98.14121877001253,19.0458437392838,0 -98.14165245540146,19.04599902989581,0 -98.1418920847982,19.04573358061724,0 -98.14208360355329,19.04567735063126,0 -98.14208363677407,19.04566663219153,0 -98.14208367720684,19.04565340064051,0 -98.1420431701397,19.04565206743821,0 -98.14185598001772,19.04564709653994,0 -98.14185678326393,19.04557919566468,0 -98.14185763525433,19.04550772727173,0 -98.14185849179449,19.04543537328924,0 -98.14185933464961,19.04536383255797,0 -98.14186023488169,19.04528852373123,0 -98.14186107438847,19.04521763363561,0 -98.14186193277804,19.04514491818582,0 -98.14186278763559,19.04507288951875,0 -98.14186344960422,19.04500141120175,0 -98.14186414330233,19.04492745693782,0 -98.14186481026458,19.04485685521625,0 -98.14186548173016,19.04478537694168,0 -98.14186616197185,19.04471219074475,0 -98.14186685189999,19.04463896844492,0 -98.14186722762044,19.04451594266361,0 -98.1418664341037,19.04448543964327,0 -98.14186949486168,19.0443706408263,0 -98.14186941097179,19.0443647755277,0 -98.14187073713076,19.04424171801274,0 -98.14187113298307,19.04420537368427,0 -98.14187150351336,19.04417025824816,0 -98.14187230004548,19.04409662978163,0 -98.14187305876104,19.04402666105877,0 -98.14187385528905,19.04395303259106,0 -98.14187463534603,19.04388075957216,0 -98.14187543038373,19.04380742027519,0 -98.14187622363664,19.04373627692144,0 -98.14187705047534,19.04366229615547,0 -98.14187782906666,19.04359215582168,0 -98.14187864300837,19.04351883468389,0 -98.14187943922541,19.04344711298386,0 -98.14188023553329,19.04337537321,0 -98.14188106398693,19.04330107615913,0 -98.14188185383556,19.04323059247492,0 -98.14188265001557,19.04315702725695,0 -98.14188308930854,19.04310852857548,0 -98.14188331348254,19.04308339816374,0 -98.1418839418744,19.04301289565379,0 -98.14188457346872,19.04294176961614,0 -98.14188522250477,19.04286909835925,0 -98.14188586680216,19.04279734883753,0 -98.14188653499609,19.04272279800558,0 -98.14188718704479,19.04264953936627,0 -98.14188795524099,19.04257771812387,0 -98.1418887538175,19.04250368299601,0 -98.14188948781951,19.0424348166406,0 -98.14189027001669,19.04236211888794,0 -98.14189103936579,19.04229007172759,0 -98.1418918063446,19.04221848543455,0 -98.14189259081105,19.04214534488546,0 -98.14189339499391,19.04207021632228,0 -98.14189419422704,19.04192392893318,0 -98.14101543952771,19.04192166951777,0 -98.14086635734822,19.04192323425305,0 -98.13984827355522,19.04194334683913,0 -98.1383958553844,19.04226580996895,0 -98.1383958553844,19.04226580996895,0 
							</coordinates>
						</LinearRing>
						<LinearRing>
							<coordinates>
								-98.16464207210853,19.04610345128916,0 -98.16468486482927,19.04615080838568,0 -98.1646929972363,19.04616074056406,0 -98.16472061909518,19.04619447459606,0 -98.16483730182848,19.04611547431187,0 -98.16487856614292,19.04616385736674,0 -98.16497193294457,19.0462843933784,0 -98.16495484327483,19.04629757770273,0 -98.16498085441991,19.04635050687896,0 -98.16502063787367,19.04643145844803,0 -98.16507666880898,19.04639514863645,0 -98.16514807649266,19.04635106432981,0 -98.16514366526698,19.04634192616964,0 -98.16514479917504,19.04634131678938,0 -98.16527829369809,19.04626990550993,0 -98.16521189077061,19.046130319827,0 -98.16523218277501,19.04611640441423,0 -98.16534018457342,19.04604227519131,0 -98.16546548573723,19.04595594297796,0 -98.16548613129073,19.04594163151094,0 -98.16555102427461,19.04589661390057,0 -98.16558929248636,19.04587007383815,0 -98.16561317080068,19.04585350870936,0 -98.16563042434146,19.04584250294928,0 -98.16569625586524,19.04598086231782,0 -98.16571589044376,19.04597241390331,0 -98.16575730299166,19.04605945179791,0 -98.16582864750522,19.04603251170249,0 -98.16572917870776,19.04579931464227,0 -98.16573300623395,19.04579784988939,0 -98.16586337924957,19.04574813064544,0 -98.16586862539734,19.04574613008611,0 -98.16598674469049,19.04570107264184,0 -98.16600951922342,19.04569239167168,0 -98.16620107491431,19.04561932613766,0 -98.1663074424856,19.04557353764189,0 -98.16649783769273,19.0455044518154,0 -98.16656277515182,19.04548089663218,0 -98.16665763527985,19.04544636112226,0 -98.16672423915313,19.04542211756214,0 -98.16681360601928,19.04538958143878,0 -98.16686817625768,19.04536971159232,0 -98.16696853062112,19.04533484827227,0 -98.16703524056223,19.04531027974737,0 -98.16712150549121,19.04527851568471,0 -98.16717997067312,19.04525698245334,0 -98.16718280794989,19.04525590178869,0 -98.16727843738353,19.04521949878516,0 -98.16743159292571,19.04516119670668,0 -98.16744497948498,19.04515610604721,0 -98.16752426557075,19.04537090885932,0 -98.16766722302964,19.04532242888435,0 -98.16758409731599,19.04510196076207,0 -98.16772474824447,19.0450490784069,0 -98.16774032429285,19.04504322042296,0 -98.16781585283627,19.04501482357175,0 -98.16786527528171,19.04499624960418,0 -98.16794518083491,19.04521460654312,0 -98.16805031199146,19.04516163615604,0 -98.16801919417988,19.04508179782179,0 -98.16799735740689,19.0446908386941,0 -98.16815950086192,19.04464993363522,0 -98.16827980724689,19.04461958211936,0 -98.16832164519781,19.04460902753133,0 -98.16836926406521,19.04472758097503,0 -98.16840143459014,19.04480767522369,0 -98.16845143807524,19.04478994866062,0 -98.16857226987555,19.04474569697383,0 -98.16858441094323,19.04477697409543,0 -98.16872842146192,19.04472678100134,0 -98.16871014705411,19.04467720368502,0 -98.16882174626294,19.04463588339661,0 -98.16884955564599,19.04462558001729,0 -98.1689632683521,19.04458347390876,0 -98.16896817124886,19.04459505415782,0 -98.16899460309413,19.04458657904424,0 -98.16900943268809,19.04462376029302,0 -98.16915127282977,19.04457426196847,0 -98.16922660991365,19.0445479692571,0 -98.16921929795349,19.0445316247705,0 -98.16928933745083,19.04450622092102,0 -98.16927849019753,19.04447845597561,0 -98.16932403524211,19.04446177094375,0 -98.16945266370436,19.04441466193588,0 -98.16955894805429,19.0443757301302,0 -98.16957848362756,19.0443685794463,0 -98.16970140935696,19.0443235502064,0 -98.16981061512966,19.04428187513736,0 -98.16985096011064,19.04426690257681,0 -98.16993679960451,19.04423506204719,0 -98.16998584906611,19.04421687440417,0 -98.17012944636805,19.04416360578303,0 -98.17014155640037,19.04415911465623,0 -98.17026668495464,19.04411248636256,0 -98.17031370744303,19.044094858845,0 -98.17038803700098,19.04406700225356,0 -98.17041788234562,19.04405580860812,0 -98.17047399698579,19.04403477884376,0 -98.17053859297101,19.04401087728406,0 -98.17053688734363,19.04399650096277,0 -98.17052274916492,19.04387746675876,0 -98.17051868923515,19.04383620594959,0 -98.16962563892612,19.04393446320172,0 -98.16960071281231,19.04351866766904,0 -98.16816440204258,19.04362856416197,0 -98.16431466115097,19.04389018228166,0 -98.1643184090008,19.04527736041337,0 -98.16454033967462,19.04559237561198,0 -98.16456203856937,19.04562014834377,0 -98.16452231328658,19.04564235383483,0 -98.16436766064743,19.04573937873706,0 -98.16443472863156,19.04582945464726,0 -98.16451105219583,19.04593860408875,0 -98.16453067889768,19.04596459260383,0 -98.16455413498061,19.04599634590116,0 -98.16456029870422,19.04600468772239,0 -98.16459375075117,19.04604997830944,0 -98.16464207210853,19.04610345128916,0 -98.16464207210853,19.04610345128916,0 
							</coordinates>
						</LinearRing>
						<LinearRing>
							<coordinates>
								-98.1583190249199,19.0555878762519,0 -98.15917225729278,19.05712617671708,0 -98.15923486127635,19.05752077085551,0 -98.16075953062004,19.05756172983781,0 -98.16101897902303,19.05926103620056,0 -98.1612933556505,19.0596126047341,0 -98.16189494913112,19.05896101713417,0 -98.16255557664452,19.05946134055916,0 -98.16305195913705,19.05958668035057,0 -98.16286497675486,19.06010432573796,0 -98.16267263046512,19.06011371338,0 -98.16254794439111,19.06021421304166,0 -98.16236499487336,19.0603616738462,0 -98.16202159031575,19.06071413894281,0 -98.16406785259842,19.06199720542703,0 -98.1659523831739,19.05985605450839,0 -98.16722007508287,19.06057409119638,0 -98.16762818848616,19.05997046244108,0 -98.16824266125838,19.05907858304788,0 -98.16708365346798,19.0583933301706,0 -98.16689049331156,19.05829757099179,0 -98.16682908887539,19.05834247810013,0 -98.16466174855921,19.05728361250198,0 -98.16393981080392,19.05740467580237,0 -98.16368051040061,19.05746566719296,0 -98.16354260627183,19.05750742774355,0 -98.16350699568447,19.05752645429665,0 -98.16250880201022,19.05706523415739,0 -98.16254051704699,19.05701477978048,0 -98.16284044711236,19.05645655898143,0 -98.16287131180188,19.05640885692376,0 -98.16169957728573,19.05583636693263,0 -98.1591141780919,19.05444822076116,0 -98.1583190249199,19.0555878762519,0 -98.1583190249199,19.0555878762519,0 
							</coordinates>
						</LinearRing>
						<LinearRing>
							<coordinates>
								-98.24714916459025,19.07710580984337,0 -98.24785262551936,19.07742726215808,0 -98.2478781272707,19.0773817781758,0 -98.24796345990717,19.07722231606892,0 -98.24796652735094,19.07721658466761,0 -98.24797640645072,19.07719812262239,0 -98.24799986282375,19.07715428946924,0 -98.24802106078407,19.07711467551083,0 -98.24803491124213,19.07708879402082,0 -98.24804764591931,19.07706499642822,0 -98.24807260361196,19.0770204138945,0 -98.24808045619099,19.07700638616415,0 -98.24809372842459,19.07698267932266,0 -98.24812282175246,19.07693070783002,0 -98.24813786476088,19.07690383622104,0 -98.2481611967235,19.07685869669038,0 -98.24817521718292,19.07683157148688,0 -98.24818710148583,19.07680727338045,0 -98.24822138858271,19.07673921098982,0 -98.24823479459306,19.07671259838414,0 -98.24825042757597,19.07668156582617,0 -98.24826087769452,19.07666082153863,0 -98.24828425042496,19.07661442510938,0 -98.24830480153152,19.07657363095415,0 -98.24832910871929,19.07653036241713,0 -98.24835074160234,19.07649185541109,0 -98.24837124350802,19.07645458728202,0 -98.24843767970282,19.0763351179155,0 -98.24844941263686,19.07631401826808,0 -98.24847203521489,19.07627333826715,0 -98.24848717283189,19.07624611637447,0 -98.24956763963034,19.07678009516416,0 -98.25010331255815,19.07572037947661,0 -98.24794114362099,19.07473236748218,0 -98.24742164269233,19.07576006406885,0 -98.24775292330119,19.07591144633682,0 -98.24714916459025,19.07710580984337,0 -98.24714916459025,19.07710580984337,0 
							</coordinates>
						</LinearRing>
					</innerBoundaryIs>
				</Polygon>
				<Polygon>
					<extrude>1</extrude>
					<outerBoundaryIs>
						<LinearRing>
							<coordinates>
								-98.23233479267954,19.10209631668339,0 -98.23224077125798,19.10206354356457,0 -98.23217259555364,19.10207468835853,0 -98.23214635960151,19.10201357417834,0 -98.23210056005493,19.10188953189941,0 -98.23207845646857,19.1018197829701,0 -98.23206815451314,19.1018020556177,0 -98.23201574689851,19.101711873401,0 -98.2319431773374,19.10157556476137,0 -98.23185541946695,19.10140634707018,0 -98.23169289441405,19.10138507755011,0 -98.23155607765231,19.1010740344001,0 -98.23124441474184,19.10000989064253,0 -98.23119890645023,19.09999572053634,0 -98.23100460707394,19.10001464608338,0 -98.23099211412028,19.10001955972288,0 -98.23099375875259,19.10000576175404,0 -98.23102556086992,19.10000369765274,0 -98.23105244425655,19.09971462767588,0 -98.23097342540092,19.09958552130659,0 -98.23096601586379,19.09951771238272,0 -98.23095633325718,19.09942730250983,0 -98.23094497266663,19.09931429326815,0 -98.23093301796455,19.09920128154423,0 -98.23090228183251,19.0989097126394,0 -98.23096517536744,19.09892804913487,0 -98.23096536886237,19.09892567322623,0 -98.23098643071167,19.09893245934671,0 -98.23098767269843,19.09891260132695,0 -98.23129735414237,19.0989970971764,0 -98.23131588730061,19.09896499395942,0 -98.23156613144332,19.09909589001695,0 -98.23154390442924,19.09913536103317,0 -98.23159003080528,19.09914512359805,0 -98.23161981577636,19.09915495353475,0 -98.23166238948822,19.09917444308875,0 -98.23168927429677,19.09919062292639,0 -98.23167270919883,19.09921031762761,0 -98.23171772946779,19.09926489608805,0 -98.23184652690088,19.09950956909152,0 -98.23187820643128,19.09957030296932,0 -98.23198130823044,19.09974840288812,0 -98.23201495630059,19.09980652062323,0 -98.23205653776296,19.09987834794474,0 -98.23214408628841,19.10002956669487,0 -98.23218824254,19.10010584186322,0 -98.23225747791398,19.10022544889137,0 -98.23239826349483,19.10046862889671,0 -98.23248384207371,19.10061838433634,0 -98.23253916548767,19.10071592471106,0 -98.23260476730233,19.10083157275203,0 -98.23262897313106,19.10087424666058,0 -98.23264418247396,19.1008950136736,0 -98.23271879041801,19.10099978799143,0 -98.23273774230537,19.1010333614822,0 -98.2328406281171,19.10121560258451,0 -98.23293355961418,19.10138021175811,0 -98.23297795097399,19.1014588427556,0 -98.23337959042044,19.10216936588676,0 -98.23342861394028,19.10231439695031,0 -98.23360603225574,19.10264233877915,0 -98.23364264902186,19.10271002154423,0 -98.23385505251657,19.10309002417739,0 -98.23390283261396,19.10321144725349,0 -98.23349815770874,19.10345596767062,0 -98.23279736371136,19.10391396606565,0 -98.23281498447159,19.10401137548837,0 -98.23285952285366,19.10414897769736,0 -98.23288632360288,19.10421493432,0 -98.23293392742039,19.10434109766723,0 -98.23299302960821,19.10449443689579,0 -98.23287444903184,19.10465129418765,0 -98.23286510707867,19.10466365214755,0 -98.23274392385206,19.10440042526735,0 -98.23266322003703,19.10426839904797,0 -98.23256792145574,19.10403611215898,0 -98.23254533182543,19.10396384989486,0 -98.23251905203264,19.1038513461049,0 -98.23247668458222,19.103479746651,0 -98.23252561398323,19.10286281589525,0 -98.23257708395965,19.10256398616179,0 -98.23259176809944,19.10242119224069,0 -98.23256225889894,19.10230297538705,0 -98.23245060820132,19.10218251211622,0 -98.23233479267954,19.10209631668339,0 -98.23233479267954,19.10209631668339,0 
							</coordinates>
						</LinearRing>
					</outerBoundaryIs>
				</Polygon>
				<Polygon>
					<extrude>1</extrude>
					<outerBoundaryIs>
						<LinearRing>
							<coordinates>
								-98.21456397371963,19.12385285699615,0 -98.21568384865246,19.12379588250873,0 -98.21616061839288,19.1241066725087,0 -98.21663629763745,19.12464902623491,0 -98.2164393619787,19.12480775929697,0 -98.21656285949246,19.12491458803991,0 -98.21617959883658,19.12582207802738,0 -98.21603364918499,19.12615594410784,0 -98.2158700978263,19.1263953925661,0 -98.21549079724252,19.12646238806057,0 -98.21517437507335,19.12658968761385,0 -98.21479807690319,19.12679421244766,0 -98.21464936379667,19.12693908874623,0 -98.21459680480243,19.12660437650882,0 -98.2143093977123,19.12632012016971,0 -98.21443263781363,19.12548201213399,0 -98.21456397371963,19.12385285699615,0 -98.21456397371963,19.12385285699615,0 
							</coordinates>
						</LinearRing>
					</outerBoundaryIs>
				</Polygon>
				<Polygon>
					<extrude>1</extrude>
					<outerBoundaryIs>
						<LinearRing>
							<coordinates>
								-98.22338004105045,19.13312974924657,0 -98.22391273828882,19.13255077252477,0 -98.22391279238241,19.13255079444161,0 -98.2239161754099,19.13254711804698,0 -98.22325582064022,19.13198965624021,0 -98.22326884573874,19.13195852852027,0 -98.22327780892319,19.13193779053956,0 -98.22331672565274,19.13187770858231,0 -98.22333617969656,19.13184767435954,0 -98.22333619691203,19.13184765274368,0 -98.22353359576223,19.13154288804549,0 -98.22375865246346,19.1311954157618,0 -98.22375989269455,19.13119350065441,0 -98.22421113574173,19.13163054039988,0 -98.22423146840201,19.13161124200675,0 -98.22438399750835,19.13176365103249,0 -98.2244367394938,19.13180213568705,0 -98.22468238463127,19.13187187893235,0 -98.22486365746262,19.1320134261954,0 -98.22485913067661,19.13229344356267,0 -98.22491467424042,19.13246659606852,0 -98.22501579015477,19.13253435342728,0 -98.22516540780066,19.13259659652418,0 -98.22490514457834,19.13295973942639,0 -98.22424174277718,19.13390774265172,0 -98.22414998296935,19.1338247944449,0 -98.2240816492028,19.13376142858879,0 -98.22405731011304,19.13373459474833,0 -98.22370701565511,19.13342036742716,0 -98.22362039033733,19.13334239286219,0 -98.22358289599802,19.13330863538268,0 -98.22357489525648,19.13330144438116,0 -98.22345174152932,19.1331905838725,0 -98.22340598762852,19.13315417078218,0 -98.22338004105045,19.13312974924657,0 -98.22338004105045,19.13312974924657,0 
							</coordinates>
						</LinearRing>
					</outerBoundaryIs>
				</Polygon>
			</MultiGeometry>
		</Placemark>
		<Placemark id="ID_70006">
			<visibility>0</visibility>
			<snippet></snippet>
			<description><![CDATA[<html><body><table border="1"><tr><th>Field Name</th><th>Field Value</th></tr><tr><td>MUNICIPIO</td><td>CUAUTLANCINGO</td></tr><tr><td>SERVICIO</td><td>AGUA Y DRENAJE</td></tr><tr><td>FECHA ACTUALIZACIÓN</td><td>07/05/2024</td></tr><tr><td>POBLACIÓN AGUA</td><td>20349</td></tr><tr><td>PROMEDIO OCUPANTES EN VIVIENDAS PARTICULARES AGUA</td><td>2,42</td></tr><tr><td>MES 1 TOMAS ACTIVAS AGUA</td><td>8250</td></tr><tr><td>MES 2 TOMAS ACTIVAS AGUA</td><td>8431</td></tr><tr><td>MES 3 TOMAS ACTIVAS AGUA</td><td>8477</td></tr><tr><td>NÚMERO DE HABITANTES SERVIDOS AGUA</td><td>20457</td></tr><tr><td>COBERTURA POR MUNICIPIO AGUA</td><td>Nulo</td></tr><tr><td>POBLACIÓN DRENAJE</td><td>20349</td></tr><tr><td>PROMEDIO OCUPANTES EN VIVIENDAS PARTICULARES DRENAJE</td><td>2,42</td></tr><tr><td>MES 1 TOMAS ACTIVAS DRENAJE</td><td>7775</td></tr><tr><td>MES 2 TOMAS ACTIVAS DRENAJE</td><td>7932</td></tr><tr><td>MES 3 TOMAS ACTIVAS DRENAJE</td><td>7948</td></tr><tr><td>NÚMERO DE HABITANTES SERVIDOS DRENAJE</td><td>19248</td></tr><tr><td>COBERTURA POR MUNICIPIO DRENAJE</td><td>Nulo</td></tr></table></body></html>]]></description>
			<styleUrl>#PolyStyle7213</styleUrl>
			<MultiGeometry>
				<Polygon>
					<outerBoundaryIs>
						<LinearRing>
							<coordinates>
								-98.24765974145279,19.10674649884128,0 -98.24869845592147,19.10749866745239,0 -98.24878197294039,19.10739803639206,0 -98.24919842953268,19.10689624134433,0 -98.24823637904801,19.10604947601744,0 -98.24765974145279,19.10674649884128,0 -98.24765974145279,19.10674649884128,0 
							</coordinates>
						</LinearRing>
					</outerBoundaryIs>
				</Polygon>
				<Polygon>
					<outerBoundaryIs>
						<LinearRing>
							<coordinates>
								-98.23647534166177,19.11527794880928,0 -98.23489444690854,19.11434014576826,0 -98.23429175421332,19.11543279409741,0 -98.23397215104821,19.11601009275381,0 -98.23378593191052,19.11586298616002,0 -98.23234637426943,19.11470269581858,0 -98.23212493902717,19.11450188245571,0 -98.23244812686077,19.11385780186519,0 -98.23252376258944,19.11374904959409,0 -98.23228044296501,19.11360761633592,0 -98.23216824406336,19.11357389152614,0 -98.23149484894411,19.11323784985052,0 -98.23113203941269,19.1130638152219,0 -98.23114087859537,19.11296785643147,0 -98.23116963860031,19.11271600610864,0 -98.23123332627719,19.11253793818251,0 -98.2312814280877,19.11243332329833,0 -98.23134205573702,19.11235327880476,0 -98.23147929464554,19.11215639844539,0 -98.23269138359045,19.11276130121514,0 -98.23279624713525,19.11280581323733,0 -98.23303956702861,19.11294724580412,0 -98.23334708353937,19.11242940096131,0 -98.23340354375051,19.11233606404594,0 -98.23354946433217,19.11211143687038,0 -98.23413535232575,19.11128203605851,0 -98.23507201113648,19.11174372554888,0 -98.23541362401738,19.11114003933734,0 -98.23581526112247,19.11131864310658,0 -98.23625339931104,19.11151930662398,0 -98.23694074749829,19.11010243061049,0 -98.23695453400185,19.11007699453302,0 -98.23538488431083,19.10920337840279,0 -98.23553475184764,19.10881891854817,0 -98.23564998176079,19.10838876763852,0 -98.23565506052539,19.10823144378367,0 -98.23561677167588,19.10803253260629,0 -98.23557850192974,19.10782948167475,0 -98.23556185846145,19.10765964454001,0 -98.23554981820249,19.1074359988581,0 -98.23557648604999,19.10732017100189,0 -98.23571343684812,19.10690253230995,0 -98.23581076600425,19.10657582325943,0 -98.23581329231635,19.10657656212225,0 -98.23618010634597,19.10535037062835,0 -98.23626112248451,19.1050795440179,0 -98.23630647223843,19.10492794662181,0 -98.23640004984883,19.10479756914884,0 -98.23640377730673,19.10480151387098,0 -98.23641287552081,19.10481114251237,0 -98.23645967487289,19.10476995457604,0 -98.23647314292543,19.10475810152956,0 -98.23656539746257,19.10485057957396,0 -98.23665557024533,19.10494097044639,0 -98.23667542918682,19.10496379876921,0 -98.23671451849823,19.10500452676247,0 -98.23676151747659,19.10505349488951,0 -98.23674216025235,19.10507050352516,0 -98.23691350165456,19.10518953442614,0 -98.23692171195093,19.10519523732813,0 -98.237032154879,19.1052719550764,0 -98.23704226611927,19.10527898253313,0 -98.23705032578511,19.1053065506073,0 -98.237133919212,19.10536613143617,0 -98.23747804487297,19.10561140171108,0 -98.23748709153811,19.10559143498261,0 -98.23760852506493,19.10532341387753,0 -98.23831220253113,19.10414702548828,0 -98.2394087376054,19.10320406747567,0 -98.2404664336113,19.1043208261697,0 -98.24199676736879,19.10590270640393,0 -98.24315862775111,19.1072399353917,0 -98.24139636914028,19.11006160728334,0 -98.2410828271984,19.11053960779262,0 -98.24072022859092,19.11112745281544,0 -98.24050965647552,19.11147533270508,0 -98.24044224744075,19.11159431248356,0 -98.24028258786348,19.11187611791977,0 -98.24015298461052,19.11191656284841,0 -98.23987973168765,19.11242386964523,0 -98.23926100312467,19.11368760389432,0 -98.23817038153724,19.11596457672182,0 -98.23809325146458,19.11624296210891,0 -98.23647534166177,19.11527794880928,0 -98.23647534166177,19.11527794880928,0 
							</coordinates>
						</LinearRing>
					</outerBoundaryIs>
				</Polygon>
				<Polygon>
					<outerBoundaryIs>
						<LinearRing>
							<coordinates>
								-98.23103653395795,19.1163214527303,0 -98.2317984967073,19.115052010782,0 -98.23375337993518,19.11660237178706,0 -98.23290026548166,19.11832035685271,0 -98.2317514704566,19.11720015116104,0 -98.23119179908765,19.11651637183881,0 -98.23103653395795,19.1163214527303,0 -98.23103653395795,19.1163214527303,0 
							</coordinates>
						</LinearRing>
					</outerBoundaryIs>
				</Polygon>
				<Polygon>
					<outerBoundaryIs>
						<LinearRing>
							<coordinates>
								-98.24214532894248,19.13301072794211,0 -98.24304262935804,19.13183268075676,0 -98.24337797376121,19.13208571842794,0 -98.24250425106031,19.13322759012117,0 -98.24264044142005,19.13329273976964,0 -98.24200900798803,19.13471143503799,0 -98.24160085328654,19.13451133294415,0 -98.24188346489684,19.13391270456818,0 -98.24226176743198,19.13311159536736,0 -98.24212460001422,19.133040593622,0 -98.24214532894248,19.13301072794211,0 -98.24214532894248,19.13301072794211,0 
							</coordinates>
						</LinearRing>
					</outerBoundaryIs>
				</Polygon>
				<Polygon>
					<outerBoundaryIs>
						<LinearRing>
							<coordinates>
								-98.25889790067296,19.14058177283611,0 -98.25850635317445,19.14045064399652,0 -98.25716358550214,19.14238648003602,0 -98.25626614244705,19.1434815261447,0 -98.25398325453983,19.14174023767579,0 -98.25363482682157,19.14241502248919,0 -98.25110337668991,19.14094501639108,0 -98.25254375654734,19.1374955319761,0 -98.26341385129911,19.14249744438942,0 -98.26370823724885,19.14272423311217,0 -98.26261183077806,19.14487654998182,0 -98.26233333547009,19.14469668708409,0 -98.26249628656709,19.14426121669299,0 -98.25853981969868,19.14144492568367,0 -98.25889790067296,19.14058177283611,0 -98.25889790067296,19.14058177283611,0 
							</coordinates>
						</LinearRing>
					</outerBoundaryIs>
				</Polygon>
			</MultiGeometry>
		</Placemark>
		<Placemark id="ID_70007">
			<visibility>0</visibility>
			<snippet></snippet>
			<description><![CDATA[<html><body><table border="1"><tr><th>Field Name</th><th>Field Value</th></tr><tr><td>MUNICIPIO</td><td>PUEBLA</td></tr><tr><td>SERVICIO</td><td>POR POLÍGONO DE SERVICIO</td></tr><tr><td>FECHA ACTUALIZACIÓN</td><td>Nulo</td></tr><tr><td>POBLACIÓN AGUA</td><td>Nulo</td></tr><tr><td>PROMEDIO OCUPANTES EN VIVIENDAS PARTICULARES AGUA</td><td>Nulo</td></tr><tr><td>MES 1 TOMAS ACTIVAS AGUA</td><td>Nulo</td></tr><tr><td>MES 2 TOMAS ACTIVAS AGUA</td><td>Nulo</td></tr><tr><td>MES 3 TOMAS ACTIVAS AGUA</td><td>Nulo</td></tr><tr><td>NÚMERO DE HABITANTES SERVIDOS AGUA</td><td>Nulo</td></tr><tr><td>COBERTURA POR MUNICIPIO AGUA</td><td>Nulo</td></tr><tr><td>POBLACIÓN DRENAJE</td><td>Nulo</td></tr><tr><td>PROMEDIO OCUPANTES EN VIVIENDAS PARTICULARES DRENAJE</td><td>Nulo</td></tr><tr><td>MES 1 TOMAS ACTIVAS DRENAJE</td><td>Nulo</td></tr><tr><td>MES 2 TOMAS ACTIVAS DRENAJE</td><td>Nulo</td></tr><tr><td>MES 3 TOMAS ACTIVAS DRENAJE</td><td>Nulo</td></tr><tr><td>NÚMERO DE HABITANTES SERVIDOS DRENAJE</td><td>Nulo</td></tr><tr><td>COBERTURA POR MUNICIPIO DRENAJE</td><td>Nulo</td></tr></table></body></html>]]></description>
			<styleUrl>#PolyStyle735</styleUrl>
			<MultiGeometry>
				<Polygon>
					<outerBoundaryIs>
						<LinearRing>
							<coordinates>
								-98.23869571835164,18.94395475369594,0 -98.23886493185574,18.9439413295383,0 -98.23904053542601,18.9447452085209,0 -98.23885112001626,18.94463399418033,0 -98.23869571835164,18.94395475369594,0 -98.23869571835164,18.94395475369594,0 
							</coordinates>
						</LinearRing>
					</outerBoundaryIs>
				</Polygon>
				<Polygon>
					<outerBoundaryIs>
						<LinearRing>
							<coordinates>
								-98.23354649922234,18.94432748803585,0 -98.23382748830277,18.94423008323347,0 -98.23386592988555,18.94431854081182,0 -98.23401502586562,18.94467381215554,0 -98.23356831953483,18.94486556023267,0 -98.23355885723306,18.94445690606223,0 -98.23354649922234,18.94432748803585,0 -98.23354649922234,18.94432748803585,0 
							</coordinates>
						</LinearRing>
					</outerBoundaryIs>
				</Polygon>
				<Polygon>
					<outerBoundaryIs>
						<LinearRing>
							<coordinates>
								-98.23355282541885,18.94496357581474,0 -98.23355678389532,18.94496192031111,0 -98.23355954714351,18.94501425561872,0 -98.23355282541885,18.94496357581474,0 -98.23355282541885,18.94496357581474,0 
							</coordinates>
						</LinearRing>
					</outerBoundaryIs>
				</Polygon>
				<Polygon>
					<outerBoundaryIs>
						<LinearRing>
							<coordinates>
								-98.23968852132255,18.94381198415481,0 -98.23969738517992,18.94380947112321,0 -98.23997240872207,18.94510032744062,0 -98.23986515540537,18.94514016083489,0 -98.23946078477483,18.94526738206753,0 -98.23945552595299,18.94520533612759,0 -98.23944052205313,18.94502833437355,0 -98.23913421741489,18.94487042334021,0 -98.23911914144341,18.9447911485395,0 -98.23986396316002,18.9446505552803,0 -98.23968852132255,18.94381198415481,0 -98.23968852132255,18.94381198415481,0 
							</coordinates>
						</LinearRing>
					</outerBoundaryIs>
				</Polygon>
				<Polygon>
					<outerBoundaryIs>
						<LinearRing>
							<coordinates>
								-98.2415118550915,18.94465703098106,0 -98.24125360352669,18.94462448660974,0 -98.2409139115083,18.94475065084942,0 -98.24132256143308,18.94453700752839,0 -98.24149947056335,18.94420874144408,0 -98.24161619534283,18.94435170962462,0 -98.24182307475539,18.94414287460167,0 -98.24207700805036,18.9442265876207,0 -98.24217780246133,18.94426537740762,0 -98.24221544362122,18.94432426249723,0 -98.24232479296107,18.94449532903058,0 -98.24260887938061,18.9445998911438,0 -98.24283184684178,18.94432378694994,0 -98.24285601300653,18.94429386070416,0 -98.24299254481637,18.94446970911752,0 -98.24304330570972,18.94455457598067,0 -98.24304737104917,18.94458502505197,0 -98.24322009613404,18.94587875553325,0 -98.24332068200377,18.94600941154875,0 -98.24315094180919,18.94589801336074,0 -98.24211403123535,18.94496970426481,0 -98.2420693526215,18.94492970506852,0 -98.24203160383311,18.94489590924245,0 -98.2417577083741,18.94468190059954,0 -98.24166117182219,18.94467584775495,0 -98.2415118550915,18.94465703098106,0 -98.2415118550915,18.94465703098106,0 
							</coordinates>
						</LinearRing>
					</outerBoundaryIs>
				</Polygon>
				<Polygon>
					<outerBoundaryIs>
						<LinearRing>
							<coordinates>
								-98.21968292524308,18.94774464321766,0 -98.219560358254,18.94749340924109,0 -98.21899077969898,18.94756217811918,0 -98.2189750209368,18.94750450132957,0 -98.21880924561079,18.94690170735014,0 -98.21882120658111,18.94688255486621,0 -98.2197435789252,18.94536482102277,0 -98.219780065252,18.94530510391671,0 -98.21979248545824,18.94429300389358,0 -98.21944915847044,18.94396057552294,0 -98.2189876100081,18.94383856500975,0 -98.21904908442184,18.94377521462338,0 -98.21965786304585,18.94386881651877,0 -98.2200009514662,18.94416780542941,0 -98.22007497765046,18.94433054009184,0 -98.22000596569599,18.94463201585614,0 -98.22001348189616,18.94500127520974,0 -98.22003624397702,18.9453270490115,0 -98.21947676624686,18.94640685747061,0 -98.21912618585216,18.94653565004995,0 -98.21887307483382,18.94689978202658,0 -98.2190084111197,18.94753130222063,0 -98.21961713500909,18.94747224117364,0 -98.21968292524308,18.94774464321766,0 -98.21968292524308,18.94774464321766,0 
							</coordinates>
						</LinearRing>
					</outerBoundaryIs>
				</Polygon>
				<Polygon>
					<outerBoundaryIs>
						<LinearRing>
							<coordinates>
								-98.21648355086997,18.9477615431923,0 -98.2163775562629,18.94766372272973,0 -98.21646207172135,18.94773091709452,0 -98.2166606113602,18.94783117989344,0 -98.21648355086997,18.9477615431923,0 -98.21648355086997,18.9477615431923,0 
							</coordinates>
						</LinearRing>
					</outerBoundaryIs>
				</Polygon>
				<Polygon>
					<outerBoundaryIs>
						<LinearRing>
							<coordinates>
								-98.21990586433276,18.94822220538935,0 -98.21985658086531,18.94811544285179,0 -98.21986990844657,18.94811878660946,0 -98.21995701679749,18.94824826569728,0 -98.219932777472,18.94836531127708,0 -98.21989142198973,18.94863433355354,0 -98.21990586433276,18.94822220538935,0 -98.21990586433276,18.94822220538935,0 
							</coordinates>
						</LinearRing>
					</outerBoundaryIs>
				</Polygon>
				<Polygon>
					<outerBoundaryIs>
						<LinearRing>
							<coordinates>
								-98.2197528399507,18.94899662588409,0 -98.21988027782386,18.9487068254247,0 -98.21982756345299,18.94904973486222,0 -98.21975462493455,18.94902392624965,0 -98.2197528399507,18.94899662588409,0 -98.2197528399507,18.94899662588409,0 
							</coordinates>
						</LinearRing>
					</outerBoundaryIs>
				</Polygon>
				<Polygon>
					<outerBoundaryIs>
						<LinearRing>
							<coordinates>
								-98.22904428162403,18.94914778287996,0 -98.2285307286637,18.94866205984069,0 -98.22865578805309,18.94845107435735,0 -98.22882077494441,18.94847434879237,0 -98.22891667127809,18.94850452298278,0 -98.22896716866916,18.94855196167905,0 -98.22897011869993,18.94861460456539,0 -98.22897288388617,18.94871728820222,0 -98.22903377532012,18.94885101552916,0 -98.22913358209978,18.94896950452723,0 -98.22915968620477,18.94892443665654,0 -98.22935497173924,18.94892935574488,0 -98.22942712487347,18.94896045670898,0 -98.22904428162403,18.94914778287996,0 -98.22904428162403,18.94914778287996,0 
							</coordinates>
						</LinearRing>
					</outerBoundaryIs>
				</Polygon>
				<Polygon>
					<outerBoundaryIs>
						<LinearRing>
							<coordinates>
								-98.22264297482197,18.95241616522111,0 -98.2226152871192,18.95152445161697,0 -98.22155144099484,18.95193050585648,0 -98.22153670541415,18.95160402500878,0 -98.2214461387816,18.95160910310666,0 -98.22057328068226,18.95145466121995,0 -98.22066485591944,18.95090686659061,0 -98.22169750568867,18.94940924204483,0 -98.22347631512318,18.94755978055662,0 -98.2237017729696,18.94772704201674,0 -98.22439828741807,18.94699868607261,0 -98.22552065043294,18.94768341731127,0 -98.2255108022711,18.94770362827767,0 -98.22559341331157,18.94775233071475,0 -98.22444561796785,18.94891552282185,0 -98.22311152108593,18.9500493812588,0 -98.22302243675247,18.95010046688237,0 -98.22250967543667,18.95071582156239,0 -98.22271655342361,18.95155125902395,0 -98.22280537582881,18.95164964837551,0 -98.2228958581576,18.95280501245544,0 -98.22267871102071,18.95287641947012,0 -98.22263632272166,18.95259946335863,0 -98.22264297482197,18.95241616522111,0 -98.22264297482197,18.95241616522111,0 
							</coordinates>
						</LinearRing>
					</outerBoundaryIs>
				</Polygon>
				<Polygon>
					<outerBoundaryIs>
						<LinearRing>
							<coordinates>
								-98.26998915243284,18.95349826708205,0 -98.27038549499208,18.95343954957479,0 -98.27045608322206,18.95400296736817,0 -98.27049153870787,18.95433061948612,0 -98.27049101333142,18.95445148476014,0 -98.27046542725914,18.95468142287174,0 -98.27034904698586,18.95505916404283,0 -98.26957988029986,18.95634325131772,0 -98.2686266291437,18.95578535844796,0 -98.26877816429533,18.95554057068627,0 -98.26891878992375,18.95547142185391,0 -98.26916535546096,18.95547018001437,0 -98.26932909011587,18.95529403179458,0 -98.26943129983727,18.95499266626057,0 -98.2694347683137,18.95467590897394,0 -98.26949759518521,18.95433171565486,0 -98.2700088971263,18.95374734538019,0 -98.26999464295069,18.95363764153082,0 -98.26998915243284,18.95349826708205,0 -98.26998915243284,18.95349826708205,0 
							</coordinates>
						</LinearRing>
					</outerBoundaryIs>
				</Polygon>
				<Polygon>
					<outerBoundaryIs>
						<LinearRing>
							<coordinates>
								-98.21873343525326,18.95676532854744,0 -98.21895646101291,18.9558996323236,0 -98.21917147622739,18.95536491147687,0 -98.22023795507813,18.95443288061201,0 -98.22042668646145,18.95422284867285,0 -98.22317680493374,18.95370544537855,0 -98.22318039519448,18.95371610247791,0 -98.22359547228855,18.95464414475247,0 -98.22185133409374,18.95551891993561,0 -98.22105844557692,18.95586125668605,0 -98.22082381190175,18.95602180810339,0 -98.22045604978585,18.95621568837567,0 -98.22051153109935,18.95641247783784,0 -98.22045100924032,18.95622998911685,0 -98.21799429819373,18.95819156802519,0 -98.21799846983093,18.95815242624596,0 -98.21805978224502,18.95769361229456,0 -98.21808458183669,18.95734587419509,0 -98.21808573984043,18.9573350309945,0 -98.21873343525326,18.95676532854744,0 -98.21873343525326,18.95676532854744,0 
							</coordinates>
						</LinearRing>
					</outerBoundaryIs>
				</Polygon>
				<Polygon>
					<outerBoundaryIs>
						<LinearRing>
							<coordinates>
								-98.21597650041394,18.95836808548616,0 -98.21603114094124,18.9583559575354,0 -98.21603812080217,18.95835968411745,0 -98.21597403580651,18.95837414976866,0 -98.21597650041394,18.95836808548616,0 -98.21597650041394,18.95836808548616,0 
							</coordinates>
						</LinearRing>
					</outerBoundaryIs>
				</Polygon>
				<Polygon>
					<outerBoundaryIs>
						<LinearRing>
							<coordinates>
								-98.26748795122442,18.95853146163381,0 -98.26751705220329,18.95849375259815,0 -98.2675464032114,18.95850973148179,0 -98.26812971565829,18.95876416560689,0 -98.26809995368922,18.95881384995605,0 -98.26762487817356,18.95962065449938,0 -98.26704121209318,18.95929449048194,0 -98.26711120656032,18.95917885693822,0 -98.26718297763985,18.95906092591793,0 -98.26722719595111,18.95898826140818,0 -98.26729149435957,18.95888278108342,0 -98.26734952641817,18.95878758733822,0 -98.26738851136243,18.9587105010096,0 -98.26743912026726,18.95862295945819,0 -98.26748795122442,18.95853146163381,0 -98.26748795122442,18.95853146163381,0 
							</coordinates>
						</LinearRing>
					</outerBoundaryIs>
				</Polygon>
				<Polygon>
					<outerBoundaryIs>
						<LinearRing>
							<coordinates>
								-98.20916695277742,18.95857480819915,0 -98.20975785804208,18.95725810357105,0 -98.21203026819614,18.95712431380493,0 -98.21193566728425,18.95792481911875,0 -98.21385554318677,18.95785525433985,0 -98.21378154258372,18.9587787520597,0 -98.20960206741724,18.95967272378846,0 -98.20916695277742,18.95857480819915,0 -98.20916695277742,18.95857480819915,0 
							</coordinates>
						</LinearRing>
					</outerBoundaryIs>
				</Polygon>
				<Polygon>
					<outerBoundaryIs>
						<LinearRing>
							<coordinates>
								-98.16738697506824,18.96516622425476,0 -98.16739317329348,18.96495545954295,0 -98.16740366107906,18.96459886836971,0 -98.16756430498916,18.96386922096391,0 -98.16771743340892,18.96388630367566,0 -98.16816515134806,18.96396354953908,0 -98.1683794030404,18.96400051449867,0 -98.16864958821579,18.96407630897738,0 -98.16914165523305,18.96493066937436,0 -98.16918407813743,18.96496592573558,0 -98.16928662146975,18.96509627019164,0 -98.16935918542723,18.96512373984133,0 -98.16897408190908,18.9651055775052,0 -98.16858802613044,18.96511341034823,0 -98.16825798833096,18.96517696544766,0 -98.16814294646116,18.96526635142014,0 -98.16801155449231,18.9654092232686,0 -98.16783619854216,18.96549833910292,0 -98.16738697506824,18.96516622425476,0 -98.16738697506824,18.96516622425476,0 
							</coordinates>
						</LinearRing>
					</outerBoundaryIs>
				</Polygon>
				<Polygon>
					<outerBoundaryIs>
						<LinearRing>
							<coordinates>
								-98.16505662787286,18.96739487527057,0 -98.16498241040738,18.96728148395063,0 -98.16489889735082,18.96715921256112,0 -98.16471221237133,18.96687655624987,0 -98.16468560559755,18.96683984656468,0 -98.16421378600465,18.9666166305503,0 -98.1640830021331,18.96663072196864,0 -98.1640307383913,18.96688437306795,0 -98.16370290635736,18.96693832443736,0 -98.1635639617527,18.96695742216572,0 -98.16335079528506,18.96692709590575,0 -98.16323093898514,18.96715538653179,0 -98.1632233129256,18.96716579428751,0 -98.16335338673224,18.96692114321911,0 -98.16356709974804,18.96695043901957,0 -98.16401667481978,18.96687028606573,0 -98.16408380529111,18.96662356380575,0 -98.16421129189784,18.96661068201992,0 -98.16468940212589,18.96683699173699,0 -98.1650525925938,18.96737776458699,0 -98.16516395772879,18.96731567829035,0 -98.16505662787286,18.96739487527057,0 -98.16505662787286,18.96739487527057,0 
							</coordinates>
						</LinearRing>
					</outerBoundaryIs>
				</Polygon>
				<Polygon>
					<outerBoundaryIs>
						<LinearRing>
							<coordinates>
								-98.1656200720808,18.96706139068727,0 -98.1656252527018,18.96705850231079,0 -98.1668520480209,18.96746512856829,0 -98.1656200720808,18.96706139068727,0 -98.1656200720808,18.96706139068727,0 
							</coordinates>
						</LinearRing>
					</outerBoundaryIs>
				</Polygon>
				<Polygon>
					<outerBoundaryIs>
						<LinearRing>
							<coordinates>
								-98.16300205234512,18.96746608681035,0 -98.16302839568968,18.96743162502119,0 -98.16301008030835,18.96745642281445,0 -98.16300205234512,18.96746608681035,0 -98.16300205234512,18.96746608681035,0 
							</coordinates>
						</LinearRing>
					</outerBoundaryIs>
				</Polygon>
				<Polygon>
					<outerBoundaryIs>
						<LinearRing>
							<coordinates>
								-98.16295484979612,18.96752783722152,0 -98.16296705534452,18.96751186985069,0 -98.16290121627343,18.96766864002079,0 -98.16295484979612,18.96752783722152,0 -98.16295484979612,18.96752783722152,0 
							</coordinates>
						</LinearRing>
					</outerBoundaryIs>
				</Polygon>
				<Polygon>
					<outerBoundaryIs>
						<LinearRing>
							<coordinates>
								-98.16397736308612,18.96922620229912,0 -98.16277310355666,18.96879130438684,0 -98.16289182293937,18.96882766695877,0 -98.16295232015273,18.96885116798704,0 -98.16326613623524,18.96896605178713,0 -98.16333830267921,18.96899087508939,0 -98.16366189928713,18.9691068660555,0 -98.16373224803077,18.96912955099237,0 -98.16397894345278,18.96921824245422,0 -98.16397738938969,18.96922607047832,0 -98.16397736308612,18.96922620229912,0 -98.16397736308612,18.96922620229912,0 
							</coordinates>
						</LinearRing>
					</outerBoundaryIs>
				</Polygon>
				<Polygon>
					<outerBoundaryIs>
						<LinearRing>
							<coordinates>
								-98.1709756521611,18.96962653399247,0 -98.17098017377052,18.96960842698057,0 -98.17099175447304,18.96961113567274,0 -98.1709756521611,18.96962653399247,0 -98.1709756521611,18.96962653399247,0 
							</coordinates>
						</LinearRing>
					</outerBoundaryIs>
				</Polygon>
				<Polygon>
					<outerBoundaryIs>
						<LinearRing>
							<coordinates>
								-98.21865956238551,18.9698499054017,0 -98.218326133285,18.9640068049153,0 -98.21840442244056,18.96400577688863,0 -98.22118117675387,18.96394870553765,0 -98.22124425738731,18.96395209024913,0 -98.22131680103712,18.96556407025796,0 -98.22137056080805,18.96556307165988,0 -98.2222412194028,18.96552912790462,0 -98.22231806206403,18.9655417516877,0 -98.22233713694514,18.96629112314824,0 -98.22234560477862,18.96671007239337,0 -98.22135063077589,18.96669244822233,0 -98.22130777034386,18.96579493181039,0 -98.22126575812281,18.96570902972436,0 -98.22125529786878,18.96543950073503,0 -98.22123782194397,18.96498914689035,0 -98.22029620950281,18.96502019833632,0 -98.22030274816717,18.96527705986656,0 -98.21935688418962,18.96529653652397,0 -98.21942578799177,18.96732440526006,0 -98.21946631762547,18.96824768731288,0 -98.22046804578187,18.96820799936471,0 -98.22052498708928,18.96938044492867,0 -98.22045996032371,18.96939681936737,0 -98.22045995684394,18.96939695490851,0 -98.22045564625739,18.96938736201366,0 -98.21865320246796,18.96985408532288,0 -98.21862843518947,18.96985798878886,0 -98.21865957645474,18.96985014765393,0 -98.21865956238551,18.9698499054017,0 -98.21865956238551,18.9698499054017,0 
							</coordinates>
						</LinearRing>
					</outerBoundaryIs>
				</Polygon>
				<Polygon>
					<outerBoundaryIs>
						<LinearRing>
							<coordinates>
								-98.22997864513454,18.97365846313552,0 -98.22896545350115,18.97350508513757,0 -98.22849335904748,18.97388099949221,0 -98.22781649783732,18.97332627475227,0 -98.22772082164649,18.97345997317553,0 -98.22768224000116,18.97340811670764,0 -98.22699142693939,18.97274721864658,0 -98.22532582448848,18.97155753341837,0 -98.22413082172527,18.97123589883061,0 -98.22261439214779,18.97248945266154,0 -98.2224738718143,18.97002851429119,0 -98.22254627746219,18.97002870431069,0 -98.22290984906402,18.9700210915222,0 -98.22344236360487,18.97000874689441,0 -98.2234783697355,18.97000608820649,0 -98.22342240483178,18.96920185923567,0 -98.2243813841974,18.9691616421231,0 -98.22431198981772,18.96813558756578,0 -98.22428713160811,18.96804402844505,0 -98.22335739985061,18.96839179864203,0 -98.22336201301019,18.96853421398974,0 -98.22241857530975,18.96872885762919,0 -98.22240502339591,18.96833762456443,0 -98.22236629756944,18.96727687580456,0 -98.22241109979386,18.96727606615456,0 -98.2233224277345,18.96724425565006,0 -98.22322456700492,18.96453341613513,0 -98.22224715378928,18.96456871138487,0 -98.22225516492362,18.96390129400286,0 -98.22218254898274,18.96390319063095,0 -98.22129593830751,18.9639277826724,0 -98.22129583930733,18.96392782924907,0 -98.22131265598721,18.96340247359246,0 -98.22597114754561,18.96307789748712,0 -98.22593738741737,18.96313283558245,0 -98.22544559193996,18.96393313917828,0 -98.22646830845895,18.96394616372134,0 -98.22611594008882,18.96655975517959,0 -98.22618809863567,18.96664036081703,0 -98.22606699844079,18.9675084252252,0 -98.22530614605219,18.96746950194963,0 -98.22495679901766,18.96743733201496,0 -98.22491851056643,18.96764681899896,0 -98.22488131482136,18.96790121117403,0 -98.22524206406091,18.96838816482562,0 -98.22528222820502,18.96847970740912,0 -98.22535200588854,18.96866043133312,0 -98.22540800898837,18.96904959165866,0 -98.22540083638341,18.96908642022247,0 -98.22579676710025,18.96917698910519,0 -98.22578689413348,18.96918808873336,0 -98.230443030678,18.96985346488453,0 -98.23030823262677,18.97065934745405,0 -98.23397302560294,18.97232377615799,0 -98.23398301431799,18.97232593937084,0 -98.23357378942214,18.97367516747816,0 -98.23309555866277,18.97527069397901,0 -98.23287107076875,18.9759162082432,0 -98.23275259119545,18.97607982875575,0 -98.2326956312837,18.97615849087493,0 -98.23084260042215,18.97431824861318,0 -98.23060727402283,18.97406729696791,0 -98.23076654273331,18.9739352031249,0 -98.23059904523278,18.97380005034816,0 -98.22997864513454,18.97365846313552,0 -98.22997864513454,18.97365846313552,0 
							</coordinates>
						</LinearRing>
					</outerBoundaryIs>
				</Polygon>
				<Polygon>
					<outerBoundaryIs>
						<LinearRing>
							<coordinates>
								-98.22181038268782,18.98194279339861,0 -98.22186198258734,18.9819379513304,0 -98.22191619182927,18.9819466459541,0 -98.22191476793246,18.9819478572598,0 -98.22187185308887,18.98194785764818,0 -98.22180747987848,18.98194785730442,0 -98.22179899399269,18.98194785778597,0 -98.22181038268782,18.98194279339861,0 -98.22181038268782,18.98194279339861,0 
							</coordinates>
						</LinearRing>
					</outerBoundaryIs>
				</Polygon>
				<Polygon>
					<outerBoundaryIs>
						<LinearRing>
							<coordinates>
								-98.22369525684809,18.982003316016,0 -98.22369100978379,18.98197273130781,0 -98.22341067205673,18.98198040204161,0 -98.22369575510764,18.98196814863721,0 -98.22369575542689,18.98200355216593,0 -98.22369525684809,18.982003316016,0 -98.22369525684809,18.982003316016,0 
							</coordinates>
						</LinearRing>
					</outerBoundaryIs>
				</Polygon>
				<Polygon>
					<outerBoundaryIs>
						<LinearRing>
							<coordinates>
								-98.22322368593744,18.98198843871599,0 -98.2232246484258,18.98198839756877,0 -98.22310502076523,18.98203218439138,0 -98.223020387338,18.98208189446951,0 -98.22309494033114,18.98202902069825,0 -98.22322368593744,18.98198843871599,0 -98.22322368593744,18.98198843871599,0 
							</coordinates>
						</LinearRing>
					</outerBoundaryIs>
				</Polygon>
				<Polygon>
					<outerBoundaryIs>
						<LinearRing>
							<coordinates>
								-98.22211571142837,18.98205485883764,0 -98.22198937816773,18.98203063470314,0 -98.22210788680719,18.98204931156006,0 -98.22225809143002,18.98208989352999,0 -98.22230784534887,18.9821055766486,0 -98.2222587105543,18.98209260633973,0 -98.22211571142837,18.98205485883764,0 -98.22211571142837,18.98205485883764,0 
							</coordinates>
						</LinearRing>
					</outerBoundaryIs>
				</Polygon>
				<Polygon>
					<outerBoundaryIs>
						<LinearRing>
							<coordinates>
								-98.22178602263716,18.98202902096732,0 -98.22183327116402,18.98202902073952,0 -98.22178508924108,18.98203547943262,0 -98.22175742777146,18.98212095750421,0 -98.22178602263716,18.98202902096732,0 -98.22178602263716,18.98202902096732,0 
							</coordinates>
						</LinearRing>
					</outerBoundaryIs>
				</Polygon>
				<Polygon>
					<outerBoundaryIs>
						<LinearRing>
							<coordinates>
								-98.17049361637493,18.9695442255484,0 -98.16988781607907,18.96959337868834,0 -98.1693463912528,18.96964131565499,0 -98.16920987757851,18.96965349439956,0 -98.16912544969135,18.96966207770201,0 -98.16898318366182,18.96967654122893,0 -98.16874498729813,18.96970063415582,0 -98.16855408900018,18.96971929006149,0 -98.16847179268325,18.96972708285969,0 -98.16830088968358,18.96974446638408,0 -98.16818647403827,18.96975617876904,0 -98.16803773738741,18.96977140414698,0 -98.16785455236891,18.96979015541787,0 -98.16765517237486,18.96981362513621,0 -98.1674593815081,18.96982971040348,0 -98.16737219054345,18.96983824523853,0 -98.16706876161004,18.96986901479687,0 -98.16687239494686,18.96988798325435,0 -98.16678240463747,18.96989728872412,0 -98.16670960809044,18.96990502766982,0 -98.16660552409765,18.96991767387709,0 -98.16654636224465,18.96993357301723,0 -98.17049361637493,18.9695442255484,0 -98.17014590244348,18.96984930324189,0 -98.16949398183183,18.97044388207809,0 -98.16947728361679,18.97045911221086,0 -98.16877713644523,18.97121509629642,0 -98.16871876350325,18.97146399052559,0 -98.16868618122227,18.97190681249704,0 -98.16874312563741,18.97191121963131,0 -98.16874763964069,18.97191156883384,0 -98.1686596309392,18.97271464975623,0 -98.16859239113984,18.97270301560955,0 -98.16859050051357,18.97271247243203,0 -98.1681534617953,18.97489842573779,0 -98.16827577122389,18.97569930214698,0 -98.16831689812599,18.97595662070255,0 -98.16831512581791,18.97596078962339,0 -98.16871730850882,18.97838243556854,0 -98.16914083806658,18.98090096916993,0 -98.16912975357232,18.98107123340654,0 -98.1691031216467,18.98117058089316,0 -98.16904817017864,18.98130423205939,0 -98.16897505635278,18.98145119173487,0 -98.16889804378941,18.9815732669015,0 -98.168796752399,18.98172583756752,0 -98.16868160416799,18.98183435228038,0 -98.16859283097371,18.98189516363113,0 -98.16839966391156,18.98200428390787,0 -98.16778392225022,18.98149079329762,0 -98.16769692921395,18.98139571674775,0 -98.16783661873586,18.98120410616409,0 -98.16793789816056,18.98085164501677,0 -98.1673745490253,18.98058357363664,0 -98.16730135725408,18.98044204309731,0 -98.16723303791503,18.98006517528243,0 -98.16599109770866,18.98114415628769,0 -98.16517799918043,18.98029119827497,0 -98.16511322589773,18.98030923134107,0 -98.16380997070451,18.98004113998055,0 -98.16403347254644,18.97959509255109,0 -98.16018361539572,18.98059556864538,0 -98.15731632463587,18.98134064036232,0 -98.15555830098293,18.97997630029891,0 -98.1553380762131,18.97974072615566,0 -98.15620270211569,18.97900638737378,0 -98.15685649932271,18.97784906338913,0 -98.15651766456013,18.97717957461963,0 -98.15645598576877,18.97653941210046,0 -98.15760163578452,18.97633133361135,0 -98.1572769054425,18.97524191426909,0 -98.15731289908086,18.9751324889539,0 -98.15705714268354,18.97420394044635,0 -98.15625006513481,18.97269469155464,0 -98.15859113666238,18.9725028783049,0 -98.15861109271998,18.97202648729942,0 -98.1588632989931,18.97203711249646,0 -98.15884314982344,18.97242756138196,0 -98.15944502490198,18.97237426461739,0 -98.15941113312783,18.97169791267544,0 -98.15938196370632,18.97109897448786,0 -98.15851665220835,18.97097225712929,0 -98.15849859776959,18.97097002341733,0 -98.15849811289928,18.97096954225684,0 -98.15819003509624,18.97092442627415,0 -98.15819085075859,18.97092050885273,0 -98.15809089163922,18.97090464658638,0 -98.15807974900252,18.97090287892458,0 -98.15811760147746,18.97070802476584,0 -98.15805477615353,18.97061549014704,0 -98.15805607344693,18.97059643081153,0 -98.15805274673698,18.97059591504483,0 -98.15807308492253,18.97034025304607,0 -98.15807855854305,18.97019582243533,0 -98.15805756957931,18.96990709259057,0 -98.15805611762643,18.96990568978422,0 -98.1580534289682,18.96987874477078,0 -98.15801809506351,18.96968046010031,0 -98.15796752711948,18.96954179336404,0 -98.15779247212285,18.96917576060756,0 -98.15771338622632,18.96905857148058,0 -98.15776264407107,18.96900791745503,0 -98.15755712964348,18.96881172182667,0 -98.15764193083483,18.96871766236647,0 -98.1578655351707,18.9688883655926,0 -98.1579955757291,18.96875884280058,0 -98.15839577242858,18.96831555210739,0 -98.15831911705223,18.96821863509438,0 -98.15834204606915,18.96817124470837,0 -98.15840566633364,18.96815426413042,0 -98.15850782788763,18.96814393356431,0 -98.15865522989053,18.96816187443461,0 -98.15880932029611,18.96820359103031,0 -98.15894081757392,18.96822577640727,0 -98.15907249797631,18.96821126259035,0 -98.15920446073582,18.96814061969259,0 -98.15958980819633,18.96789544356816,0 -98.15977069440571,18.96804989210008,0 -98.1598824070899,18.96814754588354,0 -98.1598937523173,18.96815719095216,0 -98.15997529043706,18.96820660147605,0 -98.16019070596728,18.9683604226754,0 -98.16045134113028,18.96859369987075,0 -98.16058961613038,18.96870565801123,0 -98.16067097397121,18.96882211343353,0 -98.16068492852403,18.96888091680649,0 -98.16070409965833,18.96896459541406,0 -98.16072211933452,18.96904149018969,0 -98.16073665531005,18.96910255633293,0 -98.16075350842036,18.96917492825112,0 -98.16077502220297,18.96926539517338,0 -98.16079710515055,18.9693603822407,0 -98.16082094741112,18.96945989665155,0 -98.16084535038196,18.96956619130859,0 -98.16087092843195,18.96967475052148,0 -98.16087125756613,18.9696793997136,0 -98.16089691410541,18.96970186068082,0 -98.1615155546605,18.96960314437863,0 -98.16191117335107,18.96944841286695,0 -98.16203412444835,18.96933218548455,0 -98.16202902436179,18.96919139387058,0 -98.16198750962636,18.96910281659147,0 -98.16220466883098,18.96900502313973,0 -98.16222080234347,18.96906584427877,0 -98.16227951895262,18.96919041303606,0 -98.16230585218075,18.96924628556943,0 -98.16230915349564,18.96924522781169,0 -98.16233205763956,18.96929503369478,0 -98.16235965553311,18.96935615788836,0 -98.16238960358197,18.96942181208237,0 -98.16241837754117,18.96948519991886,0 -98.16244890895278,18.96955311597874,0 -98.16248062770401,18.96962103559453,0 -98.16228637120498,18.96969426927154,0 -98.16253159277595,18.97015316814791,0 -98.16294041019711,18.97030632785981,0 -98.16288549051124,18.97051904442379,0 -98.16280912301322,18.97112544904776,0 -98.16319070211878,18.9712196844597,0 -98.16327887401035,18.97124164491477,0 -98.16332760214469,18.97125526319494,0 -98.1634114658203,18.97127619470157,0 -98.16341443851348,18.97127589815983,0 -98.16341333146852,18.97127922237208,0 -98.16324379252663,18.97175984580956,0 -98.16318155117015,18.97195102141488,0 -98.16320343250986,18.97198910436626,0 -98.16420820271981,18.97161604809013,0 -98.16418847413516,18.97156795298586,0 -98.16410215158946,18.97135751763308,0 -98.1642009754343,18.97132082530853,0 -98.16448290255485,18.97120839244316,0 -98.16456473171752,18.97117576037888,0 -98.16457556783497,18.97117310539441,0 -98.16464762626894,18.97114624721516,0 -98.16467112804564,18.97113748794836,0 -98.16461580891871,18.97096634069185,0 -98.1646013280716,18.97092154066922,0 -98.16455614063487,18.97086854481369,0 -98.16454162213113,18.97084503205973,0 -98.16445332952567,18.9707020542317,0 -98.16442215127242,18.97066309266151,0 -98.16443109868969,18.97066202689787,0 -98.16525780355505,18.97057125283656,0 -98.16540607424976,18.97055497301341,0 -98.16546785830224,18.97042013083699,0 -98.16547122704416,18.97041277908875,0 -98.16557525825509,18.97017814233135,0 -98.1656426697477,18.97001414510485,0 -98.16583516125691,18.969993061227,0 -98.16602821458964,18.96997359729163,0 -98.16644092253509,18.96994397186636,0 -98.16644099761352,18.96994396407094,0 -98.16653747470946,18.96993444937824,0 -98.16648123625299,18.96976333732893,0 -98.16642203182234,18.96962215225633,0 -98.16642282184262,18.96946323461227,0 -98.16644007823979,18.9693720570757,0 -98.16645738337967,18.96928062400947,0 -98.16645977184649,18.96927459897309,0 -98.1673415687868,18.96864861438242,0 -98.1676734678805,18.9685226756657,0 -98.16807818592501,18.96838271265377,0 -98.16833648336844,18.96828659852318,0 -98.16855020682536,18.96822048550531,0 -98.16856012958826,18.968190877057,0 -98.16885319015974,18.96742787290134,0 -98.16894047056152,18.96725228856236,0 -98.16907419032596,18.96709198972412,0 -98.16928481718797,18.966859466998,0 -98.16930041442414,18.96682424216472,0 -98.16950667206999,18.96731947430805,0 -98.16953728105175,18.96743132013484,0 -98.16983144892775,18.96791323690231,0 -98.16988256773651,18.96824821045922,0 -98.17012162608897,18.96869401395799,0 -98.17023663885408,18.96881408093138,0 -98.17032182454534,18.96886706571919,0 -98.17042644139423,18.96905642574258,0 -98.17049333830639,18.96925039917855,0 -98.17046492516663,18.96940568874881,0 -98.17049361637493,18.9695442255484,0 -98.17049361637493,18.9695442255484,0 
							</coordinates>
						</LinearRing>
					</outerBoundaryIs>
				</Polygon>
				<Polygon>
					<outerBoundaryIs>
						<LinearRing>
							<coordinates>
								-98.22422569450099,18.98225451894483,0 -98.2240439212359,18.98216843757237,0 -98.22423219710234,18.98225222005522,0 -98.22424485770532,18.98226419206209,0 -98.22422569450099,18.98225451894483,0 -98.22422569450099,18.98225451894483,0 
							</coordinates>
						</LinearRing>
					</outerBoundaryIs>
				</Polygon>
				<Polygon>
					<outerBoundaryIs>
						<LinearRing>
							<coordinates>
								-98.22159214892864,18.98249518966191,0 -98.22159643670682,18.98247398781314,0 -98.22159290267756,18.98249570884592,0 -98.22159214892864,18.98249518966191,0 -98.22159214892864,18.98249518966191,0 
							</coordinates>
						</LinearRing>
					</outerBoundaryIs>
				</Polygon>
				<Polygon>
					<outerBoundaryIs>
						<LinearRing>
							<coordinates>
								-98.22476142257474,18.98251651470804,0 -98.22466666397402,18.98247216804606,0 -98.22476863888816,18.98251599999001,0 -98.22472914197184,18.98259069659351,0 -98.22476142257474,18.98251651470804,0 -98.22476142257474,18.98251651470804,0 
							</coordinates>
						</LinearRing>
					</outerBoundaryIs>
				</Polygon>
				<Polygon>
					<outerBoundaryIs>
						<LinearRing>
							<coordinates>
								-98.22463857944271,18.98279881465335,0 -98.22465900019891,18.98275188674861,0 -98.22463989216864,18.98280006997435,0 -98.22457585630708,18.98295145335432,0 -98.22463857944271,18.98279881465335,0 -98.22463857944271,18.98279881465335,0 
							</coordinates>
						</LinearRing>
					</outerBoundaryIs>
				</Polygon>
				<Polygon>
					<outerBoundaryIs>
						<LinearRing>
							<coordinates>
								-98.22444303208705,18.98325965488166,0 -98.22449709757669,18.98313985584076,0 -98.22444677338922,18.98326675650108,0 -98.22442747084361,18.98329413650991,0 -98.22444303208705,18.98325965488166,0 -98.22444303208705,18.98325965488166,0 
							</coordinates>
						</LinearRing>
					</outerBoundaryIs>
				</Polygon>
				<Polygon>
					<outerBoundaryIs>
						<LinearRing>
							<coordinates>
								-98.18713729072053,18.98390316869361,0 -98.18684359003427,18.98386051394665,0 -98.18686757417639,18.9838638933875,0 -98.18702371460252,18.98388589825082,0 -98.18712505922609,18.98389903750328,0 -98.18714016161913,18.98390118141522,0 -98.18713729072053,18.98390316869361,0 -98.18713729072053,18.98390316869361,0 
							</coordinates>
						</LinearRing>
					</outerBoundaryIs>
				</Polygon>
				<Polygon>
					<outerBoundaryIs>
						<LinearRing>
							<coordinates>
								-98.22429224773555,18.98361704196708,0 -98.22431830651985,18.98355414668263,0 -98.2242965700878,18.98361169749517,0 -98.22414636623286,18.98397692830383,0 -98.22409822144228,18.98406797988981,0 -98.22413726606746,18.98397724170787,0 -98.22429224773555,18.98361704196708,0 -98.22429224773555,18.98361704196708,0 
							</coordinates>
						</LinearRing>
					</outerBoundaryIs>
				</Polygon>
				<Polygon>
					<outerBoundaryIs>
						<LinearRing>
							<coordinates>
								-98.22266868894792,18.98027323535765,0 -98.22093545875016,18.9794626998555,0 -98.2209277155916,18.97947235769862,0 -98.22026252763111,18.97914769999277,0 -98.2196187969851,18.97884333179661,0 -98.21876049071884,18.97874187587673,0 -98.216443061717,18.97864041995033,0 -98.21556329727153,18.97859983769725,0 -98.21451187144366,18.97831575958699,0 -98.21401834512635,18.97819401249904,0 -98.21397542958286,18.97817372114001,0 -98.21396834687631,18.97818041914681,0 -98.21397253813446,18.97816498541988,0 -98.21339477697568,18.9778198433921,0 -98.21175048017811,18.97787549811976,0 -98.21157914690305,18.9778873031048,0 -98.21194880754936,18.97643143053839,0 -98.21176104171035,18.97628821509315,0 -98.21123098109433,18.97588391530505,0 -98.21104973512563,18.97574567109598,0 -98.21080135852398,18.97674709041635,0 -98.21077579059339,18.97685017527791,0 -98.2105807824265,18.97680917543552,0 -98.20990216870618,18.97666649674532,0 -98.2096890401285,18.97759577833537,0 -98.20942366226981,18.97759464560274,0 -98.20865914742072,18.97822870183565,0 -98.20882383102351,18.97736804523124,0 -98.20956318335166,18.9740544491807,0 -98.20946159273726,18.97413454907458,0 -98.20929872196972,18.97427164139571,0 -98.20926127064969,18.97408365592299,0 -98.20917840056921,18.97392070790393,0 -98.20871817819271,18.97358374875203,0 -98.20849898030254,18.97347096089529,0 -98.20788911031806,18.97355697081109,0 -98.20789813778589,18.97351583401633,0 -98.20795820197857,18.97324213884618,0 -98.2079587747574,18.97323952688376,0 -98.2076671542097,18.97317493912004,0 -98.20742678027841,18.97312170110063,0 -98.20717982200466,18.97306702210359,0 -98.20695021083348,18.97301636804304,0 -98.2069148233505,18.97300856126181,0 -98.20632477271562,18.97287854314667,0 -98.20604699047813,18.9728173920116,0 -98.20592919390971,18.97279259101221,0 -98.2058494292551,18.97277579713969,0 -98.20576710342226,18.97275846177796,0 -98.20568733594459,18.9727416696319,0 -98.20560757134247,18.9727248756569,0 -98.20552735799517,18.972707767946,0 -98.20544748627725,18.97269073396247,0 -98.20543146068974,18.97268731700115,0 -98.20536758608068,18.97267369982281,0 -98.20528628150356,18.97265636140197,0 -98.20520687671757,18.97263942601565,0 -98.20520615173456,18.97263927108285,0 -98.205206466878,18.97263791507438,0 -98.20520826467414,18.97263017444574,0 -98.20523537672497,18.97246020678956,0 -98.20416712700461,18.97219216839535,0 -98.20405877404581,18.97267617026364,0 -98.20300503570604,18.97250622112061,0 -98.20290663817929,18.97249148578574,0 -98.20277727204018,18.97308826235923,0 -98.20269566293362,18.97346473211012,0 -98.20266291023808,18.97361457848806,0 -98.20262879793492,18.97378684255205,0 -98.20260565429618,18.97390713043477,0 -98.20255740347456,18.97413212875831,0 -98.20253491209684,18.97424427437044,0 -98.20251436217131,18.9743404698707,0 -98.20249316305831,18.97443754368066,0 -98.20245280614202,18.97462289621766,0 -98.20243061729101,18.97472872533222,0 -98.20238335205991,18.97495190505397,0 -98.20237199234124,18.97500955837626,0 -98.20236140068889,18.97506529915793,0 -98.20233828117361,18.9751752424122,0 -98.20231419167193,18.97528620447356,0 -98.20230801055939,18.9753421106454,0 -98.20350327905857,18.9755458858282,0 -98.20120416893502,18.98307533618305,0 -98.20118206051973,18.98307279176569,0 -98.20112258350595,18.98306594806012,0 -98.20101493032746,18.98305261210153,0 -98.20092059578354,18.98304080388609,0 -98.20095333878649,18.98268501372565,0 -98.20096769379036,18.98250745334015,0 -98.20098309312795,18.98232224311242,0 -98.20098411095736,18.9823099996513,0 -98.20098512974083,18.98229775529058,0 -98.20098921897764,18.98224860891629,0 -98.20100286373253,18.98208451059102,0 -98.20066946197213,18.98204461002233,0 -98.20052921624138,18.98202782825715,0 -98.20015574996938,18.98198313585902,0 -98.20013316409062,18.98213756202372,0 -98.20003060946651,18.98212612000685,0 -98.19989899634486,18.98211143278862,0 -98.19976559926019,18.98209654527881,0 -98.19961039832312,18.98207923006352,0 -98.19945519839052,18.98206191110864,0 -98.19943523308399,18.982196584571,0 -98.19942273743439,18.9822808999995,0 -98.19940718821594,18.98238578309209,0 -98.199739577119,18.98242996691433,0 -98.1997208935191,18.98261773291922,0 -98.19991327258276,18.98264450057066,0 -98.19989364464614,18.98273305067727,0 -98.19986976027873,18.98290767068419,0 -98.19986910767696,18.98291244211254,0 -98.19977982621847,18.98290180105062,0 -98.19977741581032,18.98290148427793,0 -98.19833295117178,18.98271140017632,0 -98.19820906940311,18.98269472906888,0 -98.19815051002965,18.98268774922041,0 -98.19804791003817,18.98267523321073,0 -98.19796773377844,18.98266545308832,0 -98.19788711985936,18.98265561952448,0 -98.19780619763704,18.98264510320023,0 -98.19772766613679,18.98263484933277,0 -98.19763285038123,18.98262246984754,0 -98.19740407234274,18.98259259779911,0 -98.19731128163589,18.98258127070253,0 -98.1972504673415,18.98257385967143,0 -98.19710721637284,18.98255639986895,0 -98.19691980256449,18.98253355845386,0 -98.19673090857118,18.98251036792646,0 -98.19661468295733,18.98249603431645,0 -98.19659986970262,18.98249420782333,0 -98.1964382936731,18.98247452802764,0 -98.19628387549778,18.98246139032096,0 -98.19626816864135,18.98276943222436,0 -98.19609151941955,18.98292481012032,0 -98.19584608867967,18.98313602420259,0 -98.19584128927946,18.98314043148429,0 -98.19580778876744,18.98317121960729,0 -98.19577276163129,18.98320340182652,0 -98.19572767281905,18.9832448412051,0 -98.19570454875361,18.98326609336186,0 -98.19563827281829,18.98332699492331,0 -98.19556021615419,18.98339805707549,0 -98.19504203930146,18.98289865807617,0 -98.19504078253742,18.98289865441941,0 -98.19406391932444,18.98289749257647,0 -98.19366368548032,18.983008587586,0 -98.19352189239196,18.98309916498086,0 -98.19337358432738,18.98323079965399,0 -98.1933723962608,18.98323073302621,0 -98.1932205564257,18.98322221827109,0 -98.19169682494869,18.9822301263613,0 -98.1925007301277,18.98112921812571,0 -98.1924952073341,18.98112563979087,0 -98.1925306896416,18.98107788492064,0 -98.19246951621348,18.98103674924107,0 -98.19182707970342,18.98062817180329,0 -98.19152265186837,18.98043134378507,0 -98.1911770312458,18.98020788137189,0 -98.18899137989868,18.97879124786461,0 -98.18775709753058,18.97799034555105,0 -98.18735020745659,18.97776697261336,0 -98.18781969446766,18.9768194410355,0 -98.18797895472237,18.97651987555239,0 -98.18822491973035,18.97605721898039,0 -98.18880053534657,18.9751174767573,0 -98.18923149393193,18.97456758680436,0 -98.18960821603262,18.97416176926872,0 -98.19012806786543,18.97368017713001,0 -98.19039199717524,18.97346854046931,0 -98.19013751213328,18.97326933337602,0 -98.18999742930774,18.97315968044297,0 -98.18968678354584,18.97345498813374,0 -98.18902631268475,18.97416192614011,0 -98.18869121960704,18.97388470383512,0 -98.18865858542753,18.97351287843503,0 -98.1886992935528,18.97347059101916,0 -98.18888622358274,18.97362736200393,0 -98.18937994019942,18.97296369581884,0 -98.18941418266849,18.97288141021468,0 -98.18941849913598,18.97286487333104,0 -98.18942599355512,18.97282739356477,0 -98.18923423923768,18.97276866333404,0 -98.18850466002812,18.97234816717092,0 -98.18822684997167,18.97215323379236,0 -98.18819586181729,18.9721106683992,0 -98.18815457423732,18.97197645980483,0 -98.18773173001586,18.97193196048913,0 -98.18726078941629,18.97188240536295,0 -98.18726208373722,18.9718946308617,0 -98.18729241310363,18.97194234007912,0 -98.18737403236364,18.97202397686765,0 -98.18742179448148,18.97204044213823,0 -98.18749640626034,18.97215781022137,0 -98.18749235841688,18.97228783748375,0 -98.18747820139927,18.97238856042914,0 -98.18742995070835,18.97247287807073,0 -98.18734741719879,18.97257980404825,0 -98.18729889846638,18.97271938980519,0 -98.18730132226841,18.97292422202309,0 -98.18728721234937,18.97301519152455,0 -98.18733788807133,18.9731357052486,0 -98.18736487961898,18.97320734873924,0 -98.18739198054841,18.97325623485346,0 -98.18742585374396,18.97331815490341,0 -98.18743933331488,18.97335722762939,0 -98.18743867148473,18.97349377274427,0 -98.18747583538327,18.97358171567969,0 -98.18752336255331,18.9736469471194,0 -98.18756710973361,18.97378693763838,0 -98.18762036756486,18.97407977361495,0 -98.18758584817603,18.97415114726751,0 -98.18754414774841,18.97429401356984,0 -98.18750833617145,18.97463197452738,0 -98.18744616388096,18.97476824977531,0 -98.18736734536643,18.97481341966103,0 -98.1871756475316,18.97488085199903,0 -98.18704558525877,18.97492254623668,0 -98.18690547680805,18.97492193118797,0 -98.18675840779078,18.97494729391992,0 -98.1866761880638,18.97498919796262,0 -98.18646368583798,18.97511830960407,0 -98.18636781292888,18.9751569020224,0 -98.18618644438664,18.97520812385818,0 -98.18600126338394,18.97534060559956,0 -98.1859971519998,18.97548363759156,0 -98.18609955966622,18.97550684550669,0 -98.18610551103964,18.97568893529445,0 -98.18593478773968,18.97565892499478,0 -98.18585878606393,18.97582764940523,0 -98.18579273631286,18.97605818893521,0 -98.18576112804294,18.97623361146977,0 -98.1855588283004,18.97637252045369,0 -98.1854004154761,18.97662216082644,0 -98.18542071347002,18.97666451427361,0 -98.18546145262411,18.97671996274989,0 -98.18551206482691,18.9768534817637,0 -98.18557261335293,18.97705206736593,0 -98.18568128775472,18.97719234378296,0 -98.18578694039505,18.97725132912777,0 -98.18599199562144,18.97724897906972,0 -98.18617309808694,18.97725302653715,0 -98.18622750757092,18.97730853402586,0 -98.18622719187327,18.97737355554811,0 -98.18616512700264,18.97748707289361,0 -98.18607566088318,18.97761347309848,0 -98.1859863525212,18.97770736339923,0 -98.1858391703804,18.97775548354964,0 -98.18566129461971,18.9777904634863,0 -98.18544937263022,18.97779928506073,0 -98.18531258474107,18.97781819056333,0 -98.18525450577368,18.97781468353812,0 -98.18515209684658,18.97779147511299,0 -98.18506345086725,18.97774881997004,0 -98.18493701008958,18.97774826350077,0 -98.18472095877109,18.97790336665894,0 -98.18466235787268,18.97800714509106,0 -98.18465814934395,18.97816968286834,0 -98.18413456755378,18.97901917267534,0 -98.18394631214184,18.97908011449891,0 -98.18383004259624,18.97909585778142,0 -98.18373782115147,18.97908569767152,0 -98.18372016677829,18.97850041675251,0 -98.18319108044349,18.97837454102044,0 -98.18259091871795,18.97902273312098,0 -98.18254987954812,18.97898954440216,0 -98.18246319010326,18.9786932368691,0 -98.182338808634,18.97827902371883,0 -98.1822825185302,18.97827430185772,0 -98.18174168814346,18.9782399210678,0 -98.18174188115309,18.97823716112465,0 -98.18172405860955,18.97823622024348,0 -98.18173502874419,18.97811296641697,0 -98.18170292871791,18.9772546426138,0 -98.18170881152193,18.9771116385753,0 -98.18186725035297,18.97651555651506,0 -98.18170663681541,18.97649511918141,0 -98.18175970680404,18.97624381663429,0 -98.18181268031582,18.97601224316352,0 -98.18182374646393,18.97586926199731,0 -98.18186085435667,18.97570173486155,0 -98.1818301346101,18.97562268554848,0 -98.1817164682017,18.97554326976374,0 -98.18159226536203,18.97549833312589,0 -98.18135393882758,18.97546768732421,0 -98.18123465562174,18.9754770238825,0 -98.18127142674312,18.97537854512252,0 -98.18122481764456,18.97536847430758,0 -98.1812274434813,18.97483088877445,0 -98.18137500688252,18.9743383335185,0 -98.18137599435649,18.97413612193088,0 -98.18130409163395,18.97399770642933,0 -98.18123175543938,18.97394806555308,0 -98.18047581685042,18.97375237112657,0 -98.18038088760602,18.97408240079265,0 -98.18036766219689,18.97407890640778,0 -98.1803653078728,18.97408755341306,0 -98.18015305123404,18.9740274588395,0 -98.18015300455492,18.97403700348758,0 -98.17973369582626,18.97391184464774,0 -98.17972400366996,18.97377370317433,0 -98.179656948054,18.97370435736787,0 -98.17957952463706,18.97363496561471,0 -98.17958140667083,18.97361704820557,0 -98.1795751331091,18.97361093310986,0 -98.17956276760343,18.97349404831022,0 -98.17956695667249,18.97343192861805,0 -98.17954324086392,18.97338725952655,0 -98.17947721822821,18.97335338384817,0 -98.17950352546664,18.97327458680014,0 -98.17956597573658,18.97322554232788,0 -98.17943828063704,18.97283534290894,0 -98.17922083981205,18.97277519453415,0 -98.17924232487265,18.97262239494457,0 -98.17894201170589,18.97254708277802,0 -98.17892667693918,18.97250262608094,0 -98.17904675506496,18.97233053490764,0 -98.17913783046599,18.97172922500169,0 -98.17920662258675,18.97144346884402,0 -98.1792819999543,18.97087168170632,0 -98.17927252456806,18.97068915241024,0 -98.17926544013528,18.97001835761506,0 -98.17928675571058,18.96990008299026,0 -98.17946831959915,18.96881582886502,0 -98.17996554442718,18.96890680796988,0 -98.18062301264877,18.96909220355993,0 -98.18100117616393,18.96914812930102,0 -98.18180967987037,18.96919115824826,0 -98.18201699015492,18.96920193760111,0 -98.18232776277115,18.96925756308208,0 -98.18280446999421,18.96930405532311,0 -98.1828570068751,18.96916125597812,0 -98.18263455338597,18.96906656469489,0 -98.1823968128346,18.96891755395016,0 -98.18218496994685,18.96877358781708,0 -98.18141082097658,18.96806488092916,0 -98.17998129101035,18.96674662411676,0 -98.1778724422191,18.96477338263931,0 -98.17736501812388,18.96429857686897,0 -98.17715318356163,18.96415460618921,0 -98.17695682907254,18.96402550028434,0 -98.17676539272732,18.96395066773299,0 -98.17651172602092,18.96388049172779,0 -98.17544989933495,18.96370314725934,0 -98.17447610177935,18.96354591668933,0 -98.17425877199874,18.96346603566735,0 -98.17412450436821,18.96336186361147,0 -98.17390293821759,18.96308961127447,0 -98.1735239255522,18.96320937366035,0 -98.17219412850305,18.96323672915332,0 -98.17126969816205,18.96305642953133,0 -98.17072604464263,18.96292453013284,0 -98.17030377151607,18.96281629195405,0 -98.17000787577044,18.96270399560192,0 -98.16932865506963,18.96246976119264,0 -98.16909577667026,18.96239011179195,0 -98.16890654446662,18.96232915381846,0 -98.16819801406774,18.96195266043838,0 -98.16841756738236,18.96142527420347,0 -98.16685004945018,18.96098272693554,0 -98.16645854488451,18.96255874979504,0 -98.16500256289486,18.96204696736707,0 -98.16500073263596,18.96136362118212,0 -98.16482799788824,18.96153349587016,0 -98.16456629077521,18.96156075827383,0 -98.16416216520339,18.96167270498006,0 -98.16368312867102,18.96181986412665,0 -98.163253578471,18.96103576643337,0 -98.16305254472968,18.96088553826625,0 -98.16317800242371,18.96070767096809,0 -98.16277876572265,18.96033678940365,0 -98.16215955357087,18.95982987343616,0 -98.16215958129911,18.95982812491022,0 -98.16188496550737,18.9595808909336,0 -98.16129368470754,18.95934879489368,0 -98.16107346534854,18.95899578525545,0 -98.16106176538301,18.95882164798163,0 -98.1610002096713,18.95871466547715,0 -98.16089995835087,18.95856451354662,0 -98.16051950852159,18.95820310001644,0 -98.1604229326399,18.95820310628631,0 -98.16041906652971,18.95811302737398,0 -98.15989654806333,18.95766486672613,0 -98.16035124391412,18.95694062688615,0 -98.16073414709564,18.95634811596284,0 -98.16077599418765,18.95628235913109,0 -98.16079258318813,18.95589284372087,0 -98.15946862696731,18.95568220853345,0 -98.1595358641078,18.95535132610506,0 -98.15952567958722,18.95490148797458,0 -98.15921759359955,18.9532995417417,0 -98.16056167546904,18.95317672858699,0 -98.16094599721396,18.95308179189871,0 -98.16115626815544,18.95273750076733,0 -98.16150088406221,18.95217323287388,0 -98.16301041732041,18.95299344510107,0 -98.16397363654529,18.95129097191319,0 -98.16404305626327,18.95125233649754,0 -98.16427629927173,18.95083701776124,0 -98.16429232130899,18.95080848887372,0 -98.16441152945318,18.95097393098315,0 -98.16522208702312,18.95209884534101,0 -98.16557138427036,18.95222893978055,0 -98.16602380900427,18.95140996929051,0 -98.16645887548709,18.95077646297753,0 -98.16647308784995,18.95125765445654,0 -98.16695806337374,18.95148757675468,0 -98.16704783179853,18.95121073654346,0 -98.17082491308379,18.95292826790006,0 -98.17007918298405,18.95347297677823,0 -98.16962856802803,18.95422374001953,0 -98.1692151079107,18.95555206882538,0 -98.17092024717709,18.95604059412875,0 -98.17074951289055,18.95715124383811,0 -98.17139345777751,18.95718799062014,0 -98.17194500804285,18.95756126614415,0 -98.17178904532469,18.95829878640454,0 -98.17181612043406,18.95829417201168,0 -98.17219014270417,18.95835391541392,0 -98.17289547966915,18.9585519106364,0 -98.1742083922604,18.95877478804049,0 -98.17403114310089,18.95970585541876,0 -98.17411745260944,18.95974251448729,0 -98.17382235559201,18.96016675959965,0 -98.17343132663073,18.96008027628178,0 -98.17351510126912,18.95954041301038,0 -98.17400970578976,18.95965029993665,0 -98.17417562930288,18.95876982986916,0 -98.1717717434795,18.95838060488276,0 -98.17153169960572,18.95834264132361,0 -98.17153876069473,18.95834143843483,0 -98.17106871946768,18.95826241861026,0 -98.17106740842721,18.95826921035962,0 -98.17082180220675,18.95954153800086,0 -98.17022764988405,18.95992365323818,0 -98.16994101992654,18.96054987169393,0 -98.16991511022455,18.96061410791529,0 -98.17177445676157,18.96122302763458,0 -98.17223537705978,18.96137767358876,0 -98.17293896414486,18.96159813524942,0 -98.17497184663121,18.96228689864521,0 -98.17502571391725,18.96220390969441,0 -98.17504644873618,18.9619404439342,0 -98.17503218756787,18.96187564676017,0 -98.17526214045536,18.96156225028327,0 -98.17552547523053,18.96137846849106,0 -98.17562671157438,18.96154537732751,0 -98.17577120856241,18.96180957817103,0 -98.17590126276222,18.96204597115261,0 -98.17597368244057,18.9621433937403,0 -98.17613857298691,18.96221348390121,0 -98.17629880784324,18.96224193973539,0 -98.17644939148325,18.96225648077551,0 -98.17663894534574,18.962252698857,0 -98.17687257624766,18.96217975550325,0 -98.17703390098504,18.96198627087245,0 -98.17745588134343,18.962154602893,0 -98.17773544782796,18.96163335048341,0 -98.17759969341675,18.96156801435941,0 -98.17759648372331,18.96154868808078,0 -98.17754562571638,18.96153428605965,0 -98.17749573817748,18.96126557585641,0 -98.17753131110355,18.96081568197589,0 -98.17753540094687,18.96079903683078,0 -98.17754803380545,18.96077496053105,0 -98.17754563805387,18.96069849429777,0 -98.1779721025372,18.95995132512189,0 -98.17886691835301,18.95982582618117,0 -98.17885292740704,18.95970554423845,0 -98.17889218904205,18.95962711265922,0 -98.17896621603698,18.95939624914965,0 -98.1791231949059,18.95909639503076,0 -98.17920596786317,18.9590643956429,0 -98.17977438989394,18.95909927807669,0 -98.1799739080335,18.95904467563384,0 -98.18017851015881,18.95894385588772,0 -98.18102497979631,18.95856849091543,0 -98.18222548533305,18.95873557922257,0 -98.18227687225982,18.95873901317749,0 -98.1825218346933,18.95875538167116,0 -98.18255182575901,18.95858443187475,0 -98.18278974532957,18.95862709552233,0 -98.18395156981643,18.9580571253166,0 -98.18392921061775,18.95740853363542,0 -98.18392728658469,18.95705480164431,0 -98.18390623367954,18.95641846078559,0 -98.18515376475364,18.95634917336286,0 -98.18613097848721,18.95659242578102,0 -98.18500251965396,18.95723769427573,0 -98.18484958584212,18.95777020842761,0 -98.18535763158091,18.9578223814446,0 -98.18551386829871,18.95783420617169,0 -98.18572276254972,18.95785692125495,0 -98.18572342335655,18.95784014244525,0 -98.18585643075889,18.95744147286179,0 -98.1863211295385,18.95745941765063,0 -98.18618324688047,18.95801162385169,0 -98.18619669092791,18.95802190011608,0 -98.18620615171045,18.95800158128804,0 -98.1863607158861,18.95807161795281,0 -98.18665522776217,18.95808870183152,0 -98.18668410229979,18.95809037657611,0 -98.1867097032292,18.95804533733216,0 -98.18673071518121,18.95793905586325,0 -98.18675125440382,18.95797223949172,0 -98.18678979176507,18.9579044421755,0 -98.1869349077968,18.95804379411182,0 -98.1870888852575,18.95823520270539,0 -98.18726552897122,18.95845001067965,0 -98.18735378670195,18.95857068923363,0 -98.18745217062961,18.95871742154424,0 -98.18756091410836,18.95884144223304,0 -98.18763901654957,18.95894256976986,0 -98.18765214885522,18.95905316615939,0 -98.187610388853,18.95920903681786,0 -98.18746923956645,18.9594262450993,0 -98.18728689638439,18.9596822853626,0 -98.18727277116773,18.95977650647326,0 -98.18750629128937,18.96024244260636,0 -98.18783654251148,18.96049097718856,0 -98.18816320428537,18.96077525671449,0 -98.18837793919181,18.96088673608622,0 -98.18854483756904,18.96099800576617,0 -98.18863649917797,18.96112195016951,0 -98.18874102584411,18.9614117590883,0 -98.18882475353152,18.96176324844636,0 -98.18900070888246,18.96212164353389,0 -98.18914317123756,18.9623400930812,0 -98.1893636596012,18.96267592481568,0 -98.18970305467005,18.96315532664459,0 -98.18976399558365,18.9632726340664,0 -98.18982786724084,18.96349073947005,0 -98.18991575253811,18.96368944346207,0 -98.19005103803661,18.963979386157,0 -98.1901595826954,18.96414566881794,0 -98.19024096433836,18.96427606967717,0 -98.19048887267235,18.9645957642243,0 -98.19077711142707,18.9650554343438,0 -98.19109936693367,18.9655477631771,0 -98.19138461560583,18.96591963751436,0 -98.19152733396535,18.9660860685645,0 -98.19155056713454,18.96608946392913,0 -98.19198312987226,18.96577560602219,0 -98.19212782286861,18.96556532861371,0 -98.1925386396147,18.96456656905574,0 -98.19269323021597,18.96422364928259,0 -98.19286432832919,18.96414603113474,0 -98.19373500917408,18.96440727797662,0 -98.1943460348479,18.96447668396581,0 -98.19446794821945,18.96413393860712,0 -98.19528929965455,18.96423286144661,0 -98.19592201523687,18.96395908183922,0 -98.19652397810481,18.96382819640013,0 -98.19701396272438,18.96405917105659,0 -98.19752463153577,18.96415673741562,0 -98.19798605647449,18.96407291602392,0 -98.19865799004191,18.96398046899444,0 -98.19929999385798,18.96385928439117,0 -98.19980150636951,18.96377563163728,0 -98.19986691471685,18.96266980520165,0 -98.19998029372131,18.96201234974695,0 -98.20117049889738,18.96252286169397,0 -98.20211066050729,18.96082007070823,0 -98.20228076069827,18.96087801549517,0 -98.20265311128458,18.96055541356288,0 -98.20352220119067,18.96076812297763,0 -98.20345089729099,18.96087766975687,0 -98.20298183993175,18.96174164628808,0 -98.20330313781362,18.96191427142825,0 -98.2035023534109,18.96222415080008,0 -98.20379164911958,18.96247160787119,0 -98.20557039945228,18.96426407645792,0 -98.20590589579513,18.96454017974575,0 -98.20630953301922,18.96465177503604,0 -98.20660710255014,18.96480869241356,0 -98.20680749382444,18.96516661524463,0 -98.20687377062376,18.96539578619117,0 -98.20691126684184,18.96560652309102,0 -98.20719938897034,18.96572677746565,0 -98.20748742594917,18.96586534277884,0 -98.20779423329087,18.96610469751328,0 -98.20806228994988,18.96639881954702,0 -98.20844560730457,18.96673921077009,0 -98.2088768677133,18.96711642763841,0 -98.20897201662521,18.96734572209052,0 -98.20922091789616,18.96762144900961,0 -98.20981689521426,18.96776132496008,0 -98.2103071922499,18.96786412600676,0 -98.21130957217156,18.96846483944541,0 -98.21117125524488,18.96893244765556,0 -98.21066905988387,18.96996133939208,0 -98.21052627307215,18.97043588641936,0 -98.21126903456684,18.97024859219158,0 -98.21108790953045,18.97023044451156,0 -98.21136030854693,18.96957141279109,0 -98.21147135766701,18.96930112686804,0 -98.21183028284011,18.96843497217668,0 -98.21240691253406,18.96703680898803,0 -98.21258512624462,18.96660393403713,0 -98.21334541465454,18.96475657608182,0 -98.21336791625762,18.96470297349597,0 -98.21109948642372,18.97022484205226,0 -98.21128809656416,18.97024378521918,0 -98.21287553177812,18.97040321516118,0 -98.21212212935025,18.9739222815373,0 -98.21206027600385,18.97418512800532,0 -98.21198023425052,18.97452524953053,0 -98.21188802222051,18.9749150165589,0 -98.21186976095409,18.9749825548246,0 -98.2118115291841,18.97512632024369,0 -98.21181470732853,18.97533263563402,0 -98.21213219101567,18.97557787518678,0 -98.21301638175564,18.97626086057208,0 -98.21396212531978,18.97746209416347,0 -98.21483930181455,18.97762016785444,0 -98.21563347817278,18.97782544059009,0 -98.21555865475187,18.97800807300406,0 -98.21563321371612,18.9780012992697,0 -98.21701623082984,18.9779841555109,0 -98.21704877617768,18.97798375179648,0 -98.21782395684542,18.97796960873461,0 -98.21839770569427,18.97796041864812,0 -98.21906954464947,18.97788212934801,0 -98.21977346969021,18.97788931770181,0 -98.21980310944312,18.97818658865777,0 -98.22106785601653,18.9788094394135,0 -98.2226493512421,18.97974709512936,0 -98.22279740377779,18.97993198105904,0 -98.2229075668514,18.98002378173734,0 -98.22301745076265,18.98007583535122,0 -98.22432774799255,18.98083127552653,0 -98.22436732690113,18.98085332634375,0 -98.22438125797436,18.98086108787951,0 -98.22658233296961,18.98208736059074,0 -98.23038929097534,18.98413542106105,0 -98.23027945238948,18.98429881886087,0 -98.23019978808188,18.98442007123977,0 -98.22643904393959,18.9823619762814,0 -98.2264423368036,18.9823536732428,0 -98.22395324730932,18.98095360419388,0 -98.22275569274744,18.98032671581661,0 -98.22275657965707,18.98032023365234,0 -98.22266868894792,18.98027323535765,0 -98.22266868894792,18.98027323535765,0 
							</coordinates>
						</LinearRing>
					</outerBoundaryIs>
					<innerBoundaryIs>
						<LinearRing>
							<coordinates>
								-98.20814056143617,18.97228318356426,0 -98.20822133635062,18.97205971782843,0 -98.20823041649,18.97205988767844,0 -98.20837204675162,18.97206253086987,0 -98.20855667947349,18.97206597673202,0 -98.20866309398077,18.97176444098762,0 -98.20874990372016,18.97151315405722,0 -98.20880309110471,18.97136572431374,0 -98.20885994543094,18.97120812638197,0 -98.20895486150405,18.97094502549254,0 -98.20910773023253,18.97052128119515,0 -98.20760059097729,18.97038979414363,0 -98.20760056576844,18.97038990248011,0 -98.20751794213496,18.97085822015602,0 -98.20751018758369,18.97090217109937,0 -98.20747641979601,18.97109357004913,0 -98.20743566546631,18.97132456645849,0 -98.20741554836162,18.97143859182995,0 -98.20739537659004,18.97155292241456,0 -98.20728494706297,18.97217883328449,0 -98.20739381587462,18.97220253336315,0 -98.20777617754234,18.97228644219724,0 -98.20792385325353,18.97231940822715,0 -98.20797736118034,18.97232732753941,0 -98.20811996106484,18.97231357106434,0 -98.20814056143617,18.97228318356426,0 -98.20814056143617,18.97228318356426,0 
							</coordinates>
						</LinearRing>
						<LinearRing>
							<coordinates>
								-98.20550585335019,18.97122304549904,0 -98.20571308216813,18.97025271247963,0 -98.20571505708914,18.97024346251509,0 -98.20571988075342,18.97019630179173,0 -98.20398707465453,18.96996389994966,0 -98.20352119375852,18.96983265089603,0 -98.2035157150256,18.96985561571656,0 -98.20328853753269,18.97083565264223,0 -98.20330302044351,18.97083743738774,0 -98.20378781062382,18.97092562650281,0 -98.20421961217441,18.97099479876752,0 -98.20456325253298,18.97105858497487,0 -98.20491420038965,18.97111981732938,0 -98.20550585335019,18.97122304549904,0 -98.20550585335019,18.97122304549904,0 
							</coordinates>
						</LinearRing>
						<LinearRing>
							<coordinates>
								-98.17829936081252,18.96317911654735,0 -98.17787886607081,18.96301161440487,0 -98.17753714050465,18.96400781153841,0 -98.1775330264588,18.9640989149691,0 -98.17768746068531,18.96414522268195,0 -98.17809438364127,18.96433544736011,0 -98.17817483539392,18.96437454303166,0 -98.17820404079502,18.96433602229234,0 -98.1782130575678,18.96426372214145,0 -98.17828841873451,18.9640206009427,0 -98.17835178847793,18.96319701542094,0 -98.17829936081252,18.96317911654735,0 -98.17829936081252,18.96317911654735,0 
							</coordinates>
						</LinearRing>
						<LinearRing>
							<coordinates>
								-98.16762795242965,18.95604078560401,0 -98.16762628633222,18.95604062720499,0 -98.16764260238952,18.95606579252571,0 -98.16764395703891,18.95606593416322,0 -98.16762795242965,18.95604078560401,0 -98.16762795242965,18.95604078560401,0 
							</coordinates>
						</LinearRing>
					</innerBoundaryIs>
				</Polygon>
				<Polygon>
					<outerBoundaryIs>
						<LinearRing>
							<coordinates>
								-98.22438010977721,18.98481326403941,0 -98.22438787770565,18.98479478148968,0 -98.22438240067345,18.98480884006398,0 -98.22437841047505,18.98481732810795,0 -98.22438010977721,18.98481326403941,0 -98.22438010977721,18.98481326403941,0 
							</coordinates>
						</LinearRing>
					</outerBoundaryIs>
				</Polygon>
				<Polygon>
					<outerBoundaryIs>
						<LinearRing>
							<coordinates>
								-98.27038713238072,18.98625746507217,0 -98.27092468225895,18.98541652099629,0 -98.27240185453427,18.98656739377833,0 -98.27260103365292,18.98772754872652,0 -98.27038710178506,18.98625751013718,0 -98.27038713238072,18.98625746507217,0 -98.27038713238072,18.98625746507217,0 
							</coordinates>
						</LinearRing>
					</outerBoundaryIs>
				</Polygon>
				<Polygon>
					<outerBoundaryIs>
						<LinearRing>
							<coordinates>
								-98.18312706699413,18.98914375181386,0 -98.18307325631537,18.98858161283791,0 -98.18309675072932,18.98845665302598,0 -98.18339151389694,18.98857272410895,0 -98.1836085535902,18.98863138257412,0 -98.18399341916394,18.98858853647231,0 -98.18400125360355,18.98867492829219,0 -98.18383696865243,18.98901130007366,0 -98.18441490398419,18.98926586247377,0 -98.18437481507509,18.98937503676609,0 -98.18311858435686,18.98929631893434,0 -98.18304027420686,18.98927202533554,0 -98.18312706699413,18.98914375181386,0 -98.18312706699413,18.98914375181386,0 
							</coordinates>
						</LinearRing>
					</outerBoundaryIs>
				</Polygon>
				<Polygon>
					<outerBoundaryIs>
						<LinearRing>
							<coordinates>
								-98.16735909222554,18.99001764674445,0 -98.16754793583939,18.98997861710515,0 -98.16778890871257,18.98999465601191,0 -98.16806166920358,18.98994104792011,0 -98.16831935219808,18.98975776296906,0 -98.1684829605795,18.98952420635147,0 -98.16856334378669,18.98916565269569,0 -98.16879895199389,18.98920659003877,0 -98.16885422513698,18.98918676991589,0 -98.16862921103422,18.98967158349677,0 -98.16850783714804,18.98987144146012,0 -98.16839920004361,18.99026134737827,0 -98.1684132151084,18.99117167686815,0 -98.16659349012782,18.99117568940285,0 -98.16659396144281,18.99108097811202,0 -98.16667472254602,18.99064765287617,0 -98.16682787792213,18.99040906601079,0 -98.16735909222554,18.99001764674445,0 -98.16735909222554,18.99001764674445,0 
							</coordinates>
						</LinearRing>
					</outerBoundaryIs>
				</Polygon>
				<Polygon>
					<outerBoundaryIs>
						<LinearRing>
							<coordinates>
								-98.25524798861171,18.99195094612369,0 -98.2551773415077,18.99189574252657,0 -98.25526581282537,18.99193126548788,0 -98.25524798861171,18.99195094612369,0 -98.25524798861171,18.99195094612369,0 
							</coordinates>
						</LinearRing>
					</outerBoundaryIs>
				</Polygon>
				<Polygon>
					<outerBoundaryIs>
						<LinearRing>
							<coordinates>
								-98.17040728872693,18.99140717683063,0 -98.17047079287974,18.99057074900407,0 -98.17142201459831,18.99174215036214,0 -98.17040728872693,18.99140717683063,0 -98.17040728872693,18.99140717683063,0 
							</coordinates>
						</LinearRing>
					</outerBoundaryIs>
				</Polygon>
				<Polygon>
					<outerBoundaryIs>
						<LinearRing>
							<coordinates>
								-98.17352453798381,18.99372901916583,0 -98.1734034790593,18.99354651503251,0 -98.17328136941224,18.99356495707826,0 -98.17319566660541,18.99356361626729,0 -98.17312834582323,18.99355661909368,0 -98.17305034197325,18.99353332572892,0 -98.17298081189077,18.9935023978357,0 -98.17288861433218,18.99344077854564,0 -98.17286169130057,18.99341383655657,0 -98.17274548646427,18.99331007002333,0 -98.17243469522296,18.9929270683339,0 -98.17165127842105,18.99201663370045,0 -98.17068894532443,18.99083794868289,0 -98.17050141371627,18.99060663729797,0 -98.17047576168721,18.99052310682011,0 -98.17060084173718,18.98935923634126,0 -98.17072114284474,18.98940464020269,0 -98.17130388358161,18.98918791271529,0 -98.17163954708001,18.98912959610605,0 -98.1718908030779,18.98918555481044,0 -98.17187356082174,18.98936599701138,0 -98.17189951077965,18.98932885559025,0 -98.1721147828888,18.98922182708898,0 -98.17226533537114,18.98919498202527,0 -98.17392048681866,18.98868232808666,0 -98.17398037895097,18.98864074525558,0 -98.17411576169985,18.98858456117502,0 -98.17421013415097,18.98856107949986,0 -98.1742852227417,18.98862417612193,0 -98.17431600428016,18.98875282883786,0 -98.17504687703422,18.9901130214603,0 -98.17511063398709,18.9900833933177,0 -98.17541383712062,18.99062633801526,0 -98.1754987325497,18.99073909073841,0 -98.17551197059245,18.99085990146882,0 -98.17554520905347,18.99100111636324,0 -98.1756211383008,18.99114850297448,0 -98.17571481185854,18.99126727807261,0 -98.1765165466841,18.99218741832466,0 -98.17352453798381,18.99372901916583,0 -98.17352453798381,18.99372901916583,0 
							</coordinates>
						</LinearRing>
					</outerBoundaryIs>
				</Polygon>
				<Polygon>
					<outerBoundaryIs>
						<LinearRing>
							<coordinates>
								-98.15052938668218,18.99560809774133,0 -98.15122340114641,18.99552708573279,0 -98.15126901787646,18.99569069122526,0 -98.1514372529778,18.99569120978908,0 -98.15162323753178,18.99574734135604,0 -98.15172582859385,18.99585738778118,0 -98.15153087348304,18.99587800355622,0 -98.15117314996454,18.99563508478717,0 -98.15112246832358,18.99560068375348,0 -98.15097907194198,18.99563209239155,0 -98.15075146953572,18.99568798401324,0 -98.15052588929144,18.99575085750636,0 -98.15030256522894,18.9958206452715,0 -98.15008173708745,18.99589727612178,0 -98.14985442026394,18.99598436330744,0 -98.14984069689135,18.99602934829836,0 -98.14980570024497,18.99590101262133,0 -98.15052938668218,18.99560809774133,0 -98.15052938668218,18.99560809774133,0 
							</coordinates>
						</LinearRing>
					</outerBoundaryIs>
				</Polygon>
				<Polygon>
					<outerBoundaryIs>
						<LinearRing>
							<coordinates>
								-98.15191286139233,18.9958596747658,0 -98.1520495694333,18.99583845368659,0 -98.15219525689643,18.99600110778794,0 -98.15220698271482,18.99605949744551,0 -98.15216464717351,18.99603061219574,0 -98.15203929528269,18.99594569996331,0 -98.15191286139233,18.9958596747658,0 -98.15191286139233,18.9958596747658,0 
							</coordinates>
						</LinearRing>
					</outerBoundaryIs>
				</Polygon>
				<Polygon>
					<outerBoundaryIs>
						<LinearRing>
							<coordinates>
								-98.15231883488723,18.99613581236682,0 -98.15237980711784,18.9961286326271,0 -98.15249506178911,18.99625554801209,0 -98.15234141190987,18.99615121708472,0 -98.15231883488723,18.99613581236682,0 -98.15231883488723,18.99613581236682,0 
							</coordinates>
						</LinearRing>
					</outerBoundaryIs>
				</Polygon>
				<Polygon>
					<outerBoundaryIs>
						<LinearRing>
							<coordinates>
								-98.1605782437364,18.99506610605387,0 -98.16069538085928,18.99498995099076,0 -98.15860755655015,18.99708380709691,0 -98.1605782437364,18.99506610605387,0 -98.1605782437364,18.99506610605387,0 
							</coordinates>
						</LinearRing>
					</outerBoundaryIs>
				</Polygon>
				<Polygon>
					<outerBoundaryIs>
						<LinearRing>
							<coordinates>
								-98.15285382352018,18.99649915045614,0 -98.15290999728943,18.99649554616807,0 -98.15298669038825,18.99655787236551,0 -98.15394154539079,18.99723716422153,0 -98.15361507383727,18.99701549226255,0 -98.15348277312587,18.99692622592361,0 -98.1533521901622,18.99683696554681,0 -98.15297519698377,18.99658098676227,0 -98.15285382352018,18.99649915045614,0 -98.15285382352018,18.99649915045614,0 
							</coordinates>
						</LinearRing>
					</outerBoundaryIs>
				</Polygon>
				<Polygon>
					<outerBoundaryIs>
						<LinearRing>
							<coordinates>
								-98.14733004135748,18.99794734798722,0 -98.14773544982977,18.9975023333402,0 -98.14834617983954,18.99708986403278,0 -98.14935880569607,18.99656829469379,0 -98.14958172418008,18.99637064316684,0 -98.1498271976581,18.99607359600286,0 -98.14966647952363,18.99660040727946,0 -98.14958351306174,18.99663959312968,0 -98.14942100837125,18.99672306644057,0 -98.14921062552811,18.99684297672843,0 -98.14869871955739,18.99720128291686,0 -98.14869075478983,18.99720684733896,0 -98.14868710015796,18.99720850957896,0 -98.1486782928165,18.99721162654676,0 -98.14866607992715,18.99721338134666,0 -98.14865747977386,18.99721274533974,0 -98.14864821198975,18.99721038202046,0 -98.1486342229735,18.99720757224221,0 -98.14861725894724,18.99720355228823,0 -98.14859579925377,18.99719956586672,0 -98.14854563383589,18.99719630765653,0 -98.14850387042796,18.99720014230173,0 -98.14846722589627,18.99720730619305,0 -98.14841931019569,18.99722345871207,0 -98.14839330616937,18.99723542316226,0 -98.14837157963716,18.99724542098754,0 -98.14799970125829,18.99750571201102,0 -98.14795607854997,18.99753624380068,0 -98.1477683571747,18.99766702689666,0 -98.14733004135748,18.99794734798722,0 -98.14733004135748,18.99794734798722,0 
							</coordinates>
						</LinearRing>
					</outerBoundaryIs>
				</Polygon>
				<Polygon>
					<outerBoundaryIs>
						<LinearRing>
							<coordinates>
								-98.15457466114601,18.9983342505814,0 -98.15489107399576,18.99791265683717,0 -98.15491316447074,18.99792837170916,0 -98.15469674061899,18.99819880655068,0 -98.15459871519703,18.998347738733,0 -98.15457884254475,18.99874258785918,0 -98.15457768973823,18.99862998996501,0 -98.15457539149044,18.99840559216524,0 -98.15457466114601,18.9983342505814,0 -98.15457466114601,18.9983342505814,0 
							</coordinates>
						</LinearRing>
					</outerBoundaryIs>
				</Polygon>
				<Polygon>
					<outerBoundaryIs>
						<LinearRing>
							<coordinates>
								-98.15857457402231,18.99711757626459,0 -98.15857543823722,18.99711669186596,0 -98.15831238022716,19.00172005093907,0 -98.1583184022129,19.00157446479076,0 -98.15857457402231,18.99711757626459,0 -98.15857457402231,18.99711757626459,0 
							</coordinates>
						</LinearRing>
					</outerBoundaryIs>
				</Polygon>
				<Polygon>
					<outerBoundaryIs>
						<LinearRing>
							<coordinates>
								-98.1674035484636,19.00212765267187,0 -98.16740371369404,19.00212442181054,0 -98.16752232352871,19.00213290360759,0 -98.1674035484636,19.00212765267187,0 -98.1674035484636,19.00212765267187,0 
							</coordinates>
						</LinearRing>
					</outerBoundaryIs>
				</Polygon>
				<Polygon>
					<outerBoundaryIs>
						<LinearRing>
							<coordinates>
								-98.17121811318074,19.00230800130936,0 -98.17144199727409,18.99941838054205,0 -98.17065280538831,18.99936305372146,0 -98.17067848221508,18.99675526887123,0 -98.17069032804943,18.99675526774434,0 -98.17101410209878,18.99684031033365,0 -98.17229272776535,18.99678955376591,0 -98.17376661647815,18.99711695276184,0 -98.17441370982561,18.99725991389776,0 -98.17725540722762,18.99763630917911,0 -98.17735092405796,18.99765254855969,0 -98.1773942348687,18.99765951883883,0 -98.17742863935791,18.9976664495118,0 -98.17763097665815,18.9976944598153,0 -98.17767903753563,18.99770145114143,0 -98.17772769217284,18.99770844509402,0 -98.177749056265,18.99771079927786,0 -98.17778939833484,18.99771775627192,0 -98.17783924049317,18.99772475547272,0 -98.17787187484603,18.99772941896088,0 -98.17789618553198,18.99773630469598,0 -98.17795966188876,18.99774788292081,0 -98.1780255021846,18.99776173086388,0 -98.17815181683007,18.99779392132052,0 -98.17818324151548,18.99780309785631,0 -98.17822592538278,18.99781684287111,0 -98.17825794383275,18.99782602203171,0 -98.17829054495334,18.9978374630123,0 -98.1783320524158,18.99784894354078,0 -98.17836821608154,18.99786040032929,0 -98.17842098274372,18.99787644931341,0 -98.17848442593812,18.99789480492685,0 -98.17851408048062,18.99790171431002,0 -98.17860538589433,18.99792923054126,0 -98.17865934011589,18.99794528473098,0 -98.17869492115447,18.9979544796327,0 -98.17874354266981,18.99796825088815,0 -98.17878741414276,18.99798200104762,0 -98.17887991824425,18.99800726322868,0 -98.17892735227893,18.99802102916658,0 -98.17896768340279,18.99803024509684,0 -98.1789908066698,18.99803712542148,0 -98.17906137507489,18.99805551245881,0 -98.17910170621556,18.99806472836042,0 -98.17915031672301,18.99808075870006,0 -98.17921789422908,18.99810365088516,0 -98.17924100644147,18.9981127903681,0 -98.17933053083229,18.99814029834764,0 -98.17939041169578,18.998158637855,0 -98.17942303511353,18.99816556026307,0 -98.17949006322927,18.99817941296186,0 -98.17951614425422,18.99818856557735,0 -98.17960269994926,18.99821606026248,0 -98.17977780301426,18.9982281328176,0 -98.17983072489967,18.99821255276009,0 -98.1798663946111,18.99820367392725,0 -98.17995678958859,18.99817470451012,0 -98.1800501422567,18.99814800739393,0 -98.18010187658021,18.99813242199401,0 -98.18013696356925,18.99812128128714,0 -98.18017025821912,18.99811239186978,0 -98.18023092100209,18.99809232751909,0 -98.18031655474628,18.99806559606403,0 -98.180411105877,18.99803664483247,0 -98.18059427047956,18.99797871592411,0 -98.18094027897381,18.99788987845812,0 -98.18100454219883,18.99810479062345,0 -98.1810472012514,18.99824505225942,0 -98.18100197180046,18.99887292040229,0 -98.1808590439333,18.9992650300401,0 -98.1807344074802,18.99921881984799,0 -98.18075418311133,18.99917871104961,0 -98.18080747089668,18.99901172269783,0 -98.1808549047588,18.99879982185404,0 -98.1808571814657,18.99878342715129,0 -98.1805599399425,18.99886688832808,0 -98.18043871852886,18.99889980437078,0 -98.18033815681092,18.99892820753645,0 -98.18024675468416,18.99895402328568,0 -98.18015051243843,18.99898190236521,0 -98.18005249327135,18.99901062299184,0 -98.17995490410866,18.99903921714658,0 -98.17985883240024,18.99906736703163,0 -98.17976497648274,18.99909486699188,0 -98.17962608203801,18.99913556357264,0 -98.17956956661723,18.99915021127704,0 -98.17939119112086,18.99920239116197,0 -98.17933312418506,18.99921937699952,0 -98.1793321664513,18.99922017161758,0 -98.17933188299533,18.99921927299096,0 -98.17922537514319,18.99924815251966,0 -98.17902337249373,18.99919310682263,0 -98.17894839274035,18.99917430255409,0 -98.17879694065319,18.99913691322595,0 -98.17865389576386,18.99910160345078,0 -98.17856556137514,18.99907835682016,0 -98.17841775091421,18.99903400863789,0 -98.17841778553432,18.99903353615917,0 -98.17844160862266,18.99873039806273,0 -98.17846307875797,18.99849629180257,0 -98.17847456905785,18.99837924202212,0 -98.17849297994816,18.99817960264777,0 -98.17843393268447,18.99816390805519,0 -98.17820918715233,18.99810416975234,0 -98.17782974873938,18.99798726289051,0 -98.17769074825543,18.99797035334032,0 -98.17737908143086,18.99793164527144,0 -98.17726065312891,18.99791277728768,0 -98.17725995152131,18.99791229611317,0 -98.1769617561617,18.99786299901654,0 -98.17658979827846,18.99782578452783,0 -98.1757207777548,18.99770269505543,0 -98.17421557997379,18.99749374354553,0 -98.17401256952111,18.99746545632259,0 -98.17330397643018,18.99736566409349,0 -98.17326491693751,18.99739358180508,0 -98.17324638399431,18.99750339362792,0 -98.17308545733502,18.99855712100786,0 -98.17300914196075,18.99905023297688,0 -98.17303510182572,18.99908501381444,0 -98.1739425827722,18.99921000119598,0 -98.1743202013629,18.99926223773285,0 -98.17492330695484,18.99934684648701,0 -98.17497288501662,18.99935371787252,0 -98.17499488946011,19.00082029126219,0 -98.17499670258645,19.00094240650463,0 -98.17527390751405,19.00088066047427,0 -98.17550269797859,19.00082969711162,0 -98.17635636714695,19.00064258086562,0 -98.17707227359442,19.00047570059876,0 -98.1770729752119,19.00047618177426,0 -98.17731345693568,19.00040722406819,0 -98.17790434192162,19.00023794096035,0 -98.17816906999774,19.00016279110865,0 -98.17834409332028,19.00011310622292,0 -98.17834413466581,19.00011242502064,0 -98.17919246016048,18.99988403068265,0 -98.17932982489395,18.99995105805902,0 -98.17957076157161,19.00009831384604,0 -98.18067628976817,18.99976639432958,0 -98.18067577938803,18.99976779550805,0 -98.18033897559347,19.00064122693584,0 -98.18032676837741,19.00070894998476,0 -98.18032251244412,19.00072926426824,0 -98.18099332144219,19.00173307774576,0 -98.18120563082317,19.00202997777863,0 -98.18079854381328,19.00210047104307,0 -98.18048683960723,19.00197257308211,0 -98.17969118014135,19.00159668527798,0 -98.17957926481732,19.00154381351772,0 -98.17942049972127,19.00109193240331,0 -98.17925905716714,19.00097080608987,0 -98.17874767488236,19.00111990545288,0 -98.17861985498433,19.00105337908554,0 -98.1785089940464,19.00072039038945,0 -98.17835392214334,19.00025658884033,0 -98.17121811318074,19.00230800130936,0 -98.17121811318074,19.00230800130936,0 
							</coordinates>
						</LinearRing>
					</outerBoundaryIs>
				</Polygon>
				<Polygon>
					<outerBoundaryIs>
						<LinearRing>
							<coordinates>
								-98.14733004135748,18.99794734798722,0 -98.14745124985323,18.99810673809773,0 -98.14853720153008,18.99975651535177,0 -98.14905627734693,19.0005450809852,0 -98.14928819121063,19.00089675382085,0 -98.14929157011714,19.00090187791579,0 -98.14982054238753,19.00170400535585,0 -98.15005085640766,19.00254849338932,0 -98.1496690500704,19.00241250010645,0 -98.14964534824017,19.00227823665196,0 -98.14962415458498,19.00215818168478,0 -98.14943330374517,19.00195876186256,0 -98.14931813013688,19.00197974909263,0 -98.14932823501537,19.0020737376861,0 -98.14928750410881,19.00217531573464,0 -98.14889226801102,19.00193086431161,0 -98.14834904259605,19.00132604171013,0 -98.14792905751251,19.00097726275137,0 -98.14791601565136,19.00088967495801,0 -98.14773729820099,19.00052964517224,0 -98.14720657002312,18.99969332833364,0 -98.1471989548843,18.99968132748172,0 -98.14719577441686,18.99956267921377,0 -98.14658059031545,18.99956607874183,0 -98.14625120569272,18.99943128925919,0 -98.14603303298176,18.99954405856575,0 -98.14577788686078,18.99955474878949,0 -98.14555072376675,18.99952173808885,0 -98.14541859630994,18.99990688094573,0 -98.1452522762558,19.00016255505838,0 -98.14501169901895,19.00041297788606,0 -98.1448060326361,19.00052105819116,0 -98.14465213771942,19.00053277964907,0 -98.14448337636851,19.00055866893833,0 -98.14465053469897,19.00084647328332,0 -98.14474255463949,19.00113764608563,0 -98.14464963267255,19.00161212377218,0 -98.14460757174801,19.00221879225608,0 -98.14464802012296,19.00262496042946,0 -98.1446102525999,19.00306869470137,0 -98.14456515957224,19.00298462298251,0 -98.14459188941053,19.00255633503014,0 -98.14456252221753,19.00203219637724,0 -98.14462660116227,19.00141164060876,0 -98.14472200360603,19.00108460305291,0 -98.14468275429135,19.00095320600019,0 -98.14443934169958,19.00047231213962,0 -98.14473333857819,19.00051732877543,0 -98.14495101084083,19.00043189716543,0 -98.14515642441802,19.00022817904552,0 -98.14529327664479,19.00003089448567,0 -98.1454247795877,18.99973708016671,0 -98.14550154757156,18.99941409397761,0 -98.14733004135748,18.99794734798722,0 -98.14733004135748,18.99794734798722,0 
							</coordinates>
						</LinearRing>
					</outerBoundaryIs>
				</Polygon>
				<Polygon>
					<outerBoundaryIs>
						<LinearRing>
							<coordinates>
								-98.14495154284052,19.00377349495783,0 -98.14482902622582,19.00349258183497,0 -98.14488947331836,19.00358187007824,0 -98.14494192147329,19.00371755193226,0 -98.14495154284052,19.00377349495783,0 -98.14495154284052,19.00377349495783,0 
							</coordinates>
						</LinearRing>
					</outerBoundaryIs>
				</Polygon>
				<Polygon>
					<outerBoundaryIs>
						<LinearRing>
							<coordinates>
								-98.14529537238593,19.0044333044913,0 -98.14521796370045,19.0042987499518,0 -98.14530065371837,19.00439443776262,0 -98.14532162236809,19.00445920169363,0 -98.14529537238593,19.0044333044913,0 -98.14529537238593,19.0044333044913,0 
							</coordinates>
						</LinearRing>
					</outerBoundaryIs>
				</Polygon>
				<Polygon>
					<outerBoundaryIs>
						<LinearRing>
							<coordinates>
								-98.14641680590995,19.00516746707086,0 -98.14621798369558,19.00504868852814,0 -98.14630077380305,19.00506069211169,0 -98.14641680590995,19.00516746707086,0 -98.14641680590995,19.00516746707086,0 
							</coordinates>
						</LinearRing>
					</outerBoundaryIs>
				</Polygon>
				<Polygon>
					<outerBoundaryIs>
						<LinearRing>
							<coordinates>
								-98.14708472093562,19.00579115739142,0 -98.14690585133268,19.00561749205668,0 -98.14708998873306,19.00578693615518,0 -98.14708472093562,19.00579115739142,0 -98.14708472093562,19.00579115739142,0 
							</coordinates>
						</LinearRing>
					</outerBoundaryIs>
				</Polygon>
				<Polygon>
					<outerBoundaryIs>
						<LinearRing>
							<coordinates>
								-98.14809473786107,19.00649836804117,0 -98.14812357775686,19.00644733944976,0 -98.14828855343606,19.00653371112566,0 -98.14829125411994,19.00662823042742,0 -98.1482340524076,19.006539135294,0 -98.14809473786107,19.00649836804117,0 -98.14809473786107,19.00649836804117,0 
							</coordinates>
						</LinearRing>
					</outerBoundaryIs>
				</Polygon>
				<Polygon>
					<outerBoundaryIs>
						<LinearRing>
							<coordinates>
								-98.14875271110526,19.00734697203517,0 -98.1483170615997,19.00666842696648,0 -98.14835853682024,19.00667538749117,0 -98.14847080524392,19.00641662709143,0 -98.14865919725966,19.00641883817589,0 -98.14868217916833,19.00635784465902,0 -98.14880122275792,19.00634281750668,0 -98.14893668888915,19.00648664308034,0 -98.14891267435925,19.00662906870337,0 -98.14887617892873,19.00672026188716,0 -98.14905363902966,19.00658735783652,0 -98.14931550182732,19.00622190517395,0 -98.14935395136017,19.00616824475171,0 -98.14991328151658,19.00550282304062,0 -98.15074123725975,19.0045417340442,0 -98.15074429954599,19.00453775650875,0 -98.15078228303221,19.00465458455558,0 -98.15141686872443,19.00398170899661,0 -98.15305331378514,19.0022130140226,0 -98.15433818059789,19.00081307646438,0 -98.15440062354732,19.00087372480643,0 -98.15446914310614,19.0012877348143,0 -98.1538446041198,19.0019468566689,0 -98.1528570796244,19.00299972462926,0 -98.15172418285401,19.00418952675887,0 -98.1509494174645,19.00517060481695,0 -98.15080898977122,19.00474005521379,0 -98.14974290377052,19.00591813176341,0 -98.14917077412477,19.00667994017336,0 -98.14875271110526,19.00734697203517,0 -98.14875271110526,19.00734697203517,0 
							</coordinates>
						</LinearRing>
					</outerBoundaryIs>
				</Polygon>
				<Polygon>
					<outerBoundaryIs>
						<LinearRing>
							<coordinates>
								-98.15159202570213,19.00815431146984,0 -98.15153386521008,19.00783959784686,0 -98.15159634483628,19.00810633544727,0 -98.15289626261674,19.00772209759773,0 -98.15452622275951,19.00569204760005,0 -98.15455708151126,19.00215227799366,0 -98.15455386739832,19.00179964965955,0 -98.15461386082774,19.00216214100748,0 -98.15465004594138,19.00569475804902,0 -98.15307863454211,19.00772284159671,0 -98.15164285665034,19.00830016965563,0 -98.15159202570213,19.00815431146984,0 -98.15159202570213,19.00815431146984,0 
							</coordinates>
						</LinearRing>
					</outerBoundaryIs>
				</Polygon>
				<Polygon>
					<outerBoundaryIs>
						<LinearRing>
							<coordinates>
								-98.16383535482598,19.01366258220321,0 -98.16381788052151,19.0136435274715,0 -98.16384378290618,19.01366437438374,0 -98.16390302844653,19.01372994030993,0 -98.16384835974839,19.0136706206094,0 -98.16383535482598,19.01366258220321,0 -98.16383535482598,19.01366258220321,0 
							</coordinates>
						</LinearRing>
					</outerBoundaryIs>
				</Polygon>
				<Polygon>
					<outerBoundaryIs>
						<LinearRing>
							<coordinates>
								-98.16491146795728,19.01470140220856,0 -98.16527416604222,19.01447524944232,0 -98.16532140587476,19.01453507651399,0 -98.16496543459007,19.01477378942832,0 -98.16491146795728,19.01470140220856,0 -98.16491146795728,19.01470140220856,0 
							</coordinates>
						</LinearRing>
					</outerBoundaryIs>
				</Polygon>
				<Polygon>
					<outerBoundaryIs>
						<LinearRing>
							<coordinates>
								-98.16584198770204,19.0149038294593,0 -98.16584321739597,19.0149030207819,0 -98.16584437412402,19.01490350676471,0 -98.16650958583915,19.01549145819896,0 -98.16629852911936,19.01533136470493,0 -98.1662447936268,19.01529060085848,0 -98.16584198770204,19.0149038294593,0 -98.16584198770204,19.0149038294593,0 
							</coordinates>
						</LinearRing>
					</outerBoundaryIs>
				</Polygon>
				<Polygon>
					<outerBoundaryIs>
						<LinearRing>
							<coordinates>
								-98.14924194129793,19.01746680063627,0 -98.14949680342777,19.01737758654588,0 -98.14978644768566,19.01858622794133,0 -98.14977436975883,19.01858617238752,0 -98.14868853846612,19.01858117475671,0 -98.14817034791123,19.01857878749235,0 -98.14822222222125,19.01827729428787,0 -98.14821025539655,19.01817560139889,0 -98.14821919916109,19.01800341782398,0 -98.1481028057687,19.01787687125166,0 -98.14831019733809,19.01758301597436,0 -98.14857104719918,19.01756260231356,0 -98.14881019841275,19.01755662780173,0 -98.14924194129793,19.01746680063627,0 -98.14924194129793,19.01746680063627,0 
							</coordinates>
						</LinearRing>
					</outerBoundaryIs>
				</Polygon>
				<Polygon>
					<outerBoundaryIs>
						<LinearRing>
							<coordinates>
								-98.16731990633353,19.01893968064521,0 -98.16712298827525,19.01851237781191,0 -98.16693862526613,19.0182180372099,0 -98.16750664157485,19.01802116965109,0 -98.16713949204386,19.01745939899057,0 -98.16688515373755,19.01678717998759,0 -98.16752653726199,19.01634545417529,0 -98.16666559111124,19.01561235874297,0 -98.1668908996274,19.01534748112529,0 -98.16695840596299,19.01526645310207,0 -98.16769752993426,19.01578262701892,0 -98.16785677625089,19.01564327171785,0 -98.1682518154131,19.01609237675594,0 -98.16881670926219,19.01677720458145,0 -98.16906959755173,19.01691389519448,0 -98.16926596088899,19.01707292375553,0 -98.16967263900246,19.01721256384912,0 -98.16968314764425,19.01736849785909,0 -98.16984224638011,19.01761772761641,0 -98.16993748102554,19.0179321881246,0 -98.17038286096543,19.01829114574956,0 -98.17072413233946,19.01832882475808,0 -98.17099257652323,19.01868246865733,0 -98.17115219325058,19.01870803597123,0 -98.17148778707208,19.01922560361909,0 -98.17124793366095,19.01914458779886,0 -98.17100716705404,19.01910791173112,0 -98.17085927164776,19.01908968965116,0 -98.17074885604808,19.01906261675893,0 -98.16960512625936,19.01892052771336,0 -98.16928186064528,19.01899446112439,0 -98.16889727841894,19.01910919104438,0 -98.16869622010697,19.01917362379973,0 -98.1685046827775,19.01931244583876,0 -98.16839405245979,19.01939546728263,0 -98.16834809040124,19.01942115124347,0 -98.16829685300739,19.01942392999467,0 -98.16823649220059,19.01939864421374,0 -98.16772738731218,19.01909799806161,0 -98.16749181957726,19.01904403606946,0 -98.16741223327755,19.01901578969924,0 -98.16731990633353,19.01893968064521,0 -98.16731990633353,19.01893968064521,0 
							</coordinates>
						</LinearRing>
					</outerBoundaryIs>
				</Polygon>
				<Polygon>
					<outerBoundaryIs>
						<LinearRing>
							<coordinates>
								-98.17345877892882,19.01913410880491,0 -98.17352333597046,19.01908238907969,0 -98.17372669606702,19.01914881592586,0 -98.17380004693655,19.0196296893516,0 -98.17372549577057,19.01950053749739,0 -98.17345149404676,19.01914008397503,0 -98.17345877892882,19.01913410880491,0 -98.17345877892882,19.01913410880491,0 
							</coordinates>
						</LinearRing>
					</outerBoundaryIs>
				</Polygon>
				<Polygon>
					<outerBoundaryIs>
						<LinearRing>
							<coordinates>
								-98.1404154384911,19.02118937188839,0 -98.14041558492767,19.02118934997729,0 -98.14041602657203,19.02119160220913,0 -98.1404154798927,19.02118945070161,0 -98.1404154384911,19.02118937188839,0 -98.1404154384911,19.02118937188839,0 
							</coordinates>
						</LinearRing>
					</outerBoundaryIs>
				</Polygon>
				<Polygon>
					<outerBoundaryIs>
						<LinearRing>
							<coordinates>
								-98.14638094246428,19.02331750203811,0 -98.14639560187565,19.02319688147417,0 -98.14649554370418,19.02329173044281,0 -98.14638094246428,19.02331750203811,0 -98.14638094246428,19.02331750203811,0 
							</coordinates>
						</LinearRing>
					</outerBoundaryIs>
				</Polygon>
				<Polygon>
					<outerBoundaryIs>
						<LinearRing>
							<coordinates>
								-98.13258711809284,19.02530347823262,0 -98.13244365300424,19.02456602303641,0 -98.13255865170655,19.02455645879003,0 -98.13260410559647,19.02457907357168,0 -98.13270530291567,19.02454426148777,0 -98.13323295814997,19.0245003754416,0 -98.13333005510623,19.02500016967479,0 -98.13258711809284,19.02530347823262,0 -98.13258711809284,19.02530347823262,0 
							</coordinates>
						</LinearRing>
					</outerBoundaryIs>
				</Polygon>
				<Polygon>
					<outerBoundaryIs>
						<LinearRing>
							<coordinates>
								-98.15141128931545,19.02974289273134,0 -98.15133959837496,19.02960495719388,0 -98.15140544853716,19.02971910164434,0 -98.15141128931545,19.02974289273134,0 -98.15141128931545,19.02974289273134,0 
							</coordinates>
						</LinearRing>
					</outerBoundaryIs>
				</Polygon>
				<Polygon>
					<outerBoundaryIs>
						<LinearRing>
							<coordinates>
								-98.13084100517302,19.02936061216407,0 -98.13057142382146,19.02876524431172,0 -98.13226004933246,19.02682799361766,0 -98.13229612489909,19.02705295166239,0 -98.13204245781871,19.02710737116004,0 -98.13215737981241,19.02749719441184,0 -98.13262010633136,19.02847257132725,0 -98.13306531843365,19.02906785243101,0 -98.13322375571704,19.02906488074582,0 -98.13321892974915,19.02943674655933,0 -98.13308934232279,19.02946037444882,0 -98.13077993232555,19.02980592021409,0 -98.13060898788336,19.02949145014759,0 -98.13084100517302,19.02936061216407,0 -98.13084100517302,19.02936061216407,0 
							</coordinates>
						</LinearRing>
					</outerBoundaryIs>
				</Polygon>
				<Polygon>
					<outerBoundaryIs>
						<LinearRing>
							<coordinates>
								-98.12202569045959,19.03535446638277,0 -98.12238565915784,19.03483411326761,0 -98.12240245343939,19.03485330049547,0 -98.12248211262801,19.03491452922927,0 -98.12255802959719,19.03503912977275,0 -98.12262973102624,19.03508908788711,0 -98.12272080429277,19.03515254409337,0 -98.12282123807708,19.0352511617614,0 -98.1227158179033,19.03525270702437,0 -98.12264913690943,19.03525368437716,0 -98.12255658291798,19.03525504034254,0 -98.12243814844834,19.03528207611008,0 -98.12229291947493,19.03531522801052,0 -98.12218191542469,19.03532586818973,0 -98.12202569045959,19.03535446638277,0 -98.12202569045959,19.03535446638277,0 
							</coordinates>
						</LinearRing>
					</outerBoundaryIs>
				</Polygon>
				<Polygon>
					<outerBoundaryIs>
						<LinearRing>
							<coordinates>
								-98.13207258085544,19.03791140882131,0 -98.13237098768153,19.03756616996876,0 -98.13261773308474,19.03761767674534,0 -98.13263471186521,19.03756685022288,0 -98.13266707178822,19.03737209587485,0 -98.13268536351859,19.03726421878122,0 -98.13270349835413,19.03715727174036,0 -98.13274502191382,19.03691243310374,0 -98.13276706988964,19.0367823999627,0 -98.13276922835468,19.03677828388138,0 -98.13293392584332,19.03682358430946,0 -98.13297407823531,19.03682708480171,0 -98.13301339970799,19.03622649097876,0 -98.13293158740282,19.03592470514187,0 -98.13276548398166,19.03574569281005,0 -98.13253948876434,19.03565227335427,0 -98.13257767190713,19.03549694328709,0 -98.13259131593378,19.03527704910215,0 -98.13256924071594,19.03492593233842,0 -98.13261863053025,19.03490001891483,0 -98.13269783120566,19.03484075315163,0 -98.13276678703652,19.03480644868299,0 -98.132854128562,19.03473760226678,0 -98.13292010504617,19.03468559686412,0 -98.13295655391599,19.03465686636355,0 -98.13303341604328,19.03459628003257,0 -98.13315654073658,19.03454471807513,0 -98.13316031850577,19.03454313628444,0 -98.1331610541789,19.03454547937276,0 -98.13317301436362,19.03462283114131,0 -98.1331727694695,19.0346231462812,0 -98.13317057882379,19.03462596362567,0 -98.13317317249255,19.0346253197233,0 -98.13317346268552,19.03462524788678,0 -98.13334349142792,19.03554213108519,0 -98.13370806243898,19.03553226785482,0 -98.13389585783824,19.03556995646492,0 -98.13434324320563,19.03566144340692,0 -98.13492297249552,19.03582190830653,0 -98.13496143062234,19.03586941251964,0 -98.13535322887265,19.03601847788037,0 -98.13575597670113,19.03618862780556,0 -98.13619392785493,19.03653355849988,0 -98.13594711018114,19.03781007873483,0 -98.13596389775898,19.03788530126362,0 -98.1361400536257,19.03836638877936,0 -98.13612247173533,19.03844471824535,0 -98.13595242779004,19.03867415236731,0 -98.13567122815442,19.03907271728811,0 -98.13525627975658,19.0396084644491,0 -98.13505198587056,19.0397362762291,0 -98.13482872890177,19.03991441269575,0 -98.1346020567035,19.04006934888127,0 -98.13435509460284,19.04014406913409,0 -98.13413929146149,19.04021987588154,0 -98.13392595159404,19.04024613414821,0 -98.13366310575444,19.04025354134648,0 -98.13366173677174,19.04025310838584,0 -98.13265847790404,19.03994048995735,0 -98.13222746982254,19.03958814083954,0 -98.13199943492451,19.03936260346103,0 -98.13226361108214,19.03925781134598,0 -98.13204289884291,19.03852930875016,0 -98.13203381230196,19.03833497427646,0 -98.13207258085544,19.03791140882131,0 -98.13207258085544,19.03791140882131,0 
							</coordinates>
						</LinearRing>
					</outerBoundaryIs>
				</Polygon>
				<Polygon>
					<outerBoundaryIs>
						<LinearRing>
							<coordinates>
								-98.23772229696694,19.04177077427543,0 -98.23772163198196,19.0417701018878,0 -98.23772254819626,19.04177048883926,0 -98.24059431463637,19.04298160193807,0 -98.24059494145638,19.0429818937005,0 -98.24063343244988,19.04299983684434,0 -98.24003004536017,19.04625067885301,0 -98.23989828923555,19.04537449979086,0 -98.23989168679472,19.0453305934002,0 -98.23955808377096,19.04424477830522,0 -98.23854399458185,19.04260264068494,0 -98.23772406772618,19.04177256729863,0 -98.23772229696694,19.04177077427543,0 -98.23772229696694,19.04177077427543,0 
							</coordinates>
						</LinearRing>
					</outerBoundaryIs>
				</Polygon>
				<Polygon>
					<outerBoundaryIs>
						<LinearRing>
							<coordinates>
								-98.14101543952771,19.04192166951777,0 -98.14189419422704,19.04192392893318,0 -98.14189339499391,19.04207021632228,0 -98.14189259081105,19.04214534488546,0 -98.1418918063446,19.04221848543455,0 -98.14189103936579,19.04229007172759,0 -98.14189027001669,19.04236211888794,0 -98.14188948781951,19.0424348166406,0 -98.1418887538175,19.04250368299601,0 -98.14188795524099,19.04257771812387,0 -98.14188718704479,19.04264953936627,0 -98.14188653499609,19.04272279800558,0 -98.14188586680216,19.04279734883753,0 -98.14188522250477,19.04286909835925,0 -98.14188457346872,19.04294176961614,0 -98.1418839418744,19.04301289565379,0 -98.14188331348254,19.04308339816374,0 -98.14188308930854,19.04310852857548,0 -98.14188265001557,19.04315702725695,0 -98.14188185383556,19.04323059247492,0 -98.14188106398693,19.04330107615913,0 -98.14188023553329,19.04337537321,0 -98.14187943922541,19.04344711298386,0 -98.14187864300837,19.04351883468389,0 -98.14187782906666,19.04359215582168,0 -98.14187705047534,19.04366229615547,0 -98.14187622363664,19.04373627692144,0 -98.14187543038373,19.04380742027519,0 -98.14187463534603,19.04388075957216,0 -98.14187385528905,19.04395303259106,0 -98.14187305876104,19.04402666105877,0 -98.14187230004548,19.04409662978163,0 -98.14187150351336,19.04417025824816,0 -98.14187113298307,19.04420537368427,0 -98.14187073713076,19.04424171801274,0 -98.14186941097179,19.0443647755277,0 -98.14186949486168,19.0443706408263,0 -98.1418664341037,19.04448543964327,0 -98.14186722762044,19.04451594266361,0 -98.14186685189999,19.04463896844492,0 -98.14186616197185,19.04471219074475,0 -98.14186548173016,19.04478537694168,0 -98.14186481026458,19.04485685521625,0 -98.14186414330233,19.04492745693782,0 -98.14186344960422,19.04500141120175,0 -98.14186278763559,19.04507288951875,0 -98.14186193277804,19.04514491818582,0 -98.14186107438847,19.04521763363561,0 -98.14186023488169,19.04528852373123,0 -98.14185933464961,19.04536383255797,0 -98.14185849179449,19.04543537328924,0 -98.14185763525433,19.04550772727173,0 -98.14185678326393,19.04557919566468,0 -98.14185598001772,19.04564709653994,0 -98.1420431701397,19.04565206743821,0 -98.14208367720684,19.04565340064051,0 -98.14208363677407,19.04566663219153,0 -98.14208360355329,19.04567735063126,0 -98.1418920847982,19.04573358061724,0 -98.14165245540146,19.04599902989581,0 -98.14121877001253,19.0458437392838,0 -98.14098830683612,19.04568939424506,0 -98.13963230503306,19.0447252461157,0 -98.13940334715318,19.04456244952871,0 -98.13925836325342,19.04450058075715,0 -98.13793495602208,19.04393584161137,0 -98.13795051530218,19.04387946477931,0 -98.1383958553844,19.04226580996895,0 -98.13984827355522,19.04194334683913,0 -98.14086635734822,19.04192323425305,0 -98.14101543952771,19.04192166951777,0 -98.14101543952771,19.04192166951777,0 
							</coordinates>
						</LinearRing>
					</outerBoundaryIs>
				</Polygon>
				<Polygon>
					<outerBoundaryIs>
						<LinearRing>
							<coordinates>
								-98.11971038680961,19.04605530954876,0 -98.1197190142878,19.04602363243632,0 -98.1197194755637,19.04602193752551,0 -98.12107813458105,19.04589954146584,0 -98.12107809102449,19.04589969217301,0 -98.12106302686597,19.04595134166844,0 -98.12106282362738,19.04595204014905,0 -98.12103207878789,19.04605745803929,0 -98.12103338904369,19.04605731517022,0 -98.12105887436813,19.04605453749857,0 -98.12096425862359,19.04623950223824,0 -98.12080985087614,19.04665493409153,0 -98.12080945384606,19.0467303243923,0 -98.12046999051539,19.04739848043632,0 -98.12045030117228,19.04739813269514,0 -98.11934522958263,19.04737861334074,0 -98.11936539950332,19.04732190517619,0 -98.11939757253472,19.04720378508881,0 -98.11940439475272,19.04717873962415,0 -98.11941160267106,19.04715227541488,0 -98.11941993567262,19.04712168043107,0 -98.11942670458869,19.04709682990565,0 -98.11943509960304,19.04706600748937,0 -98.11944326688111,19.04703602169707,0 -98.11945097190014,19.04700773532772,0 -98.11945855387225,19.04697989569229,0 -98.11946627923707,19.04695153441358,0 -98.11947341348841,19.04692534004933,0 -98.11948142181831,19.04689593908059,0 -98.11948955806442,19.04686606790437,0 -98.11949661381061,19.04684016234173,0 -98.11950400386615,19.04681303208013,0 -98.11951152475577,19.04678541897351,0 -98.11951824518518,19.04676074714017,0 -98.11952683592138,19.04672920451467,0 -98.11953525801826,19.0466982846231,0 -98.11954181952629,19.04667419400007,0 -98.11955008075526,19.04664386434663,0 -98.11955729927703,19.04661736222456,0 -98.11956504884863,19.04658890887959,0 -98.11957302516053,19.04655962613397,0 -98.11958127669349,19.04652933077194,0 -98.1195884205993,19.04650310029967,0 -98.11959574763991,19.04647620017012,0 -98.11960373266419,19.04644688493153,0 -98.1196109715189,19.04642030789776,0 -98.11961870071484,19.04639193036121,0 -98.11962702297679,19.0463613741699,0 -98.11963442654785,19.04633419516595,0 -98.11964169349781,19.04630751434112,0 -98.11964952832047,19.04627874691671,0 -98.11965690863876,19.04625165093898,0 -98.11966482580591,19.04622258478829,0 -98.11967255886898,19.04619419100045,0 -98.11968033841892,19.04616563115674,0 -98.11968752976452,19.04613922830191,0 -98.11969544403128,19.04611016936477,0 -98.11970216536676,19.04608549481433,0 -98.11971038680961,19.04605530954876,0 -98.11971038680961,19.04605530954876,0 
							</coordinates>
						</LinearRing>
					</outerBoundaryIs>
				</Polygon>
				<Polygon>
					<outerBoundaryIs>
						<LinearRing>
							<coordinates>
								-98.26799219890312,19.04964893073756,0 -98.26799604140029,19.04963564975889,0 -98.26801915033731,19.04963987946198,0 -98.26843569089864,19.04971519897635,0 -98.26900307709791,19.04981755740004,0 -98.26900132444301,19.04982346792267,0 -98.26843995266523,19.04972637481998,0 -98.26799219890312,19.04964893073756,0 -98.26799219890312,19.04964893073756,0 
							</coordinates>
						</LinearRing>
					</outerBoundaryIs>
				</Polygon>
				<Polygon>
					<outerBoundaryIs>
						<LinearRing>
							<coordinates>
								-98.27152006426938,19.05029767867078,0 -98.27152222326372,19.05029053616726,0 -98.27169340063121,19.050323569728,0 -98.27256397006315,19.05048512038008,0 -98.27318654004438,19.05060533925466,0 -98.27329983257712,19.05062721670108,0 -98.27152006426938,19.05029767867078,0 -98.27152006426938,19.05029767867078,0 
							</coordinates>
						</LinearRing>
					</outerBoundaryIs>
				</Polygon>
				<Polygon>
					<outerBoundaryIs>
						<LinearRing>
							<coordinates>
								-98.27375135503172,19.05071081621001,0 -98.27344679743391,19.05065442744869,0 -98.27376051334534,19.05069404059817,0 -98.27375135503172,19.05071081621001,0 -98.27375135503172,19.05071081621001,0 
							</coordinates>
						</LinearRing>
					</outerBoundaryIs>
				</Polygon>
				<Polygon>
					<outerBoundaryIs>
						<LinearRing>
							<coordinates>
								-98.27008886881745,19.05311163737655,0 -98.26898060395887,19.05259592301864,0 -98.26898047351349,19.05259641321391,0 -98.26893575489692,19.05249932998028,0 -98.26924357057793,19.05144665689419,0 -98.26944681079641,19.05074402888975,0 -98.26953692115133,19.05075784620012,0 -98.2709016335281,19.05108124584119,0 -98.27088350941693,19.05112845522451,0 -98.27081756300545,19.05129416025119,0 -98.27072705343296,19.05152430181386,0 -98.27071113878274,19.05156477012808,0 -98.27070319769338,19.05159020517407,0 -98.27083670944657,19.05163770817003,0 -98.27095500981549,19.05167979924559,0 -98.27091193304111,19.05178795628153,0 -98.27086275441168,19.05191146123141,0 -98.27082756645079,19.05199981306874,0 -98.27077802261442,19.05212422025231,0 -98.27072805589238,19.05224969212036,0 -98.27060593591904,19.05220603052031,0 -98.27047367253255,19.05215875007601,0 -98.27046065681327,19.05219258758529,0 -98.27044694414118,19.05222715433995,0 -98.27043379836547,19.05226030451655,0 -98.27041991264548,19.05229532243734,0 -98.27040679564533,19.05232840946583,0 -98.27039290037064,19.05236343638327,0 -98.27038056174732,19.05239455640846,0 -98.27036667500238,19.05242958606818,0 -98.27035347254265,19.05246286885804,0 -98.27033980497089,19.05249797800396,0 -98.2703269540331,19.05253106607695,0 -98.27031330541701,19.05256618433235,0 -98.27030052166386,19.05259911903864,0 -98.27028687299668,19.05263424632833,0 -98.27027456027383,19.05266595385525,0 -98.27026092113822,19.05270107214308,0 -98.27024822400075,19.05273375414963,0 -98.27023457527113,19.05276889047111,0 -98.27022165705465,19.05280214093555,0 -98.27020690289248,19.05284013762947,0 -98.27019409568315,19.05287190645355,0 -98.2701843437154,19.0528961052698,0 -98.27018048136797,19.05290568734794,0 -98.27016714667948,19.05293876445659,0 -98.27015405974288,19.05297125513526,0 -98.27013309636021,19.05302327084861,0 -98.27011400462764,19.05307063084117,0 -98.27008923307771,19.05311179244701,0 -98.27008886881745,19.05311163737655,0 -98.27008886881745,19.05311163737655,0 
							</coordinates>
						</LinearRing>
					</outerBoundaryIs>
				</Polygon>
				<Polygon>
					<outerBoundaryIs>
						<LinearRing>
							<coordinates>
								-98.11537057121092,19.05918056630695,0 -98.11538905202458,19.05915314696869,0 -98.11590047972709,19.05935231436874,0 -98.1158468567303,19.0594004484496,0 -98.11580438464551,19.05944566194797,0 -98.11578310831791,19.05943588250461,0 -98.11563000737317,19.05936551315905,0 -98.1155711946265,19.05933848149764,0 -98.11554810865221,19.05932030993752,0 -98.11537057121092,19.05918056630695,0 -98.11537057121092,19.05918056630695,0 
							</coordinates>
						</LinearRing>
					</outerBoundaryIs>
				</Polygon>
				<Polygon>
					<outerBoundaryIs>
						<LinearRing>
							<coordinates>
								-98.11513715576294,19.06000507203241,0 -98.1155058302065,19.05976348848851,0 -98.11517286122985,19.06011794900479,0 -98.11514512778314,19.06014745481043,0 -98.11513715576294,19.06000507203241,0 -98.11513715576294,19.06000507203241,0 
							</coordinates>
						</LinearRing>
					</outerBoundaryIs>
				</Polygon>
				<Polygon>
					<outerBoundaryIs>
						<LinearRing>
							<coordinates>
								-98.25634180186471,19.07693377832828,0 -98.25691858970397,19.07577839973036,0 -98.25802710945763,19.07630508570821,0 -98.25744175087449,19.07661609651566,0 -98.25716986792368,19.07675350252018,0 -98.25688373240618,19.07687480183893,0 -98.25653196154757,19.07692631252569,0 -98.25634180186471,19.07693377832828,0 -98.25634180186471,19.07693377832828,0 
							</coordinates>
						</LinearRing>
					</outerBoundaryIs>
				</Polygon>
				<Polygon>
					<outerBoundaryIs>
						<LinearRing>
							<coordinates>
								-98.25693732356052,19.07572814089128,0 -98.25647861471299,19.075517178009,0 -98.25647865527007,19.0755178875778,0 -98.2561010950198,19.07534424399444,0 -98.25610139214527,19.07534368941714,0 -98.25583909408739,19.07522305509018,0 -98.2558280177718,19.07520332868519,0 -98.25568474477656,19.07514029742314,0 -98.25566135279249,19.0751297851306,0 -98.2556609864797,19.07513029514654,0 -98.25565891572757,19.07512936501227,0 -98.25565920330902,19.07512881943416,0 -98.2553947679281,19.07500996790257,0 -98.25539325193517,19.07500996178053,0 -98.25535334619808,19.07499202573314,0 -98.25535339189196,19.07499137163828,0 -98.25518259004176,19.07491460462449,0 -98.25372054421624,19.07426451713391,0 -98.25339203214999,19.07411621483191,0 -98.25196986163124,19.07348052933402,0 -98.2518987101607,19.07345087132768,0 -98.25025514436689,19.07275512470568,0 -98.24888527103715,19.07222992162007,0 -98.24797557675817,19.0718828081345,0 -98.24671320750586,19.07136480720747,0 -98.24529461686954,19.07084615769987,0 -98.24480331737819,19.07085318348327,0 -98.24471183660154,19.07085280884767,0 -98.24254102998958,19.0707340735845,0 -98.24240155880307,19.07067389540784,0 -98.24224442590705,19.07056990010164,0 -98.24201307651575,19.07037547825692,0 -98.2413196599671,19.06959855546923,0 -98.24204750787267,19.0689102200685,0 -98.24247271575288,19.06841267403135,0 -98.24274471873663,19.06777216440587,0 -98.24281609564781,19.06735901492131,0 -98.24260986622794,19.06672783690012,0 -98.24163400908866,19.06617934933459,0 -98.2415157820061,19.06605234530913,0 -98.24135401783903,19.06478876008946,0 -98.24116133548553,19.0641847472391,0 -98.24116326043863,19.06415312657721,0 -98.24116418261519,19.06415306711163,0 -98.2411699263825,19.06367419232378,0 -98.24194306293828,19.06307867073332,0 -98.24232152530023,19.06149197288157,0 -98.24107357756942,19.06043629260416,0 -98.24104535521384,19.06031624288798,0 -98.24099803710259,19.06024140895665,0 -98.24095389863433,19.06008395287267,0 -98.24096881564232,19.0599463870691,0 -98.24103959704172,19.05975423714177,0 -98.24104252910566,19.05974627676149,0 -98.24116723138189,19.05940774763816,0 -98.24130131788074,19.05911610660752,0 -98.24141856613504,19.05896005878605,0 -98.24154569238345,19.05879086649937,0 -98.2415978669213,19.05872142645794,0 -98.24170506334409,19.05857875616007,0 -98.24176040613149,19.05842655105365,0 -98.24180298914214,19.05830943568614,0 -98.24180359483459,19.05817615414115,0 -98.24177220034223,19.05800853334047,0 -98.24168212558828,19.0577624751158,0 -98.24159905585633,19.05753555076615,0 -98.24152736930463,19.05727135396296,0 -98.24145260067435,19.05706845510347,0 -98.24134746760744,19.05692743968154,0 -98.24130824963783,19.05690333671384,0 -98.24121532485408,19.05684622847135,0 -98.2411009478143,19.05679506325789,0 -98.24095762634495,19.05679985171254,0 -98.24083159579737,19.05680406323756,0 -98.24070630045223,19.05684991930154,0 -98.24055899565366,19.05690383155722,0 -98.24042719458294,19.05693095315631,0 -98.24025905786257,19.05696555139117,0 -98.24012709456034,19.05696170591854,0 -98.24002058089908,19.05695860136971,0 -98.23991696794562,19.05693418409783,0 -98.23982191049285,19.05687781283958,0 -98.23976331984899,19.05681626084553,0 -98.23971883110502,19.05673610733601,0 -98.23970116706917,19.0566112507574,0 -98.23973070054244,19.05646199443323,0 -98.23975713273343,19.05632841626824,0 -98.23978295692413,19.05619790455705,0 -98.23984897214955,19.05603425885521,0 -98.23994414217725,19.05589201534039,0 -98.24007377326404,19.05569826269569,0 -98.24007397899319,19.05569795538108,0 -98.24015052317682,19.05562085237598,0 -98.24018878282988,19.05558231346106,0 -98.24022331130855,19.05554753302828,0 -98.24029688380483,19.05538165718887,0 -98.24038185591817,19.05519007819957,0 -98.24038833569877,19.0549981761008,0 -98.24037412315607,19.05479583513297,0 -98.24041254567979,19.0546064204467,0 -98.24052438475171,19.05405508578991,0 -98.24063833515744,19.05365570247235,0 -98.24071372754717,19.05348265398258,0 -98.24079933338834,19.05338979666645,0 -98.24089609147384,19.05328484215181,0 -98.24102093830184,19.05319887236022,0 -98.24117657313616,19.0530917017301,0 -98.24133662078553,19.05298149097742,0 -98.2414828495892,19.05288079618848,0 -98.24161772079577,19.05281204290353,0 -98.24173873188505,19.05270857836292,0 -98.2418321447179,19.05258625490697,0 -98.24183481701225,19.05253836974347,0 -98.24181861558117,19.05240235315815,0 -98.24175741626033,19.05228468842962,0 -98.24164889999057,19.05219673183239,0 -98.24145881830265,19.05204266502667,0 -98.24131355679167,19.05196543868544,0 -98.24116332299376,19.05186819018293,0 -98.2409919885024,19.05178751542009,0 -98.24083829665817,19.05168025660837,0 -98.24068094861322,19.05160630297994,0 -98.24053778389066,19.05149575438534,0 -98.24040715537606,19.05142613255822,0 -98.24028145951084,19.05132451283082,0 -98.24013263675923,19.05120419423484,0 -98.24006319304004,19.0510639603607,0 -98.24006375435938,19.05094067531408,0 -98.2400995229163,19.05078088111323,0 -98.24020866041992,19.05054555035528,0 -98.24038537614406,19.05029583417902,0 -98.24051957735708,19.05010619352842,0 -98.24061832608479,19.04996665178571,0 -98.24065735607203,19.04980671541798,0 -98.24066716234869,19.04965008927469,0 -98.24068028890795,19.04944043496647,0 -98.24069119260668,19.04926629418313,0 -98.24066812282163,19.04903386863021,0 -98.24063650506032,19.04871532858688,0 -98.24054521645509,19.04841993174054,0 -98.24038542677322,19.04790584925671,0 -98.24010474838505,19.04674350342314,0 -98.24005228370035,19.04639536256445,0 -98.24003096714976,19.04625068264744,0 -98.24063434489342,19.04300022015141,0 -98.2410576158738,19.04317780171496,0 -98.24113172217366,19.04320747749942,0 -98.24163085456377,19.04341963881184,0 -98.24195571011624,19.04355652801729,0 -98.24315207440391,19.04404265698037,0 -98.24563544021629,19.04494070622457,0 -98.24577477872869,19.04499323925457,0 -98.24578162321627,19.04499568552131,0 -98.2460113814397,19.04507779808303,0 -98.24749448115448,19.04567726492511,0 -98.24788920345345,19.04578808576393,0 -98.24816170949634,19.04580046394147,0 -98.24836347121203,19.04578098016277,0 -98.24856145529665,19.04573660095256,0 -98.24875182994334,19.04566733783943,0 -98.24939391030662,19.04552987635096,0 -98.24939445255218,19.04552996169611,0 -98.24939483209427,19.0455298800985,0 -98.2494892543897,19.04554466625957,0 -98.24957414985811,19.04555796049683,0 -98.24968331164172,19.04557505488075,0 -98.24987244232868,19.04561056715976,0 -98.25040626007883,19.04571079786133,0 -98.25041551119845,19.04571253528631,0 -98.25049488494044,19.04572743786991,0 -98.25128666400205,19.04603743774602,0 -98.25137703015909,19.04607822953558,0 -98.25115605958395,19.04682442005265,0 -98.25104021976105,19.04716067975568,0 -98.25175882036173,19.04812430932192,0 -98.25196460560559,19.04837307145576,0 -98.25205512253301,19.04850482215181,0 -98.25255453362257,19.04879376967834,0 -98.25321996394523,19.04917285418465,0 -98.25366032628206,19.04942371917187,0 -98.25380922759793,19.0495109501084,0 -98.25387328271175,19.04954847503038,0 -98.25388655173884,19.04955624899805,0 -98.25425717989374,19.04977336932235,0 -98.25433280362306,19.04981665313324,0 -98.25554271194483,19.05050914636039,0 -98.2555517646184,19.05051432674923,0 -98.25616760059238,19.05086679744268,0 -98.25634807854831,19.05097009135143,0 -98.25634911557907,19.0509706856477,0 -98.25635015261385,19.05097127904026,0 -98.25635260111723,19.0509726797042,0 -98.25703290569568,19.05136203983792,0 -98.25705753869364,19.05137613825758,0 -98.25759367196012,19.05168297996365,0 -98.25778340255141,19.05179842658426,0 -98.25779216388975,19.05180375751732,0 -98.25786342039372,19.05184711454345,0 -98.25847667959847,19.0521957031772,0 -98.25849583986199,19.05215159627978,0 -98.25898388091824,19.05119617715484,0 -98.25900116593971,19.05117175256091,0 -98.2584852325332,19.05097027571524,0 -98.25814894651552,19.05080868245521,0 -98.25860909051505,19.04995156535038,0 -98.2586161692461,19.04993837982477,0 -98.2588615112486,19.04948137065371,0 -98.25886196450608,19.04948052660672,0 -98.25886241872186,19.04947968075616,0 -98.2593656794657,19.04854222895568,0 -98.2595552413499,19.0481872218825,0 -98.25967982001802,19.04795925879318,0 -98.25968238983013,19.04786729912934,0 -98.26032861451371,19.04672085839975,0 -98.26034608021203,19.04669174956907,0 -98.26063327098251,19.04619315591794,0 -98.26063376226574,19.04619230478841,0 -98.26063425260668,19.0461914518477,0 -98.26063732963728,19.04618611062524,0 -98.26066432515542,19.04619366887261,0 -98.26108651515533,19.04545586487638,0 -98.2613690056578,19.04488194626672,0 -98.26166992089185,19.04495205010058,0 -98.26192206035905,19.045010819408,0 -98.26195265975743,19.045008179103,0 -98.26197871961767,19.04501647897142,0 -98.26225757958593,19.04520465039198,0 -98.26235300043021,19.04518748983377,0 -98.26278801976008,19.04520864976243,0 -98.2628764592632,19.04511600079235,0 -98.26287990678843,19.04511238979584,0 -98.26302518166351,19.04508323422575,0 -98.26313795104598,19.04508895563272,0 -98.26319692080952,19.04510188892963,0 -98.26329399983766,19.04510346016839,0 -98.26347842989161,19.04517976921462,0 -98.26403591527099,19.0453286139049,0 -98.26419842232929,19.04544261876706,0 -98.26432567696412,19.04543081831233,0 -98.26432520021545,19.04544908029309,0 -98.26437211025895,19.04546081926857,0 -98.26446396932123,19.04544925904969,0 -98.26455941330501,19.04540914332997,0 -98.26529537974585,19.0453408940312,0 -98.26531188039962,19.04540237008097,0 -98.26555907961458,19.04542997945785,0 -98.2658697699064,19.04553444988448,0 -98.26606725042764,19.04575605000142,0 -98.26619045920673,19.04582177010311,0 -98.26624458641703,19.04585941218694,0 -98.26627093993052,19.04587774104462,0 -98.26692513996726,19.04610400056125,0 -98.26750726041644,19.04626409080359,0 -98.26802896976019,19.0463947699264,0 -98.26810931504301,19.04640965709453,0 -98.26813342888349,19.04641412571889,0 -98.26843790343828,19.04647053802771,0 -98.26847303378705,19.04648555403218,0 -98.26862931882246,19.04653008608766,0 -98.26861689097387,19.04653605191944,0 -98.26854187926827,19.04651498216133,0 -98.26852385466627,19.04656569810314,0 -98.26780643470765,19.04703292300009,0 -98.2649131056781,19.04896964597083,0 -98.26442331861907,19.04933217355341,0 -98.26317863032908,19.05025344793336,0 -98.26220045696263,19.05097744475239,0 -98.26157810472256,19.05142239716982,0 -98.26139843530196,19.05155085195435,0 -98.26001097596721,19.05247863548906,0 -98.25953471515719,19.0527971028319,0 -98.25599673243816,19.05521984279336,0 -98.25591605221047,19.05527834133798,0 -98.25546620507924,19.05556540012957,0 -98.25544535251264,19.05557870706697,0 -98.25386159502803,19.05668612283726,0 -98.25384953793449,19.0566945444882,0 -98.25389511028125,19.05674814659498,0 -98.25420072561475,19.05712359430019,0 -98.25306665341584,19.05789508148061,0 -98.25275685825891,19.05810687497194,0 -98.25235804152894,19.05792183963585,0 -98.25231172518724,19.05857762390549,0 -98.25206347599431,19.05909850653553,0 -98.25165179586484,19.05973665001491,0 -98.25518776179443,19.05973378623025,0 -98.25580703819685,19.0597332774915,0 -98.25800422628974,19.05971176377968,0 -98.25814318675386,19.06001691374318,0 -98.25826355918456,19.06027517527438,0 -98.25853223813837,19.06085162826458,0 -98.25853499449805,19.06085158511952,0 -98.25861155351659,19.06101532740858,0 -98.25865748713694,19.06111356372331,0 -98.25867387791885,19.0611486119141,0 -98.25870415516466,19.06121336638362,0 -98.25875027716123,19.06131201009951,0 -98.25879654986738,19.06141097070587,0 -98.25882300488271,19.06146754936604,0 -98.25884361348569,19.06151161536546,0 -98.25893645196696,19.06171016125477,0 -98.25898336683046,19.06180988350629,0 -98.25902996715244,19.06190789648513,0 -98.2590767567099,19.06200632591604,0 -98.25921714052362,19.06229742102162,0 -98.25931257905903,19.06249686279998,0 -98.25932928437841,19.06253176760592,0 -98.2593586979015,19.06259423213816,0 -98.25940506818702,19.06269277728823,0 -98.25943975969081,19.06276738074482,0 -98.25945207976777,19.06279267151845,0 -98.25946096778209,19.06281156747032,0 -98.25949914600457,19.06289268343803,0 -98.25953269282304,19.06296396659835,0 -98.25954405804428,19.06298812300162,0 -98.25955556260381,19.06301257818535,0 -98.25959102080681,19.06308791759502,0 -98.25963835169591,19.06318850981645,0 -98.25968498589042,19.06328762438788,0 -98.25973235446811,19.06338831524126,0 -98.25977877221995,19.06348696893699,0 -98.25982441799448,19.06358397478547,0 -98.25987052514644,19.06368196751017,0 -98.25991665099401,19.06378004253589,0 -98.25993620794456,19.06382284443901,0 -98.26000656201853,19.06397682208307,0 -98.26005274136439,19.06407786956904,0 -98.26009823354346,19.06417743221557,0 -98.26014266207919,19.06427467710684,0 -98.26028365772873,19.06457243418487,0 -98.2603302954706,19.06467091692753,0 -98.2604245221311,19.06486989241256,0 -98.2604717052939,19.0649675820497,0 -98.26051899213381,19.06506547994264,0 -98.26056613770402,19.06516309801367,0 -98.260615044499,19.06526435420981,0 -98.26066168168714,19.06536090294719,0 -98.2606992479662,19.06546261160897,0 -98.26073707736425,19.06556500722813,0 -98.26078403920684,19.06555146547455,0 -98.26086961068718,19.06553677618295,0 -98.26094503776524,19.06559081888225,0 -98.26122136874349,19.06568177463113,0 -98.26316444496794,19.06534616826596,0 -98.26318971239951,19.06534180399688,0 -98.26442174814886,19.06513621779978,0 -98.26462724941653,19.06506515748491,0 -98.26478984857062,19.06492718294298,0 -98.26484162249511,19.06485982932647,0 -98.26484177801018,19.06486012545725,0 -98.26486528378921,19.06482954653751,0 -98.26505537393595,19.06503786746404,0 -98.26528324681158,19.06525636076442,0 -98.26524875078572,19.06529653305385,0 -98.26522642984662,19.06530604960815,0 -98.26508848993237,19.06543251018633,0 -98.26507854036647,19.06544188984638,0 -98.26489890065555,19.0656115600828,0 -98.26485005983523,19.06567108486385,0 -98.26458178993711,19.06599808959872,0 -98.26446399948362,19.06615764950731,0 -98.26423166018796,19.0664723791596,0 -98.26413515003136,19.0665925797867,0 -98.26407855024469,19.06666308500824,0 -98.26391548964905,19.06690572025405,0 -98.26367333996174,19.06729744973527,0 -98.26348674045809,19.06763540985212,0 -98.26338145452546,19.06782791549763,0 -98.26327084542893,19.06800911617659,0 -98.26320471360781,19.06810997635082,0 -98.26314780040823,19.06819678098638,0 -98.26297806017996,19.06848733002069,0 -98.26283501957366,19.06868345015912,0 -98.26267833926445,19.06891254959019,0 -98.26260611973746,19.06904120024312,0 -98.26243502953258,19.06934601908907,0 -98.26229926942395,19.06960862524458,0 -98.26223685979926,19.06972934521234,0 -98.26220891943315,19.06978773913755,0 -98.26217675649463,19.06989202424777,0 -98.26209876835799,19.07002957293636,0 -98.26209412548354,19.07002847624298,0 -98.26185742210608,19.07060404140334,0 -98.26000698880797,19.06994991406576,0 -98.25960242422761,19.07081558577453,0 -98.25928637865843,19.07067303101267,0 -98.25908064061285,19.07109218010946,0 -98.25905844978831,19.07113953529849,0 -98.25893752065501,19.07107475011228,0 -98.25892868716043,19.07109269105155,0 -98.25853098039912,19.07188075060565,0 -98.25853450957823,19.07188371989984,0 -98.25852352386673,19.07189552506503,0 -98.25851928928957,19.07190391607874,0 -98.25827966384166,19.07223027947636,0 -98.25868253585294,19.07255149442901,0 -98.25819833888249,19.07314770461533,0 -98.25869835035269,19.07349138231779,0 -98.25863524346917,19.07360595744098,0 -98.26084018649593,19.07503688241535,0 -98.26084971713888,19.07504306669655,0 -98.26005737767095,19.07716303052619,0 -98.25814750569586,19.07628470371396,0 -98.25693732356052,19.07572814089128,0 -98.25693732356052,19.07572814089128,0 
							</coordinates>
						</LinearRing>
					</outerBoundaryIs>
				</Polygon>
				<Polygon>
					<outerBoundaryIs>
						<LinearRing>
							<coordinates>
								-98.24714916459025,19.07710580984337,0 -98.24775292330119,19.07591144633682,0 -98.24742164269233,19.07576006406885,0 -98.24794114362099,19.07473236748218,0 -98.25010331255815,19.07572037947661,0 -98.24956730684939,19.07678075260675,0 -98.24848717283189,19.07624611637447,0 -98.24847203521489,19.07627333826715,0 -98.24844941263686,19.07631401826808,0 -98.24843767970282,19.0763351179155,0 -98.24837124350802,19.07645458728202,0 -98.24835074160234,19.07649185541109,0 -98.24832910871929,19.07653036241713,0 -98.24830480153152,19.07657363095415,0 -98.24828425042496,19.07661442510938,0 -98.24826087769452,19.07666082153863,0 -98.24825042757597,19.07668156582617,0 -98.24823479459306,19.07671259838414,0 -98.24822138858271,19.07673921098982,0 -98.24818710148583,19.07680727338045,0 -98.24817521718292,19.07683157148688,0 -98.2481611967235,19.07685869669038,0 -98.24813786476088,19.07690383622104,0 -98.24812282175246,19.07693070783002,0 -98.24809372842459,19.07698267932266,0 -98.24808045619099,19.07700638616415,0 -98.24807260361196,19.0770204138945,0 -98.24804764591931,19.07706499642822,0 -98.24803491124213,19.07708879402082,0 -98.24802106078407,19.07711467551083,0 -98.24799986282375,19.07715428946924,0 -98.24797640645072,19.07719812262239,0 -98.24796652735094,19.07721658466761,0 -98.24796345990717,19.07722231606892,0 -98.2478781272707,19.0773817781758,0 -98.24785262551936,19.07742726215808,0 -98.24714916459025,19.07710580984337,0 -98.24714916459025,19.07710580984337,0 
							</coordinates>
						</LinearRing>
					</outerBoundaryIs>
				</Polygon>
				<Polygon>
					<outerBoundaryIs>
						<LinearRing>
							<coordinates>
								-98.15280442084267,19.07762243404935,0 -98.1513212993455,19.07719609887112,0 -98.15171917314613,19.07730784216228,0 -98.15280442084267,19.07762243404935,0 -98.15280442084267,19.07762243404935,0 
							</coordinates>
						</LinearRing>
					</outerBoundaryIs>
				</Polygon>
				<Polygon>
					<outerBoundaryIs>
						<LinearRing>
							<coordinates>
								-98.15365778135863,19.0778677326514,0 -98.15360715378063,19.0778531795645,0 -98.15424407813805,19.07801749403821,0 -98.15653764441424,19.07860916678341,0 -98.15653217811138,19.07862833329746,0 -98.15365778135863,19.0778677326514,0 -98.15365778135863,19.0778677326514,0 
							</coordinates>
						</LinearRing>
					</outerBoundaryIs>
				</Polygon>
				<Polygon>
					<outerBoundaryIs>
						<LinearRing>
							<coordinates>
								-98.09562702530062,19.08317385473842,0 -98.0944340347868,19.08195936326728,0 -98.09514831913189,19.08171540610907,0 -98.09568621866094,19.08091077800905,0 -98.09833937139361,19.07711835862427,0 -98.09911707589509,19.07791740678913,0 -98.09996183480813,19.07838005908949,0 -98.09966011313253,19.07944679903219,0 -98.09896960226646,19.08109860949348,0 -98.09880858685347,19.08149275420011,0 -98.09877152380993,19.08155787776187,0 -98.09866241809695,19.08184687448894,0 -98.09695159972514,19.08261582740136,0 -98.09634398490594,19.08293503817907,0 -98.09612379068551,19.08269570731428,0 -98.09562702530062,19.08317385473842,0 -98.09562702530062,19.08317385473842,0 
							</coordinates>
						</LinearRing>
					</outerBoundaryIs>
				</Polygon>
				<Polygon>
					<outerBoundaryIs>
						<LinearRing>
							<coordinates>
								-98.16513118373622,19.08519322087672,0 -98.1643182618496,19.08444401338959,0 -98.1643561287049,19.08440421422381,0 -98.16439123269886,19.08436605716915,0 -98.16443768109174,19.08431558913682,0 -98.16451749387818,19.08422887193496,0 -98.16456155276384,19.08418102275762,0 -98.16458175092987,19.08420194423484,0 -98.16458391555994,19.08420434880993,0 -98.16466346674852,19.08412428147041,0 -98.16474309426265,19.08404414214446,0 -98.16474736215613,19.08403844116374,0 -98.16474268247069,19.08403527513475,0 -98.16474633760619,19.08403045698783,0 -98.1647769214823,19.08399708696905,0 -98.16478373218163,19.08399040345763,0 -98.16489238650195,19.08388333205642,0 -98.16489914383742,19.0838766736017,0 -98.16558626889061,19.08455682606541,0 -98.1657227695957,19.08469193122886,0 -98.16583287598377,19.08480092506317,0 -98.16588903242098,19.08485473608321,0 -98.16588206511193,19.08486137554954,0 -98.16559180997596,19.0851389368873,0 -98.16551209347712,19.08506205196426,0 -98.16549091876571,19.08504134756444,0 -98.16544997940225,19.08500346047517,0 -98.16541618338782,19.08497218454741,0 -98.16540514196333,19.08496196809823,0 -98.16538037214407,19.08493903789789,0 -98.16537017449441,19.0849311567735,0 -98.16532573203212,19.08497778443048,0 -98.16526646135344,19.085043385546,0 -98.16516976048938,19.08515041368573,0 -98.16513118373622,19.08519322087672,0 -98.16513118373622,19.08519322087672,0 
							</coordinates>
						</LinearRing>
					</outerBoundaryIs>
				</Polygon>
				<Polygon>
					<outerBoundaryIs>
						<LinearRing>
							<coordinates>
								-98.227524071389,19.09121869268787,0 -98.22615583530741,19.09105937927689,0 -98.22534846591751,19.09111914765687,0 -98.22483514047259,19.09083688513941,0 -98.22419839297737,19.09093587082858,0 -98.22272181046525,19.09073083513385,0 -98.22244909369654,19.09086297933035,0 -98.22241217553542,19.09088089741007,0 -98.22166926354575,19.09094101925961,0 -98.22099870811473,19.09081851204114,0 -98.22077032436474,19.09063395465829,0 -98.22068184449532,19.09051720550622,0 -98.22057885776812,19.09032986437808,0 -98.22049418625177,19.09019197216931,0 -98.22036851372513,19.09009622461117,0 -98.22021021712206,19.08999032056356,0 -98.22023118828358,19.08993513037682,0 -98.22041787023603,19.0895145460337,0 -98.22068415773315,19.08890966447494,0 -98.2207230114176,19.08883171621419,0 -98.22165176536765,19.08883759802574,0 -98.2206217414253,19.08844061840365,0 -98.22068117294293,19.08831038541047,0 -98.22071296300994,19.0882385135289,0 -98.22073862374758,19.08818048742114,0 -98.22077567844723,19.08809671806731,0 -98.22081301167957,19.0880123263331,0 -98.22086967425399,19.08788425945801,0 -98.22090687114301,19.08780054489385,0 -98.22094292473105,19.08771941908834,0 -98.2209809188101,19.08763392759861,0 -98.22101794271286,19.08755059182646,0 -98.22105428434804,19.08746882558854,0 -98.22112823576923,19.08730239758792,0 -98.22116569173569,19.08721810568901,0 -98.22120868016563,19.0871174802996,0 -98.22124416279489,19.08703439099116,0 -98.22127919260818,19.08694730362572,0 -98.22129753424991,19.0869574862354,0 -98.22133969405041,19.08686124925971,0 -98.22138460182944,19.08675870706059,0 -98.22141440577916,19.0866906582989,0 -98.22143507256065,19.08664346433687,0 -98.22147657891327,19.08654870661937,0 -98.22153112023008,19.0864227813203,0 -98.22156016862351,19.08635569629003,0 -98.22164300853373,19.08616443591265,0 -98.22167511246913,19.08609030591303,0 -98.22170350534705,19.0860231186794,0 -98.22172241155735,19.08597836625279,0 -98.22175699443821,19.08589650204445,0 -98.22178831884092,19.085822368728,0 -98.22186268621297,19.08564430253216,0 -98.22187555057837,19.08560731261266,0 -98.2218749470573,19.08560709408162,0 -98.22155275466558,19.08547693445716,0 -98.22018446489501,19.08491709698453,0 -98.220147666,19.08503668073672,0 -98.2207046841485,19.08572132586435,0 -98.22061936368773,19.08592655545817,0 -98.2204607833776,19.08629865851727,0 -98.22033317706936,19.08652630142344,0 -98.22019796012512,19.0864760261571,0 -98.21957641525047,19.08624973091779,0 -98.21603982138225,19.08485884761872,0 -98.21508042663959,19.08434417757026,0 -98.21601800366437,19.08136798386107,0 -98.21615814535188,19.08142010122565,0 -98.2176348107859,19.08196925603889,0 -98.21809641459923,19.08118114938316,0 -98.21655291439893,19.08053642887939,0 -98.21631192952418,19.08043493818105,0 -98.216597178405,19.07952942485726,0 -98.21682292080531,19.07889779822931,0 -98.2170381930743,19.0782225867793,0 -98.21733723137378,19.07728462904922,0 -98.21745046039347,19.07695526126514,0 -98.21756033718047,19.07708676328115,0 -98.21759886514501,19.07710500067295,0 -98.21775952217331,19.07717571869623,0 -98.21778771791044,19.07711709819029,0 -98.21787130839439,19.07715360059409,0 -98.21788209659692,19.0771333132362,0 -98.21791568107966,19.0770656786247,0 -98.21800941270726,19.07709318704031,0 -98.21813392864048,19.07714341832247,0 -98.21825666252023,19.07719364196647,0 -98.21827171495346,19.07715078030418,0 -98.21829099985825,19.07709212193272,0 -98.21830726155156,19.07704474692134,0 -98.21834038954761,19.07694774021985,0 -98.21835242933891,19.0769139027208,0 -98.21838099636707,19.07690272764953,0 -98.21840778126348,19.07689154501877,0 -98.21857480345147,19.07699843710167,0 -98.21861730886343,19.07692858092534,0 -98.21877895002316,19.0766626760147,0 -98.21886426970153,19.07671048147899,0 -98.21888701271263,19.07667443005038,0 -98.21898159125283,19.07652120263462,0 -98.21902829700132,19.07644232719725,0 -98.21907439807822,19.07636570842152,0 -98.21911991565597,19.07628682792433,0 -98.21916601664581,19.07621020912139,0 -98.2192558635019,19.07605244302865,0 -98.21930018224288,19.0759758166393,0 -98.21934451152363,19.07589693104515,0 -98.21938765268339,19.07581804040813,0 -98.21943138784,19.07573915227378,0 -98.21947453949528,19.07565800241998,0 -98.21951708649023,19.07557910923155,0 -98.21955903940594,19.0755002135168,0 -98.21960100285858,19.07541905859808,0 -98.21964295569208,19.07534016286001,0 -98.2196837204106,19.07526126208234,0 -98.21976527087924,19.07509894210884,0 -98.2198048579798,19.07501777707824,0 -98.21984443446638,19.07493887122964,0 -98.21988402148799,19.07485770617793,0 -98.21992301443439,19.07477653860248,0 -98.21996141330655,19.0746953685037,0 -98.21999921810527,19.07461419588201,0 -98.22003762747173,19.07453076657049,0 -98.2183349948305,19.07404459838562,0 -98.2191115277777,19.07161017129361,0 -98.21918810099049,19.07136875707173,0 -98.21928754303903,19.07106418095534,0 -98.21942253965547,19.0706513118246,0 -98.21942354968985,19.07065035999006,0 -98.21976234775107,19.06959221084122,0 -98.21843341747567,19.06847052030113,0 -98.21838489905785,19.06842964840689,0 -98.21813640958271,19.06821622680038,0 -98.21819950242477,19.06809522014524,0 -98.21820720026513,19.06803252728273,0 -98.21823761453142,19.06794123837805,0 -98.21826057701702,19.06787232049063,0 -98.21827771686475,19.06782089153726,0 -98.21829363238831,19.06777314446985,0 -98.21830705129075,19.06773286038026,0 -98.21831528251869,19.06770843223135,0 -98.21836369027477,19.06756807660013,0 -98.21843396881091,19.06736658826272,0 -98.21850767941946,19.06741834796539,0 -98.21852997061582,19.06735472284586,0 -98.21855358156252,19.06728732586705,0 -98.21857458180601,19.06722740042216,0 -98.2185951202035,19.06716867493241,0 -98.21862210305875,19.06709157750027,0 -98.21848319001978,19.06704247860339,0 -98.21850322858718,19.06701537130952,0 -98.21845650662796,19.06698469169975,0 -98.21841817020443,19.06695951496874,0 -98.21833235383784,19.06690316738245,0 -98.21829167191135,19.06687877593829,0 -98.22034819856074,19.0640700019863,0 -98.22059834812674,19.0638059100755,0 -98.2207187039326,19.06375459426851,0 -98.22079799400488,19.06363721373105,0 -98.22080724912632,19.06359489658279,0 -98.22081532466819,19.06355687604541,0 -98.22082791911953,19.06349755640046,0 -98.22085913686396,19.06335176842342,0 -98.22086634886465,19.06331874709724,0 -98.22086922743971,19.06330556890452,0 -98.22092799237426,19.06304692618158,0 -98.22104219781191,19.06253519337373,0 -98.22111560797191,19.06221099589865,0 -98.22183983757948,19.06336894898525,0 -98.22226709095982,19.06175418852338,0 -98.22280183462061,19.06012325945986,0 -98.22299541619783,19.05944153418698,0 -98.22308542189273,19.05908743352925,0 -98.22341222936024,19.05858477675639,0 -98.22383073201472,19.058896053913,0 -98.22385144771947,19.05891195575242,0 -98.22403376290575,19.05904827712587,0 -98.22424953038882,19.0591440725986,0 -98.22816879803308,19.06091820079186,0 -98.23143656960637,19.06285331310262,0 -98.2313768135604,19.06299335332784,0 -98.23134114669909,19.06307540509512,0 -98.23129241018208,19.0631660236739,0 -98.23125307773125,19.06323915872112,0 -98.23122739614504,19.06328690251014,0 -98.23115246020093,19.06342622962824,0 -98.23110783599456,19.06350920192876,0 -98.23112053353744,19.06351538192245,0 -98.2310954213159,19.06372204334041,0 -98.23105534975973,19.06371218867594,0 -98.23105003732017,19.06372241446659,0 -98.23101551980548,19.06372002037778,0 -98.2310037161533,19.06384977833878,0 -98.23100506404258,19.0638872512715,0 -98.23102592146144,19.06402215186374,0 -98.23100797629854,19.06419558704762,0 -98.23106060587409,19.06422192329824,0 -98.23105488136704,19.06431265781154,0 -98.23105276938701,19.06434608582822,0 -98.23104920618141,19.06440361845367,0 -98.23104818513629,19.06442718263703,0 -98.23104746045735,19.06442769472404,0 -98.23104613079349,19.06449552074037,0 -98.23102899427418,19.06449624094666,0 -98.2310009581379,19.06449741997819,0 -98.230999152002,19.0644974937818,0 -98.23099840370128,19.06452786394592,0 -98.23099763469884,19.06454417248571,0 -98.2309807162612,19.06490509307677,0 -98.23097444756343,19.06499881474247,0 -98.23094701646748,19.06517833922912,0 -98.23086649874708,19.06543116269353,0 -98.23088416627276,19.06563186899549,0 -98.230884392546,19.06564256971956,0 -98.23088573271949,19.06570643962273,0 -98.23088632495704,19.06573464649668,0 -98.23088712779385,19.06577283107093,0 -98.23088844462313,19.06583558029082,0 -98.230889627598,19.06589231936274,0 -98.23092223868139,19.06607737898487,0 -98.23081052473387,19.06618797218882,0 -98.23094249850284,19.06664567056751,0 -98.23104000050429,19.06752944144313,0 -98.23109945499175,19.068291054448,0 -98.23091774945999,19.06866307204409,0 -98.23103493742167,19.06888496653318,0 -98.2315788812446,19.06944074828952,0 -98.23179151055554,19.0698347424684,0 -98.23201662483351,19.07009775227806,0 -98.23225666317309,19.07034500925043,0 -98.23234221702077,19.07085821369125,0 -98.23246586290708,19.07148453879779,0 -98.23241938759972,19.07168163334191,0 -98.23247063433439,19.07194715772469,0 -98.23248786351053,19.07245250197025,0 -98.23246298777661,19.0730900065584,0 -98.2324401978977,19.07325071377467,0 -98.23235224210784,19.07332075830301,0 -98.23217163394131,19.07325575709446,0 -98.23207198317021,19.07346905294701,0 -98.23206024501725,19.07349522212405,0 -98.23197109581493,19.07354201749638,0 -98.23169075113189,19.07368917342365,0 -98.23163168566823,19.07372017444298,0 -98.23154682467835,19.07376471919086,0 -98.23130566704265,19.0738913070033,0 -98.23126896922125,19.07391275960241,0 -98.23126591533452,19.07391420634147,0 -98.23118919312287,19.07396347503502,0 -98.23114500715707,19.07399426320578,0 -98.23113307255424,19.07398900634068,0 -98.23110517486495,19.0740037142577,0 -98.23107646863816,19.07401876491464,0 -98.23104590830229,19.07403478744241,0 -98.23100763522189,19.07405485437655,0 -98.23098275911252,19.07406790393989,0 -98.23095418818289,19.07408329041281,0 -98.23090987821936,19.07410715297817,0 -98.23088862342071,19.07412081587981,0 -98.23086209334004,19.07413883699339,0 -98.23085809642575,19.07414155219704,0 -98.23083936851833,19.07415427404013,0 -98.23081693465342,19.07416927400463,0 -98.23076066983715,19.07420688159534,0 -98.23075815315653,19.07420849142475,0 -98.23072977430597,19.07422508600156,0 -98.23068871977713,19.07424727308331,0 -98.23065101546234,19.07426764957004,0 -98.23064835319784,19.07426908799175,0 -98.23063543494357,19.07427904976317,0 -98.23060703011998,19.07429838331685,0 -98.23056973417764,19.07432376887411,0 -98.23054937955615,19.07433493225077,0 -98.23052653065122,19.07434717597834,0 -98.23051524721551,19.07435322251895,0 -98.23046726164307,19.07437893576808,0 -98.23041369408641,19.07442025785349,0 -98.23031964368595,19.0744947564492,0 -98.22825223254,19.07895407933187,0 -98.22832859228936,19.07965476333408,0 -98.2284216077001,19.07970937442562,0 -98.22893385283919,19.0801882173342,0 -98.22970638970405,19.08090536695455,0 -98.23051135127412,19.0816083686414,0 -98.23107964703321,19.08213726421727,0 -98.2321561344217,19.08321235789452,0 -98.23244994458322,19.08350578458391,0 -98.23120275513611,19.08611658838158,0 -98.22984917367442,19.08894909168776,0 -98.22976910103351,19.0892268827787,0 -98.22956145300293,19.0897106284747,0 -98.22941281875649,19.09017379683614,0 -98.22946290252038,19.09074361612348,0 -98.22947651120052,19.09089844707303,0 -98.22920339827142,19.09093237174001,0 -98.22901840991719,19.09097137843412,0 -98.2289023394849,19.0909958518711,0 -98.22880008541735,19.09111785378666,0 -98.22821757660348,19.09130744989454,0 -98.227524071389,19.09121869268787,0 -98.227524071389,19.09121869268787,0 
							</coordinates>
						</LinearRing>
					</outerBoundaryIs>
				</Polygon>
				<Polygon>
					<outerBoundaryIs>
						<LinearRing>
							<coordinates>
								-98.2266873027438,19.09274128761457,0 -98.22679443888234,19.09244830588504,0 -98.22682853671326,19.09246004699354,0 -98.22691360558299,19.09248015872488,0 -98.22699332857317,19.092499009927,0 -98.22707221601326,19.09251765877709,0 -98.22715026786059,19.09253611431296,0 -98.22722890844437,19.09255470783979,0 -98.22730910628765,19.09257366934234,0 -98.22738516732838,19.09259158596224,0 -98.22738515469015,19.09259164645677,0 -98.22735289792151,19.09270510558374,0 -98.22730130439805,19.0928865769834,0 -98.22723485745122,19.09287049267683,0 -98.22722053875374,19.09286703472737,0 -98.2271531517745,19.09285072956221,0 -98.2271367536583,19.09284676585164,0 -98.22705434341664,19.09282725277274,0 -98.2269673659475,19.092806654135,0 -98.22694006681196,19.09280018661958,0 -98.22688444303283,19.09278701231295,0 -98.22680042816914,19.09276711283711,0 -98.22671878716858,19.09274777454055,0 -98.2266873027438,19.09274128761457,0 -98.2266873027438,19.09274128761457,0 
							</coordinates>
						</LinearRing>
					</outerBoundaryIs>
				</Polygon>
				<Polygon>
					<outerBoundaryIs>
						<LinearRing>
							<coordinates>
								-98.16909637874228,19.09455258755235,0 -98.16815559333219,19.09392233200764,0 -98.16828857612735,19.09381629859902,0 -98.16833989499398,19.09373309312204,0 -98.16889818004992,19.09328964254837,0 -98.16641771681873,19.09143132533952,0 -98.16362319574857,19.08927693112638,0 -98.16613252518287,19.08763908012605,0 -98.16619881258889,19.08768908269984,0 -98.16642073087208,19.08786178668693,0 -98.16649588434801,19.08792086610693,0 -98.16656868418833,19.08797541643136,0 -98.16664325499765,19.08803223394794,0 -98.16671723178324,19.0880890487496,0 -98.16679061454455,19.08814586083698,0 -98.16686933273466,19.08820495622952,0 -98.16689064034846,19.08822086703855,0 -98.16694448652714,19.0882640354763,0 -98.16701905759612,19.08832085284881,0 -98.16709303464037,19.08837766750756,0 -98.16716583487964,19.08843221760838,0 -98.16723921794778,19.08848902952656,0 -98.16732384334559,19.08855492906205,0 -98.16740610379645,19.08861855866392,0 -98.16748066389184,19.08867763501947,0 -98.16755464125472,19.0887344495027,0 -98.16762625364862,19.08878899406366,0 -98.16770081389961,19.0888480703349,0 -98.16777302046916,19.08890261752511,0 -98.16784758082385,19.08896169374014,0 -98.16792274659724,19.08901851344905,0 -98.16806951382569,19.08913213668686,0 -98.16814466846914,19.08919121547026,0 -98.16821806349415,19.08924576785902,0 -98.16830209559056,19.08931166428742,0 -98.16835418281639,19.08935030597044,0 -98.1684299430211,19.08940712816453,0 -98.16850215007618,19.08946167508396,0 -98.16857791038301,19.08951849722036,0 -98.16865307666144,19.0895753166469,0 -98.16872766018714,19.0896298742038,0 -98.16880163840582,19.0896866882127,0 -98.16887799300042,19.08974351291196,0 -98.1689519825952,19.08979806770308,0 -98.1690277432115,19.08985488966407,0 -98.16910113882398,19.08990944171922,0 -98.16917808770698,19.08996626897941,0 -98.16925857859808,19.09002763060109,0 -98.16928817002389,19.09005035612722,0 -98.16933432815709,19.09008671160325,0 -98.16940890087216,19.09014352805925,0 -98.16948228547268,19.09020033913119,0 -98.1695550760405,19.09025714749795,0 -98.16962964890853,19.09031396386931,0 -98.16977641846336,19.09042758581898,0 -98.16985040866217,19.09048214026794,0 -98.16992556455713,19.0905412183633,0 -98.16999896077181,19.09059577007935,0 -98.17007530494092,19.09065485346909,0 -98.17014691900106,19.09070939710161,0 -98.17022504553094,19.09076848845952,0 -98.17029665968985,19.09082303203687,0 -98.17037004489784,19.09087984277383,0 -98.17044638933109,19.09093892601791,0 -98.17052096281395,19.09099574204739,0 -98.17059611918245,19.09105481988371,0 -98.17066951584732,19.09110937134647,0 -98.17074408948399,19.09116618729036,0 -98.17081924600987,19.09122526504047,0 -98.17102284713617,19.09137980760604,0 -98.17106529760703,19.0914114441145,0 -98.17097963259997,19.0915144447459,0 -98.17044605902944,19.09207532246807,0 -98.17161446231491,19.09282356651808,0 -98.17163273183793,19.09303956605999,0 -98.17141241958559,19.09323983406857,0 -98.17115797553794,19.09318344820186,0 -98.17008214462373,19.09248978965492,0 -98.16929329063909,19.09311611156918,0 -98.16931064504151,19.09317006747705,0 -98.17032014086308,19.09383799307389,0 -98.17021263743339,19.09448707723027,0 -98.16999360856526,19.09446921875872,0 -98.16968175305087,19.09462345499517,0 -98.16959252283182,19.09488633215836,0 -98.16909637874228,19.09455258755235,0 -98.16909637874228,19.09455258755235,0 
							</coordinates>
						</LinearRing>
					</outerBoundaryIs>
				</Polygon>
				<Polygon>
					<outerBoundaryIs>
						<LinearRing>
							<coordinates>
								-98.13454072746973,19.09726895563427,0 -98.13182146209606,19.09464679154259,0 -98.13178484970918,19.09426255616832,0 -98.1311116926647,19.0935861429938,0 -98.13038610807719,19.09293884955116,0 -98.13010332656388,19.09236819800087,0 -98.13006837648879,19.09121132619871,0 -98.1298700369577,19.09153571341824,0 -98.1291243912184,19.09109164794601,0 -98.12857301705893,19.09076145720009,0 -98.12902556667697,19.08885909826058,0 -98.1308926822846,19.08605029921461,0 -98.13081491701041,19.08600606161334,0 -98.13086867470044,19.08591753783003,0 -98.13098033633463,19.0856635525468,0 -98.13100382479188,19.08556859638277,0 -98.13103254869671,19.08558515164856,0 -98.13108193556154,19.08550338476634,0 -98.13120663485596,19.08557799201503,0 -98.13192096089404,19.08450335404053,0 -98.13375582612015,19.08238579031052,0 -98.13501457654465,19.08305718713381,0 -98.13590253729382,19.08141852120909,0 -98.13556836466682,19.08129221321196,0 -98.13607370070261,19.07947791201623,0 -98.1362650154722,19.07915060565066,0 -98.13757734982488,19.07797607390747,0 -98.13761391455778,19.07783081845341,0 -98.13759161022591,19.07782447330444,0 -98.1370181050147,19.07764947596117,0 -98.13627089750659,19.07743110075444,0 -98.13622368698479,19.07755166810966,0 -98.13615011550671,19.07769009515783,0 -98.13610836915142,19.07767717121586,0 -98.1361055816742,19.07768977081109,0 -98.13607990098239,19.07768826061281,0 -98.13607282952141,19.07770877986193,0 -98.13598948408129,19.07768294437184,0 -98.1357879324414,19.07767109317481,0 -98.13576404587049,19.07774040457971,0 -98.13554557737204,19.07767234537199,0 -98.13555081346934,19.07765715105616,0 -98.13549802303059,19.07765404698824,0 -98.13518560055992,19.07788869509017,0 -98.13554579711862,19.07814267364635,0 -98.13539201687205,19.07855531356254,0 -98.13561494217279,19.07867268959642,0 -98.13536261334889,19.07906739922511,0 -98.13514912269559,19.07916127507825,0 -98.13496025391437,19.07902723177657,0 -98.13497048941559,19.07891394034423,0 -98.13460848067561,19.07867201626857,0 -98.13456494009634,19.07872124313044,0 -98.13461086496947,19.0789838031355,0 -98.13470350963274,19.07912015227771,0 -98.13435006787039,19.07982210387273,0 -98.13433746000645,19.07985569948534,0 -98.1345246447416,19.07997238940107,0 -98.13453647124507,19.07997887731374,0 -98.13453604506337,19.07997949614042,0 -98.13459315753487,19.08001509902721,0 -98.13441189849017,19.08032044611107,0 -98.13423793869183,19.08052734703568,0 -98.13418649453268,19.08050442939672,0 -98.13220643727408,19.08295616604652,0 -98.13229611156575,19.08302062739745,0 -98.13210619615992,19.0831882285927,0 -98.13200699904057,19.0833300465328,0 -98.13197400973129,19.08361446218979,0 -98.13187855404003,19.08379374066803,0 -98.13183437421232,19.08395828396272,0 -98.13167580792218,19.08415598743424,0 -98.13150556235037,19.08432742543544,0 -98.13141302817394,19.08467139465725,0 -98.13128866093332,19.08483615899139,0 -98.13108654370174,19.08492626802301,0 -98.13063779001017,19.08494332329103,0 -98.13050395185293,19.08499061937853,0 -98.13043098387045,19.08507231370421,0 -98.13033378724617,19.08523664345093,0 -98.13038642688869,19.08543184226165,0 -98.13035690326646,19.08563694896952,0 -98.13005181085893,19.08613874821506,0 -98.12996780749441,19.08629651332583,0 -98.13006797917608,19.0864215979408,0 -98.13009235764824,19.08657987468549,0 -98.12992770880368,19.08673486160951,0 -98.12976101466246,19.08679877693163,0 -98.12949283291047,19.08698922008762,0 -98.12943180138926,19.08709197722388,0 -98.12943223049916,19.08749217372777,0 -98.12942836957102,19.08774856854254,0 -98.12909525430072,19.08786805747385,0 -98.12896903745462,19.08835904782634,0 -98.12893899075408,19.08838945099348,0 -98.12851701227379,19.08881643678975,0 -98.1280828775201,19.09015021561646,0 -98.12830221040217,19.09101766811478,0 -98.12854777087763,19.09153099402899,0 -98.12847835730781,19.09163676279236,0 -98.12847937908566,19.09163713903678,0 -98.12847626652162,19.09163994920765,0 -98.12821915994384,19.0920317129891,0 -98.12769877837501,19.09240431374599,0 -98.127534309057,19.09259550571304,0 -98.12640100133117,19.09417160693717,0 -98.12592739073638,19.0946355742091,0 -98.12439134793873,19.0941620661754,0 -98.12470168882014,19.09366076094435,0 -98.1230251823163,19.09247354181954,0 -98.12200238811378,19.09429776661114,0 -98.11987994420772,19.09340501687356,0 -98.11890123088749,19.09299865431302,0 -98.11837407578112,19.09280963655619,0 -98.11764882169142,19.09314265416527,0 -98.11798497621653,19.09463432121511,0 -98.11753591655089,19.09470485681469,0 -98.11741816809592,19.09414384735881,0 -98.11728927127068,19.0934087213224,0 -98.11714458760767,19.09299486712314,0 -98.11707931848926,19.09278223599665,0 -98.11699412174484,19.09277812894646,0 -98.11697547352161,19.09250068647406,0 -98.11727440933336,19.09203718558407,0 -98.11751365611659,19.09169211851938,0 -98.11781175375259,19.09125169335878,0 -98.11793063536375,19.09083910144797,0 -98.11746461995234,19.09055964414517,0 -98.11732312495914,19.09043833299885,0 -98.11752897655957,19.08994008289683,0 -98.11769547518989,19.08965396341724,0 -98.11775515826662,19.08940176147951,0 -98.11766037955577,19.08906274489983,0 -98.11785762789002,19.08853397662247,0 -98.11802190936905,19.08804113764394,0 -98.11804096861691,19.08786142640833,0 -98.11829868826841,19.08744567317118,0 -98.11840449191818,19.08722238415994,0 -98.118313685906,19.08675680812251,0 -98.11851079811866,19.0863717036215,0 -98.11875052835369,19.08612323236483,0 -98.11882125883483,19.08587395188211,0 -98.1187678487177,19.08570154629895,0 -98.11878084585304,19.08552658816889,0 -98.11889958782646,19.08532918315811,0 -98.11895770017838,19.08518313329196,0 -98.11886492203357,19.08503636115384,0 -98.11878106086365,19.08491545504466,0 -98.11896166063147,19.08443429693884,0 -98.11885316244526,19.08433010224219,0 -98.11886228487863,19.08430630869652,0 -98.11908610596375,19.08372253860088,0 -98.11876661510804,19.083609818526,0 -98.11896601828587,19.08333352586514,0 -98.11936837080844,19.0830386327211,0 -98.11951519505037,19.08266634098561,0 -98.11972850120139,19.08227715157644,0 -98.11976095248932,19.08184692988749,0 -98.11999163508359,19.08159554422234,0 -98.11987947651289,19.08111872526713,0 -98.12013041659806,19.08046001180088,0 -98.12033946914912,19.07973223875616,0 -98.12036712456721,19.07906672079841,0 -98.12067559716961,19.07894194881838,0 -98.12088305618204,19.07894617251372,0 -98.12250750651626,19.07676878827645,0 -98.12231624616373,19.07669127226351,0 -98.12323044667042,19.07595057169933,0 -98.12326648632714,19.07596701921167,0 -98.12555873250649,19.07370264369654,0 -98.12534792088613,19.07356218825765,0 -98.12565015142067,19.07321272340456,0 -98.12590852677648,19.07304257934758,0 -98.12601228768494,19.0728961837006,0 -98.12623560389896,19.07286460114739,0 -98.12645922127719,19.07277589553069,0 -98.12659713975972,19.07266230310009,0 -98.12489434356928,19.07192485343572,0 -98.12485441734498,19.07191672424555,0 -98.1237103880476,19.07336294861621,0 -98.1237081263307,19.07350318232414,0 -98.12365532641596,19.073521722471,0 -98.12342739946268,19.07348639332391,0 -98.1231815230407,19.07343956419531,0 -98.12295350623661,19.07342135692491,0 -98.12273101083923,19.07349449677547,0 -98.12248912543333,19.0738300921994,0 -98.12231882225697,19.07425164149256,0 -98.12209434244997,19.07470146986243,0 -98.12205341592656,19.07473753504604,0 -98.1221338808941,19.07480010561967,0 -98.12210762341483,19.07485355059274,0 -98.12190471004494,19.07486857402664,0 -98.12181088440092,19.07495125282491,0 -98.1213957536428,19.07512620970172,0 -98.12114786015422,19.0754617744991,0 -98.12114620493381,19.07577568322132,0 -98.12116210624826,19.07617528816834,0 -98.12114838480998,19.07650055369434,0 -98.12114099831383,19.07676306645134,0 -98.12103165084338,19.07700797025619,0 -98.1208328307209,19.07714400340719,0 -98.12063983260845,19.07731430983425,0 -98.12054242984316,19.07757068551325,0 -98.12036707854776,19.07780956635759,0 -98.12019193766091,19.07800849556898,0 -98.12010000294578,19.07819589863491,0 -98.1197640730425,19.07852850528138,0 -98.11935839008173,19.07866215450991,0 -98.11917157925956,19.07859849718615,0 -98.11836088772013,19.0798122903095,0 -98.11875780785448,19.08035639297597,0 -98.11824632641243,19.08114240527898,0 -98.11750573657913,19.08166525139572,0 -98.11699971113313,19.08153179505902,0 -98.11668951722206,19.08199796096594,0 -98.11676055228951,19.08316630196159,0 -98.11597501532736,19.08342460272348,0 -98.11488258154291,19.08363850011173,0 -98.11380543339078,19.08388183475034,0 -98.1120022054654,19.083297361369,0 -98.11198004949152,19.08329017975545,0 -98.11198040365899,19.08328917928678,0 -98.11266643615467,19.08134832558192,0 -98.11143996098764,19.08074373209914,0 -98.11247905227833,19.07905434745495,0 -98.11133974371533,19.0783711036621,0 -98.1111769040789,19.07827317268858,0 -98.11134035064896,19.07803448769359,0 -98.11251853839339,19.07625676466574,0 -98.10776839758303,19.0732447677502,0 -98.10581357823794,19.07195984635236,0 -98.10593036625804,19.07169983628838,0 -98.10603488597243,19.07143640589216,0 -98.10607502993786,19.07142284837466,0 -98.10606674262907,19.07135611340845,0 -98.10612045036879,19.07122074937178,0 -98.10623797256646,19.07082359644117,0 -98.10638279810694,19.07071458223451,0 -98.10640073794745,19.07065190082681,0 -98.10646468111884,19.07062633935297,0 -98.10645252714552,19.07045359365761,0 -98.1065009072509,19.07020771587456,0 -98.10663211711044,19.0699477751062,0 -98.10671968839681,19.06975619641457,0 -98.10673491990478,19.06960540981415,0 -98.10673602202276,19.06939969719405,0 -98.10678054170005,19.06916676560983,0 -98.10686847968438,19.06890661412069,0 -98.10695634391725,19.06866017819376,0 -98.10710197491481,19.06840030680641,0 -98.10721846449907,19.06819515271916,0 -98.1073060341176,19.0680035727445,0 -98.10748036431035,19.06777126915334,0 -98.10756815263642,19.06753854575474,0 -98.10764144423808,19.06731946814619,0 -98.10775800669256,19.06710059891698,0 -98.10786014389853,19.06688165982636,0 -98.10786646012073,19.06678772079738,0 -98.10801591349792,19.06651218553636,0 -98.10812726818462,19.06630688753314,0 -98.10892977708363,19.0659003618509,0 -98.10894734389532,19.0658684285818,0 -98.10897624473252,19.06585846329025,0 -98.10920745809925,19.0657772922299,0 -98.10901793447401,19.06574011236893,0 -98.10909611057491,19.06559800833027,0 -98.11407980410209,19.06657562426397,0 -98.11420127833161,19.0664416728204,0 -98.11639824142487,19.0668956066206,0 -98.11722973590288,19.06705071447513,0 -98.11885988754048,19.06735479252958,0 -98.11886098880279,19.0673539438155,0 -98.12605456061165,19.06877051102713,0 -98.12700320385171,19.06905805495378,0 -98.12825801843911,19.06949516718159,0 -98.12888808459711,19.0696716416191,0 -98.12964168021776,19.06859388410364,0 -98.12975309472449,19.06851572196392,0 -98.1317051589333,19.06714624136228,0 -98.13373915719501,19.06666781800422,0 -98.1353865445985,19.06513929039443,0 -98.13708578457744,19.06311170454926,0 -98.13709331252144,19.06308104984275,0 -98.13735398040663,19.06201950352553,0 -98.13781327458578,19.06130322465409,0 -98.13802438589711,19.06100953589775,0 -98.13907086887022,19.05955369627387,0 -98.14007647078415,19.05886480875552,0 -98.14079080816487,19.0577543488665,0 -98.14141539527512,19.05684209673397,0 -98.14141605816764,19.05684218566812,0 -98.14141680889459,19.05684108847561,0 -98.14230658902575,19.05718636744351,0 -98.14250391366247,19.05727765279052,0 -98.14512589988625,19.05898196530966,0 -98.14727315168469,19.06002661888272,0 -98.14744210529592,19.05997543785717,0 -98.1474427575525,19.05997556557942,0 -98.14798223018673,19.06008156096386,0 -98.15426942361192,19.06125620305488,0 -98.15436915551794,19.06126795625876,0 -98.1541275653384,19.06205531355094,0 -98.15356543014947,19.06280053415554,0 -98.15262934785346,19.06372477233414,0 -98.15218462336151,19.06415649730449,0 -98.15028268358236,19.06601159360639,0 -98.15012326274385,19.06623157658699,0 -98.14475661519255,19.07145784979508,0 -98.14183416926498,19.07422187568771,0 -98.14311735942069,19.07463989759619,0 -98.1449952780866,19.07530638149159,0 -98.14512160866684,19.07534537373354,0 -98.14648710948882,19.07364374102012,0 -98.14802984979291,19.0738700184768,0 -98.14750070687971,19.0761230349283,0 -98.14698759994377,19.07594545498813,0 -98.1469223219308,19.07617271722516,0 -98.14716319033985,19.07627926320429,0 -98.14713058142419,19.07637253951345,0 -98.1465332968406,19.07808103148328,0 -98.14540379923092,19.08055414584065,0 -98.14540227500466,19.08055722484532,0 -98.14520316571169,19.08095959825228,0 -98.14496819176159,19.08147392111912,0 -98.14449049356017,19.08263975276878,0 -98.14430075107271,19.08307642786502,0 -98.1442605751548,19.08311877036171,0 -98.14406477045227,19.08323031067897,0 -98.14384324448619,19.08335650286469,0 -98.14369610720598,19.08344031889226,0 -98.14355805608402,19.08353478712988,0 -98.14343857777722,19.08357749652063,0 -98.14331547129339,19.0836215029192,0 -98.1430945267247,19.08365496660414,0 -98.14294230293608,19.0836572427726,0 -98.14279115806521,19.08365950214473,0 -98.14269419222967,19.08369189359845,0 -98.1425448419774,19.08374178416256,0 -98.1424252135872,19.08381745211319,0 -98.14235267053554,19.08388723292222,0 -98.14228469021738,19.08398538067108,0 -98.14224973057448,19.08407025518809,0 -98.14222362920218,19.08413362538035,0 -98.14213935217474,19.08417417345904,0 -98.14206354066381,19.08426930071243,0 -98.14202234766636,19.08425463923055,0 -98.14197366910946,19.08430222181519,0 -98.14175921033491,19.08440346656077,0 -98.14173029511855,19.08468547618926,0 -98.14171660206181,19.08481902784206,0 -98.14168665182018,19.08493292464898,0 -98.14161813509385,19.08519348440389,0 -98.14147847662149,19.08550581620226,0 -98.14137903346219,19.08577109446356,0 -98.1412871614171,19.08601617453913,0 -98.14121709204787,19.08616192064992,0 -98.14118412156481,19.08624646530008,0 -98.14109220744062,19.08652835102379,0 -98.14116985235596,19.08656427810598,0 -98.14167678988539,19.08725838599139,0 -98.14152747956183,19.08787137036619,0 -98.14136166097919,19.08814270117887,0 -98.1407093024054,19.08872644292325,0 -98.13995304029922,19.08821436197879,0 -98.13995300493421,19.08821439976828,0 -98.14070363164284,19.08872641196081,0 -98.13961275996553,19.09010519798928,0 -98.1397406184219,19.09022033811267,0 -98.13991482057581,19.09039778447139,0 -98.13999301744559,19.0906337729653,0 -98.14027627042712,19.09083902811227,0 -98.14005658853112,19.09166050546274,0 -98.1393057809632,19.09228264275289,0 -98.13923803872373,19.092313094736,0 -98.13924782804565,19.0925038835791,0 -98.13924544406548,19.09263223098205,0 -98.13911126239077,19.09291910944643,0 -98.1391693681677,19.0931144300732,0 -98.13893112432459,19.09341312117733,0 -98.13935939111231,19.09386433109003,0 -98.13852541583314,19.09452463783406,0 -98.13845800174089,19.09457854328517,0 -98.13874186575097,19.09506107940686,0 -98.13755693131863,19.09593726819772,0 -98.13752415075029,19.09598603624426,0 -98.13730831012479,19.09616614072226,0 -98.13690257808207,19.09648791050632,0 -98.13678003764444,19.09656137464219,0 -98.13664456263886,19.09661189965478,0 -98.13606403847992,19.09704115033557,0 -98.1357022338881,19.096580836602,0 -98.13454072746973,19.09726895563427,0 -98.13454072746973,19.09726895563427,0 
							</coordinates>
						</LinearRing>
					</outerBoundaryIs>
				</Polygon>
				<Polygon>
					<outerBoundaryIs>
						<LinearRing>
							<coordinates>
								-98.23576033463523,19.09903649835496,0 -98.23566770311115,19.09902896575416,0 -98.23564853743243,19.09905325165296,0 -98.23475964067293,19.09856107646691,0 -98.23494660132837,19.09682450435117,0 -98.2351311811108,19.09681538533589,0 -98.23527357776247,19.09680835116112,0 -98.23539130346596,19.09680295499065,0 -98.23554412843222,19.09679629012566,0 -98.23573315774726,19.09678804296269,0 -98.23611157240479,19.09677122419894,0 -98.23638552006946,19.09675841780994,0 -98.23640078608868,19.09654510048194,0 -98.23640208211181,19.09643870472951,0 -98.236400682672,19.09637739221564,0 -98.23639784405204,19.09625306897788,0 -98.23639164150103,19.09598133722122,0 -98.23638786968061,19.09581508676287,0 -98.23638766085375,19.09537978470351,0 -98.23638145198215,19.09532829349399,0 -98.2363712158005,19.0952615944645,0 -98.23635282020801,19.09516660304486,0 -98.23634194457553,19.09516056645906,0 -98.23633523602936,19.09515936655632,0 -98.23664601931522,19.09490773816259,0 -98.23666952252309,19.09488870882763,0 -98.23666384970841,19.09504103036545,0 -98.23659986997251,19.09530888546789,0 -98.23662469036306,19.09546865600343,0 -98.23664531790845,19.09560143113048,0 -98.23665063816887,19.09563569059418,0 -98.2366347401198,19.09591169021181,0 -98.23665135032887,19.09630281980919,0 -98.23662879997461,19.0965134907886,0 -98.23659350987654,19.09684329015142,0 -98.23660359936068,19.09732136977649,0 -98.23660196862107,19.09734095333126,0 -98.23651180927952,19.09733016637487,0 -98.23645031698754,19.09772547710614,0 -98.23644676512491,19.09831123780704,0 -98.23648779520869,19.09845388451497,0 -98.23644271780101,19.09916248405232,0 -98.23627496275654,19.09931985299322,0 -98.23576033463523,19.09903649835496,0 -98.23576033463523,19.09903649835496,0 
							</coordinates>
						</LinearRing>
					</outerBoundaryIs>
				</Polygon>
				<Polygon>
					<outerBoundaryIs>
						<LinearRing>
							<coordinates>
								-98.23260476730233,19.10083157275203,0 -98.23258348182648,19.10079404941644,0 -98.2326260464425,19.10086799806997,0 -98.23263284820705,19.10087953767157,0 -98.23262897313106,19.10087424666058,0 -98.23260476730233,19.10083157275203,0 -98.23260476730233,19.10083157275203,0 
							</coordinates>
						</LinearRing>
					</outerBoundaryIs>
				</Polygon>
				<Polygon>
					<outerBoundaryIs>
						<LinearRing>
							<coordinates>
								-98.23324657522747,19.10193405577827,0 -98.23306331938903,19.10160986404635,0 -98.23320776894994,19.10185493298989,0 -98.23324657522747,19.10193405577827,0 -98.23324657522747,19.10193405577827,0 
							</coordinates>
						</LinearRing>
					</outerBoundaryIs>
				</Polygon>
				<Polygon>
					<outerBoundaryIs>
						<LinearRing>
							<coordinates>
								-98.23206788522877,19.10182807004942,0 -98.23184337941129,19.10140477141634,0 -98.23185541946695,19.10140634707018,0 -98.2319431773374,19.10157556476137,0 -98.23201574689851,19.101711873401,0 -98.23206815451314,19.1018020556177,0 -98.23207845646857,19.1018197829701,0 -98.23210056005493,19.10188953189941,0 -98.23214635960151,19.10201357417834,0 -98.23215160020786,19.10202578144368,0 -98.23212180038858,19.1020248212778,0 -98.23206788522877,19.10182807004942,0 -98.23206788522877,19.10182807004942,0 
							</coordinates>
						</LinearRing>
					</outerBoundaryIs>
				</Polygon>
				<Polygon>
					<outerBoundaryIs>
						<LinearRing>
							<coordinates>
								-98.23342861394028,19.10231439695031,0 -98.23341862390961,19.10228484250901,0 -98.23347684446718,19.10240354745719,0 -98.23342861394028,19.10231439695031,0 -98.23342861394028,19.10231439695031,0 
							</coordinates>
						</LinearRing>
					</outerBoundaryIs>
				</Polygon>
				<Polygon>
					<outerBoundaryIs>
						<LinearRing>
							<coordinates>
								-98.23385505251657,19.10309002417739,0 -98.23364264902186,19.10271002154423,0 -98.23360603225574,19.10264233877915,0 -98.23452666181059,19.10214952963918,0 -98.23525647224059,19.10172150819565,0 -98.23545101299771,19.10143311544035,0 -98.23579101327026,19.100880805488,0 -98.23688496978833,19.10151455739001,0 -98.23669197954783,19.10177609129984,0 -98.23622608465715,19.10227746367366,0 -98.2362504803192,19.10241780928281,0 -98.23618283069889,19.10262544996326,0 -98.2360702858453,19.10274739856738,0 -98.23561034043858,19.10293950430008,0 -98.23533877501801,19.10294078976651,0 -98.23488045384843,19.10292406555201,0 -98.23393748242157,19.10321621379357,0 -98.2339725427845,19.10332550696528,0 -98.2332184413992,19.10390852375989,0 -98.23304222722416,19.10424533784912,0 -98.23305760198254,19.1044326337927,0 -98.23303586944644,19.10446229018372,0 -98.23298397036226,19.10459230992012,0 -98.23297907894219,19.10465342988651,0 -98.23299050996579,19.10469211043105,0 -98.23300284838551,19.10472017002073,0 -98.23303522850691,19.1047737791906,0 -98.23304003634942,19.10478049649386,0 -98.23293237837132,19.10478809003758,0 -98.23287444903184,19.10465129418765,0 -98.23299302960821,19.10449443689579,0 -98.23293392742039,19.10434109766723,0 -98.23288632360288,19.10421493432,0 -98.23285952285366,19.10414897769736,0 -98.23281498447159,19.10401137548837,0 -98.23279736371136,19.10391396606565,0 -98.23349815770874,19.10345596767062,0 -98.23390283261396,19.10321144725349,0 -98.23385505251657,19.10309002417739,0 -98.23385505251657,19.10309002417739,0 
							</coordinates>
						</LinearRing>
					</outerBoundaryIs>
				</Polygon>
				<Polygon>
					<outerBoundaryIs>
						<LinearRing>
							<coordinates>
								-98.14459386736259,19.10688101446314,0 -98.14470549271613,19.1066053417678,0 -98.1448809201689,19.10676837771892,0 -98.14492600172156,19.10672747603714,0 -98.14682539754639,19.10861173053913,0 -98.14655460943361,19.10887983045779,0 -98.14686880466682,19.10916559573725,0 -98.1476626232367,19.10993931531059,0 -98.14740943843884,19.11009967550162,0 -98.14715959435144,19.11019447084423,0 -98.14702664114556,19.11030682102618,0 -98.14867745136922,19.11189744018538,0 -98.14829541676285,19.11215227073827,0 -98.14668432550427,19.11061859781338,0 -98.14692330766643,19.11039414001138,0 -98.14602208936321,19.1095658566061,0 -98.14570856947476,19.10940179503961,0 -98.14537193257121,19.10934386207616,0 -98.1447881282218,19.1087920580522,0 -98.14383031974303,19.10788770555345,0 -98.14400968238587,19.10767288485655,0 -98.14394803427116,19.10761477005278,0 -98.14468039623503,19.10695031108279,0 -98.14459386736259,19.10688101446314,0 -98.14459386736259,19.10688101446314,0 
							</coordinates>
						</LinearRing>
					</outerBoundaryIs>
				</Polygon>
				<Polygon>
					<outerBoundaryIs>
						<LinearRing>
							<coordinates>
								-98.13671352295447,19.11431660134899,0 -98.13559209021668,19.113631493621,0 -98.13537217755861,19.11346711225491,0 -98.13476415344205,19.11289464106732,0 -98.13486008118564,19.11277352854344,0 -98.13470394014672,19.11266097465097,0 -98.13604988935309,19.11116097757283,0 -98.13648057603361,19.11153599173256,0 -98.13628725062995,19.11184596301251,0 -98.13676987262282,19.11226830357748,0 -98.13753682155344,19.11274692882284,0 -98.13803325116189,19.11297999260029,0 -98.13687410174529,19.11422530144003,0 -98.13683231670119,19.11419518115498,0 -98.13671352295447,19.11431660134899,0 -98.13671352295447,19.11431660134899,0 
							</coordinates>
						</LinearRing>
					</outerBoundaryIs>
				</Polygon>
				<Polygon>
					<outerBoundaryIs>
						<LinearRing>
							<coordinates>
								-98.22543825856825,19.11514000758955,0 -98.22570449069192,19.11455295164535,0 -98.22569791876806,19.11455125578347,0 -98.22618065840162,19.11319635041653,0 -98.22654872020053,19.11193926160424,0 -98.22662928899111,19.11193848314285,0 -98.22699143464628,19.11198149365987,0 -98.22697119880367,19.11207916020506,0 -98.2271563440943,19.11209892599248,0 -98.22734726892217,19.11211884417799,0 -98.22744159174339,19.11212905325564,0 -98.22763026793153,19.11214945332129,0 -98.22785437382805,19.11217368435875,0 -98.22812181873169,19.11219201681173,0 -98.22812148569601,19.11219453852539,0 -98.2277402683569,19.11507839287155,0 -98.2275698131953,19.11503439887572,0 -98.22753714585643,19.11521576658326,0 -98.22731008216982,19.11536114476803,0 -98.2271194137117,19.11546937469051,0 -98.22680789957339,19.11560005056764,0 -98.22639974127661,19.11574179751006,0 -98.22621093605221,19.11573542624977,0 -98.22543825856825,19.11514000758955,0 -98.22543825856825,19.11514000758955,0 
							</coordinates>
						</LinearRing>
					</outerBoundaryIs>
				</Polygon>
				<Polygon>
					<outerBoundaryIs>
						<LinearRing>
							<coordinates>
								-98.1770521652889,19.09293788950768,0 -98.17706127545728,19.09294329628649,0 -98.17706137769761,19.09294318920457,0 -98.1770521652889,19.09293788950768,0 -98.17713487616101,19.09282964043268,0 -98.17742146696592,19.09242200238035,0 -98.17752473138074,19.09226950552398,0 -98.17578801881513,19.09134104610458,0 -98.17542192896404,19.09201158025915,0 -98.17542122995468,19.09201107377793,0 -98.17542100023449,19.09201312140491,0 -98.17512495596267,19.09255850152682,0 -98.17363511129405,19.09143807386288,0 -98.17378313515789,19.09124083875027,0 -98.17379821151171,19.09119572208963,0 -98.1738187018892,19.09113707442399,0 -98.1738160378322,19.0911352767962,0 -98.17381583083868,19.0911348475212,0 -98.1738268792456,19.09102505139954,0 -98.17374697815471,19.09089820337423,0 -98.17375436390988,19.09079074131624,0 -98.17375452575646,19.09078839155643,0 -98.17382507930505,19.09068219053033,0 -98.17396517803874,19.09067283293625,0 -98.17403163072413,19.09066839462277,0 -98.17419374870107,19.09047413759411,0 -98.17401267560838,19.0902736060677,0 -98.17396815565603,19.09022430203125,0 -98.1740644042805,19.09005790321157,0 -98.17406580121352,19.09005548849987,0 -98.17435314513733,19.08955871269825,0 -98.17458614943249,19.08888581856401,0 -98.17431855338742,19.08845762824094,0 -98.17381145849541,19.08816617599621,0 -98.17389949269752,19.08802424018459,0 -98.17415341835087,19.08725498626811,0 -98.17438915399723,19.08739837305307,0 -98.1748709366401,19.08728305171528,0 -98.17497188340241,19.08729254053628,0 -98.17506821280728,19.08727489805572,0 -98.17515457814955,19.08723010034762,0 -98.17522381410629,19.08716489300039,0 -98.17526937848682,19.0870815059695,0 -98.17528765928165,19.08698895996816,0 -98.17527397107085,19.08687367874747,0 -98.17527444087217,19.08677879382059,0 -98.1752855937189,19.08668621591615,0 -98.17530625073616,19.0865936805412,0 -98.17533698360947,19.08650570868037,0 -98.1753772122912,19.08642003851773,0 -98.17542632771327,19.08633892653665,0 -98.17548433366935,19.08626237274686,0 -98.17555002798024,19.086192630977,0 -98.17565348400859,19.08605528163455,0 -98.17570793557482,19.08597645265114,0 -98.17576001081439,19.08589761302137,0 -98.17580972090842,19.08581650358191,0 -98.17585646061299,19.08573538084365,0 -98.17590144042073,19.08564973179068,0 -98.17592484376037,19.08560239291248,0 -98.17555753938888,19.08539516155817,0 -98.17556024305082,19.08537837954871,0 -98.1755708076613,19.08531279659852,0 -98.17569973284319,19.08451244428313,0 -98.17534531749409,19.08398220237597,0 -98.17573442556281,19.08374446605675,0 -98.1759088971049,19.08354191678853,0 -98.1762758364228,19.08358196373267,0 -98.17649980961207,19.08370044381337,0 -98.17651651114376,19.08367275808818,0 -98.17657049038198,19.08358328034922,0 -98.17668010682235,19.08340077350386,0 -98.17663365462185,19.08333739650125,0 -98.17657212061884,19.08325344204031,0 -98.17641633876687,19.08304037968329,0 -98.17626430037022,19.08279118647045,0 -98.17644934691884,19.08225897652039,0 -98.17468882958941,19.08201373635166,0 -98.17385663946892,19.082057283825,0 -98.17240903719653,19.08182305393985,0 -98.17181578746097,19.08176596494392,0 -98.17108669127121,19.08176268768197,0 -98.17060741493769,19.08180922688113,0 -98.17002547533751,19.0819011348079,0 -98.16963756655058,19.08199407862381,0 -98.16874295110453,19.08231356476355,0 -98.16805483141512,19.08255107451198,0 -98.16749641718094,19.08275765780837,0 -98.16695668054001,19.08284401711493,0 -98.16664624705875,19.08286552946771,0 -98.16634500843954,19.08285557410587,0 -98.16606199157363,19.0828170556986,0 -98.16569076863708,19.08273274192906,0 -98.1656827442784,19.0827439700365,0 -98.16474813182478,19.08230257799466,0 -98.16385113987897,19.08179543817987,0 -98.16366455867534,19.081689947774,0 -98.16363089325641,19.08167091344278,0 -98.16359385737226,19.08165414832599,0 -98.16273193425178,19.08126398435964,0 -98.1608512349554,19.08041726633866,0 -98.16080344131279,19.08040118911193,0 -98.1609941653999,19.08022594823778,0 -98.16178617964991,19.0798868742568,0 -98.16151558580209,19.0773398014548,0 -98.16177009841108,19.07734945072081,0 -98.16180763732864,19.07767417333478,0 -98.16190116248262,19.07799382956426,0 -98.16220594230714,19.07859111431154,0 -98.16269038439913,19.07907216226101,0 -98.16325392080337,19.07940459292799,0 -98.16446929262544,19.07999842951251,0 -98.16472221578614,19.08012200782301,0 -98.16473974561674,19.080130572852,0 -98.16489467244385,19.08021424568056,0 -98.16540196964158,19.08048822605847,0 -98.16579987550863,19.08068817091438,0 -98.16609879030167,19.08082265153589,0 -98.16648065618223,19.08097453492725,0 -98.16674347014785,19.0810232885865,0 -98.166745806213,19.08102372207093,0 -98.1675042284927,19.08123846205716,0 -98.16771809326951,19.08129901499767,0 -98.16787532398972,19.08133071492347,0 -98.16793180496776,19.08125816087303,0 -98.16817641365863,19.08127079679197,0 -98.16833192229022,19.08109204284943,0 -98.16839949923209,19.08077493639286,0 -98.16839916392863,19.08077279676071,0 -98.16842262745465,19.08058035075922,0 -98.16857021753806,19.08031224962188,0 -98.16867210260855,19.08019102246101,0 -98.16868793657832,19.07997504255678,0 -98.16862884548522,19.0798404893147,0 -98.16878978878245,19.07971819547096,0 -98.16973170014617,19.07866875162027,0 -98.17004319116396,19.07894188621216,0 -98.17091031008516,19.07889714708115,0 -98.17115188266881,19.07864682970979,0 -98.17141016969454,19.07839825170484,0 -98.17141024173674,19.07839829088715,0 -98.17141026179537,19.07839827109621,0 -98.17173175319947,19.07857142426704,0 -98.17226478763979,19.07813116025222,0 -98.1742655334437,19.0772200528333,0 -98.17474619922419,19.07720413127256,0 -98.17561932667337,19.07674941632967,0 -98.17650281738918,19.07575930866267,0 -98.17660975188649,19.0756377884547,0 -98.17813369434663,19.07390724819034,0 -98.17822854919649,19.0739460776784,0 -98.18143366797653,19.07570445222152,0 -98.18158195328652,19.07550855830729,0 -98.18184385834965,19.07515954145105,0 -98.18250273625178,19.07490039425567,0 -98.1829469934691,19.07491817795096,0 -98.18313658500446,19.07502068294047,0 -98.18308105064173,19.07513981596219,0 -98.18255819150272,19.07603410211969,0 -98.18255809660991,19.07603426436288,0 -98.18236491568827,19.07593091145248,0 -98.18196175632697,19.07571521111583,0 -98.181812117676,19.07581683380921,0 -98.18177931476664,19.07587068632255,0 -98.1817791796569,19.07587090893394,0 -98.1817539953838,19.07599917692314,0 -98.18183446890882,19.07606566594408,0 -98.18208967970385,19.07620541500571,0 -98.18209195312028,19.07623604204818,0 -98.18212164291445,19.07625797975103,0 -98.18221261606942,19.07639102664445,0 -98.18223439742965,19.0764399929073,0 -98.1822558048879,19.07643556941571,0 -98.18253575320725,19.07680894245671,0 -98.18258788954459,19.07688207414582,0 -98.18286322664508,19.07727328134903,0 -98.1830358818449,19.07751720371877,0 -98.18318553718858,19.07772186089837,0 -98.18329325266991,19.07787667269844,0 -98.18364188097678,19.07837157637809,0 -98.18371462735529,19.07848107308048,0 -98.18382599867498,19.07863816541917,0 -98.18452899984632,19.07962854783888,0 -98.18493053385657,19.08019275216111,0 -98.18598947873433,19.08168944081307,0 -98.18598717017136,19.0816934809497,0 -98.18538160199972,19.0827473754158,0 -98.18538129618085,19.08274790814393,0 -98.18543744838436,19.08277015207503,0 -98.18554229271658,19.08280851606489,0 -98.18573266630449,19.08289901208348,0 -98.18595698557853,19.08251042289731,0 -98.18630149576589,19.08191361197912,0 -98.18646226564313,19.08163510898638,0 -98.1869224347064,19.08140538842793,0 -98.18692970941029,19.0814148360476,0 -98.1870585265989,19.0813492460639,0 -98.18721066052662,19.08137154221166,0 -98.1881860192731,19.08154016713204,0 -98.18845233495023,19.08158653330539,0 -98.19142978649143,19.08208757413973,0 -98.19329627234767,19.08239706950359,0 -98.19412744098162,19.08253047513893,0 -98.19461810468998,19.08280000164402,0 -98.19461819805373,19.08279936766172,0 -98.19467339376902,19.08242295270987,0 -98.19457051896818,19.08232083810366,0 -98.19451376239434,19.08226410947422,0 -98.19392417883039,19.08182776100558,0 -98.19329851320931,19.08135962278219,0 -98.19191296816264,19.08032204928537,0 -98.19096614585824,19.07961430900567,0 -98.19043331564011,19.07921602011895,0 -98.19040517936664,19.07919541805115,0 -98.1896538998687,19.07864529568329,0 -98.18940603215336,19.07846129023894,0 -98.18935571511481,19.07842376469843,0 -98.18933506463544,19.0784112843133,0 -98.18929438822273,19.07838220726693,0 -98.18929470144433,19.0783817116152,0 -98.18933124959632,19.07832389704761,0 -98.1895237438236,19.07797600786481,0 -98.18953202310654,19.07796104482534,0 -98.18953242229098,19.07796124448818,0 -98.18990200021291,19.07814648496489,0 -98.19043694090243,19.07841460626905,0 -98.19076035689126,19.07775181435343,0 -98.1910951756921,19.07706421939814,0 -98.19110111704703,19.07706522235416,0 -98.19185078628387,19.07719179042272,0 -98.19219327898446,19.07723630069875,0 -98.19226458028395,19.07724556685448,0 -98.19228051817845,19.07725004216865,0 -98.19241170519794,19.07728687651758,0 -98.19266693461338,19.0773309196144,0 -98.19267562111884,19.07731227476527,0 -98.19267953983977,19.0773038641121,0 -98.19280928659128,19.07733332860896,0 -98.19289257154698,19.07735224146791,0 -98.19289359683945,19.07734660783427,0 -98.19300507266857,19.07673415265263,0 -98.19305856879019,19.0764402401781,0 -98.19305387256786,19.07643766760314,0 -98.19279669453505,19.07629676355969,0 -98.19279787521954,19.07629436943157,0 -98.19318785513592,19.07550322828023,0 -98.19323680970668,19.07521920388002,0 -98.19332500743026,19.07470750188768,0 -98.19332598926063,19.07470180751163,0 -98.19289031090946,19.07447096365939,0 -98.19262088582279,19.07432820839605,0 -98.19410018598545,19.07211325548477,0 -98.19410232765709,19.07211004860892,0 -98.19587771880401,19.06946476666947,0 -98.1968215788402,19.07357769811648,0 -98.19700427792428,19.07363020844127,0 -98.19720659835301,19.07371571373446,0 -98.19753246418571,19.07381586042044,0 -98.19787339122888,19.07386905842703,0 -98.19890627988822,19.07386988873131,0 -98.20093261112405,19.07393033416151,0 -98.20094473925205,19.07393069578091,0 -98.2025554354564,19.07396007111513,0 -98.20255611740832,19.07396235769419,0 -98.20256691560671,19.07396256976845,0 -98.20264280327248,19.07421780597191,0 -98.20264291833628,19.07421819144228,0 -98.20349648170499,19.0770933620032,0 -98.20350248635054,19.07711335953565,0 -98.20349250393642,19.07710728065139,0 -98.20353404153704,19.0772452207008,0 -98.20385946780306,19.07833800684807,0 -98.20397673127559,19.07873394165556,0 -98.20450342934592,19.0805011695915,0 -98.20485805550963,19.08169102354518,0 -98.20489273297534,19.0819352349552,0 -98.20498033555195,19.08255426386732,0 -98.20532153496072,19.08496525351734,0 -98.20569314502895,19.08716337417323,0 -98.20569352206375,19.08716344357518,0 -98.20768892126806,19.08754455131605,0 -98.21682337527611,19.08925091274716,0 -98.22038487189954,19.09067351812939,0 -98.22156580096753,19.09172227718645,0 -98.22155555710971,19.09188038028649,0 -98.22244878497044,19.09245573828629,0 -98.22559293207031,19.09447518153202,0 -98.22651364091661,19.09515230163557,0 -98.22657860868972,19.09510738969779,0 -98.22676218177359,19.09498164312469,0 -98.22725851058998,19.09467421041774,0 -98.22741740255712,19.09410554939772,0 -98.22749506600577,19.09401324639612,0 -98.22756722521412,19.09395480882071,0 -98.22764881668877,19.0939122254107,0 -98.22773689088062,19.09388096531809,0 -98.22782905043219,19.09386553695837,0 -98.22792290847491,19.09386818955955,0 -98.22819708875991,19.0940613734766,0 -98.2283698163545,19.09409598555796,0 -98.22845829619096,19.09410539307333,0 -98.22855154981826,19.09411030206374,0 -98.22864542895708,19.09410843591676,0 -98.22873873492006,19.09410204884937,0 -98.22883147816327,19.09408888166943,0 -98.22892306456993,19.0940689318908,0 -98.229013483668,19.09404445870761,0 -98.22910214134518,19.0940154596353,0 -98.22918785984348,19.09397967051179,0 -98.22936798872442,19.09395557247178,0 -98.22946122140259,19.0939649993859,0 -98.22955201494936,19.09398797147384,0 -98.22963740931148,19.09402221712532,0 -98.22971679994521,19.09406999305743,0 -98.2297605965379,19.09410632396104,0 -98.2299027116883,19.09420858373495,0 -98.22992003331748,19.09431709951344,0 -98.22993042421477,19.09438266081818,0 -98.22995423027655,19.09437372337845,0 -98.2301922594233,19.09429112638676,0 -98.23066398083778,19.0941643203794,0 -98.2306711593689,19.0941619185137,0 -98.2306741631465,19.0941621416182,0 -98.23077658809819,19.09413764540284,0 -98.23084692489932,19.09412469090356,0 -98.23099738404622,19.09414730590503,0 -98.23114386302204,19.09416932580926,0 -98.23134147678266,19.09420519571329,0 -98.23141835424363,19.09421064040491,0 -98.23149525639649,19.09421609149346,0 -98.23153686834928,19.09421589726834,0 -98.23153697054215,19.09421229195136,0 -98.23154707832448,19.09420545699387,0 -98.23165377251449,19.0941333262542,0 -98.23176963031187,19.09405500720219,0 -98.23180022426374,19.09402528572578,0 -98.23182097352041,19.09400512947406,0 -98.23184332694029,19.09398341651588,0 -98.23189069035197,19.0939410861009,0 -98.23190288731,19.09393058179387,0 -98.23192631735387,19.09391039152134,0 -98.23194208982575,19.09390784559844,0 -98.23201394111281,19.09389625250401,0 -98.23208613717954,19.0938841005273,0 -98.23218739618396,19.09386706317733,0 -98.23225565351102,19.09385974756127,0 -98.23228471779279,19.09385663344934,0 -98.23232086510448,19.09385532912698,0 -98.23243093280099,19.09385135963203,0 -98.23248807971363,19.09384155766213,0 -98.23251209179702,19.09381675185435,0 -98.23257550306089,19.0937512631402,0 -98.23265506414383,19.09384059948483,0 -98.23272193198396,19.09392212742004,0 -98.232747937287,19.09395160582076,0 -98.23290954356855,19.09382124296054,0 -98.23302583114052,19.09372683910317,0 -98.23309849945214,19.09387650618766,0 -98.23324067883696,19.09392808447735,0 -98.23325185940568,19.09401648530521,0 -98.23328107197365,19.0942557246719,0 -98.23332909607819,19.09439396399484,0 -98.23348108804041,19.09451738154272,0 -98.23346429907417,19.0945340273399,0 -98.23344904338116,19.0945484076252,0 -98.23331388468397,19.09467926959758,0 -98.23321660505033,19.09477337317632,0 -98.23316199370564,19.09482493663836,0 -98.2331148689196,19.09477646597643,0 -98.23307869820852,19.09473926299266,0 -98.23303818595279,19.09477268017033,0 -98.23303803900247,19.09477280155742,0 -98.23288772900263,19.09489299073761,0 -98.23286686245375,19.0949295279027,0 -98.23285639276043,19.09494786004305,0 -98.23284546690611,19.09496699005336,0 -98.2328140574795,19.09503897322493,0 -98.23279447089099,19.09508386043179,0 -98.23267162459496,19.09519960013068,0 -98.23263990087354,19.09522693128509,0 -98.23254181868315,19.09531145196916,0 -98.23248674681787,19.09536797458372,0 -98.23246420212196,19.09538785231565,0 -98.23242458181105,19.09542279578983,0 -98.23234253506624,19.0954951381048,0 -98.2322709549792,19.09554466051616,0 -98.23226030285356,19.09555202642231,0 -98.23220189254465,19.09559242214925,0 -98.23202304278936,19.09571499485335,0 -98.2319250495952,19.09578215557684,0 -98.23170840511861,19.09591883067866,0 -98.23164511065413,19.09595875400174,0 -98.23166801458147,19.0959929007562,0 -98.23163339794864,19.09601877374741,0 -98.23158991016602,19.09605126995891,0 -98.23155047635001,19.09608074665601,0 -98.23153395497818,19.09609309450343,0 -98.23151758623915,19.09610532550568,0 -98.23142710055757,19.09615228353962,0 -98.2313837977951,19.09617763224549,0 -98.23137660418259,19.09618184236654,0 -98.23133481411676,19.09620630090677,0 -98.23128072372029,19.09626483794987,0 -98.2312539512655,19.09629381164306,0 -98.23122153561012,19.09631443784823,0 -98.23120904794678,19.09632238523866,0 -98.23118220776924,19.09633946511089,0 -98.2311664502141,19.09635519592968,0 -98.23116183957529,19.09635112813377,0 -98.23113794245771,19.09637355750391,0 -98.23108954797718,19.09640594725943,0 -98.23108024037538,19.0963981845293,0 -98.23087190547687,19.0962256127934,0 -98.23077834694909,19.09641499803167,0 -98.23052189744239,19.096497518733,0 -98.2302410916063,19.09632238432621,0 -98.2303166121543,19.09682199116282,0 -98.23031144142138,19.09691233901636,0 -98.23028194325876,19.09699580750685,0 -98.23023050454616,19.09707014735988,0 -98.23016072130531,19.09712859587636,0 -98.23007676280353,19.09716891122592,0 -98.22998518524273,19.09718660232395,0 -98.22979046035633,19.09715415892007,0 -98.23037940474302,19.09750454201952,0 -98.23087694855938,19.09780001726452,0 -98.23088895792203,19.09780714876005,0 -98.23082074635039,19.09816834266425,0 -98.23101236543516,19.09823014122184,0 -98.23099384255136,19.09838143273021,0 -98.23099735430962,19.09852152095066,0 -98.2309954362688,19.09855088211179,0 -98.23099474726384,19.09857121236235,0 -98.23098907756525,19.09864122592134,0 -98.23098658532231,19.09866606621194,0 -98.23098559259961,19.09867970785464,0 -98.23098214465863,19.09872704795592,0 -98.2309695847331,19.09887384497108,0 -98.23096536886237,19.09892567322623,0 -98.23096517536744,19.09892804913487,0 -98.23090228183251,19.0989097126394,0 -98.23093301796455,19.09920128154423,0 -98.23094497266663,19.09931429326815,0 -98.23095633325718,19.09942730250983,0 -98.23096601586379,19.09951771238272,0 -98.23097342540092,19.09958552130659,0 -98.23105244425655,19.09971462767588,0 -98.23102556086992,19.10000369765274,0 -98.23099375875259,19.10000576175404,0 -98.23099287345725,19.1000058195089,0 -98.23098742677109,19.10000800178174,0 -98.23094823042848,19.10002370789795,0 -98.2308684817075,19.10005274405152,0 -98.23083693033009,19.10006616861068,0 -98.23076610391547,19.10009298364695,0 -98.230724440972,19.10010862428692,0 -98.23066431925662,19.10013322475763,0 -98.23051977801173,19.10029754514958,0 -98.23046977601881,19.10044644579515,0 -98.2302142495242,19.10045667415484,0 -98.23008529231714,19.10046291192432,0 -98.2300603379738,19.1004628076062,0 -98.22969186431813,19.10048611935297,0 -98.22960510065877,19.10049027401635,0 -98.22956834835583,19.10047204639902,0 -98.22949840853987,19.10043560695994,0 -98.2293887458611,19.1003809256072,0 -98.22933064684386,19.10035357168576,0 -98.22928797329193,19.10033080167058,0 -98.22925418219261,19.10031484471531,0 -98.22917652931844,19.10027611364482,0 -98.22897320308098,19.10017585622893,0 -98.22883627665605,19.10049157586851,0 -98.22872655757882,19.10070574284588,0 -98.22866468140222,19.10082492042485,0 -98.22892883548593,19.10149304122371,0 -98.22933175933746,19.10217060946818,0 -98.22976937987558,19.10290651718102,0 -98.23029139903655,19.10351567847432,0 -98.23111477997419,19.10475837093281,0 -98.23102524710036,19.10564926518097,0 -98.23070669328213,19.10695475706756,0 -98.22986060421555,19.1084787963919,0 -98.22866800199053,19.11045897814047,0 -98.22864629337985,19.11049502225179,0 -98.22848664845255,19.11042736613047,0 -98.22810468787681,19.11030771469647,0 -98.22710118307937,19.10999827131569,0 -98.2268401918646,19.10996835304345,0 -98.22587364944923,19.10973689517078,0 -98.22561707233625,19.11023746849252,0 -98.22512662690382,19.11010454475532,0 -98.22443086185486,19.11165031393466,0 -98.22414561131592,19.11154531204404,0 -98.22393259791431,19.11154018035444,0 -98.22382699111442,19.11148737880558,0 -98.22371857995232,19.11155576403421,0 -98.22280011334711,19.11120972737077,0 -98.22265102082073,19.1115752078509,0 -98.22279536069428,19.11163012918713,0 -98.22293444267861,19.11168173877959,0 -98.22293373585821,19.11168366879297,0 -98.22293558838733,19.11168435618923,0 -98.22285926305889,19.11189280488998,0 -98.22276691838172,19.11212567596129,0 -98.22272311069248,19.1122456910418,0 -98.22270210202875,19.11231045125732,0 -98.22266212438383,19.11242664180061,0 -98.2226180032474,19.11254310401507,0 -98.22258457040228,19.11263135291421,0 -98.22253876283594,19.11277909107866,0 -98.22252773091674,19.11280636127826,0 -98.22249353667506,19.11288256524707,0 -98.22242456667854,19.11306050812819,0 -98.22241817674316,19.1130685068214,0 -98.22233563810714,19.11322187880184,0 -98.22231309451034,19.11320007146319,0 -98.22231241458637,19.11320092257922,0 -98.22233678381595,19.11322449621479,0 -98.22282883694336,19.11381069177299,0 -98.22254285815825,19.11373687247008,0 -98.22214247558129,19.11513224102595,0 -98.22258961417894,19.11537597699211,0 -98.22333899489725,19.1157591845804,0 -98.22437523872111,19.11595462374175,0 -98.22548251626803,19.11596399763128,0 -98.22589315544653,19.11624212031316,0 -98.22589185021275,19.11626252289931,0 -98.22588097388783,19.11643247516768,0 -98.2258809585168,19.1164327136777,0 -98.2258785716278,19.1164700107533,0 -98.22580817899518,19.11665722983324,0 -98.22553965911621,19.11690009690485,0 -98.22511029393262,19.11684858747563,0 -98.22489334511985,19.11724529827843,0 -98.22450034861392,19.11805922438777,0 -98.22403349496058,19.11840065928203,0 -98.22266708719619,19.11885351603847,0 -98.22244873310156,19.11891359273125,0 -98.22194360762869,19.1190515298904,0 -98.22160728821774,19.11943191616159,0 -98.22061743595974,19.11966494537225,0 -98.2195271537216,19.12053238673561,0 -98.21898213459521,19.12068595997865,0 -98.21871617184753,19.1212709572443,0 -98.21866370729866,19.12138764036701,0 -98.21866368423497,19.1213876926831,0 -98.21845865557356,19.12141627775021,0 -98.2184268057738,19.12142071785336,0 -98.21836032553497,19.12144146794991,0 -98.21828233106093,19.12146581188113,0 -98.21801725222466,19.12149080490386,0 -98.21772194427101,19.12150957906138,0 -98.21699971788199,19.12153159723002,0 -98.21699053967802,19.12153295527833,0 -98.21699994916933,19.12160057777256,0 -98.21710347795059,19.12213665701335,0 -98.21723021812983,19.12310699285319,0 -98.2164163077634,19.12308199888334,0 -98.21634889105788,19.12305556349667,0 -98.2160720878433,19.12309281916994,0 -98.21592028964163,19.12219048254092,0 -98.21591981158466,19.12219105163568,0 -98.21574889689474,19.12235491946685,0 -98.21557499448389,19.12238684564276,0 -98.21567911478019,19.12300823904259,0 -98.21577712356131,19.12362354617533,0 -98.21504203455424,19.12328441072517,0 -98.21442453843906,19.12299513404319,0 -98.21377918178818,19.12255029270202,0 -98.21298212712087,19.1218244497873,0 -98.21247734887464,19.12133482112969,0 -98.21251566232337,19.12003728006847,0 -98.21246643146667,19.12003668260413,0 -98.21245895266951,19.11933988169735,0 -98.2119972692721,19.11894853448948,0 -98.21177172031925,19.11877337610373,0 -98.21177337184555,19.11842499918442,0 -98.2117962919244,19.11813819314262,0 -98.21195939470159,19.11784173956584,0 -98.21211034672532,19.11762252907278,0 -98.21194785379132,19.11696652651292,0 -98.21158604247522,19.11701016590661,0 -98.21127382350178,19.11692685536844,0 -98.21098744552037,19.11659203001103,0 -98.20921004966223,19.11575074839596,0 -98.20901204390509,19.11565501018543,0 -98.20901602970629,19.11560614767165,0 -98.20246516110096,19.11460587762405,0 -98.20238880694258,19.11479689820487,0 -98.20222426924146,19.11472553478379,0 -98.20188390465425,19.11449169391773,0 -98.2017118055978,19.11497509933684,0 -98.201440376832,19.11513658302144,0 -98.20143755868988,19.11513802302092,0 -98.20142967032015,19.11517572138014,0 -98.20137817471323,19.1151683633319,0 -98.2012152189052,19.11525162144757,0 -98.20055342367783,19.11495108513412,0 -98.20014945605547,19.11444631129052,0 -98.19963278388865,19.11438051893401,0 -98.19931984378098,19.11431512349976,0 -98.19915053370576,19.11480205377639,0 -98.19967879829485,19.11517594153479,0 -98.19942877410689,19.11549920934387,0 -98.19917429211104,19.1153721390683,0 -98.19896996326975,19.115837313151,0 -98.19856477059771,19.1157846101713,0 -98.19837853078404,19.11619688089672,0 -98.19685050272679,19.11607226096429,0 -98.19589611809295,19.11511244488131,0 -98.19537194096392,19.11464249616757,0 -98.19572880077686,19.11346474430229,0 -98.19557777825646,19.11125555251125,0 -98.19552173043118,19.11025156404162,0 -98.19476221151919,19.11009213692959,0 -98.19488482192807,19.10953579759283,0 -98.19592892088949,19.10969144638133,0 -98.19588723568518,19.10954496725473,0 -98.19573696091656,19.10907471325402,0 -98.19568351025569,19.10841095623068,0 -98.19556431384234,19.10789237850635,0 -98.19591204822524,19.10785460515584,0 -98.19663160224718,19.10790983481315,0 -98.19740452204232,19.10796608052104,0 -98.19858529592642,19.10809914101764,0 -98.1986836545327,19.10809770030126,0 -98.19872721249502,19.10787947478104,0 -98.19874870835517,19.10761072110753,0 -98.19881411919039,19.10759970965091,0 -98.19900325023058,19.10669684430918,0 -98.20277067689581,19.10638926780309,0 -98.2035453997257,19.1063376961146,0 -98.2048064288235,19.1063970478749,0 -98.20480788162303,19.10643161665095,0 -98.20481866808876,19.10643174185506,0 -98.20487013167615,19.10740548145708,0 -98.20491106940459,19.10819671162882,0 -98.20492653368649,19.1084798138548,0 -98.20489386864365,19.10847826213107,0 -98.20491374144952,19.10895126473622,0 -98.20488502240904,19.10905436459391,0 -98.2050546376736,19.10914988951527,0 -98.20519361094468,19.10917223319598,0 -98.20523226968277,19.1091784484778,0 -98.205425605211,19.1092095330803,0 -98.20554359071559,19.10924540180286,0 -98.20560491417655,19.10928530945514,0 -98.20754459546274,19.10639635208466,0 -98.20833652263477,19.10643445858223,0 -98.20830538519485,19.10620163990723,0 -98.20830231773658,19.10618019932583,0 -98.20829503456328,19.10612929930313,0 -98.2082890480288,19.10608440445284,0 -98.20821242325846,19.10550991735613,0 -98.20811695311005,19.10479844373994,0 -98.2079098256531,19.10325484456188,0 -98.20349290548712,19.09957493061205,0 -98.20157092077793,19.09705348173848,0 -98.20164328820765,19.09628136210029,0 -98.20321296165601,19.09589650172475,0 -98.20308899133087,19.09565237129835,0 -98.20216007727217,19.09540539618432,0 -98.20146866755246,19.09537528972362,0 -98.20132026186651,19.09537878074902,0 -98.20045937970133,19.09552461423094,0 -98.20015140702601,19.09527242844213,0 -98.19936755133506,19.09618174969659,0 -98.19915747959327,19.09674790158207,0 -98.19857726953326,19.09797447852182,0 -98.19849891221637,19.09823468829567,0 -98.1970023972208,19.09789750064457,0 -98.19696423469441,19.0980670831715,0 -98.19692298024238,19.09827794535742,0 -98.1956294643425,19.09787795497515,0 -98.1949283248981,19.09764671050877,0 -98.19577854620114,19.09542735037151,0 -98.19631887984795,19.09435727548304,0 -98.19671065318975,19.09347041196309,0 -98.19689838740065,19.09297871979948,0 -98.19716220412963,19.0928488346563,0 -98.19659555051361,19.09269951503819,0 -98.19683027156691,19.09195047631537,0 -98.19602093176799,19.09133354479375,0 -98.19580722416329,19.09106004683598,0 -98.19562321012361,19.09077962859667,0 -98.19556164440132,19.09072072936501,0 -98.19544474320274,19.09066881530223,0 -98.19529950451742,19.09057055370981,0 -98.19522233882611,19.09050900620722,0 -98.19518229371239,19.09046866231474,0 -98.19507957485904,19.09024925154282,0 -98.19507834698986,19.09024546243239,0 -98.19507784840511,19.09024556417863,0 -98.19482600853112,19.09030153273847,0 -98.19477827824184,19.09046624742449,0 -98.19476730064918,19.09052493924288,0 -98.19471488723423,19.09079807612682,0 -98.19465456472808,19.09110958519652,0 -98.19459812618348,19.0911093385019,0 -98.19450003577909,19.0911224650395,0 -98.19440544432763,19.0911491621573,0 -98.19424521872341,19.09123431199291,0 -98.19383786220941,19.09131612134207,0 -98.19268426394184,19.09202046590372,0 -98.1929460296119,19.09304955847722,0 -98.19313540270764,19.09393826191319,0 -98.19239779844476,19.09583955298933,0 -98.19197211416423,19.09675718887328,0 -98.19218590350204,19.097266451057,0 -98.19163787282672,19.09756226387069,0 -98.19143090685421,19.09797253343998,0 -98.19140535995396,19.09797242129472,0 -98.19202580022242,19.09954013691362,0 -98.19231437052699,19.09988556032906,0 -98.1922501162705,19.10032735264524,0 -98.19227280846917,19.10037514067003,0 -98.19217820914551,19.10091447130693,0 -98.19189086773561,19.1013623344269,0 -98.19243678359179,19.10161267199635,0 -98.19225112038313,19.1025502216244,0 -98.19310254744333,19.10279451578971,0 -98.1924178256785,19.10365052352011,0 -98.19229399018352,19.10380056002725,0 -98.19239698423927,19.10395290533222,0 -98.19219797494651,19.10423551012761,0 -98.19201382460265,19.10491531427666,0 -98.19163759451814,19.1050767686263,0 -98.19163725443397,19.10507867481692,0 -98.1920531117446,19.10524874843507,0 -98.19215312522208,19.10522212000178,0 -98.19220309791262,19.10535191171768,0 -98.19194483591633,19.10545180897262,0 -98.19176067645655,19.10593529748907,0 -98.19210146128391,19.10611810882592,0 -98.19164854133983,19.10685036671674,0 -98.19027618519355,19.10604023611206,0 -98.18916342021564,19.10542663857151,0 -98.18898800165351,19.10538234087259,0 -98.18840247622359,19.10601298232103,0 -98.18820387916654,19.10665890053104,0 -98.18820838703084,19.10668406096132,0 -98.18821940169202,19.1070058580221,0 -98.18811272810363,19.10695535869694,0 -98.1880917614014,19.1070235514946,0 -98.18748602636461,19.10675012600803,0 -98.18395020201635,19.10511396364969,0 -98.18366007600743,19.1048639110479,0 -98.18368184543159,19.10482753028009,0 -98.18345991976274,19.10459091478227,0 -98.18316144315864,19.1042726810801,0 -98.18313445796925,19.10424390911628,0 -98.18194606638809,19.10410053507814,0 -98.18175547911669,19.10451541706675,0 -98.18173027085113,19.10456726606089,0 -98.18082129610929,19.10593613754891,0 -98.18048023928507,19.10596087919134,0 -98.17995758780896,19.10641715160151,0 -98.17995493190924,19.10647960247665,0 -98.17981688322627,19.10660595532815,0 -98.17948352409687,19.10636586113599,0 -98.17952368879402,19.10632156074518,0 -98.1792470638276,19.10607404666233,0 -98.17880222460131,19.10567096277224,0 -98.17857465661865,19.10598694497548,0 -98.17774201003539,19.10539493620783,0 -98.17764407018872,19.10518890876639,0 -98.17783669406589,19.10493317217009,0 -98.17758237723915,19.10471597000666,0 -98.17927007052553,19.10212314508462,0 -98.18031596802999,19.10147714968871,0 -98.18042315045929,19.10070497646105,0 -98.18048538247125,19.10025341057574,0 -98.18202539544944,19.09855680756305,0 -98.18331680268145,19.0983818739756,0 -98.18241719950433,19.09813833394358,0 -98.18107386726254,19.09765793128209,0 -98.18091808422186,19.0976014875244,0 -98.1801964878032,19.09872852984033,0 -98.18000357400956,19.09863357935166,0 -98.17921808256523,19.09822054852204,0 -98.1790915631246,19.09817121278773,0 -98.17898648483236,19.09812008925906,0 -98.17833424006729,19.09888603911558,0 -98.17825166226906,19.09884591850148,0 -98.17823117556253,19.09887349704238,0 -98.17818182727204,19.0988837966667,0 -98.17804038345626,19.09880186907758,0 -98.17793377679682,19.09876436118495,0 -98.17733279190284,19.09846110317186,0 -98.17726213269141,19.09858630041042,0 -98.17577590562838,19.09785611136303,0 -98.17586683437175,19.09769517790452,0 -98.17484595918006,19.09721198797622,0 -98.17486847657716,19.09717119890848,0 -98.17482658065522,19.0971503665497,0 -98.1745667951845,19.09702715002047,0 -98.1746186420971,19.09693865042711,0 -98.17447033116299,19.09686758876468,0 -98.1745090887665,19.09679627104018,0 -98.17445907346742,19.09677036507598,0 -98.17452819482229,19.09665266262642,0 -98.17432954982216,19.09655870997298,0 -98.17452305782905,19.09619332366293,0 -98.17483171416231,19.0963620961175,0 -98.17505215326686,19.09600776351996,0 -98.17365779247264,19.09528402431298,0 -98.17375019415161,19.09511236812924,0 -98.17440258272613,19.09544521939693,0 -98.17512603263224,19.09582749198577,0 -98.17517785000726,19.09574289598895,0 -98.1753083380172,19.09580794910315,0 -98.17584105793927,19.09488979421739,0 -98.17552245557188,19.09472577754079,0 -98.17560623030518,19.09456835001972,0 -98.17580943570171,19.09467207242865,0 -98.17594196280824,19.09432118499647,0 -98.17594738638827,19.09386684616924,0 -98.17603807116728,19.09372474057971,0 -98.17667376883956,19.09404571607497,0 -98.17667711854578,19.09403824491385,0 -98.17667646161746,19.09402019085908,0 -98.17701862964408,19.09321088774995,0 -98.17696278100141,19.09318639237738,0 -98.1770521652889,19.09293788950768,0 -98.1770521652889,19.09293788950768,0 
							</coordinates>
						</LinearRing>
					</outerBoundaryIs>
					<innerBoundaryIs>
						<LinearRing>
							<coordinates>
								-98.18159004110036,19.09454979974587,0 -98.18067754079343,19.09527251346441,0 -98.18075242848526,19.09531373379759,0 -98.18079910386872,19.09535010688534,0 -98.18084152364663,19.09538084733997,0 -98.18092733698126,19.09544303381131,0 -98.18101821225402,19.09550889183343,0 -98.18111093471413,19.09557607740572,0 -98.18129003345945,19.09570586563327,0 -98.18138258557242,19.09577294187517,0 -98.18147266557581,19.09583821778929,0 -98.18152214806332,19.09587406999987,0 -98.18156317189586,19.09590380280864,0 -98.18163828605265,19.09595823117618,0 -98.18174409000623,19.09603490904161,0 -98.18183460591494,19.09610052108638,0 -98.18186525379603,19.09612046420072,0 -98.1820086011539,19.09592926626027,0 -98.18206063239427,19.09585946160486,0 -98.18233526328332,19.09558731567187,0 -98.18258512666331,19.0952321190487,0 -98.18257299895939,19.0952255641146,0 -98.1821788098169,19.09495511877138,0 -98.18201915614422,19.09484528167399,0 -98.18186770119357,19.09474091472093,0 -98.18178162130476,19.09468189943888,0 -98.1816808895328,19.09461411563161,0 -98.18159004110036,19.09454979974587,0 -98.18159004110036,19.09454979974587,0 
							</coordinates>
						</LinearRing>
						<LinearRing>
							<coordinates>
								-98.22753853108298,19.10914000272378,0 -98.22861892041483,19.10941150159638,0 -98.22871029393907,19.10927608826335,0 -98.22874795818581,19.10905534639452,0 -98.22874287924779,19.10884873995762,0 -98.22878590721493,19.10868250510225,0 -98.22949107288919,19.10751677060958,0 -98.22956771265142,19.10739152220981,0 -98.22961921929509,19.10719304896921,0 -98.22885905162629,19.10692951545947,0 -98.22881175635516,19.10690139686344,0 -98.22871533463298,19.10748565816774,0 -98.22841473936784,19.10773065422207,0 -98.22810148390104,19.10775871122052,0 -98.22684531148846,19.10854869120889,0 -98.22693276177687,19.10865177938935,0 -98.2268477955011,19.10874897624712,0 -98.22678385069281,19.10886921605015,0 -98.22753853108298,19.10914000272378,0 -98.22753853108298,19.10914000272378,0 
							</coordinates>
						</LinearRing>
						<LinearRing>
							<coordinates>
								-98.18082523524281,19.0900730703105,0 -98.180878597945,19.08995007178535,0 -98.18089712351549,19.08996162553746,0 -98.18094953640176,19.08999656009205,0 -98.18096788850818,19.09000878992759,0 -98.18096826749088,19.09000904193337,0 -98.18102116954647,19.08992711387613,0 -98.18105622682212,19.08987282256432,0 -98.18105898671585,19.08984509164764,0 -98.18106067714713,19.08982801044436,0 -98.18106865708482,19.08974778045346,0 -98.18107758712051,19.08965797560412,0 -98.18108322744106,19.0896011949212,0 -98.18107733990834,19.08958259799239,0 -98.18104819193688,19.08949101625128,0 -98.18104930511831,19.08948983917642,0 -98.18105152325882,19.08948780399156,0 -98.18111520049779,19.08942019299914,0 -98.18114101918489,19.08939278143674,0 -98.18117751028677,19.08935403807126,0 -98.18119316298036,19.08933741833822,0 -98.18121173901224,19.08933889255941,0 -98.18123035653099,19.08933966208735,0 -98.18124899657018,19.0893397178009,0 -98.18126762110835,19.08933905953109,0 -98.1812860494112,19.08933771358552,0 -98.18129898315807,19.08933644263128,0 -98.18130542904406,19.08933620920122,0 -98.18131181789818,19.08933597551752,0 -98.18132465832335,19.08933628559882,0 -98.18133745690723,19.08933737266399,0 -98.18135015666259,19.08933922742304,0 -98.18136270051328,19.08934185865926,0 -98.18137505057157,19.08934523909378,0 -98.18138714034487,19.08934935939436,0 -98.18139893185642,19.0893542103555,0 -98.18141037771316,19.08935976465612,0 -98.18141939242366,19.08936485811993,0 -98.18142142097214,19.08936600396956,0 -98.18148395095673,19.08931168640175,0 -98.18163802282339,19.08917784970221,0 -98.18168767382552,19.08913471943805,0 -98.18170653911864,19.08911833171392,0 -98.18178116385823,19.08912280378358,0 -98.18184387981596,19.08912656144938,0 -98.18187638095928,19.08912851131894,0 -98.1819089220258,19.08913046136002,0 -98.18196061295552,19.08913355733866,0 -98.18198025173537,19.08915669757652,0 -98.18198795706489,19.08918066141353,0 -98.18200340746921,19.08919340330724,0 -98.18200633281857,19.08919581648593,0 -98.18208385804677,19.08923874234693,0 -98.18213815112742,19.08925665041268,0 -98.1821629583645,19.08926483044162,0 -98.18218198075087,19.0892663878779,0 -98.18224206056178,19.08927118198725,0 -98.18226144725519,19.08926997936462,0 -98.18226369599633,19.089269839332,0 -98.18228637925243,19.08926843264385,0 -98.1822881037058,19.08926762697804,0 -98.18232105860001,19.08925228402157,0 -98.18233221504342,19.08924709214277,0 -98.1823808804193,19.08922443576517,0 -98.18240583238882,19.08921281662082,0 -98.18242198396621,19.08920278506337,0 -98.18244737452414,19.08918701993559,0 -98.18246619578701,19.08917532839776,0 -98.18251464094233,19.08914524269865,0 -98.18256067383335,19.08911665544241,0 -98.18260675441272,19.08908803223813,0 -98.18265053710495,19.0890608447285,0 -98.1826513423498,19.08905558884137,0 -98.18266870484396,19.08894213564272,0 -98.18268347098399,19.08884561144331,0 -98.18268393646123,19.08884257169703,0 -98.18269650119976,19.08885101635398,0 -98.18270490295895,19.08885666280448,0 -98.18274454309169,19.08888332568593,0 -98.18278036520005,19.08890740515522,0 -98.18278213778922,19.08890531194387,0 -98.18280071074628,19.08888338501161,0 -98.18280913385223,19.08887344566,0 -98.18282379071496,19.08885613275486,0 -98.18284253000607,19.08883401226282,0 -98.18286162901914,19.08881199999887,0 -98.18254325809875,19.08860416500577,0 -98.18242861214712,19.08871307753106,0 -98.182317120503,19.08881917001314,0 -98.18206132323287,19.08872449954031,0 -98.181889846465,19.08869872245188,0 -98.18171280821005,19.08878455567066,0 -98.18169701255107,19.0887956641343,0 -98.18166486801152,19.0888182671859,0 -98.1815963915237,19.08886641876676,0 -98.1815397587397,19.08889718176894,0 -98.18151522610705,19.08891051062679,0 -98.18143066761766,19.08895644897163,0 -98.18139655639445,19.08897497664633,0 -98.1813853099091,19.08898108079201,0 -98.18134729098094,19.08900173283513,0 -98.18126439080821,19.08904676574385,0 -98.18123643653726,19.08906194999175,0 -98.18122245460283,19.08906955112961,0 -98.18117871708776,19.08909330448286,0 -98.18112862237932,19.0891205178057,0 -98.18107595429349,19.08914912942917,0 -98.18103969680391,19.08916337305778,0 -98.18096684849927,19.08919198532754,0 -98.18088293336881,19.08922494932754,0 -98.18083748733352,19.08925204767946,0 -98.18074787270848,19.08930548189381,0 -98.18071346445424,19.08932445995925,0 -98.18066623696934,19.08935041170086,0 -98.1806120992715,19.08938016433354,0 -98.18057807900286,19.08943812914181,0 -98.180553270727,19.08948040172441,0 -98.18039463155311,19.08938993297589,0 -98.18034103066265,19.08947670150518,0 -98.18034101055471,19.0894767312374,0 -98.1803087491782,19.0894590833176,0 -98.18027837463981,19.08950671436081,0 -98.18025217581902,19.08954778784738,0 -98.18022220360695,19.08959478357059,0 -98.1801959625875,19.08963592734766,0 -98.18016743496486,19.08968065038997,0 -98.18014012148733,19.0897239600414,0 -98.1801127218245,19.08976739582076,0 -98.18008527417554,19.08981092175049,0 -98.18005820020079,19.08985384386828,0 -98.18003035977846,19.08989798254757,0 -98.17992364999536,19.08983825292986,0 -98.17986886687642,19.08997005577919,0 -98.18003480027922,19.08997299021761,0 -98.18023680555218,19.08987430728926,0 -98.18032046345948,19.0898334397172,0 -98.18038739561582,19.08986939692227,0 -98.18066819886381,19.09000000758461,0 -98.18074027043616,19.09003353039421,0 -98.18079550439386,19.09005922287986,0 -98.18080719798883,19.0900646617443,0 -98.18082523524281,19.0900730703105,0 -98.18082523524281,19.0900730703105,0 
							</coordinates>
						</LinearRing>
						<LinearRing>
							<coordinates>
								-98.18182694003731,19.08311400112978,0 -98.1803711549903,19.08287590464375,0 -98.18036988147313,19.08287838140964,0 -98.17955030758648,19.08447294544411,0 -98.17964499334093,19.08451380058614,0 -98.18017145930665,19.08478045355752,0 -98.18049825308024,19.08494597222658,0 -98.18090255059903,19.08515074486226,0 -98.18147662353914,19.08544150470991,0 -98.18221215902001,19.08581872031444,0 -98.18334847331026,19.08640146479871,0 -98.18396348799773,19.08671686319419,0 -98.18393960196407,19.08675896324753,0 -98.1840228397888,19.08679966339715,0 -98.18456749893045,19.0870664028382,0 -98.18496692674083,19.08702524464284,0 -98.18542497293467,19.08678101493205,0 -98.18549109275958,19.08674515966536,0 -98.1854302236282,19.08667937326133,0 -98.18544815628854,19.08665686032861,0 -98.18537662704698,19.0865842491316,0 -98.18566830153368,19.08622406304876,0 -98.18566400178602,19.08613141603852,0 -98.18608227990782,19.08563623540373,0 -98.18633979676895,19.08497090252039,0 -98.18665445989947,19.0845249657587,0 -98.18659835461922,19.08445694153881,0 -98.18654694674591,19.08440023413825,0 -98.18647186458152,19.08432534846341,0 -98.18627528621967,19.08419118665817,0 -98.18618586948955,19.08413205212816,0 -98.18623573835718,19.08384080846497,0 -98.18623724808728,19.08383198971131,0 -98.18332918829086,19.08335554901205,0 -98.18182694003731,19.08311400112978,0 -98.18182694003731,19.08311400112978,0 
							</coordinates>
						</LinearRing>
					</innerBoundaryIs>
				</Polygon>
				<Polygon>
					<outerBoundaryIs>
						<LinearRing>
							<coordinates>
								-98.21654903285383,19.12490262756953,0 -98.21653468258239,19.12489021392719,0 -98.21655158942863,19.12489859806039,0 -98.21654903285383,19.12490262756953,0 -98.21654903285383,19.12490262756953,0 
							</coordinates>
						</LinearRing>
					</outerBoundaryIs>
				</Polygon>
				<Polygon>
					<outerBoundaryIs>
						<LinearRing>
							<coordinates>
								-98.2228675894917,19.12940165522714,0 -98.22291621475178,19.12923228138026,0 -98.22291644570812,19.12923250285636,0 -98.22286786877694,19.12940170791744,0 -98.22285003170073,19.12963738996413,0 -98.22284978076105,19.12963696868797,0 -98.2228675894917,19.12940165522714,0 -98.2228675894917,19.12940165522714,0 
							</coordinates>
						</LinearRing>
					</outerBoundaryIs>
				</Polygon>
				<Polygon>
					<outerBoundaryIs>
						<LinearRing>
							<coordinates>
								-98.22368800636677,19.1311270127925,0 -98.22368928385583,19.13112505988786,0 -98.22368943529652,19.13112520692487,0 -98.22375989269455,19.13119350065441,0 -98.22375865246346,19.1311954157618,0 -98.22375855669313,19.13119556356282,0 -98.22368800636677,19.1311270127925,0 -98.22368800636677,19.1311270127925,0 
							</coordinates>
						</LinearRing>
					</outerBoundaryIs>
				</Polygon>
				<Polygon>
					<outerBoundaryIs>
						<LinearRing>
							<coordinates>
								-98.22286128261274,19.13036086405118,0 -98.22271945980907,19.13013231979816,0 -98.22271953715179,19.1301320463069,0 -98.22285968208982,19.13035788685942,0 -98.22289097040256,19.13030857093761,0 -98.22289237839547,19.13030636284548,0 -98.22291707341607,19.1303301348227,0 -98.22295802043172,19.13036954603615,0 -98.22297854127426,19.13038929702408,0 -98.22303440564437,19.13044307665336,0 -98.22306685214691,19.13047445427822,0 -98.22311180969551,19.13052443750029,0 -98.22314972986565,19.13056030788209,0 -98.22316194223703,19.13057182186727,0 -98.22317035771022,19.13057975566171,0 -98.22320769256899,19.13061494037034,0 -98.22321839891285,19.13062502558327,0 -98.22322661561554,19.1306327687609,0 -98.22331170580753,19.13071744238277,0 -98.22336291517368,19.13076840082079,0 -98.22341746780231,19.13082012342394,0 -98.2234523008518,19.1308531494507,0 -98.22352234184926,19.13091955641092,0 -98.22365525790909,19.13104706697627,0 -98.22370507415121,19.13109485743142,0 -98.22370149191507,19.13110006925603,0 -98.22370139330928,19.13110021343026,0 -98.22316123712488,19.13057723199314,0 -98.22306473811041,19.13048227130504,0 -98.22297762314062,19.13039756191009,0 -98.22289181549328,19.13031409515098,0 -98.22287448071417,19.13034070878471,0 -98.22285425854044,19.13037175817963,0 -98.22283200801871,19.13040592034728,0 -98.22281026696891,19.13043930026155,0 -98.22278828648757,19.13047304877038,0 -98.22276579268699,19.13050758493222,0 -98.22274334580729,19.13054204809025,0 -98.22272078303722,19.13057668968602,0 -98.22269876995995,19.13061048774775,0 -98.22267759963174,19.13064299076541,0 -98.2226550818373,19.13067756476522,0 -98.22263244820623,19.13071271211543,0 -98.2226102892879,19.13074719093084,0 -98.22258892721608,19.13078043144108,0 -98.22256616584309,19.13081584754161,0 -98.22254464763914,19.13084933047857,0 -98.22252234214487,19.13088403729575,0 -98.22250020520852,19.13091848184855,0 -98.22247791118501,19.13095317153787,0 -98.22245737753809,19.1309851214484,0 -98.22243418031934,19.13102121616611,0 -98.22241259310185,19.13105480633259,0 -98.22239049251094,19.13108919499501,0 -98.22236861603399,19.13112323397021,0 -98.22234596758194,19.13115847429713,0 -98.22232420313547,19.13119234113511,0 -98.22230178165704,19.13122722816897,0 -98.22228014005944,19.13126084610195,0 -98.22225813259429,19.13129503090585,0 -98.22223636359853,19.13132884620225,0 -98.22221547095808,19.1313612979188,0 -98.22219241950037,19.13139710494064,0 -98.22217005379621,19.13143184579405,0 -98.22214808172187,19.13146597560734,0 -98.22212534821658,19.13150128783836,0 -98.22210438752299,19.13153384679163,0 -98.22207994151572,19.13157181856205,0 -98.22206010426665,19.13160263181393,0 -98.22203776053486,19.1316373384015,0 -98.2220168218351,19.13166986309605,0 -98.22199374731053,19.13170570433176,0 -98.22197311986989,19.13173774505577,0 -98.22195129999626,19.13177163871902,0 -98.22192813158061,19.13180762594576,0 -98.22190885048732,19.1318449372539,0 -98.22190881074911,19.13184489551605,0 -98.22192809760632,19.13180757158067,0 -98.22195126507117,19.13177158434987,0 -98.22197308494908,19.13173768978296,0 -98.22199371238973,19.13170564905896,0 -98.22201678595926,19.13166980872292,0 -98.22203772465905,19.13163728402836,0 -98.22206006934159,19.1316025774448,0 -98.22207990563565,19.1315717650926,0 -98.22210435164718,19.13153379241851,0 -98.22212531329153,19.13150123346928,0 -98.22214804680104,19.13146592033457,0 -98.22217001886695,19.13143179232863,0 -98.22219238457953,19.13139704966786,0 -98.22221543603303,19.13136124354973,0 -98.22223632867346,19.13132879183319,0 -98.22225809766923,19.13129497653677,0 -98.22228010608515,19.1312607917369,0 -98.22230174673199,19.1312271737999,0 -98.22232416821038,19.13119228676603,0 -98.22234593360768,19.13115841993208,0 -98.22236858205972,19.13112317960516,0 -98.22239045758589,19.13108914062596,0 -98.22241255817681,19.13105475196355,0 -98.22243414539429,19.13102116179708,0 -98.22245734261304,19.13098506707937,0 -98.22247787625571,19.13095311807252,0 -98.22250017028345,19.1309184274795,0 -98.2225223072198,19.13088398292673,0 -98.22254461271407,19.13084927610955,0 -98.22256613091801,19.13081579317259,0 -98.22258889134024,19.13078037706806,0 -98.22261025531358,19.13074713656585,0 -98.22263241233038,19.13071265774241,0 -98.22265504595723,19.13067751129586,0 -98.22267756470664,19.13064293639639,0 -98.22269873503488,19.13061043337875,0 -98.22272074811217,19.13057663531703,0 -98.22274331088644,19.13054199281758,0 -98.22276575681539,19.13050752965555,0 -98.22278825155827,19.13047299530508,0 -98.22281023299462,19.13043924589659,0 -98.22283197309362,19.1304058659783,0 -98.22285422266459,19.13037170380663,0 -98.22286128261274,19.13036086405118,0 -98.22286128261274,19.13036086405118,0 
							</coordinates>
						</LinearRing>
					</outerBoundaryIs>
				</Polygon>
				<Polygon>
					<outerBoundaryIs>
						<LinearRing>
							<coordinates>
								-98.22337994539232,19.13312966931791,0 -98.22391593104484,19.13254711972689,0 -98.22325557248135,19.13198965609586,0 -98.2232686013746,19.13195853019935,0 -98.22330410326894,19.13187638830523,0 -98.22333654264982,19.13184711831546,0 -98.22333619691203,19.13184765274368,0 -98.22333617969656,19.13184767435954,0 -98.22331672565274,19.13187770858231,0 -98.22327780892319,19.13193779053956,0 -98.22326884573874,19.13195852852027,0 -98.22325582064022,19.13198965624021,0 -98.2239161754099,19.13254711804698,0 -98.22391279238241,19.13255079444161,0 -98.22391273828882,19.13255077252477,0 -98.22338004105045,19.13312974924657,0 -98.22337994539232,19.13312966931791,0 -98.22337994539232,19.13312966931791,0 
							</coordinates>
						</LinearRing>
					</outerBoundaryIs>
				</Polygon>
			</MultiGeometry>
		</Placemark>
		<Placemark id="ID_70008">
			<visibility>0</visibility>
			<snippet></snippet>
			<description><![CDATA[<html><body><table border="1"><tr><th>Field Name</th><th>Field Value</th></tr><tr><td>MUNICIPIO</td><td>AMOZOC</td></tr><tr><td>SERVICIO</td><td>POR POLÍGONO DE SERVICIO</td></tr><tr><td>FECHA ACTUALIZACIÓN</td><td>Nulo</td></tr><tr><td>POBLACIÓN AGUA</td><td>Nulo</td></tr><tr><td>PROMEDIO OCUPANTES EN VIVIENDAS PARTICULARES AGUA</td><td>Nulo</td></tr><tr><td>MES 1 TOMAS ACTIVAS AGUA</td><td>Nulo</td></tr><tr><td>MES 2 TOMAS ACTIVAS AGUA</td><td>Nulo</td></tr><tr><td>MES 3 TOMAS ACTIVAS AGUA</td><td>Nulo</td></tr><tr><td>NÚMERO DE HABITANTES SERVIDOS AGUA</td><td>Nulo</td></tr><tr><td>COBERTURA POR MUNICIPIO AGUA</td><td>Nulo</td></tr><tr><td>POBLACIÓN DRENAJE</td><td>Nulo</td></tr><tr><td>PROMEDIO OCUPANTES EN VIVIENDAS PARTICULARES DRENAJE</td><td>Nulo</td></tr><tr><td>MES 1 TOMAS ACTIVAS DRENAJE</td><td>Nulo</td></tr><tr><td>MES 2 TOMAS ACTIVAS DRENAJE</td><td>Nulo</td></tr><tr><td>MES 3 TOMAS ACTIVAS DRENAJE</td><td>Nulo</td></tr><tr><td>NÚMERO DE HABITANTES SERVIDOS DRENAJE</td><td>Nulo</td></tr><tr><td>COBERTURA POR MUNICIPIO DRENAJE</td><td>Nulo</td></tr></table></body></html>]]></description>
			<styleUrl>#PolyStyle7311</styleUrl>
			<MultiGeometry>
				<Polygon>
					<outerBoundaryIs>
						<LinearRing>
							<coordinates>
								-98.11566025802141,19.00647543234187,0 -98.11563390219949,19.00759187834506,0 -98.11569247548709,19.00791699703131,0 -98.11570402972059,19.00595620217022,0 -98.11566025802141,19.00647543234187,0 -98.11566025802141,19.00647543234187,0 
							</coordinates>
						</LinearRing>
					</outerBoundaryIs>
				</Polygon>
				<Polygon>
					<outerBoundaryIs>
						<LinearRing>
							<coordinates>
								-98.11749955701509,19.03735674152733,0 -98.11745442203892,19.037334147124,0 -98.11754076714854,19.03734558821531,0 -98.11757725010321,19.03735218859731,0 -98.11749955701509,19.03735674152733,0 -98.11749955701509,19.03735674152733,0 
							</coordinates>
						</LinearRing>
					</outerBoundaryIs>
				</Polygon>
				<Polygon>
					<outerBoundaryIs>
						<LinearRing>
							<coordinates>
								-98.11023952384831,19.04899799952841,0 -98.11105975103996,19.04780993173494,0 -98.11125163535647,19.04789836959361,0 -98.11127453527752,19.04790898419103,0 -98.1116530579184,19.04808444056706,0 -98.11281454953047,19.04861489602293,0 -98.11334234291215,19.04793624923494,0 -98.11374965308772,19.04736501102538,0 -98.11433400187352,19.04653557272584,0 -98.11437103909167,19.0459344752468,0 -98.11456674466083,19.04590189922305,0 -98.11483735643901,19.04586437574105,0 -98.11381834495505,19.0473165891451,0 -98.11368026908471,19.04751336100976,0 -98.11336415013534,19.04796386103431,0 -98.11333527163748,19.04801337583057,0 -98.11327646816859,19.04808881618832,0 -98.1128426515711,19.04864536935827,0 -98.11284213296929,19.04864603468397,0 -98.11253089746091,19.04904532161751,0 -98.111989310406,19.04959385746718,0 -98.11186569105368,19.04971906189363,0 -98.11183106899148,19.04975912342532,0 -98.11179391862534,19.04971319146669,0 -98.11092195026207,19.04931199275271,0 -98.11029029305574,19.04902135939905,0 -98.11023952384831,19.04899799952841,0 -98.11023952384831,19.04899799952841,0 
							</coordinates>
						</LinearRing>
					</outerBoundaryIs>
				</Polygon>
				<Polygon>
					<outerBoundaryIs>
						<LinearRing>
							<coordinates>
								-98.06924978547411,19.05149099600001,0 -98.07133373140678,19.05020661495199,0 -98.071733426707,19.0499738330763,0 -98.07200881261208,19.04931407033715,0 -98.07264554103118,19.04778980671228,0 -98.07331285366452,19.04613198756227,0 -98.0735388256673,19.04577317889841,0 -98.07399638779238,19.0449290757801,0 -98.0741529874587,19.04457832962269,0 -98.07420982312472,19.04456586744366,0 -98.07422487300623,19.04453306465482,0 -98.07424557836582,19.0441270759975,0 -98.07656742177558,19.0440471983142,0 -98.07663389985142,19.04404550204513,0 -98.07664288529736,19.04400861664711,0 -98.07948463076173,19.04393421669824,0 -98.07899889766722,19.04580325416702,0 -98.07907772936146,19.04583184558204,0 -98.07900892321817,19.04599996480602,0 -98.07944741880358,19.04636595281308,0 -98.0798061646523,19.04675670779086,0 -98.07923454322079,19.0471364812349,0 -98.07875597926028,19.04720495057624,0 -98.07865087830713,19.04726689144547,0 -98.07766055184578,19.0490981968536,0 -98.07758063149892,19.04991072634182,0 -98.07702261874707,19.04987924542873,0 -98.07686133784887,19.05085395327291,0 -98.07682285530787,19.05086540911948,0 -98.07678048943711,19.05124750321989,0 -98.07650421772674,19.05098085496329,0 -98.07552634807656,19.05337716265978,0 -98.06924978547411,19.05149099600001,0 -98.06924978547411,19.05149099600001,0 
							</coordinates>
						</LinearRing>
					</outerBoundaryIs>
				</Polygon>
				<Polygon>
					<outerBoundaryIs>
						<LinearRing>
							<coordinates>
								-98.11404041244244,19.05435504578,0 -98.11415467460145,19.05417600821011,0 -98.11392810148153,19.05462886402043,0 -98.11386682285041,19.05474639218496,0 -98.11380033217019,19.05486934266469,0 -98.11371167407195,19.05500832724152,0 -98.11371122174445,19.05500903626341,0 -98.11352858159863,19.05529535045736,0 -98.11343919652565,19.05544318381315,0 -98.11343918214601,19.05544320723967,0 -98.11309657027275,19.05600985294629,0 -98.11281909726773,19.05644863169337,0 -98.11268475193822,19.05669095473352,0 -98.11260450638541,19.05682367237233,0 -98.11244800824122,19.05708250368198,0 -98.11306473592754,19.05599672404166,0 -98.1138000318505,19.05486898698092,0 -98.11404041244244,19.05435504578,0 -98.11404041244244,19.05435504578,0 
							</coordinates>
						</LinearRing>
					</outerBoundaryIs>
				</Polygon>
				<Polygon>
					<outerBoundaryIs>
						<LinearRing>
							<coordinates>
								-98.1123625234363,19.05723300204967,0 -98.11238340538924,19.0571962387982,0 -98.11239918520985,19.05720603917109,0 -98.11237410320426,19.05725128040035,0 -98.11235679849803,19.05724157661285,0 -98.1123625234363,19.05723300204967,0 -98.1123625234363,19.05723300204967,0 
							</coordinates>
						</LinearRing>
					</outerBoundaryIs>
				</Polygon>
				<Polygon>
					<outerBoundaryIs>
						<LinearRing>
							<coordinates>
								-98.11253341444099,19.05853543616443,0 -98.11277810108,19.05821363778558,0 -98.11280566873107,19.05823247916343,0 -98.11253341444099,19.05853543616443,0 -98.11253341444099,19.05853543616443,0 
							</coordinates>
						</LinearRing>
					</outerBoundaryIs>
				</Polygon>
				<Polygon>
					<outerBoundaryIs>
						<LinearRing>
							<coordinates>
								-98.11416786748181,19.06109124592058,0 -98.11417143528271,19.06108532408521,0 -98.1141732602208,19.06108653654524,0 -98.11416786748181,19.06109124592058,0 -98.11416786748181,19.06109124592058,0 
							</coordinates>
						</LinearRing>
					</outerBoundaryIs>
				</Polygon>
			</MultiGeometry>
		</Placemark>
		<Placemark id="ID_70009">
			<visibility>0</visibility>
			<snippet></snippet>
			<description><![CDATA[<html><body><table border="1"><tr><th>Field Name</th><th>Field Value</th></tr><tr><td>MUNICIPIO</td><td>SAN PEDRO CHOLULA</td></tr><tr><td>SERVICIO</td><td>POR POLÍGONO DE SERVICIO</td></tr><tr><td>FECHA ACTUALIZACIÓN</td><td>Nulo</td></tr><tr><td>POBLACIÓN AGUA</td><td>Nulo</td></tr><tr><td>PROMEDIO OCUPANTES EN VIVIENDAS PARTICULARES AGUA</td><td>Nulo</td></tr><tr><td>MES 1 TOMAS ACTIVAS AGUA</td><td>Nulo</td></tr><tr><td>MES 2 TOMAS ACTIVAS AGUA</td><td>Nulo</td></tr><tr><td>MES 3 TOMAS ACTIVAS AGUA</td><td>Nulo</td></tr><tr><td>NÚMERO DE HABITANTES SERVIDOS AGUA</td><td>Nulo</td></tr><tr><td>COBERTURA POR MUNICIPIO AGUA</td><td>Nulo</td></tr><tr><td>POBLACIÓN DRENAJE</td><td>Nulo</td></tr><tr><td>PROMEDIO OCUPANTES EN VIVIENDAS PARTICULARES DRENAJE</td><td>Nulo</td></tr><tr><td>MES 1 TOMAS ACTIVAS DRENAJE</td><td>Nulo</td></tr><tr><td>MES 2 TOMAS ACTIVAS DRENAJE</td><td>Nulo</td></tr><tr><td>MES 3 TOMAS ACTIVAS DRENAJE</td><td>Nulo</td></tr><tr><td>NÚMERO DE HABITANTES SERVIDOS DRENAJE</td><td>Nulo</td></tr><tr><td>COBERTURA POR MUNICIPIO DRENAJE</td><td>Nulo</td></tr></table></body></html>]]></description>
			<styleUrl>#PolyStyle730</styleUrl>
			<MultiGeometry>
				<Polygon>
					<outerBoundaryIs>
						<LinearRing>
							<coordinates>
								-98.27046532120332,19.05992279531189,0 -98.27055277659682,19.05973595129933,0 -98.27063862881791,19.05966837185307,0 -98.26994852689643,19.05967508003127,0 -98.26972434318442,19.0596759587144,0 -98.26971986179963,19.05991679271197,0 -98.27047601500436,19.05989282465685,0 -98.27046532120332,19.05992279531189,0 -98.27046532120332,19.05992279531189,0 
							</coordinates>
						</LinearRing>
					</outerBoundaryIs>
				</Polygon>
				<Polygon>
					<outerBoundaryIs>
						<LinearRing>
							<coordinates>
								-98.27004704969386,19.06053112808639,0 -98.2700671109983,19.06050480030182,0 -98.27006263943005,19.06051086454332,0 -98.26914512667213,19.06172037510438,0 -98.26921125655312,19.06163307714495,0 -98.26927231286378,19.06155233803208,0 -98.26935671387665,19.06144059578344,0 -98.26943950874262,19.06133098800739,0 -98.26949917912971,19.06125198656831,0 -98.26958344599302,19.06114042350948,0 -98.26966529417268,19.06103206802119,0 -98.26972832501698,19.06094936647953,0 -98.26981355482586,19.0608372558546,0 -98.26989398454167,19.06073154249318,0 -98.27004704969386,19.06053112808639,0 -98.27004704969386,19.06053112808639,0 
							</coordinates>
						</LinearRing>
					</outerBoundaryIs>
				</Polygon>
				<Polygon>
					<outerBoundaryIs>
						<LinearRing>
							<coordinates>
								-98.26872642250525,19.06235738183231,0 -98.26875415143623,19.06230542391992,0 -98.26856460610344,19.0626651556092,0 -98.26851721064155,19.06275145127583,0 -98.26855926963597,19.06267054854315,0 -98.26863528097002,19.06252813693116,0 -98.2686529326282,19.06249505903772,0 -98.26867086215276,19.06246146713233,0 -98.26868904946622,19.0624273882465,0 -98.26870672117968,19.0623942833153,0 -98.26872642250525,19.06235738183231,0 -98.26872642250525,19.06235738183231,0 
							</coordinates>
						</LinearRing>
					</outerBoundaryIs>
				</Polygon>
				<Polygon>
					<outerBoundaryIs>
						<LinearRing>
							<coordinates>
								-98.26848927129245,19.06280519403076,0 -98.2684905547241,19.06280272568159,0 -98.26847603747422,19.06285877368418,0 -98.26847840378154,19.06284929055914,0 -98.26848925245649,19.06280580486006,0 -98.26848927129245,19.06280519403076,0 -98.26848927129245,19.06280519403076,0 
							</coordinates>
						</LinearRing>
					</outerBoundaryIs>
				</Polygon>
				<Polygon>
					<outerBoundaryIs>
						<LinearRing>
							<coordinates>
								-98.26833783143438,19.06341004900232,0 -98.2683521133755,19.06334678400669,0 -98.26834988233855,19.06337720919928,0 -98.26833129202852,19.06343790052837,0 -98.26832289496996,19.06346262329268,0 -98.26833783143438,19.06341004900232,0 -98.26833783143438,19.06341004900232,0 
							</coordinates>
						</LinearRing>
					</outerBoundaryIs>
				</Polygon>
				<Polygon>
					<outerBoundaryIs>
						<LinearRing>
							<coordinates>
								-98.26825743758086,19.06362360886198,0 -98.2682610358474,19.06361538225782,0 -98.26825712689636,19.06362466857814,0 -98.26825743758086,19.06362360886198,0 -98.26825743758086,19.06362360886198,0 
							</coordinates>
						</LinearRing>
					</outerBoundaryIs>
				</Polygon>
				<Polygon>
					<outerBoundaryIs>
						<LinearRing>
							<coordinates>
								-98.26806742295591,19.0639471673028,0 -98.26815022596723,19.06385330094414,0 -98.26814725243419,19.06385820620088,0 -98.26802863635315,19.06400193059235,0 -98.26789914927535,19.06410837915714,0 -98.26789351264907,19.06411155138107,0 -98.26793667910742,19.0640764384707,0 -98.26794681448767,19.06406819353372,0 -98.2680137335324,19.06401063829158,0 -98.26805763319042,19.06395874105607,0 -98.26806742295591,19.0639471673028,0 -98.26806742295591,19.0639471673028,0 
							</coordinates>
						</LinearRing>
					</outerBoundaryIs>
				</Polygon>
				<Polygon>
					<outerBoundaryIs>
						<LinearRing>
							<coordinates>
								-98.2677989273386,19.06415727121054,0 -98.26786334394056,19.06412852701794,0 -98.26783574200424,19.06414405877741,0 -98.2677989273386,19.06415727121054,0 -98.2677989273386,19.06415727121054,0 
							</coordinates>
						</LinearRing>
					</outerBoundaryIs>
				</Polygon>
				<Polygon>
					<outerBoundaryIs>
						<LinearRing>
							<coordinates>
								-98.2674823710078,19.06419792104712,0 -98.26748792394071,19.06417680275335,0 -98.26749759897946,19.06417902813394,0 -98.26757199910942,19.0641961143599,0 -98.26761887983368,19.06420084340563,0 -98.26749423681221,19.06419797358603,0 -98.2674823710078,19.06419792104712,0 -98.2674823710078,19.06419792104712,0 
							</coordinates>
						</LinearRing>
					</outerBoundaryIs>
				</Polygon>
				<Polygon>
					<outerBoundaryIs>
						<LinearRing>
							<coordinates>
								-98.26763328584391,19.06420117532418,0 -98.2676740779234,19.06419210502615,0 -98.2676355599769,19.06420122773027,0 -98.26763328584391,19.06420117532418,0 -98.26763328584391,19.06420117532418,0 
							</coordinates>
						</LinearRing>
					</outerBoundaryIs>
				</Polygon>
				<Polygon>
					<outerBoundaryIs>
						<LinearRing>
							<coordinates>
								-98.26631195688181,19.06431053982534,0 -98.26611353008728,19.06429697216817,0 -98.26595342180798,19.06431206862426,0 -98.2656491884579,19.06431937971119,0 -98.26551652542794,19.06429888603883,0 -98.26565924970531,19.06383497050398,0 -98.26575315741593,19.06385236283932,0 -98.26578340784707,19.06385874228884,0 -98.2660092147034,19.06391854154744,0 -98.26643377671496,19.06403195156152,0 -98.26644428825898,19.06399913379112,0 -98.26690339313093,19.06411596595914,0 -98.26717554368187,19.06417721767638,0 -98.26718451641337,19.06413205728713,0 -98.26726051798778,19.06415021636933,0 -98.26733438434262,19.06416785996258,0 -98.26741293041795,19.0641866264369,0 -98.26745979793699,19.06419782237492,0 -98.26681891712182,19.06419500162971,0 -98.26668964333628,19.06420517861016,0 -98.26661710057455,19.06424987659815,0 -98.26655318438522,19.06434285759291,0 -98.26631195688181,19.06431053982534,0 -98.26631195688181,19.06431053982534,0 
							</coordinates>
						</LinearRing>
					</outerBoundaryIs>
				</Polygon>
			</MultiGeometry>
		</Placemark>
		<Placemark id="ID_70010">
			<visibility>0</visibility>
			<snippet></snippet>
			<description><![CDATA[<html><body><table border="1"><tr><th>Field Name</th><th>Field Value</th></tr><tr><td>MUNICIPIO</td><td>CUAUTLANCINGO</td></tr><tr><td>SERVICIO</td><td>POR POLÍGONO DE SERVICIO</td></tr><tr><td>FECHA ACTUALIZACIÓN</td><td>Nulo</td></tr><tr><td>POBLACIÓN AGUA</td><td>Nulo</td></tr><tr><td>PROMEDIO OCUPANTES EN VIVIENDAS PARTICULARES AGUA</td><td>Nulo</td></tr><tr><td>MES 1 TOMAS ACTIVAS AGUA</td><td>Nulo</td></tr><tr><td>MES 2 TOMAS ACTIVAS AGUA</td><td>Nulo</td></tr><tr><td>MES 3 TOMAS ACTIVAS AGUA</td><td>Nulo</td></tr><tr><td>NÚMERO DE HABITANTES SERVIDOS AGUA</td><td>Nulo</td></tr><tr><td>COBERTURA POR MUNICIPIO AGUA</td><td>Nulo</td></tr><tr><td>POBLACIÓN DRENAJE</td><td>Nulo</td></tr><tr><td>PROMEDIO OCUPANTES EN VIVIENDAS PARTICULARES DRENAJE</td><td>Nulo</td></tr><tr><td>MES 1 TOMAS ACTIVAS DRENAJE</td><td>Nulo</td></tr><tr><td>MES 2 TOMAS ACTIVAS DRENAJE</td><td>Nulo</td></tr><tr><td>MES 3 TOMAS ACTIVAS DRENAJE</td><td>Nulo</td></tr><tr><td>NÚMERO DE HABITANTES SERVIDOS DRENAJE</td><td>Nulo</td></tr><tr><td>COBERTURA POR MUNICIPIO DRENAJE</td><td>Nulo</td></tr></table></body></html>]]></description>
			<styleUrl>#PolyStyle738</styleUrl>
			<MultiGeometry>
				<Polygon>
					<outerBoundaryIs>
						<LinearRing>
							<coordinates>
								-98.24130279622901,19.09381541127953,0 -98.24126703040213,19.09391303041406,0 -98.2412607611268,19.09392286663675,0 -98.24138001116189,19.09380401643394,0 -98.24130279622901,19.09381541127953,0 -98.24130279622901,19.09381541127953,0 
							</coordinates>
						</LinearRing>
					</outerBoundaryIs>
				</Polygon>
				<Polygon>
					<outerBoundaryIs>
						<LinearRing>
							<coordinates>
								-98.24012020463901,19.09636716134662,0 -98.23893716185727,19.09494467640727,0 -98.23891545965996,19.09494845005086,0 -98.23855819061234,19.09451792949203,0 -98.23853458029714,19.09422413063966,0 -98.23907609644074,19.09414418051052,0 -98.24032786270575,19.09538657196243,0 -98.24074158714676,19.09473744712161,0 -98.24034244928127,19.09538726921912,0 -98.24063320297766,19.09574898861524,0 -98.24012020463901,19.09636716134662,0 -98.24012020463901,19.09636716134662,0 
							</coordinates>
						</LinearRing>
					</outerBoundaryIs>
				</Polygon>
				<Polygon>
					<outerBoundaryIs>
						<LinearRing>
							<coordinates>
								-98.23640377730673,19.10480151387098,0 -98.23643417209099,19.10474648018264,0 -98.23645967487289,19.10476995457604,0 -98.23641287552081,19.10481114251237,0 -98.23640377730673,19.10480151387098,0 -98.23640377730673,19.10480151387098,0 
							</coordinates>
						</LinearRing>
					</outerBoundaryIs>
				</Polygon>
				<Polygon>
					<outerBoundaryIs>
						<LinearRing>
							<coordinates>
								-98.23676151747659,19.10505349488951,0 -98.23671451849823,19.10500452676247,0 -98.23692171195093,19.10519523732813,0 -98.23691350165456,19.10518953442614,0 -98.23674216025235,19.10507050352516,0 -98.23676151747659,19.10505349488951,0 -98.23676151747659,19.10505349488951,0 
							</coordinates>
						</LinearRing>
					</outerBoundaryIs>
				</Polygon>
				<Polygon>
					<outerBoundaryIs>
						<LinearRing>
							<coordinates>
								-98.23546236762002,19.10500808536789,0 -98.23578967498136,19.1043961561108,0 -98.23603857875693,19.10455051066823,0 -98.23580078564632,19.10490362501813,0 -98.23626112248451,19.1050795440179,0 -98.23618010634597,19.10535037062835,0 -98.23546236762002,19.10500808536789,0 -98.23546236762002,19.10500808536789,0 
							</coordinates>
						</LinearRing>
					</outerBoundaryIs>
				</Polygon>
				<Polygon>
					<outerBoundaryIs>
						<LinearRing>
							<coordinates>
								-98.23747804487297,19.10561140171108,0 -98.237133919212,19.10536613143617,0 -98.23748709153811,19.10559143498261,0 -98.23747804487297,19.10561140171108,0 -98.23747804487297,19.10561140171108,0 
							</coordinates>
						</LinearRing>
					</outerBoundaryIs>
				</Polygon>
				<Polygon>
					<outerBoundaryIs>
						<LinearRing>
							<coordinates>
								-98.23555827927882,19.10731285410763,0 -98.23603650319133,19.10583041034389,0 -98.23581329231635,19.10657656212225,0 -98.23581076600425,19.10657582325943,0 -98.23571343684812,19.10690253230995,0 -98.23557648604999,19.10732017100189,0 -98.23556056411405,19.10738932518177,0 -98.23555827927882,19.10731285410763,0 -98.23555827927882,19.10731285410763,0 
							</coordinates>
						</LinearRing>
					</outerBoundaryIs>
				</Polygon>
				<Polygon>
					<outerBoundaryIs>
						<LinearRing>
							<coordinates>
								-98.24817709492429,19.10818972512222,0 -98.2481808606493,19.10818507109971,0 -98.24818223091906,19.10819151462868,0 -98.24817709492429,19.10818972512222,0 -98.24817709492429,19.10818972512222,0 
							</coordinates>
						</LinearRing>
					</outerBoundaryIs>
				</Polygon>
				<Polygon>
					<outerBoundaryIs>
						<LinearRing>
							<coordinates>
								-98.23559640326927,19.1085887749482,0 -98.23557161680401,19.10775921976631,0 -98.23557850192974,19.10782948167475,0 -98.23561677167588,19.10803253260629,0 -98.23565506052539,19.10823144378367,0 -98.23564998176079,19.10838876763852,0 -98.23559640326927,19.1085887749482,0 -98.23559640326927,19.1085887749482,0 
							</coordinates>
						</LinearRing>
					</outerBoundaryIs>
				</Polygon>
				<Polygon>
					<outerBoundaryIs>
						<LinearRing>
							<coordinates>
								-98.25048721601799,19.10791302623243,0 -98.25057640309056,19.10788665159825,0 -98.25175515284494,19.10846184125866,0 -98.25117652456328,19.10995232095948,0 -98.25013920736855,19.10947312938601,0 -98.25027606065237,19.10894275227648,0 -98.25043772788503,19.10824432155238,0 -98.25040886635428,19.10822957048718,0 -98.25048721601799,19.10791302623243,0 -98.25048721601799,19.10791302623243,0 
							</coordinates>
						</LinearRing>
					</outerBoundaryIs>
				</Polygon>
				<Polygon>
					<outerBoundaryIs>
						<LinearRing>
							<coordinates>
								-98.24774088966936,19.10878415524964,0 -98.24818722700344,19.1082150085452,0 -98.24818854606173,19.10822121419284,0 -98.24947290312882,19.10923862246934,0 -98.25006218832753,19.10958105864568,0 -98.24992834126058,19.11021906809088,0 -98.24978915860792,19.11093595193695,0 -98.24898930831604,19.11054054338098,0 -98.24850758895462,19.11028902999738,0 -98.24852338334522,19.10990586035214,0 -98.24842699278547,19.10945093290947,0 -98.24800670286717,19.10909272022092,0 -98.24774088966936,19.10878415524964,0 -98.24774088966936,19.10878415524964,0 
							</coordinates>
						</LinearRing>
					</outerBoundaryIs>
				</Polygon>
				<Polygon>
					<outerBoundaryIs>
						<LinearRing>
							<coordinates>
								-98.23516175893305,19.10975054031666,0 -98.23545739436635,19.1090173675951,0 -98.23538488431083,19.10920337840279,0 -98.23695453400185,19.11007699453302,0 -98.23694074749829,19.11010243061049,0 -98.23626987763448,19.1114853391553,0 -98.23554895496633,19.1111791637944,0 -98.23567998393065,19.11072486866194,0 -98.23587841187884,19.11027134205178,0 -98.23541312314708,19.11007212474804,0 -98.23516175893305,19.10975054031666,0 -98.23516175893305,19.10975054031666,0 
							</coordinates>
						</LinearRing>
					</outerBoundaryIs>
				</Polygon>
				<Polygon>
					<outerBoundaryIs>
						<LinearRing>
							<coordinates>
								-98.24015298461052,19.11191656284841,0 -98.24024081105094,19.11188915480884,0 -98.24019902427015,19.1119584846026,0 -98.24014679540562,19.11192805398727,0 -98.24015298461052,19.11191656284841,0 -98.24015298461052,19.11191656284841,0 
							</coordinates>
						</LinearRing>
					</outerBoundaryIs>
				</Polygon>
				<Polygon>
					<outerBoundaryIs>
						<LinearRing>
							<coordinates>
								-98.26624038145873,19.13020003694969,0 -98.26624642065853,19.130186751388,0 -98.26643180442358,19.13029516635353,0 -98.26680647797377,19.13068494553954,0 -98.26676172042215,19.13064022117015,0 -98.26671220844833,19.13062274147951,0 -98.26654909367713,19.13044672233318,0 -98.26640387821327,19.13029565232046,0 -98.26624038145873,19.13020003694969,0 -98.26624038145873,19.13020003694969,0 
							</coordinates>
						</LinearRing>
					</outerBoundaryIs>
				</Polygon>
				<Polygon>
					<outerBoundaryIs>
						<LinearRing>
							<coordinates>
								-98.24221286857212,19.13102976196488,0 -98.2428889335315,19.12993259847105,0 -98.24330263301222,19.13015199158509,0 -98.24333882143037,19.13009954549316,0 -98.24385898157674,19.13037559408385,0 -98.24298603907717,19.13158106385229,0 -98.24254140617722,19.13125964211767,0 -98.24221286857212,19.13102976196488,0 -98.24221286857212,19.13102976196488,0 
							</coordinates>
						</LinearRing>
					</outerBoundaryIs>
				</Polygon>
				<Polygon>
					<outerBoundaryIs>
						<LinearRing>
							<coordinates>
								-98.24188346489684,19.13391270456818,0 -98.24099946166743,19.13353561085846,0 -98.24106137857811,19.13339099176693,0 -98.2419209036581,19.13380386449156,0 -98.24223784056025,19.13310526943531,0 -98.24211526635062,19.13303757477941,0 -98.24301303909814,19.13181749982595,0 -98.24303875925064,19.13183776165918,0 -98.24214532894248,19.13301072794211,0 -98.24212460001422,19.133040593622,0 -98.24226176743198,19.13311159536736,0 -98.24188346489684,19.13391270456818,0 -98.24188346489684,19.13391270456818,0 
							</coordinates>
						</LinearRing>
					</outerBoundaryIs>
				</Polygon>
				<Polygon>
					<outerBoundaryIs>
						<LinearRing>
							<coordinates>
								-98.26697422953465,19.13437145955295,0 -98.26707446505185,19.13414934626646,0 -98.26709004641135,19.13416050214775,0 -98.26784524020221,19.13248739954756,0 -98.26782229633271,19.13255358807918,0 -98.26699526498493,19.1343862447404,0 -98.26697422953465,19.13437145955295,0 -98.26697422953465,19.13437145955295,0 
							</coordinates>
						</LinearRing>
					</outerBoundaryIs>
				</Polygon>
				<Polygon>
					<outerBoundaryIs>
						<LinearRing>
							<coordinates>
								-98.24161447388411,19.13452047664973,0 -98.24161535507317,19.13451844245631,0 -98.24164246314997,19.13453173279773,0 -98.24161447388411,19.13452047664973,0 -98.24161447388411,19.13452047664973,0 
							</coordinates>
						</LinearRing>
					</outerBoundaryIs>
				</Polygon>
				<Polygon>
					<outerBoundaryIs>
						<LinearRing>
							<coordinates>
								-98.24250425106031,19.13322759012117,0 -98.24305701753082,19.13250517996867,0 -98.24253281659725,19.13323545965477,0 -98.24265708446444,19.13328022528328,0 -98.24202989533319,19.13468753802422,0 -98.2420212008122,19.13468404104434,0 -98.24264044142005,19.13329273976964,0 -98.24250425106031,19.13322759012117,0 -98.24250425106031,19.13322759012117,0 
							</coordinates>
						</LinearRing>
					</outerBoundaryIs>
				</Polygon>
				<Polygon>
					<outerBoundaryIs>
						<LinearRing>
							<coordinates>
								-98.25172621912041,19.13624158618184,0 -98.25156892022373,19.13620631646627,0 -98.25150875112868,19.1362654985016,0 -98.25022297541183,19.13562818057507,0 -98.24975486012207,19.13539294656897,0 -98.25012002831086,19.13473931104683,0 -98.25164518004584,19.13552815118448,0 -98.25160121005494,19.13561338943479,0 -98.25283231043441,19.13622943772125,0 -98.25262442396716,19.13671469920591,0 -98.25256652619068,19.13671712977499,0 -98.25256688675944,19.13679125225691,0 -98.25169735740903,19.13635875922125,0 -98.25172621912041,19.13624158618184,0 -98.25172621912041,19.13624158618184,0 
							</coordinates>
						</LinearRing>
					</outerBoundaryIs>
				</Polygon>
				<Polygon>
					<outerBoundaryIs>
						<LinearRing>
							<coordinates>
								-98.25363482681749,19.14241502339287,0 -98.25381689940077,19.14206241178957,0 -98.25380720119985,19.14213971598911,0 -98.25363482681749,19.14241502339287,0 -98.25363482681749,19.14241502339287,0 
							</coordinates>
						</LinearRing>
					</outerBoundaryIs>
				</Polygon>
				<Polygon>
					<outerBoundaryIs>
						<LinearRing>
							<coordinates>
								-98.25363482681749,19.14241502339287,0 -98.25330149117778,19.14226898835954,0 -98.2509944839922,19.14119911801556,0 -98.25110402168158,19.14094347189467,0 -98.25110337668991,19.14094501639108,0 -98.25363482681749,19.14241502339287,0 -98.25363482681749,19.14241502339287,0 
							</coordinates>
						</LinearRing>
					</outerBoundaryIs>
				</Polygon>
				<Polygon>
					<outerBoundaryIs>
						<LinearRing>
							<coordinates>
								-98.25716358550214,19.14238648003602,0 -98.25850635412529,19.14045064400035,0 -98.25739009315424,19.1420934151438,0 -98.25678791877596,19.14289008264734,0 -98.25626614244301,19.14348152704837,0 -98.25716358550214,19.14238648003602,0 -98.25716358550214,19.14238648003602,0 
							</coordinates>
						</LinearRing>
					</outerBoundaryIs>
				</Polygon>
				<Polygon>
					<outerBoundaryIs>
						<LinearRing>
							<coordinates>
								-98.26289326159321,19.14505009656894,0 -98.26402324664701,19.14283386479792,0 -98.26420754428834,19.14293909597117,0 -98.26458734615026,19.14305191581332,0 -98.26340754554684,19.14537417100799,0 -98.26289326159321,19.14505009656894,0 -98.26289326159321,19.14505009656894,0 
							</coordinates>
						</LinearRing>
					</outerBoundaryIs>
				</Polygon>
				<Polygon>
					<outerBoundaryIs>
						<LinearRing>
							<coordinates>
								-98.26675016473671,19.14486925774714,0 -98.26683638354071,19.14442282341165,0 -98.2671767390559,19.14472964701873,0 -98.26702611858313,19.14501838372298,0 -98.26774634583562,19.14535077707335,0 -98.26700176825497,19.14683565514304,0 -98.26720853108797,19.14692825803785,0 -98.26701842978068,19.14731979525396,0 -98.26591411624952,19.14680098634861,0 -98.26603811325428,19.14622236625705,0 -98.26658004861888,19.14514329358267,0 -98.26675016473671,19.14486925774714,0 -98.26675016473671,19.14486925774714,0 
							</coordinates>
						</LinearRing>
					</outerBoundaryIs>
				</Polygon>
			</MultiGeometry>
		</Placemark>
		<Placemark id="ID_70011">
			<visibility>0</visibility>
			<snippet></snippet>
			<description><![CDATA[<html><body><table border="1"><tr><th>Field Name</th><th>Field Value</th></tr><tr><td>MUNICIPIO</td><td>PUEBLA</td></tr><tr><td>SERVICIO</td><td>NO FACTURA DRENAJE</td></tr><tr><td>FECHA ACTUALIZACIÓN</td><td>Nulo</td></tr><tr><td>POBLACIÓN AGUA</td><td>Nulo</td></tr><tr><td>PROMEDIO OCUPANTES EN VIVIENDAS PARTICULARES AGUA</td><td>Nulo</td></tr><tr><td>MES 1 TOMAS ACTIVAS AGUA</td><td>Nulo</td></tr><tr><td>MES 2 TOMAS ACTIVAS AGUA</td><td>Nulo</td></tr><tr><td>MES 3 TOMAS ACTIVAS AGUA</td><td>Nulo</td></tr><tr><td>NÚMERO DE HABITANTES SERVIDOS AGUA</td><td>Nulo</td></tr><tr><td>COBERTURA POR MUNICIPIO AGUA</td><td>Nulo</td></tr><tr><td>POBLACIÓN DRENAJE</td><td>Nulo</td></tr><tr><td>PROMEDIO OCUPANTES EN VIVIENDAS PARTICULARES DRENAJE</td><td>Nulo</td></tr><tr><td>MES 1 TOMAS ACTIVAS DRENAJE</td><td>Nulo</td></tr><tr><td>MES 2 TOMAS ACTIVAS DRENAJE</td><td>Nulo</td></tr><tr><td>MES 3 TOMAS ACTIVAS DRENAJE</td><td>Nulo</td></tr><tr><td>NÚMERO DE HABITANTES SERVIDOS DRENAJE</td><td>Nulo</td></tr><tr><td>COBERTURA POR MUNICIPIO DRENAJE</td><td>Nulo</td></tr></table></body></html>]]></description>
			<styleUrl>#PolyStyle71</styleUrl>
			<MultiGeometry>
				<Polygon>
					<altitudeMode>absolute</altitudeMode>
					<outerBoundaryIs>
						<LinearRing>
							<coordinates>
								-98.0992079754091,18.99222256921102,0 -98.09971210696914,18.99182063426339,0 -98.10104567367769,18.99248720168919,0 -98.10117644886918,18.99254713645536,0 -98.10095131939038,18.99264201922025,0 -98.1008051705501,18.99272928971592,0 -98.10046431042113,18.99274070942378,0 -98.10011529058202,18.99266590929971,0 -98.09962370996554,18.99255201938513,0 -98.09948737037999,18.99248271873165,0 -98.09903077071499,18.99247730903915,0 -98.09902145662512,18.99247721579781,0 -98.0992079754091,18.99222256921102,0 -98.0992079754091,18.99222256921102,0 
							</coordinates>
						</LinearRing>
					</outerBoundaryIs>
				</Polygon>
				<Polygon>
					<altitudeMode>absolute</altitudeMode>
					<outerBoundaryIs>
						<LinearRing>
							<coordinates>
								-98.12627251336504,18.99456013060534,0 -98.12680094290074,18.99447799568775,0 -98.12801613264932,18.99461193106722,0 -98.12863188515071,18.99471795220903,0 -98.1288662696137,18.99498731684075,0 -98.12878770945545,18.99504145913422,0 -98.12860906002375,18.99506101953879,0 -98.12841929014901,18.99515022869779,0 -98.12811856979508,18.99537901966712,0 -98.12787202928369,18.99548965913334,0 -98.12755127961998,18.99567102868902,0 -98.12742618062126,18.99581176893604,0 -98.12727924988118,18.99589114977677,0 -98.12709417013831,18.99589277994875,0 -98.12692744967588,18.99572217995979,0 -98.126855550077,18.99564077917622,0 -98.12668319965809,18.99541093930957,0 -98.1265866600578,18.99520896895847,0 -98.12648881972632,18.99487814942611,0 -98.12627251336504,18.99456013060534,0 -98.12627251336504,18.99456013060534,0 
							</coordinates>
						</LinearRing>
					</outerBoundaryIs>
				</Polygon>
				<Polygon>
					<altitudeMode>absolute</altitudeMode>
					<outerBoundaryIs>
						<LinearRing>
							<coordinates>
								-98.12904460070047,19.00578085936494,0 -98.12907038847558,19.00563972847744,0 -98.1291483489227,19.00619249212989,0 -98.12899404987398,19.00608561957139,0 -98.12904460070047,19.00578085936494,0 -98.12904460070047,19.00578085936494,0 
							</coordinates>
						</LinearRing>
					</outerBoundaryIs>
				</Polygon>
				<Polygon>
					<altitudeMode>absolute</altitudeMode>
					<outerBoundaryIs>
						<LinearRing>
							<coordinates>
								-98.1294025637354,19.01399353750495,0 -98.12942628250063,19.01357056398923,0 -98.1294533952052,19.01358491383978,0 -98.1294025637354,19.01399353750495,0 -98.1294025637354,19.01399353750495,0 
							</coordinates>
						</LinearRing>
					</outerBoundaryIs>
				</Polygon>
				<Polygon>
					<altitudeMode>absolute</altitudeMode>
					<outerBoundaryIs>
						<LinearRing>
							<coordinates>
								-98.12915385137362,19.01524139804738,0 -98.12932490886674,19.01461778765595,0 -98.12921048587351,19.01553760064324,0 -98.12920241741392,19.01554235126151,0 -98.12915385137362,19.01524139804738,0 -98.12915385137362,19.01524139804738,0 
							</coordinates>
						</LinearRing>
					</outerBoundaryIs>
				</Polygon>
				<Polygon>
					<altitudeMode>absolute</altitudeMode>
					<outerBoundaryIs>
						<LinearRing>
							<coordinates>
								-98.13011839364155,19.01888092968872,0 -98.13006294916821,19.01869282444986,0 -98.1301667522013,19.01889421911167,0 -98.13049219378286,19.01984440178757,0 -98.13022356942062,19.0200857066025,0 -98.13019978202543,19.01991630301056,0 -98.13016751708351,19.019686521437,0 -98.13014058898943,19.01924491611276,0 -98.13011839364155,19.01888092968872,0 -98.13011839364155,19.01888092968872,0 
							</coordinates>
						</LinearRing>
					</outerBoundaryIs>
				</Polygon>
				<Polygon>
					<altitudeMode>absolute</altitudeMode>
					<outerBoundaryIs>
						<LinearRing>
							<coordinates>
								-98.12535415831204,19.02478820182245,0 -98.12502943344637,19.02424245786194,0 -98.12433708275768,19.02461613156085,0 -98.12188208596696,19.02505043111445,0 -98.12108006802328,19.02489417614737,0 -98.12053562640955,19.02454697403856,0 -98.12073838413043,19.02435064073234,0 -98.12090645382484,19.02412155901986,0 -98.12162928717974,19.02313630830303,0 -98.12286771951072,19.0218558516857,0 -98.12350001389061,19.02130454244078,0 -98.12362148387896,19.02123410255483,0 -98.12376505877218,19.02115084381722,0 -98.12502424652868,19.02042064195603,0 -98.12506949248461,19.0197005457261,0 -98.12512514676737,19.01881482192168,0 -98.12533779349025,19.01655184392139,0 -98.12538473020435,19.0160523344437,0 -98.12538883374307,19.01601618934703,0 -98.12547284554722,19.01527613467901,0 -98.12571951102669,19.01451196259514,0 -98.12580303933102,19.01445653160983,0 -98.12638315761794,19.01407155363194,0 -98.12675871952692,19.01531611917492,0 -98.12676976280167,19.01533467245689,0 -98.12688080499606,19.01552124193575,0 -98.12691344324421,19.01557607798943,0 -98.12696253390558,19.01565856041774,0 -98.12703609230824,19.01578214857047,0 -98.12714667921914,19.01596795213898,0 -98.12763541653092,19.01647672422125,0 -98.12803261091216,19.01689019908627,0 -98.12806668853409,19.01692567217885,0 -98.12825024066163,19.01722939127283,0 -98.12837588635017,19.0174372933733,0 -98.12857755819959,19.01777099327638,0 -98.12870322257901,19.01797892508073,0 -98.12878552920903,19.01836475681981,0 -98.1288921419297,19.01886453019135,0 -98.12892922206369,19.01903834870323,0 -98.12908579630829,19.01939614647395,0 -98.12926625862922,19.01980852710773,0 -98.12927143330023,19.01982035178922,0 -98.12929500147557,19.01987421031735,0 -98.12935859809764,19.02001953579656,0 -98.12938102547857,19.02007078633132,0 -98.12935861661069,19.02011907395335,0 -98.12920247105293,19.02045553534774,0 -98.12918502338908,19.02049313043438,0 -98.12907635984942,19.02055619169065,0 -98.12899429627558,19.02060381679971,0 -98.12898241674301,19.02061071104879,0 -98.12896449785048,19.02062111023919,0 -98.12879970531424,19.0207167466658,0 -98.12883816259043,19.02074028092833,0 -98.12888542155567,19.02076920285988,0 -98.12900813849907,19.02084429986628,0 -98.12903020666681,19.02085780458721,0 -98.12905612587066,19.02087366708987,0 -98.12926691213795,19.02100265891877,0 -98.12938269260398,19.02107351364865,0 -98.12940583784376,19.02108856689199,0 -98.12952031317249,19.02116302289725,0 -98.12964608946548,19.02124483020308,0 -98.12966755296725,19.02125879107494,0 -98.12992402306956,19.02131832960233,0 -98.130003081615,19.02138916741861,0 -98.13018271365524,19.02260001305926,0 -98.13013214198298,19.02330746786565,0 -98.12941223328315,19.02458945929494,0 -98.12910665034643,19.02507599940937,0 -98.12907185275017,19.02569643180417,0 -98.12874034566931,19.02625771820913,0 -98.12814762819099,19.02663000524308,0 -98.12786002958248,19.02694990732113,0 -98.12752998243545,19.02746887957642,0 -98.12708244933934,19.0276586357595,0 -98.12655160777977,19.02762940522724,0 -98.12645734278189,19.02722701962998,0 -98.12640110525069,19.02667907686803,0 -98.12649473918103,19.02614219880742,0 -98.12686619158293,19.02595336765107,0 -98.12627851280517,19.02561751045544,0 -98.12577417132022,19.02546973160276,0 -98.12535415831204,19.02478820182245,0 -98.12535415831204,19.02478820182245,0 
							</coordinates>
						</LinearRing>
					</outerBoundaryIs>
				</Polygon>
				<Polygon>
					<altitudeMode>absolute</altitudeMode>
					<outerBoundaryIs>
						<LinearRing>
							<coordinates>
								-98.18066819886381,19.09000000758461,0 -98.18038739561582,19.08986939692227,0 -98.18032046345948,19.0898334397172,0 -98.18023680555218,19.08987430728926,0 -98.18003480027922,19.08997299021761,0 -98.17986886687642,19.08997005577919,0 -98.17992364999536,19.08983825292986,0 -98.18003035977846,19.08989798254757,0 -98.18005820020079,19.08985384386828,0 -98.18008527417554,19.08981092175049,0 -98.1801127218245,19.08976739582076,0 -98.18014012148733,19.0897239600414,0 -98.18016743496486,19.08968065038997,0 -98.1801959625875,19.08963592734766,0 -98.18022220360695,19.08959478357059,0 -98.18025217581902,19.08954778784738,0 -98.18027837463981,19.08950671436081,0 -98.1803087491782,19.0894590833176,0 -98.18034101055471,19.0894767312374,0 -98.18034103066265,19.08947670150518,0 -98.18039463155311,19.08938993297589,0 -98.180553270727,19.08948040172441,0 -98.18057807900286,19.08943812914181,0 -98.1806120992715,19.08938016433354,0 -98.18066623696934,19.08935041170086,0 -98.18071346445424,19.08932445995925,0 -98.18074787270848,19.08930548189381,0 -98.18083748733352,19.08925204767946,0 -98.18088293336881,19.08922494932754,0 -98.18096684849927,19.08919198532754,0 -98.18103969680391,19.08916337305778,0 -98.18107595429349,19.08914912942917,0 -98.18112862237932,19.0891205178057,0 -98.18117871708776,19.08909330448286,0 -98.18122245460283,19.08906955112961,0 -98.18123643653726,19.08906194999175,0 -98.18126439080821,19.08904676574385,0 -98.18134729098094,19.08900173283513,0 -98.1813853099091,19.08898108079201,0 -98.18139655639445,19.08897497664633,0 -98.18143066761766,19.08895644897163,0 -98.18151522610705,19.08891051062679,0 -98.1815397587397,19.08889718176894,0 -98.1815963915237,19.08886641876676,0 -98.18166486801152,19.0888182671859,0 -98.18169701255107,19.0887956641343,0 -98.18171280821005,19.08878455567066,0 -98.181889846465,19.08869872245188,0 -98.18206132323287,19.08872449954031,0 -98.182317120503,19.08881917001314,0 -98.18242861214712,19.08871307753106,0 -98.18254325809875,19.08860416500577,0 -98.18286162901914,19.08881199999887,0 -98.18284253000607,19.08883401226282,0 -98.18282379071496,19.08885613275486,0 -98.18280913385223,19.08887344566,0 -98.18280071074628,19.08888338501161,0 -98.18278213778922,19.08890531194387,0 -98.18278036520005,19.08890740515522,0 -98.18274454309169,19.08888332568593,0 -98.18270490295895,19.08885666280448,0 -98.18269650119976,19.08885101635398,0 -98.18268393646123,19.08884257169703,0 -98.18268347098399,19.08884561144331,0 -98.18266870484396,19.08894213564272,0 -98.1826513423498,19.08905558884137,0 -98.18265053710495,19.0890608447285,0 -98.18260675441272,19.08908803223813,0 -98.18256067383335,19.08911665544241,0 -98.18251464094233,19.08914524269865,0 -98.18246619578701,19.08917532839776,0 -98.18244737452414,19.08918701993559,0 -98.18242198396621,19.08920278506337,0 -98.18240583238882,19.08921281662082,0 -98.1823808804193,19.08922443576517,0 -98.18233221504342,19.08924709214277,0 -98.18232105860001,19.08925228402157,0 -98.1822881037058,19.08926762697804,0 -98.18228637925243,19.08926843264385,0 -98.18226369599633,19.089269839332,0 -98.18226144725519,19.08926997936462,0 -98.18224206056178,19.08927118198725,0 -98.18218198075087,19.0892663878779,0 -98.1821629583645,19.08926483044162,0 -98.18213815112742,19.08925665041268,0 -98.18208385804677,19.08923874234693,0 -98.18200633281857,19.08919581648593,0 -98.18200340746921,19.08919340330724,0 -98.18198795706489,19.08918066141353,0 -98.18198025173537,19.08915669757652,0 -98.18196061295552,19.08913355733866,0 -98.1819089220258,19.08913046136002,0 -98.18187638095928,19.08912851131894,0 -98.18184387981596,19.08912656144938,0 -98.18178116385823,19.08912280378358,0 -98.18170653911864,19.08911833171392,0 -98.18168767382552,19.08913471943805,0 -98.18163802282339,19.08917784970221,0 -98.18148395095673,19.08931168640175,0 -98.18142142097214,19.08936600396956,0 -98.18141939242366,19.08936485811993,0 -98.18141037771316,19.08935976465612,0 -98.18139893185642,19.0893542103555,0 -98.18138714034487,19.08934935939436,0 -98.18137505057157,19.08934523909378,0 -98.18136270051328,19.08934185865926,0 -98.18135015666259,19.08933922742304,0 -98.18133745690723,19.08933737266399,0 -98.18132465832335,19.08933628559882,0 -98.18131181789818,19.08933597551752,0 -98.18130542904406,19.08933620920122,0 -98.18129898315807,19.08933644263128,0 -98.1812860494112,19.08933771358552,0 -98.18126762110835,19.08933905953109,0 -98.18124899657018,19.0893397178009,0 -98.18123035653099,19.08933966208735,0 -98.18121173901224,19.08933889255941,0 -98.18119316298036,19.08933741833822,0 -98.18117751028677,19.08935403807126,0 -98.18114101918489,19.08939278143674,0 -98.18111520049779,19.08942019299914,0 -98.18105152325882,19.08948780399156,0 -98.18104930511831,19.08948983917642,0 -98.18104819193688,19.08949101625128,0 -98.18107733990834,19.08958259799239,0 -98.18108322744106,19.0896011949212,0 -98.18107758712051,19.08965797560412,0 -98.18106865708482,19.08974778045346,0 -98.18106067714713,19.08982801044436,0 -98.18105898671585,19.08984509164764,0 -98.18105622682212,19.08987282256432,0 -98.18102116954647,19.08992711387613,0 -98.18096826749088,19.09000904193337,0 -98.18096788850818,19.09000878992759,0 -98.18094953640176,19.08999656009205,0 -98.18089712351549,19.08996162553746,0 -98.180878597945,19.08995007178535,0 -98.18082523524281,19.0900730703105,0 -98.18080719798883,19.0900646617443,0 -98.18079550439386,19.09005922287986,0 -98.18074027043616,19.09003353039421,0 -98.18066819886381,19.09000000758461,0 -98.18066819886381,19.09000000758461,0 
							</coordinates>
						</LinearRing>
					</outerBoundaryIs>
				</Polygon>
				<Polygon>
					<altitudeMode>absolute</altitudeMode>
					<outerBoundaryIs>
						<LinearRing>
							<coordinates>
								-98.22645246122144,19.11801948924399,0 -98.22595028763783,19.11736278407093,0 -98.22522060810117,19.11744630632039,0 -98.22502982500689,19.11728764437122,0 -98.22509034687786,19.11716502514792,0 -98.22527682996343,19.1170883701847,0 -98.22567197934821,19.11692594167532,0 -98.22578701785052,19.1168171421816,0 -98.22596190872886,19.11667541529127,0 -98.2259155778053,19.1165552598439,0 -98.22597246976341,19.11650006574972,0 -98.22610358553254,19.11651746375072,0 -98.22671314184657,19.1167501799708,0 -98.22707973188741,19.11724833213098,0 -98.22710636693786,19.11731364537298,0 -98.22717652194288,19.11730556998626,0 -98.22722332029808,19.11745221883757,0 -98.22729155940739,19.11751825799704,0 -98.22730032482772,19.11759420945366,0 -98.22725734945848,19.11777544700303,0 -98.22712836047378,19.11792613821248,0 -98.22702244572011,19.11798307782555,0 -98.22668237259366,19.11829039006946,0 -98.22659534334232,19.11829526846878,0 -98.22645246122144,19.11801948924399,0 -98.22645246122144,19.11801948924399,0 
							</coordinates>
						</LinearRing>
					</outerBoundaryIs>
				</Polygon>
				<Polygon>
					<altitudeMode>absolute</altitudeMode>
					<outerBoundaryIs>
						<LinearRing>
							<coordinates>
								-98.21992933829902,19.13609440250944,0 -98.21873418517626,19.12947111758822,0 -98.22108524425258,19.12880839698115,0 -98.22167778574659,19.13166854525727,0 -98.22336626162274,19.13314221981543,0 -98.22335245556832,19.1331066907804,0 -98.22314797447248,19.13292776409616,0 -98.22285456695771,19.13266707513936,0 -98.22275078078943,19.13257681881792,0 -98.22264535558114,19.13248533553151,0 -98.22245307296002,19.13232021834623,0 -98.22218598698572,19.13208446852711,0 -98.22205680311598,19.13197240682779,0 -98.22199857478334,19.13192189729837,0 -98.22190884472762,19.13184494897749,0 -98.22192813158061,19.13180762594576,0 -98.22195129999626,19.13177163871902,0 -98.22197311986989,19.13173774505577,0 -98.22199374731053,19.13170570433176,0 -98.2220168218351,19.13166986309605,0 -98.22203776053486,19.1316373384015,0 -98.22206010426665,19.13160263181393,0 -98.22207994151572,19.13157181856205,0 -98.22210438752299,19.13153384679163,0 -98.22212534821658,19.13150128783836,0 -98.22214808172187,19.13146597560734,0 -98.22217005379621,19.13143184579405,0 -98.22219241950037,19.13139710494064,0 -98.22221547095808,19.1313612979188,0 -98.22223636359853,19.13132884620225,0 -98.22225813259429,19.13129503090585,0 -98.22228014005944,19.13126084610195,0 -98.22230178165704,19.13122722816897,0 -98.22232420313547,19.13119234113511,0 -98.22234596758194,19.13115847429713,0 -98.22236861603399,19.13112323397021,0 -98.22239049251094,19.13108919499501,0 -98.22241259310185,19.13105480633259,0 -98.22243418031934,19.13102121616611,0 -98.22245737753809,19.1309851214484,0 -98.22247791118501,19.13095317153787,0 -98.22250020520852,19.13091848184855,0 -98.22252234214487,19.13088403729575,0 -98.22254464763914,19.13084933047857,0 -98.22256616584309,19.13081584754161,0 -98.22258892721608,19.13078043144108,0 -98.2226102892879,19.13074719093084,0 -98.22263244820623,19.13071271211543,0 -98.2226550818373,19.13067756476522,0 -98.22267759963174,19.13064299076541,0 -98.22269876995995,19.13061048774775,0 -98.22272078303722,19.13057668968602,0 -98.22274334580729,19.13054204809025,0 -98.22276579268699,19.13050758493222,0 -98.22278828648757,19.13047304877038,0 -98.22281026696891,19.13043930026155,0 -98.22283200801871,19.13040592034728,0 -98.22285425854044,19.13037175817963,0 -98.22287448071417,19.13034070878471,0 -98.22289181549328,19.13031409515098,0 -98.22297762314062,19.13039756191009,0 -98.22306473811041,19.13048227130504,0 -98.22316123712488,19.13057723199314,0 -98.22370139330928,19.13110021343026,0 -98.22370149191507,19.13110006925603,0 -98.22370507415121,19.13109485743142,0 -98.22365525790909,19.13104706697627,0 -98.22352234184926,19.13091955641092,0 -98.2234523008518,19.1308531494507,0 -98.22341746780231,19.13082012342394,0 -98.22336291517368,19.13076840082079,0 -98.22331170580753,19.13071744238277,0 -98.22322661561554,19.1306327687609,0 -98.22321839891285,19.13062502558327,0 -98.22320769256899,19.13061494037034,0 -98.22317035771022,19.13057975566171,0 -98.22316194223703,19.13057182186727,0 -98.22314972986565,19.13056030788209,0 -98.22311180969551,19.13052443750029,0 -98.22306685214691,19.13047445427822,0 -98.22303440564437,19.13044307665336,0 -98.22297854127426,19.13038929702408,0 -98.22295802043172,19.13036954603615,0 -98.22291707341607,19.1303301348227,0 -98.22289237839547,19.13030636284548,0 -98.22289097040256,19.13030857093761,0 -98.22285968208982,19.13035788685942,0 -98.22271921252486,19.13013152350589,0 -98.22284726605974,19.12967393887255,0 -98.22286786877694,19.12940170791744,0 -98.22306465406642,19.12871624970773,0 -98.22526323741766,19.13040699267648,0 -98.22606515598396,19.13092146895474,0 -98.22594309170086,19.13151148995499,0 -98.22516540780066,19.13259659652418,0 -98.22501579015477,19.13253435342728,0 -98.22491467424042,19.13246659606852,0 -98.22485913067661,19.13229344356267,0 -98.22486365746262,19.1320134261954,0 -98.22468238463127,19.13187187893235,0 -98.2244367394938,19.13180213568705,0 -98.22438399750835,19.13176365103249,0 -98.22423146840201,19.13161124200675,0 -98.22421113574173,19.13163054039988,0 -98.22375989269455,19.13119350065441,0 -98.22368943529652,19.13112520692487,0 -98.22368928385583,19.13112505988786,0 -98.22368800636677,19.1311270127925,0 -98.22376293899865,19.13119982126837,0 -98.2237113198568,19.13127904681254,0 -98.22366738594144,19.13134647728211,0 -98.22362409458751,19.13141292091125,0 -98.22357869345859,19.13148260167736,0 -98.22352197741994,19.13156964967438,0 -98.22349318602797,19.13161383966266,0 -98.22344900677496,19.13168164497142,0 -98.22340557734201,19.13174829942181,0 -98.22334782395613,19.1318369397972,0 -98.22330410326894,19.13187638830523,0 -98.2232686013746,19.13195853019935,0 -98.22325557248135,19.13198965609586,0 -98.22391593104484,19.13254711972689,0 -98.22336744625034,19.13314325412079,0 -98.22419586286176,19.13386626855372,0 -98.22330773108443,19.13500683238626,0 -98.22217609940751,19.13478484943216,0 -98.22193915746288,19.13454953034012,0 -98.21992933829902,19.13609440250944,0 -98.21992933829902,19.13609440250944,0 
							</coordinates>
						</LinearRing>
					</outerBoundaryIs>
				</Polygon>
			</MultiGeometry>
		</Placemark>
		<Placemark id="ID_70012">
			<visibility>0</visibility>
			<snippet></snippet>
			<description><![CDATA[<html><body><table border="1"><tr><th>Field Name</th><th>Field Value</th></tr><tr><td>MUNICIPIO</td><td>SAN ANDRÉS CHOLULA</td></tr><tr><td>SERVICIO</td><td>NO FACTURA DRENAJE</td></tr><tr><td>FECHA ACTUALIZACIÓN</td><td>Nulo</td></tr><tr><td>POBLACIÓN AGUA</td><td>Nulo</td></tr><tr><td>PROMEDIO OCUPANTES EN VIVIENDAS PARTICULARES AGUA</td><td>Nulo</td></tr><tr><td>MES 1 TOMAS ACTIVAS AGUA</td><td>Nulo</td></tr><tr><td>MES 2 TOMAS ACTIVAS AGUA</td><td>Nulo</td></tr><tr><td>MES 3 TOMAS ACTIVAS AGUA</td><td>Nulo</td></tr><tr><td>NÚMERO DE HABITANTES SERVIDOS AGUA</td><td>Nulo</td></tr><tr><td>COBERTURA POR MUNICIPIO AGUA</td><td>Nulo</td></tr><tr><td>POBLACIÓN DRENAJE</td><td>Nulo</td></tr><tr><td>PROMEDIO OCUPANTES EN VIVIENDAS PARTICULARES DRENAJE</td><td>Nulo</td></tr><tr><td>MES 1 TOMAS ACTIVAS DRENAJE</td><td>Nulo</td></tr><tr><td>MES 2 TOMAS ACTIVAS DRENAJE</td><td>Nulo</td></tr><tr><td>MES 3 TOMAS ACTIVAS DRENAJE</td><td>Nulo</td></tr><tr><td>NÚMERO DE HABITANTES SERVIDOS DRENAJE</td><td>Nulo</td></tr><tr><td>COBERTURA POR MUNICIPIO DRENAJE</td><td>Nulo</td></tr></table></body></html>]]></description>
			<styleUrl>#PolyStyle71</styleUrl>
			<Polygon>
				<altitudeMode>absolute</altitudeMode>
				<outerBoundaryIs>
					<LinearRing>
						<coordinates>
							-98.25025706836416,19.01004495625282,0 -98.2503263661399,19.00982860164285,0 -98.25040721701734,19.0098578136564,0 -98.25045825988619,19.00976173788051,0 -98.25044364800715,19.00963410424281,0 -98.25044893561888,19.00958357686292,0 -98.25059446454645,19.00929772610835,0 -98.2507881701878,19.00899040675334,0 -98.25079174788065,19.00889205099568,0 -98.25110388511852,19.00840492790765,0 -98.25119327495571,19.00838065122013,0 -98.2513784930518,19.00837230889664,0 -98.25158271766514,19.00844240461051,0 -98.25180272513103,19.00842825355117,0 -98.25214999291775,19.00835082334103,0 -98.2523295149536,19.00838524844566,0 -98.25241829106621,19.00833987345215,0 -98.25250600209692,19.00822473788716,0 -98.25269685826555,19.00811633691683,0 -98.25293880466629,19.0079520309704,0 -98.25305054826228,19.00786342111249,0 -98.25320545209932,19.00774369371579,0 -98.2532740897681,19.00767416492722,0 -98.25335582717844,19.00754420569746,0 -98.25337749189902,19.0074371912313,0 -98.25338404900086,19.00734275953592,0 -98.25336495503959,19.0072967361804,0 -98.25335994265875,19.00719531278841,0 -98.25333289072826,19.00713800163112,0 -98.25332097593876,19.00708490502182,0 -98.25327456542348,19.00701789392981,0 -98.25324191557691,19.00692567164464,0 -98.25313962648153,19.00667853302925,0 -98.25305167405769,19.00633934915078,0 -98.25299746731049,19.00615189838702,0 -98.25294784529763,19.00601648892665,0 -98.25284707803218,19.00543191207669,0 -98.25276366518635,19.00497722279877,0 -98.25277524763735,19.00480253781527,0 -98.2529268802983,19.00466433186936,0 -98.25310518693989,19.00471223452229,0 -98.25331905369725,19.00469022517721,0 -98.25364365370888,19.00453160619087,0 -98.25378038634791,19.00444238539367,0 -98.25379976929189,19.00442973758372,0 -98.25385603939776,19.00434734765622,0 -98.25404022854093,19.00384520088836,0 -98.25421881629006,19.00375635366913,0 -98.25423093178811,19.0037365001669,0 -98.25414289809665,19.00352065977589,0 -98.25426584552402,19.00318036014914,0 -98.25433267681873,19.00295576272515,0 -98.25418389044529,19.00283962297438,0 -98.25428400759048,19.00251988638515,0 -98.25440647982579,19.00229411607285,0 -98.25452515061697,19.00204293615827,0 -98.25470534862454,19.00166707367887,0 -98.25491903561769,19.00141519270158,0 -98.25506680967005,19.00118952287626,0 -98.255082507494,19.00107404613216,0 -98.25509411824082,19.00073951039755,0 -98.25505084898722,19.00062438361377,0 -98.25499949867333,19.00040186739022,0 -98.25484993520801,18.9998840160448,0 -98.25481294270787,18.99966723107435,0 -98.25480216529854,18.99924594948622,0 -98.25479324278709,18.99897632117634,0 -98.2548654024198,18.99868294916857,0 -98.2551339075311,18.99805337673271,0 -98.25521070927208,18.99785389952585,0 -98.25532527543378,18.99769790076003,0 -98.2555334137881,18.99755431402707,0 -98.25561452832048,18.99752334858235,0 -98.25570574108744,18.9974972377779,0 -98.25581210502791,18.99747840849792,0 -98.25592600709588,18.99747164686635,0 -98.25600930152102,18.99749121182831,0 -98.25673180093136,18.99783935667906,0 -98.25681934330619,18.99792333571075,0 -98.25690704485083,18.99797147516771,0 -98.2570889938081,18.99800804601653,0 -98.25725241880201,18.99800865696404,0 -98.25738279717451,18.99801639371665,0 -98.2575469905419,18.99796264489859,0 -98.25773388078694,18.99788801823754,0 -98.25859589906278,18.99865190381249,0 -98.259563048223,18.99945754919829,0 -98.25986322893583,18.99973950013306,0 -98.26005828295362,18.9999819266842,0 -98.26020005683219,19.00025455791991,0 -98.26029301186361,19.00053567940425,0 -98.26034839305227,19.00079275565507,0 -98.26037807639227,19.00118114466409,0 -98.26036440721806,19.00143197220457,0 -98.2603381538345,19.00168872293396,0 -98.25997791704032,19.00799284010533,0 -98.2600972136875,19.00849388310515,0 -98.26032849342987,19.00913421694498,0 -98.26054144281994,19.00977983890616,0 -98.26061782699583,19.01031365643653,0 -98.26045736548866,19.01081836910008,0 -98.2602696489604,19.0112121607962,0 -98.25981876903927,19.01180207264534,0 -98.25977125474644,19.01186423735937,0 -98.25339659534933,19.01600948834165,0 -98.25339153824214,19.01601277638661,0 -98.25338409313055,19.01601761819893,0 -98.25243435028818,19.01663509878319,0 -98.25243429121028,19.01663513649994,0 -98.25077905376936,19.01771127734679,0 -98.25022346289634,19.01800998393305,0 -98.25021714924681,19.01799003161892,0 -98.25020633012156,19.01795584393538,0 -98.25020277338599,19.01795315544425,0 -98.24943202620123,19.01737051203823,0 -98.24851082174939,19.01683961014859,0 -98.24818779594561,19.01636117017229,0 -98.24817916814504,19.01634246182239,0 -98.24791715469838,19.01577448639497,0 -98.24670559317899,19.0132670800069,0 -98.24670591988969,19.01326689878949,0 -98.2475054898003,19.01282456913834,0 -98.24762828616272,19.01245680974662,0 -98.24793256533485,19.01213949139799,0 -98.24815920001835,19.01165692960932,0 -98.24876638794454,19.01145832383563,0 -98.24910050798614,19.01137156875047,0 -98.24964375683129,19.01119917081591,0 -98.24964453513317,19.01119786540789,0 -98.24971329445499,19.01110186086476,0 -98.2498410800122,19.01082315854059,0 -98.24999676488515,19.01053012804256,0 -98.25018035174138,19.01022276840034,0 -98.25025706836416,19.01004495625282,0 -98.25025706836416,19.01004495625282,0 
						</coordinates>
					</LinearRing>
				</outerBoundaryIs>
			</Polygon>
		</Placemark>
		<Placemark id="ID_70013">
			<visibility>0</visibility>
			<snippet></snippet>
			<description><![CDATA[<html><body><table border="1"><tr><th>Field Name</th><th>Field Value</th></tr><tr><td>MUNICIPIO</td><td>CUAUTLANCINGO</td></tr><tr><td>SERVICIO</td><td>NO FACTURA DRENAJE</td></tr><tr><td>FECHA ACTUALIZACIÓN</td><td>Nulo</td></tr><tr><td>POBLACIÓN AGUA</td><td>Nulo</td></tr><tr><td>PROMEDIO OCUPANTES EN VIVIENDAS PARTICULARES AGUA</td><td>Nulo</td></tr><tr><td>MES 1 TOMAS ACTIVAS AGUA</td><td>Nulo</td></tr><tr><td>MES 2 TOMAS ACTIVAS AGUA</td><td>Nulo</td></tr><tr><td>MES 3 TOMAS ACTIVAS AGUA</td><td>Nulo</td></tr><tr><td>NÚMERO DE HABITANTES SERVIDOS AGUA</td><td>Nulo</td></tr><tr><td>COBERTURA POR MUNICIPIO AGUA</td><td>Nulo</td></tr><tr><td>POBLACIÓN DRENAJE</td><td>Nulo</td></tr><tr><td>PROMEDIO OCUPANTES EN VIVIENDAS PARTICULARES DRENAJE</td><td>Nulo</td></tr><tr><td>MES 1 TOMAS ACTIVAS DRENAJE</td><td>Nulo</td></tr><tr><td>MES 2 TOMAS ACTIVAS DRENAJE</td><td>Nulo</td></tr><tr><td>MES 3 TOMAS ACTIVAS DRENAJE</td><td>Nulo</td></tr><tr><td>NÚMERO DE HABITANTES SERVIDOS DRENAJE</td><td>Nulo</td></tr><tr><td>COBERTURA POR MUNICIPIO DRENAJE</td><td>Nulo</td></tr></table></body></html>]]></description>
			<styleUrl>#PolyStyle71</styleUrl>
			<MultiGeometry>
				<Polygon>
					<altitudeMode>absolute</altitudeMode>
					<outerBoundaryIs>
						<LinearRing>
							<coordinates>
								-98.24869845592147,19.10749866745239,0 -98.24877808323123,19.10739604865589,0 -98.24878197294039,19.10739803639206,0 -98.25040886635428,19.10822957048718,0 -98.25043772788503,19.10824432155238,0 -98.25027606065237,19.10894275227648,0 -98.25013920736855,19.10947312938601,0 -98.25010494720752,19.10960590644647,0 -98.25006218832753,19.10958105864568,0 -98.24947290312882,19.10923862246934,0 -98.24818854606173,19.10822121419284,0 -98.24818722700344,19.1082150085452,0 -98.24818223091906,19.10819151462868,0 -98.2481808606493,19.10818507109971,0 -98.24817762859891,19.10816987309025,0 -98.24869845592147,19.10749866745239,0 -98.24869845592147,19.10749866745239,0 
							</coordinates>
						</LinearRing>
					</outerBoundaryIs>
				</Polygon>
				<Polygon>
					<altitudeMode>absolute</altitudeMode>
					<outerBoundaryIs>
						<LinearRing>
							<coordinates>
								-98.24855090423397,19.11131996367242,0 -98.24915159408708,19.11062077039217,0 -98.24978915860792,19.11093595193695,0 -98.24941711498879,19.11130019658322,0 -98.24922432995416,19.11147028586431,0 -98.24900348990268,19.11151987096505,0 -98.24889314921722,19.11152718806004,0 -98.24884428180681,19.11149203640702,0 -98.24855090423397,19.11131996367242,0 -98.24855090423397,19.11131996367242,0 
							</coordinates>
						</LinearRing>
					</outerBoundaryIs>
				</Polygon>
				<Polygon>
					<altitudeMode>absolute</altitudeMode>
					<outerBoundaryIs>
						<LinearRing>
							<coordinates>
								-98.26696733808492,19.13438673076981,0 -98.26495313038976,19.1329710217292,0 -98.2654642676524,19.13185945624092,0 -98.26591990783133,19.13084413357142,0 -98.26621849541773,19.13018723733117,0 -98.26640387821327,19.13029565232046,0 -98.26654909367713,19.13044672233318,0 -98.26671220844833,19.13062274147951,0 -98.26676172042215,19.13064022117015,0 -98.26693829710959,19.13081666611294,0 -98.26753187692263,19.13141439936146,0 -98.26771213314467,19.13161237799326,0 -98.26782465766284,19.13176704734746,0 -98.26788056393343,19.13192507985314,0 -98.26791000888744,19.1320937637254,0 -98.26792413876349,19.13231260057367,0 -98.26709004641135,19.13416050214775,0 -98.26707446505185,19.13414934626646,0 -98.26696733808492,19.13438673076981,0 -98.26696733808492,19.13438673076981,0 
							</coordinates>
						</LinearRing>
					</outerBoundaryIs>
				</Polygon>
				<Polygon>
					<altitudeMode>absolute</altitudeMode>
					<outerBoundaryIs>
						<LinearRing>
							<coordinates>
								-98.24070996596386,19.13407923686744,0 -98.24097449154226,19.1335249589972,0 -98.24188346489684,19.13391270456818,0 -98.24160085328654,19.13451133294415,0 -98.24070996596386,19.13407923686744,0 -98.24070996596386,19.13407923686744,0 
							</coordinates>
						</LinearRing>
					</outerBoundaryIs>
				</Polygon>
			</MultiGeometry>
		</Placemark>
		<Placemark id="ID_70014">
			<visibility>0</visibility>
			<snippet></snippet>
			<description><![CDATA[<html><body><table border="1"><tr><th>Field Name</th><th>Field Value</th></tr><tr><td>MUNICIPIO</td><td>JUAN C. BONILLA</td></tr><tr><td>SERVICIO</td><td>NO FACTURA DRENAJE</td></tr><tr><td>FECHA ACTUALIZACIÓN</td><td>07/05/2024</td></tr><tr><td>POBLACIÓN AGUA</td><td>2314</td></tr><tr><td>PROMEDIO OCUPANTES EN VIVIENDAS PARTICULARES AGUA</td><td>1,73</td></tr><tr><td>MES 1 TOMAS ACTIVAS AGUA</td><td>1446</td></tr><tr><td>MES 2 TOMAS ACTIVAS AGUA</td><td>1448</td></tr><tr><td>MES 3 TOMAS ACTIVAS AGUA</td><td>1451</td></tr><tr><td>NÚMERO DE HABITANTES SERVIDOS AGUA</td><td>2515</td></tr><tr><td>COBERTURA POR MUNICIPIO AGUA</td><td>Nulo</td></tr><tr><td>POBLACIÓN DRENAJE</td><td>2314</td></tr><tr><td>PROMEDIO OCUPANTES EN VIVIENDAS PARTICULARES DRENAJE</td><td>1,73</td></tr><tr><td>MES 1 TOMAS ACTIVAS DRENAJE</td><td>0</td></tr><tr><td>MES 2 TOMAS ACTIVAS DRENAJE</td><td>0</td></tr><tr><td>MES 3 TOMAS ACTIVAS DRENAJE</td><td>0</td></tr><tr><td>NÚMERO DE HABITANTES SERVIDOS DRENAJE</td><td>0</td></tr><tr><td>COBERTURA POR MUNICIPIO DRENAJE</td><td>Nulo</td></tr></table></body></html>]]></description>
			<styleUrl>#PolyStyle71</styleUrl>
			<MultiGeometry>
				<Polygon>
					<altitudeMode>absolute</altitudeMode>
					<outerBoundaryIs>
						<LinearRing>
							<coordinates>
								-98.35194288800099,19.11617648087098,0 -98.3519160802507,19.11613181633031,0 -98.35156543849402,19.11593650296013,0 -98.35151780654095,19.11554501361222,0 -98.35146733623141,19.11547135409982,0 -98.35131810778782,19.11547429667484,0 -98.35091814329772,19.11542029243589,0 -98.35077447059815,19.11541918836558,0 -98.35064110349758,19.11541816301602,0 -98.35041925210818,19.11534167177129,0 -98.35043000506533,19.1152345159957,0 -98.35024082988028,19.11500342447217,0 -98.35032774510901,19.11486888578388,0 -98.34988332072392,19.11460331540322,0 -98.34979037384674,19.11496669204369,0 -98.34864537779674,19.11479640515335,0 -98.35016053994659,19.1120472507028,0 -98.35113929724862,19.11056593895349,0 -98.35151544675827,19.1108637577594,0 -98.3506862164753,19.11225165454095,0 -98.3498713976053,19.11361540285349,0 -98.35028104330361,19.11384463151709,0 -98.35026674635898,19.11386824293037,0 -98.35074012414439,19.11413466909841,0 -98.35078554775126,19.11416023445239,0 -98.35088849971646,19.11400086923085,0 -98.35131887429905,19.11330239757324,0 -98.35164706185245,19.1127750821483,0 -98.35240448987173,19.11155807157894,0 -98.3541175112118,19.11261259015886,0 -98.3548409565612,19.1114296806401,0 -98.35538397158595,19.11205529535455,0 -98.35478371659259,19.11303790895851,0 -98.35486818010003,19.11309183218048,0 -98.3530923915479,19.11603590465961,0 -98.35275281209564,19.11594639106256,0 -98.35265941587946,19.11598866627804,0 -98.35254515756689,19.11617700093394,0 -98.35247312039633,19.11616945546082,0 -98.35232113915279,19.11620285868709,0 -98.35217639660848,19.11626680198835,0 -98.35194288800099,19.11617648087098,0 -98.35194288800099,19.11617648087098,0 
							</coordinates>
						</LinearRing>
					</outerBoundaryIs>
				</Polygon>
				<Polygon>
					<altitudeMode>absolute</altitudeMode>
					<outerBoundaryIs>
						<LinearRing>
							<coordinates>
								-98.35429800705373,19.11638318899789,0 -98.35372994115481,19.1162327063113,0 -98.35369254075786,19.11629005737448,0 -98.35351073737228,19.1162049941237,0 -98.35525859498746,19.11335758648418,0 -98.35597782629253,19.11387124393842,0 -98.35444358515538,19.11635707089606,0 -98.35429800705373,19.11638318899789,0 -98.35429800705373,19.11638318899789,0 
							</coordinates>
						</LinearRing>
					</outerBoundaryIs>
				</Polygon>
			</MultiGeometry>
		</Placemark>
		<Placemark id="ID_70015">
			<visibility>0</visibility>
			<snippet></snippet>
			<description><![CDATA[<html><body><table border="1"><tr><th>Field Name</th><th>Field Value</th></tr><tr><td>MUNICIPIO</td><td>SAN ANDRÉS CHOLULA</td></tr><tr><td>SERVICIO</td><td>NO FACTURA AGUA</td></tr><tr><td>FECHA ACTUALIZACIÓN</td><td>Nulo</td></tr><tr><td>POBLACIÓN AGUA</td><td>Nulo</td></tr><tr><td>PROMEDIO OCUPANTES EN VIVIENDAS PARTICULARES AGUA</td><td>Nulo</td></tr><tr><td>MES 1 TOMAS ACTIVAS AGUA</td><td>Nulo</td></tr><tr><td>MES 2 TOMAS ACTIVAS AGUA</td><td>Nulo</td></tr><tr><td>MES 3 TOMAS ACTIVAS AGUA</td><td>Nulo</td></tr><tr><td>NÚMERO DE HABITANTES SERVIDOS AGUA</td><td>Nulo</td></tr><tr><td>COBERTURA POR MUNICIPIO AGUA</td><td>Nulo</td></tr><tr><td>POBLACIÓN DRENAJE</td><td>Nulo</td></tr><tr><td>PROMEDIO OCUPANTES EN VIVIENDAS PARTICULARES DRENAJE</td><td>Nulo</td></tr><tr><td>MES 1 TOMAS ACTIVAS DRENAJE</td><td>Nulo</td></tr><tr><td>MES 2 TOMAS ACTIVAS DRENAJE</td><td>Nulo</td></tr><tr><td>MES 3 TOMAS ACTIVAS DRENAJE</td><td>Nulo</td></tr><tr><td>NÚMERO DE HABITANTES SERVIDOS DRENAJE</td><td>Nulo</td></tr><tr><td>COBERTURA POR MUNICIPIO DRENAJE</td><td>Nulo</td></tr></table></body></html>]]></description>
			<styleUrl>#PolyStyle70</styleUrl>
			<MultiGeometry>
				<Polygon>
					<outerBoundaryIs>
						<LinearRing>
							<coordinates>
								-98.25105168191025,19.01866467361365,0 -98.25111360509437,19.01886702107029,0 -98.25114327113923,19.01896396336344,0 -98.25117351590059,19.01906365616479,0 -98.25118382717037,19.01916802350877,0 -98.25134537153116,19.01959281307229,0 -98.25134535222605,19.01963107859588,0 -98.25152554202896,19.01963083322863,0 -98.25170983563582,19.01963058170654,0 -98.25179296150142,19.01963046816141,0 -98.25204832979236,19.01962994097957,0 -98.2522395275741,19.01962772238825,0 -98.2522988438789,19.01962703423355,0 -98.252412469798,19.01962571623989,0 -98.25251235748934,19.01962455770187,0 -98.2525766557826,19.01962381098245,0 -98.25268309711538,19.01962257673362,0 -98.25276241262482,19.01962165660431,0 -98.25283276094375,19.0196208402681,0 -98.2528891705403,19.01962018535947,0 -98.25297522308639,19.01961918663561,0 -98.25304327121916,19.01961131382549,0 -98.25302743315794,19.01953362059216,0 -98.25326983886099,19.01906742839603,0 -98.25335078731499,19.01887928301034,0 -98.25334203155285,19.01865841083916,0 -98.25309738970986,19.01850820981026,0 -98.25292578355919,19.01839921080638,0 -98.25252321641497,19.01811405382383,0 -98.25235291631743,19.01799342256834,0 -98.25183367544534,19.01763634613531,0 -98.251833672231,19.01763642745582,0 -98.25183243437867,19.01766738882756,0 -98.25183051691891,19.01779800631169,0 -98.25182849346653,19.01785419867871,0 -98.25182802028799,19.01786736556368,0 -98.25182901983251,19.01804193573457,0 -98.25182935510455,19.01810057855586,0 -98.2518302634839,19.01825920879233,0 -98.25184430237616,19.01833708280729,0 -98.25184467674902,19.0183793416009,0 -98.25184472536351,19.01838482819494,0 -98.25187440758718,19.01855787331467,0 -98.25187434127524,19.01855782876472,0 -98.25180744569282,19.01851291133617,0 -98.25179345954116,19.01850352034972,0 -98.25174367817834,19.01847009410655,0 -98.25156350011565,19.01834911398538,0 -98.25149246115863,19.01830141433162,0 -98.25144463421898,19.01826930087569,0 -98.25138764490391,19.01823103492625,0 -98.25132401969951,19.01818831392618,0 -98.25131738893066,19.01818398272065,0 -98.25126806894112,19.0181638463101,0 -98.2510791969781,19.01804916097688,0 -98.25104897421208,19.01802903952403,0 -98.25099991375016,19.01799637512108,0 -98.25099986033993,19.01799642008997,0 -98.25096440455731,19.01802223265682,0 -98.25096434831282,19.01802227399936,0 -98.25090958599984,19.01806214408578,0 -98.25105168191025,19.01866467361365,0 -98.25105168191025,19.01866467361365,0 
							</coordinates>
						</LinearRing>
					</outerBoundaryIs>
				</Polygon>
				<Polygon>
					<outerBoundaryIs>
						<LinearRing>
							<coordinates>
								-98.25484094466537,19.04274594011022,0 -98.25486551742803,19.0426963346569,0 -98.25487929868936,19.04266928096064,0 -98.2549290279902,19.04257233346027,0 -98.25494820496741,19.04253400342364,0 -98.25497277766516,19.04248439795277,0 -98.25503304628756,19.0423649401075,0 -98.25504032358596,19.04236879123078,0 -98.25513341487253,19.0424164675388,0 -98.25518247877389,19.04244095610763,0 -98.25526252564156,19.04248090909691,0 -98.25532875005163,19.04251520153748,0 -98.25551615421871,19.04261224325485,0 -98.25568787591038,19.04270116414866,0 -98.2556908727742,19.04270039633219,0 -98.25587947910331,19.0428043504506,0 -98.25618287562911,19.04297158690719,0 -98.25632088125546,19.04304858620432,0 -98.25644973553672,19.04312047967435,0 -98.25633487865107,19.04331970047353,0 -98.25633485759187,19.04331973472948,0 -98.25627654069042,19.04341759782213,0 -98.25618222986697,19.04358269516466,0 -98.25615052671752,19.04363817235444,0 -98.25606782309183,19.04378077801139,0 -98.25601803316955,19.04386686304967,0 -98.2559954887077,19.04390597398137,0 -98.25597085649001,19.04394869312008,0 -98.25593522118027,19.04401048938571,0 -98.2559131547352,19.0440487355799,0 -98.25582944125182,19.04419181600499,0 -98.25577093745494,19.04429266851358,0 -98.25568348331902,19.04444320741421,0 -98.25562539544451,19.04454259754524,0 -98.25556788067318,19.04464110433587,0 -98.25551112071456,19.04473868333421,0 -98.25547278594493,19.04480458046234,0 -98.25541424490544,19.0449051615771,0 -98.2553721226288,19.0449764837029,0 -98.25533079471191,19.04504632875467,0 -98.25531029322411,19.04508136218365,0 -98.2552498784716,19.04518651745766,0 -98.25519592106868,19.04528015846209,0 -98.25518671637575,19.04529612592143,0 -98.2551399886507,19.04537725266502,0 -98.25505486516552,19.04552508047124,0 -98.25500063558547,19.04561982282885,0 -98.25499630660696,19.0456273422486,0 -98.25493757021515,19.04572684699056,0 -98.25487646937148,19.04583018290817,0 -98.25481960292393,19.04592801426448,0 -98.25476136525612,19.04602857828693,0 -98.2546253224519,19.04625954889025,0 -98.2546234712463,19.04626295108954,0 -98.25459300102,19.04625127783487,0 -98.25449397043421,19.04621334084342,0 -98.25447200243414,19.04620492541141,0 -98.25436522047526,19.04616500234061,0 -98.25428812089183,19.04613484704012,0 -98.25426819264027,19.04612805654858,0 -98.25415188965435,19.04608364235258,0 -98.25403292711052,19.04603830640602,0 -98.25402034817959,19.04603246916781,0 -98.2539923942436,19.04602169974607,0 -98.2539942372279,19.04601801285357,0 -98.25414100725015,19.04576335119935,0 -98.25463039088729,19.04488008488112,0 -98.2546882406552,19.04484441336542,0 -98.25470898718542,19.04480794230065,0 -98.25477917679051,19.04468452666027,0 -98.25453061568705,19.04457978801766,0 -98.25451547723007,19.0445734091032,0 -98.25444200451035,19.04454244977147,0 -98.25431252149517,19.04448788539949,0 -98.25408596669506,19.04439242480995,0 -98.25401050610128,19.04436699427151,0 -98.25402488158667,19.04433994124561,0 -98.2540967882687,19.04419789843731,0 -98.25418428933727,19.04402203060459,0 -98.25419746776554,19.04399723108258,0 -98.25421544712832,19.04396115646317,0 -98.25423462443807,19.04392282651738,0 -98.25428375048793,19.04382813604883,0 -98.25431910512292,19.04375824089599,0 -98.25433828238019,19.04371991184068,0 -98.25440118973609,19.04359816587846,0 -98.25441078339665,19.04357787038111,0 -98.25444195015061,19.04351473787425,0 -98.25452642032687,19.04335241135539,0 -98.25461745378561,19.04318333531411,0 -98.25465638178153,19.04311119615271,0 -98.25466956919365,19.04308413827084,0 -98.25470013174953,19.0430232607246,0 -98.2547175068824,19.04298944286677,0 -98.25478401661003,19.04285867424971,0 -98.25484094466537,19.04274594011022,0 -98.25484094466537,19.04274594011022,0 
							</coordinates>
						</LinearRing>
					</outerBoundaryIs>
				</Polygon>
				<Polygon>
					<outerBoundaryIs>
						<LinearRing>
							<coordinates>
								-98.25493652741585,19.04861136202302,0 -98.25492600877581,19.04843961684545,0 -98.25494934683697,19.04818222607921,0 -98.25499632840182,19.04818028656115,0 -98.25501432991238,19.04818446473232,0 -98.25530411779479,19.0482515799062,0 -98.25538611856872,19.04827084145737,0 -98.25556750537487,19.04831344790711,0 -98.25561773381897,19.04832524586908,0 -98.25569032478231,19.04834167147773,0 -98.25609431463239,19.04843372355798,0 -98.25664965978142,19.04855732259077,0 -98.25665105675674,19.04855860605291,0 -98.2566485314008,19.04855803829881,0 -98.25615955451259,19.04976011432107,0 -98.25599048236032,19.0501784675304,0 -98.25597848398299,19.05020817360065,0 -98.25598055469169,19.05021650776565,0 -98.25598776969218,19.05022290253297,0 -98.25589411163946,19.05019688875201,0 -98.25567173768277,19.05003187697154,0 -98.25538025128276,19.04983691396328,0 -98.25523299942758,19.04973842354707,0 -98.25511233790647,19.04960827063197,0 -98.25505920809107,19.04941304611129,0 -98.25498398987244,19.04886517790612,0 -98.25493652741585,19.04861136202302,0 -98.25493652741585,19.04861136202302,0 
							</coordinates>
						</LinearRing>
					</outerBoundaryIs>
				</Polygon>
			</MultiGeometry>
		</Placemark>
		<Placemark id="ID_70016">
			<visibility>0</visibility>
			<snippet></snippet>
			<description><![CDATA[<html><body><table border="1"><tr><th>Field Name</th><th>Field Value</th></tr><tr><td>MUNICIPIO</td><td>AMOZOC</td></tr><tr><td>SERVICIO</td><td>NO FACTURA AGUA</td></tr><tr><td>FECHA ACTUALIZACIÓN</td><td>Nulo</td></tr><tr><td>POBLACIÓN AGUA</td><td>Nulo</td></tr><tr><td>PROMEDIO OCUPANTES EN VIVIENDAS PARTICULARES AGUA</td><td>Nulo</td></tr><tr><td>MES 1 TOMAS ACTIVAS AGUA</td><td>Nulo</td></tr><tr><td>MES 2 TOMAS ACTIVAS AGUA</td><td>Nulo</td></tr><tr><td>MES 3 TOMAS ACTIVAS AGUA</td><td>Nulo</td></tr><tr><td>NÚMERO DE HABITANTES SERVIDOS AGUA</td><td>Nulo</td></tr><tr><td>COBERTURA POR MUNICIPIO AGUA</td><td>Nulo</td></tr><tr><td>POBLACIÓN DRENAJE</td><td>Nulo</td></tr><tr><td>PROMEDIO OCUPANTES EN VIVIENDAS PARTICULARES DRENAJE</td><td>Nulo</td></tr><tr><td>MES 1 TOMAS ACTIVAS DRENAJE</td><td>Nulo</td></tr><tr><td>MES 2 TOMAS ACTIVAS DRENAJE</td><td>Nulo</td></tr><tr><td>MES 3 TOMAS ACTIVAS DRENAJE</td><td>Nulo</td></tr><tr><td>NÚMERO DE HABITANTES SERVIDOS DRENAJE</td><td>Nulo</td></tr><tr><td>COBERTURA POR MUNICIPIO DRENAJE</td><td>Nulo</td></tr></table></body></html>]]></description>
			<styleUrl>#PolyStyle705</styleUrl>
			<Polygon>
				<outerBoundaryIs>
					<LinearRing>
						<coordinates>
							-98.09902519035934,19.0648820520892,0 -98.09817691928542,19.06581814943898,0 -98.09846151206332,19.06597004383351,0 -98.09679399625021,19.06836043881056,0 -98.09878697157698,19.06943583655724,0 -98.09865705578673,19.07009226065689,0 -98.10110189952992,19.07127658159713,0 -98.10152966442629,19.07068192529956,0 -98.10489942140876,19.0690608004637,0 -98.10639238691031,19.0677334553002,0 -98.10753239121007,19.06665176522635,0 -98.10789119195353,19.06647037295206,0 -98.10802195635178,19.06629271653057,0 -98.10822476386694,19.06612912250031,0 -98.10844162734365,19.06603416887268,0 -98.10870168804834,19.06595313789635,0 -98.10894734389532,19.0658684285818,0 -98.10901793447401,19.06574011236893,0 -98.10875154030435,19.06568785269088,0 -98.10834556274393,19.06560820891922,0 -98.11382510609194,19.06089755405298,0 -98.11358300279505,19.060665008149,0 -98.10685452298642,19.05993841383165,0 -98.10264844442999,19.06076640412754,0 -98.10231702672957,19.06442543137575,0 -98.09740942417021,19.06368029653918,0 -98.09735120223338,19.0641562159771,0 -98.09902519035934,19.0648820520892,0 -98.09902519035934,19.0648820520892,0 
						</coordinates>
					</LinearRing>
				</outerBoundaryIs>
			</Polygon>
		</Placemark>
		<Placemark id="ID_70017">
			<visibility>0</visibility>
			<snippet></snippet>
			<description><![CDATA[<html><body><table border="1"><tr><th>Field Name</th><th>Field Value</th></tr><tr><td>MUNICIPIO</td><td>SAN PEDRO CHOLULA</td></tr><tr><td>SERVICIO</td><td>AGUA Y DRENAJE</td></tr><tr><td>FECHA ACTUALIZACIÓN</td><td>07/05/2024</td></tr><tr><td>POBLACIÓN AGUA</td><td>9096</td></tr><tr><td>PROMEDIO OCUPANTES EN VIVIENDAS PARTICULARES AGUA</td><td>2,39</td></tr><tr><td>MES 1 TOMAS ACTIVAS AGUA</td><td>0</td></tr><tr><td>MES 2 TOMAS ACTIVAS AGUA</td><td>0</td></tr><tr><td>MES 3 TOMAS ACTIVAS AGUA</td><td>2</td></tr><tr><td>NÚMERO DE HABITANTES SERVIDOS AGUA</td><td>5</td></tr><tr><td>COBERTURA POR MUNICIPIO AGUA</td><td>Nulo</td></tr><tr><td>POBLACIÓN DRENAJE</td><td>9096</td></tr><tr><td>PROMEDIO OCUPANTES EN VIVIENDAS PARTICULARES DRENAJE</td><td>2,39</td></tr><tr><td>MES 1 TOMAS ACTIVAS DRENAJE</td><td>0</td></tr><tr><td>MES 2 TOMAS ACTIVAS DRENAJE</td><td>0</td></tr><tr><td>MES 3 TOMAS ACTIVAS DRENAJE</td><td>2</td></tr><tr><td>NÚMERO DE HABITANTES SERVIDOS DRENAJE</td><td>5</td></tr><tr><td>COBERTURA POR MUNICIPIO DRENAJE</td><td>Nulo</td></tr></table></body></html>]]></description>
			<styleUrl>#PolyStyle7215</styleUrl>
			<Polygon>
				<altitudeMode>absolute</altitudeMode>
				<outerBoundaryIs>
					<LinearRing>
						<coordinates>
							-98.26741293041795,19.0641866264369,0 -98.26733438434262,19.06416785996258,0 -98.26726051798778,19.06415021636933,0 -98.26718451641337,19.06413205728713,0 -98.26717554368187,19.06417721767638,0 -98.26690339313093,19.06411596595914,0 -98.26644428825898,19.06399913379112,0 -98.26643377671496,19.06403195156152,0 -98.2660092147034,19.06391854154744,0 -98.26578340784707,19.06385874228884,0 -98.26575315741593,19.06385236283932,0 -98.26565924970531,19.06383497050398,0 -98.26580650881731,19.06335630995746,0 -98.26588851428569,19.06302061939987,0 -98.26592318955375,19.06288644984028,0 -98.26593874965792,19.06282622025807,0 -98.26597681935364,19.06270897971563,0 -98.26604600911669,19.06249589053671,0 -98.26624433884001,19.06172730939403,0 -98.26630137859256,19.06154212964021,0 -98.26636213990344,19.06131893951028,0 -98.26638337006302,19.06118820103731,0 -98.2664150790829,19.06098253113673,0 -98.26679605006642,19.05968072076799,0 -98.26814359821823,19.0596821594368,0 -98.26888913822108,19.0596792301527,0 -98.26972434318442,19.0596759587144,0 -98.26971986179963,19.05991679271197,0 -98.27047601500436,19.05989282465685,0 -98.27042722798588,19.06002955747459,0 -98.27042095710951,19.06003784676173,0 -98.27015199698162,19.06039340297194,0 -98.27004704969386,19.06053112808639,0 -98.26989398454167,19.06073154249318,0 -98.26981355482586,19.0608372558546,0 -98.26972832501698,19.06094936647953,0 -98.26966529417268,19.06103206802119,0 -98.26958344599302,19.06114042350948,0 -98.26949917912971,19.06125198656831,0 -98.26943950874262,19.06133098800739,0 -98.26935671387665,19.06144059578344,0 -98.26927231286378,19.06155233803208,0 -98.26921125655312,19.06163307714495,0 -98.26912904587488,19.06174160267526,0 -98.26904516124704,19.06185233560796,0 -98.26898387685694,19.06193323639964,0 -98.2689019622841,19.06204135632291,0 -98.26882606041411,19.06214155557111,0 -98.26883266885719,19.06214735733518,0 -98.26882657371475,19.06216105140931,0 -98.26882374207764,19.06216742124255,0 -98.26880513038262,19.06220921519262,0 -98.26880076619105,19.0622180813084,0 -98.26878179314245,19.062253630131,0 -98.26872642250525,19.06235738183231,0 -98.26870672117968,19.0623942833153,0 -98.26868904946622,19.0624273882465,0 -98.26867086215276,19.06246146713233,0 -98.2686529326282,19.06249505903772,0 -98.26863528097002,19.06252813693116,0 -98.26855926963597,19.06267054854315,0 -98.26848927129245,19.06280519403076,0 -98.26848925245649,19.06280580486006,0 -98.26847840378154,19.06284929055914,0 -98.26842883298755,19.06304798751643,0 -98.26840745384683,19.06313368323044,0 -98.26840104790587,19.0631566805915,0 -98.26836928948126,19.06327070060073,0 -98.26835514712354,19.06333334801858,0 -98.26833783143438,19.06341004900232,0 -98.26831713294968,19.06348290395781,0 -98.26831369639336,19.06349499996161,0 -98.26825743758086,19.06362360886198,0 -98.2682241115814,19.06373722589112,0 -98.26820855739086,19.06376118012442,0 -98.26816095865145,19.06383845228812,0 -98.26815548323815,19.06384734108764,0 -98.26806742295591,19.0639471673028,0 -98.26805763319042,19.06395874105607,0 -98.2680137335324,19.06401063829158,0 -98.26794681448767,19.06406819353372,0 -98.26793667910742,19.0640764384707,0 -98.26788394193517,19.06411933585949,0 -98.2677673342063,19.06417136920651,0 -98.26762981626194,19.0642019468685,0 -98.26757199910942,19.0641961143599,0 -98.26749759897946,19.06417902813394,0 -98.26748792394071,19.06417680275335,0 -98.26748106130962,19.06420290158048,0 -98.26741293041795,19.0641866264369,0 -98.26741293041795,19.0641866264369,0 
						</coordinates>
					</LinearRing>
				</outerBoundaryIs>
			</Polygon>
		</Placemark>
		<Placemark id="ID_70018">
			<visibility>0</visibility>
			<snippet></snippet>
			<description><![CDATA[<html><body><table border="1"><tr><th>Field Name</th><th>Field Value</th></tr><tr><td>MUNICIPIO</td><td>OCOYUCAN</td></tr><tr><td>SERVICIO</td><td>AGUA Y DRENAJE</td></tr><tr><td>FECHA ACTUALIZACIÓN</td><td>07/05/2024</td></tr><tr><td>POBLACIÓN AGUA</td><td>14905</td></tr><tr><td>PROMEDIO OCUPANTES EN VIVIENDAS PARTICULARES AGUA</td><td>2,46</td></tr><tr><td>MES 1 TOMAS ACTIVAS AGUA</td><td>7508</td></tr><tr><td>MES 2 TOMAS ACTIVAS AGUA</td><td>7567</td></tr><tr><td>MES 3 TOMAS ACTIVAS AGUA</td><td>7612</td></tr><tr><td>NÚMERO DE HABITANTES SERVIDOS AGUA</td><td>18704</td></tr><tr><td>COBERTURA POR MUNICIPIO AGUA</td><td>Nulo</td></tr><tr><td>POBLACIÓN DRENAJE</td><td>14905</td></tr><tr><td>PROMEDIO OCUPANTES EN VIVIENDAS PARTICULARES DRENAJE</td><td>2,46</td></tr><tr><td>MES 1 TOMAS ACTIVAS DRENAJE</td><td>7556</td></tr><tr><td>MES 2 TOMAS ACTIVAS DRENAJE</td><td>7615</td></tr><tr><td>MES 3 TOMAS ACTIVAS DRENAJE</td><td>7660</td></tr><tr><td>NÚMERO DE HABITANTES SERVIDOS DRENAJE</td><td>18822</td></tr><tr><td>COBERTURA POR MUNICIPIO DRENAJE</td><td>Nulo</td></tr></table></body></html>]]></description>
			<styleUrl>#PolyStyle7215</styleUrl>
			<MultiGeometry>
				<Polygon>
					<altitudeMode>absolute</altitudeMode>
					<outerBoundaryIs>
						<LinearRing>
							<coordinates>
								-98.2871031759999,18.94519711800007,0 -98.28747868499993,18.94465929100005,0 -98.28881442599995,18.94517174900005,0 -98.28803658499993,18.94578568000009,0 -98.28758597399991,18.94574509000006,0 -98.2871031759999,18.94533411100008,0 -98.2871031759999,18.94519711800007,0 -98.2871031759999,18.94519711800007,0 
							</coordinates>
						</LinearRing>
					</outerBoundaryIs>
				</Polygon>
				<Polygon>
					<altitudeMode>absolute</altitudeMode>
					<outerBoundaryIs>
						<LinearRing>
							<coordinates>
								-98.28066776599991,18.94500336900006,0 -98.28064727199991,18.94496746600004,0 -98.28062856299994,18.94492946500009,0 -98.28060927899992,18.94489288900007,0 -98.2805916399999,18.94485565000008,0 -98.28057609499989,18.94481729000006,0 -98.2805591799999,18.94477968400008,0 -98.2805440649999,18.94474078400009,0 -98.28053425699994,18.94471800800005,0 -98.28051949299993,18.94467918200007,0 -98.28050552099988,18.94463969800006,0 -98.28049399999992,18.94459998000008,0 -98.28047931899994,18.94455058000005,0 -98.28047074299991,18.94452171900008,0 -98.28046083899994,18.94447912400005,0 -98.28043667799994,18.94434665800009,0 -98.28042966899994,18.94430810900008,0 -98.28041259699989,18.94421419300005,0 -98.28040969599994,18.94419391500008,0 -98.2804053989999,18.94415326500007,0 -98.28040346099993,18.94411237700007,0 -98.28040140299993,18.94402981600007,0 -98.2804005509999,18.94398666200004,0 -98.28040170899993,18.94394705100007,0 -98.2804026849999,18.94390550100007,0 -98.28040387199991,18.94386577600005,0 -98.28040646799991,18.94382423500008,0 -98.28041667499991,18.94374050700009,0 -98.2804210409999,18.94370953300006,0 -98.28042245699993,18.94369948500008,0 -98.28042631799991,18.94368156100006,0 -98.28043290999993,18.94364077400007,0 -98.28044078899988,18.94360072000006,0 -98.28044891099989,18.94355931900009,0 -98.28045775199992,18.94351942000009,0 -98.2804671569999,18.94347922700007,0 -98.28047599299992,18.94344742700008,0 -98.28047903499993,18.94343621400009,0 -98.28048683499992,18.94340746100005,0 -98.28049864799993,18.94336789400006,0 -98.28050967299993,18.94332767100008,0 -98.2805209949999,18.94328784500004,0 -98.2805322399999,18.94324798100007,0 -98.28054362799992,18.94320783200004,0 -98.28055476899992,18.94316776700009,0 -98.2805660709999,18.94312800400007,0 -98.28057553399992,18.94308943300007,0 -98.28058899999991,18.94304822200007,0 -98.28059907699992,18.94300868500005,0 -98.28061058699991,18.94296868400005,0 -98.28062219899994,18.94292838500007,0 -98.28063450999991,18.94288877400004,0 -98.28064664399996,18.94284869100005,0 -98.28065697699994,18.94280807600006,0 -98.28066858799991,18.94276787800004,0 -98.28068079199994,18.94272814900006,0 -98.28069261699994,18.94268776000007,0 -98.28070177299992,18.94264753600004,0 -98.28071322699992,18.94260823600007,0 -98.28072441299992,18.94256765700004,0 -98.28073668799993,18.94252829700008,0 -98.28074987899993,18.94248887200007,0 -98.28076132399991,18.94244838900005,0 -98.2807727899999,18.94240847000009,0 -98.2807842769999,18.94236958900007,0 -98.2807960259999,18.94233153800008,0 -98.28093006799992,18.94237369500007,0 -98.28095707999996,18.94238234500006,0 -98.28099861099992,18.94239630100009,0 -98.28103982099994,18.94240879000006,0 -98.28108111599992,18.94242173900005,0 -98.28112188099993,18.94243448600008,0 -98.28114387299991,18.94244126900008,0 -98.28117661899996,18.94245230800004,0 -98.28118441499993,18.94245493700004,0 -98.2812255479999,18.94246829900004,0 -98.28126719399989,18.94248166400007,0 -98.28130805399991,18.94249445600008,0 -98.28134932099994,18.94250753900008,0 -98.28138707799991,18.94251971400007,0 -98.28142839199988,18.94253286100007,0 -98.28146706099994,18.94255154600006,0 -98.28150914599992,18.94256220100004,0 -98.28155062999991,18.94257326900004,0 -98.28159143399995,18.94258586300009,0 -98.28163212199989,18.94259885300005,0 -98.28167310299995,18.94261214300008,0 -98.28168717999996,18.94261625500008,0 -98.28170314799991,18.94263316200005,0 -98.28173241299993,18.94266345100004,0 -98.28176178099993,18.94269399200005,0 -98.28176748599992,18.94269968300006,0 -98.2818955329999,18.94283616000007,0 -98.28190586199993,18.94284811900008,0 -98.28193532499995,18.94287867900005,0 -98.2819360709999,18.94287936500007,0 -98.28194572799993,18.94288965800007,0 -98.28211504699993,18.94303101900005,0 -98.28223574299994,18.94313194600005,0 -98.28225357699996,18.94314771900008,0 -98.2822664329999,18.94316688300006,0 -98.28227910199992,18.94318621000008,0 -98.28230202899994,18.94322128800007,0 -98.28232423599991,18.94325498300009,0 -98.28234770699993,18.94328999400005,0 -98.28237071899991,18.94332495000009,0 -98.28239360799995,18.94336005600007,0 -98.28241673799992,18.94339502100007,0 -98.28243959799994,18.94343019700005,0 -98.2824627939999,18.94346495900004,0 -98.28248628699993,18.94349989300008,0 -98.28250906999996,18.94353443500006,0 -98.2825323319999,18.94356948200004,0 -98.28255553999992,18.94360475600007,0 -98.28257918899995,18.94363977900008,0 -98.28260174299993,18.94367509400007,0 -98.2825814319999,18.94370473200007,0 -98.28257236499992,18.94372504000006,0 -98.28255606899988,18.94376326800005,0 -98.28253952599994,18.94380124200006,0 -98.28253294599995,18.94383321100008,0 -98.28252518599993,18.94387396200005,0 -98.28251733799993,18.94391477200008,0 -98.28251847099995,18.94395680200006,0 -98.28252091199994,18.94399802600009,0 -98.28252494299996,18.94403980400006,0 -98.28251447199995,18.94407961700006,0 -98.28250333499994,18.94411908300009,0 -98.28249286399995,18.94415919300008,0 -98.28248255799991,18.94419875600005,0 -98.28247500399993,18.94422650500007,0 -98.28246453599991,18.94426702900006,0 -98.28245367799991,18.94430739400008,0 -98.28244305199991,18.94434823300008,0 -98.28243207799994,18.94436029900004,0 -98.28241977799991,18.94436982300005,0 -98.28238600799995,18.94439619200006,0 -98.28235311999993,18.94442299300005,0 -98.28231953799992,18.94444936700006,0 -98.28228590499991,18.94447547300007,0 -98.28225531599992,18.94450153600008,0 -98.2822757269999,18.94453855900008,0 -98.28229679799996,18.94457490000008,0 -98.28231816099992,18.94461028000006,0 -98.28233949599991,18.94464602700009,0 -98.28234565799994,18.94468697500008,0 -98.28235172799992,18.94472759800004,0 -98.2823672749999,18.94476688200007,0 -98.28238317499995,18.94480523200008,0 -98.28237997199994,18.94484561900009,0 -98.2823740639999,18.94488536900008,0 -98.28237375699992,18.94489241600007,0 -98.28237643199991,18.94490555900006,0 -98.28237897199995,18.94492720500006,0 -98.28238777399991,18.94496743500008,0 -98.2823946229999,18.94500838700009,0 -98.28239823299992,18.94502323100005,0 -98.28240723999994,18.94509081300004,0 -98.28242277999993,18.94512300400004,0 -98.28242430499995,18.94512918200007,0 -98.28242646299991,18.94516507800006,0 -98.28240495899992,18.94519950000006,0 -98.2823926399999,18.94522024000008,0 -98.28237933099992,18.94524006100005,0 -98.28234410699991,18.94525317000006,0 -98.28227700899991,18.94527550600009,0 -98.28226864599992,18.94527788800008,0 -98.28223790499995,18.94526766300004,0 -98.28222808899994,18.94526415500007,0 -98.28219785699993,18.94523554800008,0 -98.28217393699992,18.94521002300007,0 -98.28216828199993,18.94520646300009,0 -98.28213803599994,18.94518651600009,0 -98.28210125699991,18.94516398700006,0 -98.28207691399992,18.94514837000008,0 -98.28203330899991,18.94514245700009,0 -98.28202254599995,18.94514117100005,0 -98.28196973899992,18.94513435700009,0 -98.28196822499991,18.94514498500007,0 -98.2819652739999,18.94515494700005,0 -98.28196236699995,18.94517606900007,0 -98.28192102499992,18.94516141000008,0 -98.28187977199991,18.94514838100008,0 -98.28184072099994,18.94513556200008,0 -98.2813754779999,18.94498082200005,0 -98.28137536499992,18.94498120300005,0 -98.28133779099994,18.94500126400004,0 -98.28132219999992,18.94501408100007,0 -98.2813593269999,18.94502805600007,0 -98.28139957099989,18.94504378000005,0 -98.28144016999994,18.94505881200007,0 -98.2814801589999,18.94507338200009,0 -98.2815212619999,18.94508867900004,0 -98.28156185799992,18.94510456200004,0 -98.28160146199991,18.94512041300004,0 -98.2816417979999,18.94513621400006,0 -98.28168217199995,18.94515154000004,0 -98.2817224499999,18.94516685400004,0 -98.28176288099991,18.94518254000008,0 -98.28180362299992,18.94519850400007,0 -98.28184365899996,18.94521403000005,0 -98.2818837669999,18.94522955700006,0 -98.28192393599994,18.94524510100007,0 -98.28196408699995,18.94526036800005,0 -98.2820039149999,18.94527595000005,0 -98.2820295849999,18.94528586000007,0 -98.28205348899991,18.94529429200009,0 -98.28208306499994,18.94532383900008,0 -98.28211238999988,18.94535340400006,0 -98.28214283199993,18.94538370500004,0 -98.2821720309999,18.94541383000006,0 -98.28220223599993,18.94544311300007,0 -98.28223196699992,18.94547330500006,0 -98.28226207799992,18.94550333400008,0 -98.28229159999989,18.94553329600006,0 -98.28232228299993,18.94556291200007,0 -98.28233557099993,18.94557691800009,0 -98.28240758999993,18.94560308600006,0 -98.28239698799989,18.94563720300005,0 -98.28238436499993,18.94573394400004,0 -98.28236455099994,18.94585489500008,0 -98.28238155799994,18.94588294300007,0 -98.28242833299993,18.94596008600007,0 -98.28243193699991,18.94602366900006,0 -98.28242440199995,18.94611111400008,0 -98.28242951299991,18.94618561600004,0 -98.28243189499995,18.94622034100007,0 -98.28244646899994,18.94626017100006,0 -98.28233976999992,18.94636457500008,0 -98.28226700499994,18.94630072500007,0 -98.2822282539999,18.94626975800008,0 -98.28218907099996,18.94623844700004,0 -98.2821050199999,18.94617658400006,0 -98.28202149299995,18.94612181500008,0 -98.28194286099995,18.94607471000006,0 -98.28194040199992,18.94607323700006,0 -98.28185371399991,18.94602515200006,0 -98.28180743599989,18.94600027600006,0 -98.28174036899992,18.94596375000009,0 -98.28170283599991,18.94594346000008,0 -98.28166495099991,18.94592334100008,0 -98.2816276669999,18.94590252900008,0 -98.28160619399995,18.94589050100006,0 -98.28158979599993,18.94588131700004,0 -98.28154787699992,18.94585848000008,0 -98.28151450999989,18.94584101700008,0 -98.2814770679999,18.94581954500006,0 -98.28143970299992,18.94579788200008,0 -98.28140332999993,18.94577504900008,0 -98.28136707199991,18.94575196300008,0 -98.28129698499993,18.94570421000009,0 -98.28126231499994,18.94567845600005,0 -98.2812279989999,18.94565220500004,0 -98.28120688199995,18.94563461400008,0 -98.2811953019999,18.94562496700007,0 -98.28117211199992,18.94560595200005,0 -98.28116248899995,18.94559806300009,0 -98.28113018299989,18.94557032900008,0 -98.28109839799993,18.94554296700005,0 -98.2810676069999,18.94551413700009,0 -98.28103641099995,18.94548465400004,0 -98.28100715599993,18.94545421200007,0 -98.2809774239999,18.94542433700008,0 -98.28094922699989,18.94539298700005,0 -98.28092168799994,18.94536334600008,0 -98.28089324499989,18.94532955500006,0 -98.28086597999993,18.94529782800004,0 -98.28086375099991,18.94529495300009,0 -98.28084027999995,18.94526467900005,0 -98.28081473099991,18.94523144100009,0 -98.28080389799993,18.94521516800006,0 -98.28075611599989,18.94514646300007,0 -98.28073375799995,18.94511124000007,0 -98.28071057099993,18.94507651900005,0 -98.2806884449999,18.94504027600004,0 -98.28066776599991,18.94500336900006,0 -98.28066776599991,18.94500336900006,0 
							</coordinates>
						</LinearRing>
					</outerBoundaryIs>
				</Polygon>
				<Polygon>
					<altitudeMode>absolute</altitudeMode>
					<outerBoundaryIs>
						<LinearRing>
							<coordinates>
								-98.27803683399992,18.94686085200004,0 -98.27792433699994,18.94663319500006,0 -98.27789747799994,18.94657879400006,0 -98.27789321199994,18.94654923000007,0 -98.2778807229999,18.94650943800008,0 -98.27805998899993,18.94652686700005,0 -98.27778510999993,18.94627033900008,0 -98.27707231499994,18.94551815400007,0 -98.2770729049999,18.94551630600006,0 -98.27707147699992,18.94551590400005,0 -98.27705922299994,18.94547054400005,0 -98.27716176599995,18.94539132500006,0 -98.27732199899994,18.94526754000009,0 -98.27737367499994,18.94526339800007,0 -98.27749870799994,18.94525338000005,0 -98.27768099899991,18.94509371900006,0 -98.27767115799992,18.94508512400006,0 -98.27757745299995,18.94500325900009,0 -98.27723071999991,18.94470033900006,0 -98.27696411999993,18.94442468000005,0 -98.2767751099999,18.94419348000008,0 -98.2771202309999,18.94336916900005,0 -98.2773463499999,18.94304244900007,0 -98.27744973899991,18.94288782000007,0 -98.27743748599994,18.94273006100008,0 -98.27758407299989,18.94280149000008,0 -98.27797568199992,18.94305399100006,0 -98.27876861699993,18.94351262100008,0 -98.27920928299996,18.94369668100006,0 -98.27921829199994,18.94373326400006,0 -98.27881641099992,18.94427802200005,0 -98.27863547399994,18.94429487300005,0 -98.2782861029999,18.94461165600006,0 -98.27941533599993,18.94573442700005,0 -98.2797392089999,18.94594714100009,0 -98.27980443299994,18.94598778000005,0 -98.28045740599993,18.94556185400006,0 -98.28054581099991,18.94551211600009,0 -98.28061262299991,18.94549478400006,0 -98.28071720999992,18.94550299600007,0 -98.28082758799992,18.94558435200008,0 -98.28102544699995,18.94579721800005,0 -98.28115125799989,18.94589340600004,0 -98.28128547399989,18.94598356400007,0 -98.28141041599991,18.94605691800007,0 -98.28154448999992,18.94613008200008,0 -98.28170005499992,18.94621497300005,0 -98.28178493599989,18.94626078000005,0 -98.28187768699991,18.94631527500007,0 -98.28202576299991,18.94641726300006,0 -98.28215681499988,18.94652589800006,0 -98.28223749299991,18.94660369300004,0 -98.28231804199994,18.94669108000005,0 -98.28237901499995,18.94676577600006,0 -98.28243377999991,18.94683907700005,0 -98.28248635999995,18.94691779400006,0 -98.28245561699993,18.94693342700009,0 -98.28237649199991,18.94697404300007,0 -98.28234627899991,18.94698769900009,0 -98.2822647779999,18.94694055800005,0 -98.28213858299996,18.94692965000007,0 -98.2820774519999,18.94692117000005,0 -98.28190957399994,18.94688397700008,0 -98.28174278499993,18.94690218800008,0 -98.2815983129999,18.94691796100005,0 -98.28151708599989,18.94691532800005,0 -98.28144374199989,18.94690675600009,0 -98.28136449099992,18.94688740300006,0 -98.28126708399994,18.94684699000004,0 -98.28112951599989,18.94682801400006,0 -98.28097513299991,18.94678122500005,0 -98.28089819699994,18.94677757300008,0 -98.28080124199994,18.94673574600006,0 -98.28073100899989,18.94674950800004,0 -98.2806729209999,18.94676089000006,0 -98.28060283499991,18.94675799200007,0 -98.28052140599995,18.94673107500006,0 -98.28043259299994,18.94668168800007,0 -98.28036281499993,18.94669108900007,0 -98.2802581589999,18.94658849200005,0 -98.28013423499995,18.94663421800004,0 -98.28005637599996,18.94659254600009,0 -98.27994975299993,18.94661286200005,0 -98.27986626299992,18.94662883400008,0 -98.27982890899995,18.94664665500005,0 -98.27971455599993,18.94669237900007,0 -98.2796314479999,18.94669561700005,0 -98.27949927299994,18.94666630200004,0 -98.27926597499993,18.94691597700006,0 -98.2787881889999,18.94740882100007,0 -98.27803683399992,18.94686085200004,0 -98.27803683399992,18.94686085200004,0 
							</coordinates>
						</LinearRing>
					</outerBoundaryIs>
				</Polygon>
				<Polygon>
					<altitudeMode>absolute</altitudeMode>
					<outerBoundaryIs>
						<LinearRing>
							<coordinates>
								-98.28835456899992,18.94810382100007,0 -98.28834804999993,18.94806289100006,0 -98.28866146899992,18.94810198900007,0 -98.2893711669999,18.94832776200008,0 -98.28978907999993,18.94862278700009,0 -98.29034954399992,18.94919879500009,0 -98.29078223899988,18.94956389700008,0 -98.29130949999988,18.95003571300009,0 -98.2887080779999,18.95032349000007,0 -98.28870582999991,18.95030937600006,0 -98.28835456899992,18.94810382100007,0 -98.28835456899992,18.94810382100007,0 
							</coordinates>
						</LinearRing>
					</outerBoundaryIs>
				</Polygon>
				<Polygon>
					<altitudeMode>absolute</altitudeMode>
					<outerBoundaryIs>
						<LinearRing>
							<coordinates>
								-98.28906387099994,18.95203649400008,0 -98.28907239599994,18.95193570800006,0 -98.28907459999995,18.95190965300009,0 -98.2891818879999,18.95190204300008,0 -98.28923507199993,18.95201843400008,0 -98.29045243199994,18.95184266000007,0 -98.29223825799994,18.95165901600006,0 -98.29202945599991,18.95204208200005,0 -98.29224775499995,18.95241384200006,0 -98.29230514999995,18.95272540800005,0 -98.29228263099994,18.95281338800004,0 -98.28991940799995,18.95298023900006,0 -98.28999996199991,18.95307911900005,0 -98.29055786099991,18.95390103700004,0 -98.29051002299991,18.95390125600005,0 -98.28944742699991,18.95390611100004,0 -98.2892408969999,18.95279753400007,0 -98.28906923499994,18.95215572400008,0 -98.28906387099994,18.95203649400008,0 -98.28906387099994,18.95203649400008,0 
							</coordinates>
						</LinearRing>
					</outerBoundaryIs>
				</Polygon>
				<Polygon>
					<altitudeMode>absolute</altitudeMode>
					<outerBoundaryIs>
						<LinearRing>
							<coordinates>
								-98.28350789899993,18.95393768800005,0 -98.28324117199992,18.95381941200009,0 -98.28315585499992,18.95383400800006,0 -98.28305749599991,18.95380954800004,0 -98.28249737699991,18.95367025500008,0 -98.28254540699993,18.95349538600004,0 -98.28254765299992,18.95340067100005,0 -98.28261664799993,18.95314181200007,0 -98.2826327649999,18.95308134200008,0 -98.28263483399991,18.95306978100007,0 -98.2826349479999,18.95305805500004,0 -98.28263310599992,18.95304646000005,0 -98.28262946399991,18.95303555300006,0 -98.2826240899999,18.95302531400006,0 -98.28260870599991,18.95300780800005,0 -98.28258459699992,18.95299226800006,0 -98.28276256799988,18.95251053600009,0 -98.28282826099991,18.95220686200008,0 -98.2828884839999,18.95202169700008,0 -98.28299521499991,18.95200399600009,0 -98.28305508699992,18.95187255200005,0 -98.2830821789999,18.95170120300008,0 -98.28308960499993,18.95165423100008,0 -98.2832576749999,18.95139330000006,0 -98.28338764099993,18.95119152800004,0 -98.28347228999992,18.95115780500004,0 -98.2838179069999,18.95100446700008,0 -98.28408046499993,18.95131034600007,0 -98.28417919799995,18.95172916700005,0 -98.28427608899993,18.95204501200004,0 -98.28441320999991,18.95201364500008,0 -98.28438670499992,18.95195710500008,0 -98.28434487999994,18.95189360400008,0 -98.28430864699993,18.95181396900006,0 -98.28429588799992,18.95177224900004,0 -98.28428959499992,18.95172920100009,0 -98.28427833399991,18.95165768600009,0 -98.28427138299993,18.95160378200006,0 -98.28426442699993,18.95155547000007,0 -98.28431667099994,18.95143293800004,0 -98.2843339449999,18.95142947900007,0 -98.28429647499991,18.95134444400009,0 -98.28423794599989,18.95121161300005,0 -98.28423812899992,18.95120982100008,0 -98.2842051209999,18.95112625300004,0 -98.2841886409999,18.95113285900004,0 -98.28417102299994,18.95109760900004,0 -98.2840718249999,18.95094314300007,0 -98.28394221299993,18.95073772200004,0 -98.28377592399994,18.95047929000009,0 -98.28371811199992,18.95038015500006,0 -98.28367267899995,18.95034656400009,0 -98.28330309499988,18.95035371200004,0 -98.28321206899994,18.95046302700007,0 -98.28184529599991,18.94953731800007,0 -98.28212020299992,18.94781895900007,0 -98.28301902899995,18.94800264700007,0 -98.28301372199991,18.94796324000004,0 -98.28331607099994,18.94804353300009,0 -98.28403228099988,18.94825440700004,0 -98.28476436399988,18.94841598300007,0 -98.28485936999994,18.94849814900005,0 -98.28501007899989,18.94861013100007,0 -98.28527163199993,18.94878245400008,0 -98.2854809289999,18.94892034900005,0 -98.2856751889999,18.94904662500005,0 -98.28571188099995,18.94900240600009,0 -98.28581435899991,18.94840796300008,0 -98.28610159399994,18.94838597300009,0 -98.28663877799994,18.94835998500008,0 -98.28742198299993,18.94844116400009,0 -98.28804839999992,18.94816750900009,0 -98.28805539799993,18.94820603800008,0 -98.28824986199993,18.94927660800005,0 -98.28825116199994,18.94927642300007,0 -98.28849455199992,18.95035782700006,0 -98.2887125019999,18.95132618500008,0 -98.2884120949999,18.95156464600007,0 -98.28854793099993,18.95180184800006,0 -98.28871746799992,18.95175927200006,0 -98.28877665499994,18.95188692000005,0 -98.28880348399991,18.95194478000008,0 -98.28889643099988,18.95222478600004,0 -98.28903119099994,18.95268439300008,0 -98.28916929199994,18.95330469400005,0 -98.28926951999995,18.95384638100006,0 -98.28918378799995,18.95386259900005,0 -98.28899095199996,18.95386478400007,0 -98.28689897399995,18.95388847700008,0 -98.28670877399992,18.95389063000005,0 -98.28651304999993,18.95390616500009,0 -98.28634827599991,18.95390556700005,0 -98.2861581649999,18.95390771800004,0 -98.28559080499993,18.95391413700008,0 -98.2852040809999,18.95391851200009,0 -98.28469590399993,18.95392425900008,0 -98.28439255799992,18.95392768900007,0 -98.28350789899993,18.95393768800005,0 -98.28350789899993,18.95393768800005,0 
							</coordinates>
						</LinearRing>
					</outerBoundaryIs>
				</Polygon>
				<Polygon>
					<altitudeMode>absolute</altitudeMode>
					<outerBoundaryIs>
						<LinearRing>
							<coordinates>
								-98.29462639699994,18.95673795000005,0 -98.29421507399991,18.95673737100009,0 -98.29380807199993,18.95679684100008,0 -98.29372304399993,18.95681677600004,0 -98.29363894599992,18.95684000900008,0 -98.29355591799992,18.95686650000005,0 -98.29353226099995,18.95687546800008,0 -98.29348743099989,18.95689158400006,0 -98.29346527199993,18.95690006900008,0 -98.29340055799992,18.95692526900007,0 -98.29333307799993,18.95695465300008,0 -98.2932662999999,18.95698523700008,0 -98.29320200899993,18.95701746800006,0 -98.2931986229999,18.95701848100009,0 -98.29301896999995,18.95712016300007,0 -98.29301557499993,18.95712221300005,0 -98.29301438399995,18.95712293200006,0 -98.29298408499993,18.95714200600008,0 -98.29295180799994,18.95716317500006,0 -98.29293829799991,18.95717203600009,0 -98.29290487199989,18.95719290700009,0 -98.2928859239999,18.95720637400007,0 -98.29283454599994,18.95724188800006,0 -98.29282172599996,18.95725179200008,0 -98.29276953999992,18.95729047700007,0 -98.29275890699995,18.95729897300004,0 -98.29270966299993,18.95733677400005,0 -98.29270064899993,18.95734369400009,0 -98.29261756599992,18.95725020000009,0 -98.29259911299994,18.95723273600004,0 -98.29253810699993,18.95716177200006,0 -98.29253348999993,18.95715539600008,0 -98.2925079879999,18.95712613200004,0 -98.29249829299992,18.95711644300007,0 -98.29248062599993,18.95709538700004,0 -98.29249617799991,18.95706222800004,0 -98.29252871199992,18.95699558400008,0 -98.29254831499991,18.95695551200004,0 -98.2925749129999,18.95690193200005,0 -98.29256665799996,18.95687088700004,0 -98.29253549399994,18.95667640700009,0 -98.29253301799993,18.95662433000007,0 -98.2925342289999,18.95655261400009,0 -98.29253885699991,18.95647287600008,0 -98.29254185699996,18.95641674400008,0 -98.29254350299993,18.95637313800006,0 -98.2925454299999,18.95634403800005,0 -98.2925577719999,18.95630975400007,0 -98.29258769999988,18.95621288600006,0 -98.29261581999992,18.95612439300004,0 -98.29262131299994,18.95610735600008,0 -98.2926418969999,18.95605967700004,0 -98.29267042399994,18.95599269500008,0 -98.29267120999992,18.95598923800009,0 -98.29270481299994,18.95584786200004,0 -98.29273244799992,18.95575915200004,0 -98.29277131699989,18.95563761800008,0 -98.29277623999991,18.95562272200004,0 -98.29276699199994,18.95553863500004,0 -98.29278378099991,18.95547357600009,0 -98.29280855999993,18.95537481000008,0 -98.2928201869999,18.95532642200004,0 -98.29282064199992,18.95525405100005,0 -98.2928244929999,18.95523244100008,0 -98.29283881799995,18.95515008100006,0 -98.2928432199999,18.95511871400004,0 -98.29284664499994,18.95509178000009,0 -98.29284536599992,18.95498687300005,0 -98.29283630899994,18.95491195200009,0 -98.2928447999999,18.95486896400007,0 -98.29286850999995,18.95474946500008,0 -98.29289024199994,18.95464255600007,0 -98.2929164119999,18.95451707600006,0 -98.29291539199994,18.95449796700007,0 -98.29291352499992,18.95445926600007,0 -98.29296011899993,18.95441771300005,0 -98.2929472379999,18.95435422400004,0 -98.29293453299994,18.95428220200006,0 -98.29294156499991,18.95426149900004,0 -98.29294271399993,18.95425811800004,0 -98.29295484599993,18.95422239900006,0 -98.29295878599991,18.95421185200007,0 -98.2929999559999,18.95421151300008,0 -98.2930045609999,18.95421148500009,0 -98.29304327599993,18.95421113600008,0 -98.29307759199992,18.95421131200004,0 -98.2931713619999,18.95421056700008,0 -98.29325918699993,18.95421013300006,0 -98.29335516399995,18.95421000200008,0 -98.29344008699991,18.95420948600008,0 -98.2935216869999,18.95420917400008,0 -98.29352644999994,18.95420848600008,0 -98.2935654449999,18.95420538100007,0 -98.29356749599992,18.95420509100006,0 -98.2935675129999,18.95420112100004,0 -98.29356812999991,18.95419316300007,0 -98.2935699009999,18.95418536500006,0 -98.29358575299993,18.95413336100006,0 -98.29358654799994,18.95412986100007,0 -98.29358682399993,18.95412629000009,0 -98.29358738399991,18.95399335200005,0 -98.29358713799991,18.95398977900004,0 -98.29358637299993,18.95398627300006,0 -98.29357095799992,18.95393415000007,0 -98.29356926599991,18.95392642700006,0 -98.29356870399994,18.95391855500009,0 -98.29356873099992,18.95391188600007,0 -98.29341459499994,18.95391152300004,0 -98.29315836099994,18.95391229900008,0 -98.29308814799994,18.95391290800006,0 -98.29306469499996,18.95391397700007,0 -98.29307544099991,18.95388753900005,0 -98.29310144399996,18.95382757000004,0 -98.29311838699994,18.95379112400008,0 -98.29312525599994,18.95369758200007,0 -98.29312984599994,18.95364217700006,0 -98.29309321099993,18.95354352000004,0 -98.29310708499992,18.95352019600006,0 -98.29311854499991,18.95350071200005,0 -98.29314173699993,18.95346128100005,0 -98.2931544299999,18.95343970200008,0 -98.29322869599991,18.95331343600009,0 -98.29329965199993,18.95335125100007,0 -98.29336928299995,18.95338854000005,0 -98.2934389909999,18.95342569300004,0 -98.29350875499995,18.95346275800006,0 -98.29357831499993,18.95350019100005,0 -98.29360245299993,18.95351352200004,0 -98.29364815299995,18.95354309600009,0 -98.29371691999989,18.95358746900007,0 -98.29378293699995,18.95363030100009,0 -98.29381858499994,18.95365347000006,0 -98.29384905099994,18.95367298100007,0 -98.29391524099992,18.95371557100009,0 -98.29421641699992,18.95390933400006,0 -98.29415459299992,18.95390759100007,0 -98.29385106899991,18.95390830600007,0 -98.29379939599995,18.95390891300008,0 -98.29378256099993,18.95390911100009,0 -98.29370646099996,18.95390979500007,0 -98.29370642199991,18.95391890100007,0 -98.29370580599993,18.95392685900009,0 -98.29370403599989,18.95393465700005,0 -98.29368818299992,18.95398666100004,0 -98.2936873889999,18.95399016100004,0 -98.29368711099995,18.95399373200007,0 -98.29368655199994,18.95412667000005,0 -98.29368679899994,18.95413024300007,0 -98.29368756399992,18.95413374900005,0 -98.29370297799994,18.95418587200004,0 -98.29370468299993,18.95419368400007,0 -98.29370523199994,18.95420164600006,0 -98.29370520599991,18.95420803800005,0 -98.29374005799991,18.95420779100004,0 -98.29374616999991,18.95420790500009,0 -98.2937787489999,18.95420751400007,0 -98.29388321599993,18.95420663700008,0 -98.29397189699995,18.95420605300006,0 -98.29405479699993,18.95420589900004,0 -98.29413683099995,18.95420539800006,0 -98.29422668299991,18.95420490900005,0 -98.29431382599995,18.95420436400008,0 -98.29439700599994,18.95420343300009,0 -98.29442924799993,18.95420288700006,0 -98.29448019799992,18.95420249700004,0 -98.29448022599991,18.95420287900004,0 -98.29466903299993,18.95420144000008,0 -98.29467129399991,18.95420140300007,0 -98.29467005299995,18.95416229000006,0 -98.29467030399991,18.95415145400005,0 -98.29467231799993,18.95414078700009,0 -98.2946760449999,18.95413054500006,0 -98.29468139399991,18.95412097700006,0 -98.29468584899992,18.95411380300004,0 -98.29468919799992,18.95410610300007,0 -98.29469137099994,18.95409803100006,0 -98.29469805899993,18.95406421000007,0 -98.29470855699991,18.95403127600008,0 -98.29472274499994,18.95399961800007,0 -98.29475051399993,18.95394592900004,0 -98.2947531079999,18.95393982700006,0 -98.2947547419999,18.95393343200004,0 -98.29475538499992,18.95392687800006,0 -98.29475501799993,18.95392030600004,0 -98.29475448499994,18.95391189800006,0 -98.29475511499993,18.95390349400009,0 -98.29475226699991,18.95390365500009,0 -98.29474492599991,18.95390385400009,0 -98.29470253999996,18.95390445300006,0 -98.29461519299993,18.95390544000009,0 -98.29455688899991,18.95390582200008,0 -98.29457595799994,18.95387177000009,0 -98.29460003999992,18.95382517100006,0 -98.29464199199992,18.95374398700005,0 -98.29469167899994,18.95364831900008,0 -98.29473738399992,18.95356129400005,0 -98.29477288899994,18.95349281500006,0 -98.2949585799999,18.95353730200009,0 -98.2950544389999,18.95356063600008,0 -98.29513706199991,18.95358065200008,0 -98.29523476199995,18.95360344200009,0 -98.29533208499993,18.95362765800007,0 -98.2954274989999,18.95365107000009,0 -98.29553462299991,18.95367690900008,0 -98.29566763299994,18.95370876400005,0 -98.29576158399993,18.95373134800008,0 -98.29590246799989,18.95376490500007,0 -98.29630588599993,18.95386840400005,0 -98.29638577299994,18.95389367000007,0 -98.29586721399994,18.95389737800008,0 -98.2958235779999,18.95389715600004,0 -98.29576279599991,18.95389727800006,0 -98.29571589299991,18.95389802600005,0 -98.29529471599994,18.95390074000005,0 -98.29525060499992,18.95390114200006,0 -98.29516379299992,18.95390161600005,0 -98.29507650799989,18.95390257700006,0 -98.29499000999994,18.95390272700007,0 -98.2949018249999,18.95390307600007,0 -98.29488242599992,18.95394058200009,0 -98.2948795179999,18.95394779300005,0 -98.29487541899994,18.95395446100008,0 -98.29487023499991,18.95396040500009,0 -98.29486410599991,18.95396546900008,0 -98.29485719299993,18.95396951900005,0 -98.29485177899993,18.95397306900009,0 -98.29484696399993,18.95397733000004,0 -98.2948428499999,18.95398221000005,0 -98.29483952499994,18.95398760800009,0 -98.2948096679999,18.95404032000005,0 -98.2947972909999,18.95406912000004,0 -98.29478920899993,18.95409927000009,0 -98.29478864899994,18.95410397100005,0 -98.29478881699991,18.95410869900007,0 -98.29478970899993,18.95411335300008,0 -98.2947913079999,18.95411783300005,0 -98.29479357799994,18.95412204200005,0 -98.2947992789999,18.95413341900007,0 -98.29480306599994,18.95414549700007,0 -98.29480484899995,18.95415798600004,0 -98.2948062509999,18.95420137100007,0 -98.2948107339999,18.95420137500008,0 -98.29489800099992,18.95420035100005,0 -98.29502862599992,18.95419970900008,0 -98.29515087999994,18.95419878200005,0 -98.2952458069999,18.95419841100005,0 -98.2953772489999,18.95419779900004,0 -98.29546707999992,18.95419714700006,0 -98.29557816799991,18.95419613200005,0 -98.2956799129999,18.95419585000008,0 -98.29576715999991,18.95419507900004,0 -98.29594077999991,18.95419379500004,0 -98.2960613009999,18.95419281600005,0 -98.2961497039999,18.95419186800007,0 -98.29623615399993,18.95419113000008,0 -98.29632336899994,18.95419065700008,0 -98.29641639599993,18.95419002500006,0 -98.29653145499992,18.95418951300007,0 -98.29661571399991,18.95418873900007,0 -98.29670510499994,18.95418827400005,0 -98.29679088499994,18.95418775000007,0 -98.2968790769999,18.95418725300004,0 -98.29696347099991,18.95418610900009,0 -98.29709576199991,18.95418531800004,0 -98.29718269499995,18.95418478900007,0 -98.2972699369999,18.95418458700004,0 -98.29735661799992,18.95418351400008,0 -98.29748689299994,18.95418291500005,0 -98.29750881499989,18.95418242700009,0 -98.29759295699994,18.95420086300004,0 -98.29767773499992,18.95421940400007,0 -98.29777796199994,18.95424142700006,0 -98.29784136699993,18.95425535900006,0 -98.29782328999994,18.95435372300005,0 -98.29780665399994,18.95444687100007,0 -98.29779075399993,18.95454005300007,0 -98.29777570999994,18.95463308800004,0 -98.29775997399992,18.95473071700007,0 -98.29774317199991,18.95482571100007,0 -98.29772395099991,18.95492544500007,0 -98.29752349699993,18.95485923900009,0 -98.29742886299994,18.95482782700009,0 -98.29722676199992,18.95476142700005,0 -98.29703365699993,18.95469807000006,0 -98.29694173199994,18.95466787900006,0 -98.29676266099995,18.95460868300006,0 -98.29673630899993,18.95459990900008,0 -98.29673200999991,18.95462787200006,0 -98.29671560899993,18.95473485000008,0 -98.2966873929999,18.95491183800004,0 -98.2966848989999,18.95493269200006,0 -98.29666887299994,18.95503003300007,0 -98.29664703899994,18.95517139200007,0 -98.29664161499994,18.95518932600004,0 -98.29663428499991,18.95521534800008,0 -98.29667788699993,18.95523831400004,0 -98.29676066199994,18.95528264400008,0 -98.29683554499991,18.95532261000005,0 -98.29675658899993,18.95548818900005,0 -98.2967173859999,18.95557077200004,0 -98.29667215999989,18.95566575000004,0 -98.29662633599992,18.95576226200006,0 -98.29657946799996,18.95585735200007,0 -98.29653757599992,18.95594051900008,0 -98.29645376799992,18.95610671300005,0 -98.29641225599993,18.95618856300007,0 -98.29632931099991,18.95635417900007,0 -98.2963578479999,18.95636953300004,0 -98.2964410809999,18.95641434000004,0 -98.29652407099991,18.95645999900006,0 -98.29660768799994,18.95650503800005,0 -98.29668906299992,18.95654897900005,0 -98.29666610299995,18.95658988700006,0 -98.29660086799993,18.95670957400006,0 -98.29655672599995,18.95679021500007,0 -98.29651000699994,18.95687527100006,0 -98.29646356599994,18.95695976800005,0 -98.2964172519999,18.95704432700006,0 -98.29637111099993,18.95712897900006,0 -98.2963245169999,18.95721340200004,0 -98.29627827399992,18.95729799800006,0 -98.29623162099995,18.95738306000004,0 -98.29622633199996,18.95739270400009,0 -98.29615048799991,18.95734479800007,0 -98.29606741699989,18.95729138200005,0 -98.29598643999994,18.95723999800009,0 -98.29588677899994,18.95717710600007,0 -98.29582630299988,18.95713887400007,0 -98.29568122899991,18.95704634000009,0 -98.29566740499992,18.95703815300004,0 -98.29558227599995,18.95699425600009,0 -98.29549859999992,18.95695456300007,0 -98.29547001799995,18.95694057900005,0 -98.29541347899992,18.95691822000009,0 -98.29532673699993,18.95688544500007,0 -98.29525059699996,18.95685846500004,0 -98.29524383699993,18.95685661900006,0 -98.2950332289999,18.95679856600009,0 -98.29462639699994,18.95673795000005,0 -98.29462639699994,18.95673795000005,0 
							</coordinates>
						</LinearRing>
					</outerBoundaryIs>
				</Polygon>
				<Polygon>
					<altitudeMode>absolute</altitudeMode>
					<outerBoundaryIs>
						<LinearRing>
							<coordinates>
								-98.29277976799993,18.96031254900004,0 -98.29288494999993,18.95980654200008,0 -98.29291769699995,18.95964899800009,0 -98.29231584599989,18.95953574600009,0 -98.29212284699992,18.95951415100006,0 -98.29211929199994,18.95943968100005,0 -98.29207587199996,18.95899165800006,0 -98.29196907999994,18.95848349100004,0 -98.29196832399992,18.95836732700008,0 -98.2927650979999,18.95754399500004,0 -98.29279322499991,18.95752293900006,0 -98.29301760899995,18.95735496200007,0 -98.29335542799993,18.95716472500004,0 -98.29364053499989,18.95705869300008,0 -98.29385336899992,18.95700400900006,0 -98.29405284299992,18.95697151400009,0 -98.29420606399992,18.95695881600005,0 -98.29436526399991,18.95695487800009,0 -98.2945857069999,18.95696615800006,0 -98.29474725899989,18.95698765900005,0 -98.29495569499994,18.95703256100006,0 -98.29494090999994,18.95706606300007,0 -98.29518750099993,18.95713232000008,0 -98.29545447999993,18.95725092300006,0 -98.29642367699995,18.95788829700007,0 -98.29648915899992,18.95793135900004,0 -98.2954233079999,18.95965032300006,0 -98.29464132499993,18.95915000500008,0 -98.29442042999996,18.95947768800005,0 -98.29442039499992,18.95947764600004,0 -98.29376741499993,18.96016337300006,0 -98.29376573899992,18.96016184800004,0 -98.29370804599995,18.96020763400008,0 -98.29293100099994,18.96102753500008,0 -98.29265967299995,18.96035642200007,0 -98.29277976799993,18.96031254900004,0 -98.29277976799993,18.96031254900004,0 
							</coordinates>
						</LinearRing>
					</outerBoundaryIs>
				</Polygon>
				<Polygon>
					<altitudeMode>absolute</altitudeMode>
					<outerBoundaryIs>
						<LinearRing>
							<coordinates>
								-98.28076243399994,18.96225444600009,0 -98.2809555529999,18.96193482700005,0 -98.2823073859999,18.96202107300007,0 -98.28223228399992,18.96257913700009,0 -98.28209817399996,18.96269074900005,0 -98.28204452999995,18.96306617300007,0 -98.28199624999991,18.96324881100008,0 -98.28186750399993,18.96331476300008,0 -98.28182458799995,18.96364959900006,0 -98.2814759019999,18.96394384800004,0 -98.28055322199992,18.96382716400007,0 -98.28048884899992,18.96378657700006,0 -98.2804459329999,18.96359886600004,0 -98.28045666199995,18.96327417700007,0 -98.28076243399994,18.96225444600009,0 -98.28076243399994,18.96225444600009,0 
							</coordinates>
						</LinearRing>
					</outerBoundaryIs>
				</Polygon>
				<Polygon>
					<altitudeMode>absolute</altitudeMode>
					<outerBoundaryIs>
						<LinearRing>
							<coordinates>
								-98.28228680399991,18.97407532000005,0 -98.28232249199992,18.97380856200004,0 -98.28203346299995,18.97383661600009,0 -98.28190196299994,18.97380576700004,0 -98.28177502399988,18.97381213000006,0 -98.28125504099989,18.97362996200008,0 -98.28127134599993,18.97359542000004,0 -98.28136424899992,18.97339956600007,0 -98.28143268399992,18.97337520700006,0 -98.28198962999994,18.97317840000005,0 -98.28208714099992,18.97314369000009,0 -98.28221498399995,18.97311461400005,0 -98.28229877899992,18.97306912000005,0 -98.28131205799991,18.97234770300008,0 -98.2811686039999,18.97221557400007,0 -98.28115571399991,18.97220370200006,0 -98.28087879799993,18.97199525700006,0 -98.28084849699991,18.97202660100004,0 -98.28045904899994,18.97239894400008,0 -98.28035799299994,18.97243512800009,0 -98.28028693199991,18.97249678600008,0 -98.28013289199993,18.97256252600005,0 -98.28005729399992,18.97262497500009,0 -98.27999273699993,18.97255116800005,0 -98.27996279899993,18.97242153400009,0 -98.27992074399992,18.97234232300008,0 -98.2798665229999,18.97226224600007,0 -98.2797583069999,18.97224596000007,0 -98.27967124799994,18.97220467900007,0 -98.27953031199992,18.97222704600006,0 -98.27948729699995,18.97213373300008,0 -98.27943146799993,18.97205555800008,0 -98.27934840299991,18.97200955800008,0 -98.27927487299991,18.97195229400006,0 -98.27916336799991,18.97190495200005,0 -98.27908585599992,18.97188733200005,0 -98.27899259999992,18.97185337300004,0 -98.27886733899993,18.97185722300009,0 -98.27872738699995,18.97178143900004,0 -98.27866525699994,18.97176896800005,0 -98.27849564899992,18.97164206900004,0 -98.27830651299989,18.97155789400006,0 -98.27814397299994,18.97146299700006,0 -98.27807422099994,18.97140031400005,0 -98.27809663199992,18.97148730800006,0 -98.27804346799991,18.97153316900005,0 -98.27741339199991,18.97098658300007,0 -98.27706380599994,18.97008198100008,0 -98.27725990399995,18.96815709900005,0 -98.27751750999994,18.96837595600005,0 -98.27765342499994,18.96841120200008,0 -98.27764936199992,18.96837807900005,0 -98.27805663499993,18.96592010700004,0 -98.27805876699995,18.96591733200006,0 -98.27793002099992,18.96589704000007,0 -98.27801585199988,18.96557235500006,0 -98.27802658099995,18.96535928000009,0 -98.27811241199993,18.96466932200008,0 -98.2782518869999,18.96448668500005,0 -98.27867692299992,18.96459545300007,0 -98.27916383799993,18.96472005400005,0 -98.27956080399991,18.96488239800004,0 -98.2809555529999,18.96467946900009,0 -98.28105211199995,18.96487225100009,0 -98.28112721399992,18.96511576600005,0 -98.28115940099991,18.96524767000005,0 -98.28120158799993,18.96541723200005,0 -98.28120532199996,18.96541703000008,0 -98.28129253899994,18.96573100100005,0 -98.28145975099994,18.96612187500006,0 -98.28151331099991,18.96629137100007,0 -98.28157739399991,18.96646808200006,0 -98.28158035099995,18.96665612200007,0 -98.28186767199992,18.96666435100008,0 -98.28187823299994,18.96642465100007,0 -98.2825756069999,18.96581586900004,0 -98.2829931789999,18.96553823400006,0 -98.28264671999996,18.96569759400006,0 -98.28263054799993,18.96560940900008,0 -98.28253750399995,18.96551662000007,0 -98.2826037239999,18.96547588300007,0 -98.28207881299994,18.96494142400007,0 -98.28224039199995,18.96459087200009,0 -98.28232410899994,18.96435824700006,0 -98.28234751299993,18.96428610900006,0 -98.28243520899991,18.96386447100008,0 -98.2824840309999,18.96376150300006,0 -98.2825818899999,18.96355511800004,0 -98.28270865499991,18.96348309400008,0 -98.28290557599991,18.96346242800007,0 -98.28297240199993,18.96335617400007,0 -98.28296204199991,18.96320134900009,0 -98.28280880299991,18.96315223900007,0 -98.28277632399994,18.96306557600008,0 -98.2828341199999,18.96286039600005,0 -98.28303442799989,18.96275666200006,0 -98.28309900799991,18.96245289800004,0 -98.28297717499994,18.96226609600006,0 -98.28302224699991,18.96193916200008,0 -98.28308519799992,18.96148255200006,0 -98.28316265699993,18.96133849300008,0 -98.28311138699991,18.96125415900008,0 -98.28269392199991,18.96126599400009,0 -98.28238965199995,18.96127461800006,0 -98.28235597899993,18.96127557200009,0 -98.28211147499991,18.96132055900006,0 -98.28203263499994,18.96133565700006,0 -98.28216133799992,18.96140803200007,0 -98.28202025699994,18.96143571100004,0 -98.28192950599993,18.96144587100008,0 -98.28179563499992,18.96144549100006,0 -98.28160681799994,18.96140305600005,0 -98.28152221699992,18.96131041400008,0 -98.28147897399991,18.96124460500005,0 -98.2813522739999,18.96098252000007,0 -98.28122618899994,18.96088215800006,0 -98.28114496699993,18.96083648300004,0 -98.28098119299993,18.96082936700009,0 -98.28086021199994,18.96082410900004,0 -98.28085528599991,18.96094588500006,0 -98.28084500099993,18.96106735700005,0 -98.2808293729999,18.96118831300004,0 -98.28080842899993,18.96130853800008,0 -98.28079642899989,18.96136622900008,0 -98.2807802939999,18.96142588600009,0 -98.28075844099993,18.96148387300008,0 -98.2807310569999,18.96153969200009,0 -98.2806956239999,18.96161084700009,0 -98.28066669899994,18.96168461900004,0 -98.28064449399993,18.96176046900007,0 -98.28062917099993,18.96183784400006,0 -98.28062084199989,18.96191618200004,0 -98.28061595599991,18.96196497000005,0 -98.28060730099992,18.96201328200004,0 -98.28059492599994,18.96206085600005,0 -98.28058773099991,18.96208470500005,0 -98.28038715799994,18.96274955800004,0 -98.28037940599991,18.96277525300007,0 -98.28031211499989,18.96299139700005,0 -98.28024999199992,18.96320893500007,0 -98.28022376799994,18.96333209500006,0 -98.28020312399991,18.96345621300009,0 -98.28018809999992,18.96358105900009,0 -98.28018193599991,18.96365554700009,0 -98.28018226099994,18.96373026400005,0 -98.28018907299992,18.96380470100007,0 -98.28019098399994,18.96381554700008,0 -98.28020125299992,18.96387383100006,0 -98.28021909099994,18.96394183900009,0 -98.28024247799992,18.96400830800007,0 -98.28027126999991,18.96407282800004,0 -98.28030528899991,18.96413500200009,0 -98.2803443269999,18.96419444700007,0 -98.2803856079999,18.96424890800006,0 -98.2804307799999,18.96430049900005,0 -98.28047962299991,18.96434896800008,0 -98.28053189799994,18.96439407800005,0 -98.28058735199994,18.96443561100006,0 -98.28063363399991,18.96447095800005,0 -98.28070658499989,18.96452753700004,0 -98.28059666299994,18.96462151000009,0 -98.27993174299992,18.96472142200008,0 -98.27990653199993,18.96471771900008,0 -98.27979891199993,18.96471159400005,0 -98.27971588299994,18.96474076000004,0 -98.2795182459999,18.96475070900004,0 -98.27948171999994,18.96474117800005,0 -98.27940176399994,18.96470299400005,0 -98.27933155099994,18.96464342000007,0 -98.2792381189999,18.96456414500005,0 -98.27912037099993,18.96456759000006,0 -98.27904045999991,18.96456120000005,0 -98.27900864799993,18.96455147100005,0 -98.27903979699994,18.96447337100005,0 -98.27918049599992,18.96412059200009,0 -98.27893708999996,18.96401143500009,0 -98.2790032989999,18.96388257600006,0 -98.27898545099991,18.96384524000007,0 -98.27884127099992,18.96379694100006,0 -98.27885747399996,18.96371321800007,0 -98.27877472299991,18.96346705700006,0 -98.27816772599995,18.96222255500004,0 -98.2781557379999,18.96218858400005,0 -98.27812207199992,18.96201940400005,0 -98.27810894299995,18.96182776500007,0 -98.27810803499995,18.96182707500009,0 -98.27822697199991,18.96133909900004,0 -98.27826083999992,18.96130366600005,0 -98.27833366899995,18.96102331100008,0 -98.2783092589999,18.96085584000008,0 -98.2782566529999,18.96067032700006,0 -98.2782672859999,18.96038941500007,0 -98.27836832199995,18.96027025500007,0 -98.27849143899994,18.96013025800005,0 -98.27859569399995,18.95999317600007,0 -98.27874749299991,18.95975764700006,0 -98.27880784599995,18.95960246100009,0 -98.28062880699991,18.95926212500007,0 -98.28052475099992,18.95905314900006,0 -98.28040241699995,18.95877402900004,0 -98.28021626599991,18.95843502200006,0 -98.28021526399993,18.95843927600004,0 -98.2801187039999,18.95845956900007,0 -98.27931404099991,18.95858133100006,0 -98.27868103999992,18.95868279900009,0 -98.27797293599991,18.95878426800004,0 -98.27790856399993,18.95879441400007,0 -98.27779054599995,18.95881470800009,0 -98.27756524099993,18.95879441500006,0 -98.2774686809999,18.95879441400007,0 -98.27729701999995,18.95880456200007,0 -98.2772111889999,18.95881470800009,0 -98.27713608699992,18.95880456100008,0 -98.27708244299994,18.95880456200007,0 -98.27702879899994,18.95879441400007,0 -98.27692151099988,18.95877412100009,0 -98.27682495099994,18.95874368100004,0 -98.27674984899993,18.95872338700008,0 -98.27670693399995,18.95871324000007,0 -98.2766425609999,18.95870309300005,0 -98.27657818799992,18.95870309300005,0 -98.27651381499993,18.95869294600004,0 -98.27639579699992,18.95869294700009,0 -98.2763099669999,18.95869294700009,0 -98.27613830499992,18.95868280000008,0 -98.27613830599995,18.95861177200004,0 -98.27613830599995,18.95854074400006,0 -98.27613830599995,18.95847986300004,0 -98.27613830599995,18.95841898200007,0 -98.27613830599995,18.95835810100004,0 -98.27612757699991,18.95828707300006,0 -98.27613830499992,18.95822619200004,0 -98.27617049199993,18.95816531000008,0 -98.27649235699994,18.95781017000007,0 -98.27651381499993,18.95777972900004,0 -98.27666401899988,18.95765796700005,0 -98.27692151099988,18.95749561600007,0 -98.27724337599994,18.95749561600007,0 -98.27732920599993,18.95749561600007,0 -98.2774150379999,18.95749561700006,0 -98.2774150379999,18.95747532300004,0 -98.27745795199991,18.95731297200007,0 -98.2774686809999,18.95713032800006,0 -98.27749013899989,18.95663312700009,0 -98.27751159699996,18.95613592600006,0 -98.27751159699996,18.95609533800007,0 -98.27752232499996,18.95568945800005,0 -98.2775115959999,18.95563872200006,0 -98.27733993499993,18.95498931300006,0 -98.27731847799993,18.95492843100004,0 -98.27697515399989,18.95478637200006,0 -98.27694296899995,18.95476607700004,0 -98.27692151099988,18.95475593000009,0 -98.27690005299991,18.95474578300008,0 -98.27688932399991,18.95472548900005,0 -98.27686786699991,18.95470519400004,0 -98.2766747469999,18.95474578300008,0 -98.2766425609999,18.95457328300006,0 -98.2765888479999,18.95456481600007,0 -98.27661553199994,18.95458528500006,0 -98.2766315589999,18.95463021300009,0 -98.27660204199991,18.95468173000006,0 -98.27665812699991,18.95475945300007,0 -98.27662155999991,18.95476691200008,0 -98.2763591869999,18.95481799300006,0 -98.27594512699994,18.95490448800007,0 -98.27579168099993,18.95493480300007,0 -98.2756969589999,18.95495412400004,0 -98.27558617499996,18.95497672100004,0 -98.2755430659999,18.95498286000009,0 -98.27538682999995,18.95500511300008,0 -98.27529081899989,18.95501874100006,0 -98.27512702399991,18.95504192600004,0 -98.27496138399994,18.95506554200006,0 -98.27480417899994,18.95508795500007,0 -98.27479908099991,18.95505555000005,0 -98.27454410399993,18.95512510700007,0 -98.27432061899992,18.95508068700008,0 -98.27427420099991,18.95505697100009,0 -98.27423084099991,18.95502849600007,0 -98.27419107399993,18.95499561400004,0 -98.27415539299993,18.95495873000004,0 -98.27412424099991,18.95491830200007,0 -98.27392304099993,18.95461966300007,0 -98.27391620299994,18.95450882600005,0 -98.27383845499992,18.95449411000004,0 -98.27383009099992,18.95448169700006,0 -98.2738574039999,18.95435012200005,0 -98.27372271799993,18.95431889400004,0 -98.27382763499992,18.95395082700009,0 -98.27380220399994,18.95394405100006,0 -98.27373278099992,18.95392388900007,0 -98.27370420699991,18.95390631000004,0 -98.27345120199992,18.95374366400006,0 -98.27339668399993,18.95349115000005,0 -98.2736066839999,18.95321991200007,0 -98.27359813099991,18.95320239000006,0 -98.27359266799994,18.95318378400009,0 -98.27359043699994,18.95316458200006,0 -98.27359149699993,18.95314528900008,0 -98.2735958209999,18.95312641400005,0 -98.27360329499994,18.95310845100005,0 -98.27361372099995,18.95309187400005,0 -98.27362682599994,18.95307711800007,0 -98.27364226599991,18.95306457300006,0 -98.27365963499994,18.95305456600005,0 -98.27368000399991,18.95304488400006,0 -98.27360593899994,18.95290387900008,0 -98.27348011999995,18.95296260200007,0 -98.27342989699991,18.95298263900008,0 -98.27337733199995,18.95299618500007,0 -98.27332334699992,18.95300300500008,0 -98.2732688869999,18.95300297700004,0 -98.27321490999992,18.95299610400008,0 -98.2731623599999,18.95298250400009,0 -98.27311215899994,18.95296241700004,0 -98.27306518799992,18.95293619500006,0 -98.2730222699999,18.95290429700009,0 -98.27298415799993,18.95286728300005,0 -98.27289284499994,18.95276581400009,0 -98.27302710899994,18.95265642900006,0 -98.2729905839999,18.95261991600006,0 -98.27302879099994,18.95259713900009,0 -98.27293298699993,18.95249046100008,0 -98.27425227299995,18.95141731400008,0 -98.27426900499991,18.95146664000009,0 -98.2742899189999,18.95151449900004,0 -98.2743069089999,18.95154897800006,0 -98.27432663399992,18.95158211300009,0 -98.27436377399994,18.95164375900009,0 -98.27451127199993,18.95188835700009,0 -98.27464869199993,18.95211540800005,0 -98.27478882199995,18.95233893200009,0 -98.27482881299994,18.95240059200006,0 -98.27484969699992,18.95243088100005,0 -98.27487406699993,18.95245871200007,0 -98.27494099499989,18.95253551700006,0 -98.27494108399992,18.95253560700007,0 -98.27514181899994,18.95274211300006,0 -98.27525772499989,18.95286054800005,0 -98.27532973599993,18.95297396800004,0 -98.27565504099994,18.95327009400006,0 -98.27597186099992,18.95359602100007,0 -98.27621651899995,18.95384771100004,0 -98.27629152999992,18.95392044000005,0 -98.27634215299992,18.95386298600005,0 -98.27634816299991,18.95386686100005,0 -98.27700731199991,18.95327892000006,0 -98.27637714799994,18.95203650300004,0 -98.27665993399989,18.95178170200006,0 -98.27721029199994,18.95189479500004,0 -98.27763535499992,18.95197042800004,0 -98.27812213199991,18.95396807200007,0 -98.27635011699994,18.95386812100008,0 -98.27681422199993,18.95416739900008,0 -98.27696442599994,18.95418769300005,0 -98.27728629099994,18.95414710500006,0 -98.27758669899993,18.95412681100004,0 -98.27770471499993,18.95412681100004,0 -98.27781200399994,18.95414710500006,0 -98.27796220799991,18.95417754600004,0 -98.27809095399992,18.95422828200009,0 -98.2782518869999,18.95432975300008,0 -98.27847719199991,18.95462401800006,0 -98.27868103999992,18.95508063600005,0 -98.27887415899994,18.95556769400008,0 -98.27899217599992,18.95597357400004,0 -98.2790780069999,18.95626783700004,0 -98.27918529499992,18.95655195200004,0 -98.27928185499989,18.95679547900005,0 -98.27939987199993,18.95702885800006,0 -98.27949643099993,18.95719120900009,0 -98.27957153299991,18.95731297200007,0 -98.27957432099991,18.95731278800008,0 -98.2797321339999,18.95721688700007,0 -98.27974417399993,18.95682043100004,0 -98.27974884199995,18.95666675300004,0 -98.27974838399989,18.95660373400005,0 -98.27974322799993,18.95653821600007,0 -98.27973335599989,18.95644599300005,0 -98.27972348499991,18.95635377100007,0 -98.27970372999994,18.95616922200009,0 -98.27991922099994,18.95613747000004,0 -98.28019401799992,18.95609692100004,0 -98.28024345699993,18.95608962600005,0 -98.2802285709999,18.95599863700005,0 -98.28021039099991,18.95588751500009,0 -98.28019221199992,18.95577639400005,0 -98.28017403099994,18.95566527200009,0 -98.28015585199995,18.95555415100006,0 -98.28013767199991,18.95544303000008,0 -98.28011949299992,18.95533190800006,0 -98.28010131299993,18.95522078700009,0 -98.2800806269999,18.95509434400009,0 -98.28006583199993,18.95500391500008,0 -98.28003633799993,18.95482363300005,0 -98.28016676599992,18.95482223800008,0 -98.2801914879999,18.95482197400008,0 -98.2802810149999,18.95482101700009,0 -98.28042138699995,18.95481951500005,0 -98.28045690699992,18.95481913500004,0 -98.28052648899991,18.95487834000005,0 -98.28062092599993,18.95495869100006,0 -98.2806262439999,18.95496321700006,0 -98.28068911299994,18.95505158400005,0 -98.2807445389999,18.95512949000005,0 -98.28076737599991,18.95517058300004,0 -98.2808350759999,18.95529240100007,0 -98.28087949399992,18.95532623000008,0 -98.28096140199993,18.95538861200004,0 -98.2810786829999,18.95547685200006,0 -98.28120960799993,18.95551265500006,0 -98.28133904899993,18.95554805200004,0 -98.28147158299993,18.95558429400006,0 -98.2814965529999,18.95559112300009,0 -98.28163476299994,18.95562137800005,0 -98.28176877599991,18.95565071500005,0 -98.28184857799994,18.95566818400005,0 -98.2819055949999,18.95568519100004,0 -98.28199624699992,18.95571222800004,0 -98.28210263499994,18.95574396000006,0 -98.28218158399994,18.95576574300009,0 -98.2822128329999,18.95577436500008,0 -98.28223484099993,18.95578043800009,0 -98.28219984299994,18.95596246000008,0 -98.28218774599992,18.95599941100005,0 -98.28212205799991,18.95605455500004,0 -98.28205016599992,18.95616347200007,0 -98.28198727899991,18.95632785900006,0 -98.28210009299995,18.95647548400007,0 -98.28222524699993,18.95648064100004,0 -98.28225655199992,18.95647195100008,0 -98.28226694299991,18.95645646500009,0 -98.2823762139999,18.95645527100004,0 -98.28248251199993,18.95646320100008,0 -98.28253089899994,18.95644245800008,0 -98.28259120999992,18.95644284500008,0 -98.2826173499999,18.95644938100008,0 -98.2826695509999,18.95647845700006,0 -98.28269727199996,18.95649493000008,0 -98.28276867599993,18.95651343500009,0 -98.2827915539999,18.95652069900007,0 -98.28284061499996,18.95655119000008,0 -98.28295288899994,18.95662972400004,0 -98.2829988339999,18.95668909500006,0 -98.28306059599993,18.95677023400009,0 -98.28307196799994,18.95678289400007,0 -98.28304950399991,18.95684319400004,0 -98.2830581259999,18.95692820300007,0 -98.28282817499989,18.95705507200006,0 -98.28287967099992,18.95716678100007,0 -98.2829014749999,18.95724992600009,0 -98.28298488999991,18.95734504900008,0 -98.28308540499989,18.95742165700005,0 -98.28316888699993,18.95754114400006,0 -98.28321960899989,18.95758123100006,0 -98.28329984099992,18.95740727700007,0 -98.28338587799993,18.95735997400004,0 -98.28348575199993,18.95735995400008,0 -98.2837595929999,18.95732241400009,0 -98.28381624799994,18.95733173400004,0 -98.2841387819999,18.95749323600006,0 -98.28423244999995,18.95748729000007,0 -98.28432116399995,18.95742706500005,0 -98.28443875699992,18.95732774900006,0 -98.28446193099991,18.95729702100004,0 -98.28444123999994,18.95725555100006,0 -98.28443173099993,18.95719572500008,0 -98.28444938699995,18.95716917800007,0 -98.2844876289999,18.95715984600008,0 -98.28455901099994,18.95723212800004,0 -98.28465785699991,18.95727758000004,0 -98.28473467399994,18.95732537500004,0 -98.2849517439999,18.95742366100006,0 -98.28500549699993,18.95743648400008,0 -98.28506378399992,18.95744185100006,0 -98.28512515999995,18.95739072000009,0 -98.28523662599991,18.95730271200006,0 -98.28541108399992,18.95721455900008,0 -98.28579118699992,18.95694418800008,0 -98.28591752499993,18.95684253200005,0 -98.28569062499992,18.95676274200008,0 -98.28550092499989,18.95671007900006,0 -98.28509141099993,18.95664448800005,0 -98.28486633399989,18.95658591500006,0 -98.28471900099993,18.95650246400004,0 -98.28459482099993,18.95643212500005,0 -98.28451090599992,18.95638459400004,0 -98.28406514599993,18.95616528300008,0 -98.28372177499996,18.95595055200005,0 -98.2834556489999,18.95582212600004,0 -98.28317709999993,18.95570074200009,0 -98.28305149299992,18.95567263000004,0 -98.28320908399991,18.95437762100005,0 -98.28321103399992,18.95437753900006,0 -98.28474082799994,18.95431343200005,0 -98.28653938399994,18.95428575600005,0 -98.28666476999989,18.95429220400007,0 -98.28919395699988,18.95426136600008,0 -98.28936038999991,18.95425355200007,0 -98.29070210699989,18.95423674200009,0 -98.2907702469999,18.95423588800008,0 -98.29220556799993,18.95625697200006,0 -98.2921674449999,18.95647117400006,0 -98.29216933799989,18.95663239800007,0 -98.29217195099994,18.95682544500005,0 -98.29205233499994,18.95716481500006,0 -98.29202165599992,18.95739802800006,0 -98.29199254099991,18.95751713600004,0 -98.29194782799992,18.95763361700006,0 -98.29187084899991,18.95797722700007,0 -98.29164712399988,18.95810943700008,0 -98.29170410099994,18.95823275000004,0 -98.29177725599995,18.95842047300005,0 -98.29180066799989,18.95849365600009,0 -98.29188336299988,18.95846252700005,0 -98.29191411699992,18.95855924500006,0 -98.29195850899993,18.95875931000006,0 -98.29199583099989,18.95896699900004,0 -98.29201228999995,18.95911626600008,0 -98.2920199969999,18.95919568000005,0 -98.29202449099995,18.95932194600005,0 -98.29202310699992,18.95941146300004,0 -98.2920194959999,18.95950479800007,0 -98.29200774699991,18.95962105600006,0 -98.29197594699991,18.95979642600008,0 -98.29196334499996,18.95983485100004,0 -98.29191593299993,18.95998525900006,0 -98.29189912499993,18.96002054600007,0 -98.29183653799993,18.96017284000004,0 -98.29179270499992,18.96026908100004,0 -98.29176974899993,18.96038760900007,0 -98.29171535399989,18.96070205600006,0 -98.29202157899994,18.96083569400008,0 -98.29384665499992,18.96355884500008,0 -98.29301795499993,18.96472495700004,0 -98.29301720099994,18.96472495400008,0 -98.29277107499989,18.96511389600005,0 -98.2919509969999,18.96639342900005,0 -98.29198153699991,18.96641499700007,0 -98.29383991299994,18.96772743300005,0 -98.29271027899995,18.96970939300007,0 -98.29078429999991,18.96835710800008,0 -98.29075278499992,18.96833523000004,0 -98.29068661299993,18.96843960200005,0 -98.29051424499994,18.96871452200008,0 -98.29042288099993,18.96886591800006,0 -98.29025694599994,18.96912993500007,0 -98.28911301099993,18.96865859600007,0 -98.28903579199994,18.96862403900008,0 -98.28897283599991,18.96878075900008,0 -98.28891284299993,18.96892196200008,0 -98.28890070599995,18.96894500100007,0 -98.28885473599989,18.96903225700004,0 -98.28883702899994,18.96906587000007,0 -98.28878557099995,18.96919240500006,0 -98.28871753699991,18.96935970000004,0 -98.2886828469999,18.96944553600008,0 -98.28863845299993,18.96955539500004,0 -98.28861252099995,18.96961974500005,0 -98.2885786199999,18.96970164200008,0 -98.28854397299995,18.96978101000008,0 -98.28851021599991,18.96986217400007,0 -98.28847715099994,18.96994167700007,0 -98.28842849499995,18.97006136300007,0 -98.28837504099994,18.97020221400004,0 -98.28830779099991,18.97036955900006,0 -98.28829238599991,18.97035982300008,0 -98.28822498499996,18.97051285300006,0 -98.28815859299993,18.97068575200007,0 -98.2880185279999,18.97105814400004,0 -98.28796907799995,18.97119916300005,0 -98.28781736999991,18.97117431600009,0 -98.2878075499999,18.97123212100007,0 -98.28748124999993,18.97118789600006,0 -98.28668532299992,18.97244519000009,0 -98.28664901399993,18.97250218200008,0 -98.2862772339999,18.97231030000006,0 -98.2862457949999,18.97237949200007,0 -98.2861720709999,18.97250887300004,0 -98.28641550099991,18.97260285600004,0 -98.28658278799992,18.97266825000008,0 -98.28676617999992,18.97274397800004,0 -98.28721828999996,18.97293974700005,0 -98.28708731499991,18.97310140800005,0 -98.2869155329999,18.97331127200005,0 -98.28753845699993,18.97359852500006,0 -98.28748655899994,18.97368945500006,0 -98.28747413999992,18.97371121300006,0 -98.28722146899992,18.97369218400007,0 -98.2870423939999,18.97365982400004,0 -98.28680506399991,18.97380576100005,0 -98.28677590399991,18.97382471600008,0 -98.2867372579999,18.97387134300004,0 -98.2869213269999,18.97394960400004,0 -98.28684959099989,18.97405875400005,0 -98.28661898099995,18.97425545900006,0 -98.28624801099994,18.97397556400006,0 -98.28609137799994,18.97388113100004,0 -98.28588132099992,18.97363164900008,0 -98.28570081399994,18.97352574500007,0 -98.28552768599991,18.97358760700007,0 -98.28498170899991,18.97356590900006,0 -98.2848348949999,18.97355315100009,0 -98.28480831299993,18.97355084200007,0 -98.28478951699994,18.97343417200005,0 -98.28454159599994,18.97189533300008,0 -98.28447338799994,18.97138815900007,0 -98.28404500799991,18.96969477400006,0 -98.28359752099992,18.96835899800004,0 -98.28346089699993,18.96822547000005,0 -98.28363301199994,18.96853380000005,0 -98.2838688029999,18.96932420200005,0 -98.28382972999991,18.96956826300004,0 -98.28374370499995,18.96977276700005,0 -98.2837453529999,18.96978579500006,0 -98.28375540299994,18.96978726100008,0 -98.28382310299993,18.96989254100004,0 -98.28393025199993,18.97006550600008,0 -98.28441875199991,18.97201724800004,0 -98.28441921699992,18.97201722300008,0 -98.28441832899995,18.97201367600007,0 -98.28441868499995,18.97201394900009,0 -98.28474276499992,18.97347240500005,0 -98.28478343599994,18.97365543000006,0 -98.28480186399992,18.97373836500009,0 -98.28434654699993,18.97385459400004,0 -98.28403064099992,18.97380826000006,0 -98.2836004859999,18.97372140900006,0 -98.28343680099994,18.97365064800005,0 -98.28325208799993,18.97358321200005,0 -98.2830602649999,18.97353558500004,0 -98.2829179339999,18.97367405200009,0 -98.28287399499993,18.97385225100004,0 -98.28285139299992,18.97403384400008,0 -98.28278566299991,18.97419902500008,0 -98.28267937699992,18.97429990900008,0 -98.28264302699995,18.97433441100009,0 -98.28259859099988,18.97439710900005,0 -98.28253911499991,18.97450186200007,0 -98.28249924499994,18.97457208400004,0 -98.28248595699993,18.97459548700004,0 -98.28228251399992,18.97456136900007,0 -98.28229473499995,18.97447165400007,0 -98.28223286299995,18.97437921700009,0 -98.28228680399991,18.97407532000005,0 -98.28228680399991,18.97407532000005,0 
							</coordinates>
						</LinearRing>
					</outerBoundaryIs>
					<innerBoundaryIs>
						<LinearRing>
							<coordinates>
								-98.28236747799991,18.96715681900008,0 -98.28209860599992,18.96689403400006,0 -98.28236330199991,18.96716107900005,0 -98.28275825499993,18.96755953500008,0 -98.28326595299988,18.96803494300008,0 -98.28236747799991,18.96715681900008,0 -98.28236747799991,18.96715681900008,0 
							</coordinates>
						</LinearRing>
					</innerBoundaryIs>
				</Polygon>
				<Polygon>
					<altitudeMode>absolute</altitudeMode>
					<outerBoundaryIs>
						<LinearRing>
							<coordinates>
								-98.28470756999991,18.97989447900005,0 -98.28463137999995,18.97985877000008,0 -98.28450728999989,18.97991397900006,0 -98.28433088999991,18.97990964300004,0 -98.2841715109999,18.97989220100004,0 -98.28408814999996,18.97981971900009,0 -98.28407679999991,18.97951637900007,0 -98.28406911999991,18.97936822000008,0 -98.28396289099992,18.97919566600007,0 -98.28391951899992,18.97897780000005,0 -98.28392922799992,18.97896345700008,0 -98.28398509999994,18.97888092000005,0 -98.28403924199995,18.97880093900005,0 -98.28403472499991,18.97883381000008,0 -98.28408209599991,18.97892212100004,0 -98.28426048799993,18.97893749900004,0 -98.28438346799993,18.97897862300005,0 -98.28438354199996,18.97925551700007,0 -98.28427263499992,18.97936488200008,0 -98.28433469999993,18.97950406700005,0 -98.28426422999992,18.97956877500008,0 -98.28434947799991,18.97965340400009,0 -98.28450526699993,18.97974180300008,0 -98.28462996899992,18.97978292800008,0 -98.28479630099991,18.97982771500006,0 -98.28487914599994,18.97989914700008,0 -98.2849182029999,18.97999631200008,0 -98.28505648699989,18.98040802900005,0 -98.28514664199993,18.98075634000008,0 -98.28541022199992,18.98157032600005,0 -98.28540986699994,18.98157295700008,0 -98.2854097149999,18.98157265200007,0 -98.28540928399991,18.98157178000008,0 -98.28540914199993,18.98157149300005,0 -98.28540868399995,18.98157056200006,0 -98.28540811499994,18.98156941100007,0 -98.28540750099991,18.98156816600005,0 -98.28540671799993,18.98156657800007,0 -98.28540584199993,18.98156480500006,0 -98.28540506899992,18.98156323800009,0 -98.28540442499991,18.98156193400007,0 -98.28540376999989,18.98156060600007,0 -98.28540345199991,18.98155996300005,0 -98.28540282199992,18.98155868400005,0 -98.2854020069999,18.98155703300006,0 -98.2853953799999,18.98154360200004,0 -98.28485990299993,18.98045875000008,0 -98.2848220699999,18.98013657400008,0 -98.28481245999988,18.98005473300009,0 -98.28470756999991,18.97989447900005,0 -98.28470756999991,18.97989447900005,0 
							</coordinates>
						</LinearRing>
					</outerBoundaryIs>
				</Polygon>
				<Polygon>
					<altitudeMode>absolute</altitudeMode>
					<outerBoundaryIs>
						<LinearRing>
							<coordinates>
								-98.28680477999988,18.98564997900007,0 -98.28672528499993,18.98537586700007,0 -98.28684674499995,18.98567509200006,0 -98.28680477999988,18.98564997900007,0 -98.28680477999988,18.98564997900007,0 
							</coordinates>
						</LinearRing>
					</outerBoundaryIs>
				</Polygon>
				<Polygon>
					<altitudeMode>absolute</altitudeMode>
					<outerBoundaryIs>
						<LinearRing>
							<coordinates>
								-98.29170985899992,18.98663834300004,0 -98.29161980899994,18.98658040000004,0 -98.29155264899993,18.98653247900006,0 -98.29147279999989,18.98648126900008,0 -98.29137390199992,18.98641406800004,0 -98.29128008299995,18.98634914400009,0 -98.29118882499995,18.98628822800009,0 -98.29110715499991,18.98623213600007,0 -98.29097979499994,18.98614995400004,0 -98.29093010799993,18.98616835100006,0 -98.2907165389999,18.98602955100006,0 -98.28999628999992,18.98556145900005,0 -98.28925301999993,18.98516472000006,0 -98.28906528999994,18.98508503000005,0 -98.28878680099989,18.98563485100004,0 -98.28878194799989,18.98564441800005,0 -98.28867448299991,18.98556135100006,0 -98.28788664099996,18.98495237200007,0 -98.28780470699991,18.98492430800007,0 -98.28758581299991,18.98486559200006,0 -98.28734738199996,18.98478337800009,0 -98.28712668799994,18.98466775500009,0 -98.28681796199994,18.98456614100007,0 -98.28654175999993,18.98450051800006,0 -98.28636853599994,18.98445202900007,0 -98.28626029099991,18.98439326700009,0 -98.2861047959999,18.98446873200004,0 -98.28602708399988,18.98450445900005,0 -98.28591652099993,18.98445091900004,0 -98.28573514999994,18.98433765000004,0 -98.28552231699992,18.98420763700005,0 -98.28550328299991,18.98418556900009,0 -98.2854581709999,18.98413326800005,0 -98.28544355499992,18.98411632200009,0 -98.28544278499993,18.98411543000009,0 -98.28543140599993,18.98410223800005,0 -98.28532629699993,18.98398038000005,0 -98.28527541999995,18.98383059900004,0 -98.28526894999993,18.98366631900006,0 -98.28534218099992,18.98331373900004,0 -98.28541581999991,18.98302591000004,0 -98.2854594289999,18.98278800000008,0 -98.28547059499994,18.98274227800005,0 -98.28551084999992,18.98257745000006,0 -98.28549653999994,18.98247389100004,0 -98.28546876899992,18.98234015000008,0 -98.28541625899993,18.98218272000008,0 -98.2853951489999,18.98203392000005,0 -98.28541302199994,18.98186453800008,0 -98.2854263069999,18.98173864000006,0 -98.28548472699993,18.98177037100004,0 -98.28548949099991,18.98176115000007,0 -98.28551638099992,18.98170910800008,0 -98.28554999799991,18.98160594300009,0 -98.28557014199993,18.98147977100007,0 -98.28557054499993,18.98138508600005,0 -98.28556336499992,18.98130041300004,0 -98.2855098949999,18.98117299800009,0 -98.2854492699999,18.98099338900005,0 -98.28537003699994,18.98083276400007,0 -98.28529465899994,18.98071202700004,0 -98.2853560559999,18.98055749000008,0 -98.2854506839999,18.98020810100007,0 -98.28547984199992,18.98021539900009,0 -98.28552738799993,18.98003416900008,0 -98.28557495099994,18.97979682100004,0 -98.28560760999993,18.97958219900005,0 -98.28535957399994,18.97952351000004,0 -98.28528531399991,18.97949431000006,0 -98.28521105499993,18.97946511000009,0 -98.28513679499991,18.97943591000006,0 -98.28506253599994,18.97940671000009,0 -98.28498753899993,18.97937067500004,0 -98.28492305099991,18.97932105800004,0 -98.28487124599992,18.97925987100007,0 -98.2848254509999,18.97919217900005,0 -98.28478016399991,18.97912523700006,0 -98.28473487799995,18.97905829400008,0 -98.28469163099993,18.97899017600008,0 -98.28465656999992,18.97891794200007,0 -98.28463052399991,18.97884233600007,0 -98.28461160399989,18.97874819600008,0 -98.28460260599991,18.97867664600005,0 -98.28458752599994,18.97862094500005,0 -98.28456219399993,18.97856148100004,0 -98.28446222399992,18.97832681500006,0 -98.28460299699992,18.97827253800006,0 -98.28457024799991,18.97819590700004,0 -98.28449994599993,18.97822301200006,0 -98.28438292899995,18.97794744100008,0 -98.28435367499992,18.97787833900009,0 -98.28451001799992,18.97781796400005,0 -98.28447523999995,18.97773633100007,0 -98.28441101799991,18.97758557300006,0 -98.28444937699993,18.97748302400004,0 -98.28433520799992,18.97721501000007,0 -98.2843030979999,18.97713963100006,0 -98.28424601299993,18.97700562400007,0 -98.28431644299992,18.97697846900007,0 -98.28425935599995,18.97684446200009,0 -98.28421678699992,18.97675423400005,0 -98.28432779799994,18.97670252000006,0 -98.28425985099994,18.97657281400006,0 -98.28393268699995,18.97640547500004,0 -98.28391316299991,18.97638408800009,0 -98.28390644099994,18.97637750400008,0 -98.28378674099991,18.97624941200007,0 -98.2837312499999,18.97618688100005,0 -98.28361101299993,18.97605430400006,0 -98.28349041799994,18.97592264500008,0 -98.28343486999989,18.97586128600005,0 -98.28331412699993,18.97572911000009,0 -98.28319417199992,18.97559737000006,0 -98.28309474799994,18.97548806900005,0 -98.28305061599991,18.97543979100004,0 -98.28300651099994,18.97539148900006,0 -98.28296221399989,18.97534334400007,0 -98.28291813499993,18.97529501900004,0 -98.28287412999993,18.97524663400009,0 -98.28283001899992,18.97519834100007,0 -98.28278498399992,18.97515027900005,0 -98.28284886299991,18.97509739700007,0 -98.28292400999993,18.97503518500008,0 -98.28298151699994,18.97498776500004,0 -98.28304175999995,18.97493814700005,0 -98.28310076399993,18.97488902400005,0 -98.28315602799989,18.97484364500008,0 -98.28316012099992,18.97484028500008,0 -98.2832194369999,18.97479150700008,0 -98.28327859299992,18.97474255200007,0 -98.28333775999994,18.97469360800005,0 -98.28339688199991,18.97464461400006,0 -98.28345615299992,18.97459575600004,0 -98.2835152269999,18.97454668700004,0 -98.28357420599991,18.97449749700007,0 -98.28363336399991,18.97444849800007,0 -98.28369249399994,18.97439947400005,0 -98.28375333999993,18.97434923200007,0 -98.28380602699991,18.97440934500008,0 -98.28388827999993,18.97434544500004,0 -98.2839544389999,18.97429379200008,0 -98.28402054599991,18.97424207700004,0 -98.2840865789999,18.97419027500007,0 -98.28415277099992,18.97413866000005,0 -98.28418066599994,18.97411671400005,0 -98.28418157899995,18.97411699200006,0 -98.28418173099995,18.97411687300007,0 -98.28421965299992,18.97412859100007,0 -98.28435358499991,18.97416939500005,0 -98.2843959139999,18.97418245700004,0 -98.28447674199992,18.97420771100008,0 -98.28454528999993,18.97422860100005,0 -98.28461760899989,18.97425081400007,0 -98.28468983799989,18.97427328800006,0 -98.28476770799995,18.97429756500009,0 -98.28494452599995,18.97435180000008,0 -98.28495233399991,18.97437544900004,0 -98.28497021599992,18.97442962000008,0 -98.28498758799991,18.97448197300008,0 -98.28501596699994,18.97456750500004,0 -98.28506280399993,18.97470506200006,0 -98.28508883399992,18.97478256200009,0 -98.28514060099991,18.97493756700004,0 -98.28518792499995,18.97507502800005,0 -98.2852158079999,18.97515788700008,0 -98.28521526599991,18.97515805200004,0 -98.28518738199996,18.97507519500004,0 -98.28516699499995,18.97501597700006,0 -98.28547304799991,18.97592440400007,0 -98.28544305799994,18.97583496600004,0 -98.28541584499993,18.97575409800004,0 -98.28541638699994,18.97575393300008,0 -98.28544360099994,18.97583480100008,0 -98.28547359699989,18.97592425500005,0 -98.28548840999993,18.97597991800006,0 -98.28550774199995,18.97605235600008,0 -98.28552707199992,18.97612479000009,0 -98.28555087099994,18.97620664000004,0 -98.2855744069999,18.97627933600006,0 -98.28560069399992,18.97635032500006,0 -98.28560097299993,18.97635108000009,0 -98.28570274999993,18.97634499000009,0 -98.28570244299993,18.97634380500006,0 -98.2855292669999,18.97567414600007,0 -98.28517080099995,18.97447396700005,0 -98.28513678999991,18.97436009500007,0 -98.28514650199992,18.97435735700009,0 -98.28523626399992,18.97433205100009,0 -98.2853276199999,18.97432135900004,0 -98.2854361499999,18.97430899200009,0 -98.2855091899999,18.97431105700008,0 -98.2855968799999,18.97433416400008,0 -98.28567505899991,18.97437845400009,0 -98.2857412759999,18.97443812600005,0 -98.28579624299994,18.97448999200009,0 -98.28585538999994,18.97454904700004,0 -98.28590392199993,18.97460643100004,0 -98.28595245299994,18.97466381400005,0 -98.28600098499993,18.97472119800005,0 -98.28622390399995,18.97503780400007,0 -98.28633826399994,18.97522073100004,0 -98.28634997099992,18.97531126000007,0 -98.28647557599993,18.97537417600006,0 -98.2865570059999,18.97536655600004,0 -98.28654212799989,18.97522265700007,0 -98.28713265499994,18.97516739700006,0 -98.28711777699992,18.97502349800004,0 -98.2871083359999,18.97494355000009,0 -98.28727793199995,18.97487083600004,0 -98.28735603599995,18.97472613100007,0 -98.28789684499992,18.97499032900004,0 -98.28805699499992,18.97506871300004,0 -98.28813360299995,18.97511351300005,0 -98.28819527699994,18.97516463600004,0 -98.28820207599995,18.97517027200007,0 -98.28825965599992,18.97523675200006,0 -98.2883170849999,18.97533737500004,0 -98.28828897099993,18.97546110100006,0 -98.28837317699993,18.97557886100009,0 -98.28813615299994,18.97624837200004,0 -98.2880524009999,18.97641591800004,0 -98.28738474399989,18.97769916800007,0 -98.28733090599991,18.97774587000009,0 -98.28733059199993,18.97774586900005,0 -98.28784681899991,18.97824941000005,0 -98.28978246899995,18.97939464200005,0 -98.28977287299995,18.97940906500008,0 -98.28977306299993,18.97940952200008,0 -98.28977337799995,18.97940952300007,0 -98.28978278399991,18.97939464300009,0 -98.28991589299994,18.97949193400007,0 -98.29006128199988,18.97969209900009,0 -98.29012769299993,18.97990752700008,0 -98.29013291199993,18.98010410600006,0 -98.29021363599992,18.98088931300009,0 -98.29044594399994,18.98123213900004,0 -98.29068622299992,18.98155106200005,0 -98.2914039019999,18.98244038500007,0 -98.29195425499996,18.98317422600007,0 -98.2921240149999,18.98335270600006,0 -98.29287053299993,18.98453914600009,0 -98.29279328899992,18.98454049100008,0 -98.29278065099993,18.98455240200008,0 -98.29272779199994,18.98471003700007,0 -98.29286770999994,18.98510654900008,0 -98.29269781399995,18.98571901500009,0 -98.29265619599994,18.98586734700007,0 -98.29285141799996,18.98618764200006,0 -98.29261759499991,18.98649652400007,0 -98.29253201499994,18.98663451100009,0 -98.29244643499993,18.98677249900004,0 -98.29219405299996,18.98661259200009,0 -98.29201582699994,18.98686715300005,0 -98.29188373099991,18.98676217200006,0 -98.29180862299989,18.98670712400008,0 -98.29170985899992,18.98663834300004,0 -98.29170985899992,18.98663834300004,0 
							</coordinates>
						</LinearRing>
					</outerBoundaryIs>
					<innerBoundaryIs>
						<LinearRing>
							<coordinates>
								-98.2839050369999,18.97637518500005,0 -98.28317905899992,18.97557989400008,0 -98.28315903799989,18.97555797400008,0 -98.28319460299993,18.97559701400007,0 -98.28331455699994,18.97572875500009,0 -98.28343530099993,18.97586093100006,0 -98.28349084899992,18.97592229100007,0 -98.28361144399992,18.97605394900006,0 -98.28373168399992,18.97618652900007,0 -98.2837871719999,18.97624905700008,0 -98.2839050369999,18.97637518500005,0 -98.2839050369999,18.97637518500005,0 
							</coordinates>
						</LinearRing>
						<LinearRing>
							<coordinates>
								-98.28552422599995,18.97611701900007,0 -98.28552652199994,18.97612492800005,0 -98.28550718999992,18.97605249000009,0 -98.2854878579999,18.97598005100008,0 -98.28552422599995,18.97611701900007,0 -98.28552422599995,18.97611701900007,0 
							</coordinates>
						</LinearRing>
						<LinearRing>
							<coordinates>
								-98.28557890699994,18.97635102200007,0 -98.28558933999994,18.97635105500007,0 -98.28557853599995,18.97635100600007,0 -98.28557890699994,18.97635102200007,0 -98.28557890699994,18.97635102200007,0 
							</coordinates>
						</LinearRing>
						<LinearRing>
							<coordinates>
								-98.28296772199991,18.97534850800008,0 -98.28293509599992,18.97531278600007,0 -98.28296264399989,18.97534298800008,0 -98.28296772199991,18.97534850800008,0 -98.28296772199991,18.97534850800008,0 
							</coordinates>
						</LinearRing>
						<LinearRing>
							<coordinates>
								-98.28282227599993,18.97518926300006,0 -98.28278631699993,18.97514989300004,0 -98.2827857929999,18.97515032700005,0 -98.28282227599993,18.97518926300006,0 -98.28282227599993,18.97518926300006,0 
							</coordinates>
						</LinearRing>
						<LinearRing>
							<coordinates>
								-98.28309636499995,18.97489340700008,0 -98.28310616899996,18.97488530300006,0 -98.28310113799994,18.97488943400009,0 -98.28309636499995,18.97489340700008,0 -98.28309636499995,18.97489340700008,0 
							</coordinates>
						</LinearRing>
						<LinearRing>
							<coordinates>
								-98.28355178499994,18.97451691900005,0 -98.28375297399992,18.97435059900005,0 -98.2837987559999,18.97440189400004,0 -98.28375327499992,18.97435000300004,0 -98.28369286799995,18.97439988300005,0 -98.28363373799995,18.97444890700007,0 -98.2835745819999,18.97449790600007,0 -98.28355178499994,18.97451691900005,0 -98.28355178499994,18.97451691900005,0 
							</coordinates>
						</LinearRing>
						<LinearRing>
							<coordinates>
								-98.28495123499994,18.97437555100004,0 -98.28498056499988,18.97446260700008,0 -98.28496967299994,18.97442978300006,0 -98.28495175399991,18.97437550300009,0 -98.28494407099993,18.97435223000008,0 -98.28484695599991,18.97432244300006,0 -98.28494338199994,18.97435224000009,0 -98.28495123499994,18.97437555100004,0 -98.28495123499994,18.97437555100004,0 
							</coordinates>
						</LinearRing>
						<LinearRing>
							<coordinates>
								-98.28454511599995,18.97422911700005,0 -98.2845333379999,18.97422552800009,0 -98.28470129499992,18.97427743000009,0 -98.2846896609999,18.97427380300007,0 -98.28461743299994,18.97425132900008,0 -98.28454511599995,18.97422911700005,0 -98.28454511599995,18.97422911700005,0 
							</coordinates>
						</LinearRing>
						<LinearRing>
							<coordinates>
								-98.28405276199992,18.97421750600006,0 -98.28415843599993,18.97413505000009,0 -98.28418105299994,18.97411740100006,0 -98.28418078899995,18.97411732100005,0 -98.28415313399995,18.97413907800006,0 -98.28408694099993,18.97419069300008,0 -98.28405276199992,18.97421750600006,0 -98.28405276199992,18.97421750600006,0 
							</coordinates>
						</LinearRing>
						<LinearRing>
							<coordinates>
								-98.28434975699992,18.97416879700006,0 -98.28440574599995,18.97418609900006,0 -98.28439573799994,18.97418297200005,0 -98.28435340999994,18.97416991000006,0 -98.28434975699992,18.97416879700006,0 -98.28434975699992,18.97416879700006,0 
							</coordinates>
						</LinearRing>
					</innerBoundaryIs>
				</Polygon>
				<Polygon>
					<altitudeMode>absolute</altitudeMode>
					<outerBoundaryIs>
						<LinearRing>
							<coordinates>
								-98.27408525499993,19.05966547900005,0 -98.27417042699994,19.05966542000004,0 -98.2741750739999,19.05966583200006,0 -98.27408525499993,19.05966547900005,0 -98.27408525499993,19.05966547900005,0 
							</coordinates>
						</LinearRing>
					</outerBoundaryIs>
				</Polygon>
				<Polygon>
					<altitudeMode>absolute</altitudeMode>
					<outerBoundaryIs>
						<LinearRing>
							<coordinates>
								-98.26143245899993,19.07867728000008,0 -98.26146842399993,19.07864853100006,0 -98.26150391999992,19.07869335000004,0 -98.25933979399991,19.08044844500006,0 -98.25910312799994,19.08063275400008,0 -98.25894216799992,19.08075862400005,0 -98.2586449829999,19.08099091400004,0 -98.25864305999993,19.08098805000009,0 -98.25875453899994,19.08089654000008,0 -98.25910773999993,19.08061396900007,0 -98.2592784589999,19.08045792100006,0 -98.25967696099991,19.08007941700004,0 -98.25977805999992,19.07999969000008,0 -98.26143245899993,19.07867728000008,0 -98.26143245899993,19.07867728000008,0 
							</coordinates>
						</LinearRing>
					</outerBoundaryIs>
				</Polygon>
				<Polygon>
					<altitudeMode>absolute</altitudeMode>
					<outerBoundaryIs>
						<LinearRing>
							<coordinates>
								-98.25743342999992,19.08190531900004,0 -98.2576482209999,19.08177000500007,0 -98.25714775599994,19.08216117500007,0 -98.25681815899992,19.08229487600005,0 -98.25681883099992,19.08229522500005,0 -98.25567685699991,19.08275846200007,0 -98.25530042399993,19.08286274700004,0 -98.25533169099992,19.08284917000009,0 -98.2560174599999,19.08258015000007,0 -98.25617008899991,19.08252818000005,0 -98.25647941999995,19.08239419900008,0 -98.25687591899992,19.08220669000008,0 -98.25726634899991,19.08202095100006,0 -98.25734250999994,19.08196957100006,0 -98.25743342999992,19.08190531900004,0 -98.25743342999992,19.08190531900004,0 
							</coordinates>
						</LinearRing>
					</outerBoundaryIs>
				</Polygon>
				<Polygon>
					<altitudeMode>absolute</altitudeMode>
					<outerBoundaryIs>
						<LinearRing>
							<coordinates>
								-98.25490157999991,19.08295186100008,0 -98.25509218999991,19.08292043600005,0 -98.2550659809999,19.08292769700006,0 -98.25447607399992,19.08302745600008,0 -98.25490157999991,19.08295186100008,0 -98.25490157999991,19.08295186100008,0 
							</coordinates>
						</LinearRing>
					</outerBoundaryIs>
				</Polygon>
				<Polygon>
					<altitudeMode>absolute</altitudeMode>
					<outerBoundaryIs>
						<LinearRing>
							<coordinates>
								-98.24416856799991,19.08447998800006,0 -98.24414102799994,19.08444052000004,0 -98.24466991999992,19.08445280000007,0 -98.24517261899992,19.08445425100007,0 -98.2452444719999,19.08445485300007,0 -98.24422821099995,19.08449441900007,0 -98.24416856799991,19.08447998800006,0 -98.24416856799991,19.08447998800006,0 
							</coordinates>
						</LinearRing>
					</outerBoundaryIs>
				</Polygon>
				<Polygon>
					<altitudeMode>absolute</altitudeMode>
					<outerBoundaryIs>
						<LinearRing>
							<coordinates>
								-98.24010131899989,19.08738142000004,0 -98.2401939959999,19.08736271500004,0 -98.24026449199995,19.08753139700008,0 -98.2402479189999,19.08750903500004,0 -98.24010131899989,19.08738142000004,0 -98.24010131899989,19.08738142000004,0 
							</coordinates>
						</LinearRing>
					</outerBoundaryIs>
				</Polygon>
			</MultiGeometry>
		</Placemark>
		<Placemark id="ID_70019">
			<visibility>0</visibility>
			<snippet></snippet>
			<description><![CDATA[<html><body><table border="1"><tr><th>Field Name</th><th>Field Value</th></tr><tr><td>MUNICIPIO</td><td>AMOZOC</td></tr><tr><td>SERVICIO</td><td>AGUA Y DRENAJE</td></tr><tr><td>FECHA ACTUALIZACIÓN</td><td>Nulo</td></tr><tr><td>POBLACIÓN AGUA</td><td>Nulo</td></tr><tr><td>PROMEDIO OCUPANTES EN VIVIENDAS PARTICULARES AGUA</td><td>Nulo</td></tr><tr><td>MES 1 TOMAS ACTIVAS AGUA</td><td>Nulo</td></tr><tr><td>MES 2 TOMAS ACTIVAS AGUA</td><td>Nulo</td></tr><tr><td>MES 3 TOMAS ACTIVAS AGUA</td><td>Nulo</td></tr><tr><td>NÚMERO DE HABITANTES SERVIDOS AGUA</td><td>Nulo</td></tr><tr><td>COBERTURA POR MUNICIPIO AGUA</td><td>Nulo</td></tr><tr><td>POBLACIÓN DRENAJE</td><td>Nulo</td></tr><tr><td>PROMEDIO OCUPANTES EN VIVIENDAS PARTICULARES DRENAJE</td><td>Nulo</td></tr><tr><td>MES 1 TOMAS ACTIVAS DRENAJE</td><td>Nulo</td></tr><tr><td>MES 2 TOMAS ACTIVAS DRENAJE</td><td>Nulo</td></tr><tr><td>MES 3 TOMAS ACTIVAS DRENAJE</td><td>Nulo</td></tr><tr><td>NÚMERO DE HABITANTES SERVIDOS DRENAJE</td><td>Nulo</td></tr><tr><td>COBERTURA POR MUNICIPIO DRENAJE</td><td>Nulo</td></tr></table></body></html>]]></description>
			<styleUrl>#PolyStyle7212</styleUrl>
			<MultiGeometry>
				<Polygon>
					<outerBoundaryIs>
						<LinearRing>
							<coordinates>
								-98.11816875234473,19.03675732333461,0 -98.11810559694523,19.03688792347027,0 -98.11807884159219,19.03694325094917,0 -98.11818456870277,19.0368324549087,0 -98.11831701979474,19.03669365119671,0 -98.11816875234473,19.03675732333461,0 -98.11816875234473,19.03675732333461,0 
							</coordinates>
						</LinearRing>
					</outerBoundaryIs>
				</Polygon>
				<Polygon>
					<outerBoundaryIs>
						<LinearRing>
							<coordinates>
								-98.1179585883156,19.03702429617785,0 -98.11805502697864,19.0369682080293,0 -98.11801187916396,19.03701342456257,0 -98.11783491897313,19.0371988712554,0 -98.11784048829374,19.03717584949694,0 -98.11791093675016,19.03708544564889,0 -98.1179585883156,19.03702429617785,0 -98.1179585883156,19.03702429617785,0 
							</coordinates>
						</LinearRing>
					</outerBoundaryIs>
				</Polygon>
				<Polygon>
					<outerBoundaryIs>
						<LinearRing>
							<coordinates>
								-98.11415467460145,19.05417600821011,0 -98.11427462530803,19.05393625715731,0 -98.10910147018207,19.05415641815324,0 -98.10902919892742,19.05389335235711,0 -98.11097795584239,19.05111794656505,0 -98.11149652554194,19.0501462303509,0 -98.11183106899148,19.04975912342532,0 -98.11186569105368,19.04971906189363,0 -98.11191844836432,19.04965801474584,0 -98.11198428663815,19.04959215065118,0 -98.11253089746091,19.04904532161751,0 -98.11284213296929,19.04864603468397,0 -98.1128426515711,19.04864536935827,0 -98.11327646816859,19.04808881618832,0 -98.11333527163748,19.04801337583057,0 -98.11336415013534,19.04796386103431,0 -98.11368026908471,19.04751336100976,0 -98.11381834495505,19.0473165891451,0 -98.11483735643901,19.04586437574105,0 -98.11456674466083,19.04590189922305,0 -98.11437103909167,19.0459344752468,0 -98.11191992432995,19.04634245933339,0 -98.11181324884272,19.04636021490475,0 -98.11176363573729,19.04636847259054,0 -98.111385957812,19.04635744481193,0 -98.10975077618401,19.04630968945821,0 -98.11031142412041,19.04458412368427,0 -98.11043958004265,19.0438073603619,0 -98.10991259015331,19.04373088080425,0 -98.11018161464693,19.04357502971133,0 -98.11083726447413,19.04321619741745,0 -98.11126923691043,19.04290350159515,0 -98.1116836946007,19.04239835261322,0 -98.11205357075474,19.04217271555496,0 -98.11243436706894,19.04176709213112,0 -98.11276559309165,19.04131385070181,0 -98.11315670211468,19.04084194514408,0 -98.11332669134435,19.04072905243986,0 -98.11350745023087,19.04046460196527,0 -98.11372786211419,19.04023824279661,0 -98.11404811208106,19.03997445933037,0 -98.11426902604745,19.03965334658846,0 -98.11447001000222,19.03933213616834,0 -98.11469102273051,19.03899207135219,0 -98.11494142272112,19.03874690326708,0 -98.11512555280919,19.03858742679249,0 -98.11519167043609,19.03853016112366,0 -98.11526139065421,19.03849886093919,0 -98.11542138911491,19.03842702937032,0 -98.11562126650603,19.03831427843946,0 -98.11577152504135,19.03816338669047,0 -98.1159812145186,19.03807910937449,0 -98.11632053356882,19.03797650013762,0 -98.11670966948037,19.03787412942854,0 -98.11685967616157,19.03777061365848,0 -98.1169604155364,19.03756262996505,0 -98.11694179092973,19.03731617248318,0 -98.11690328850517,19.03706014486784,0 -98.11725111579078,19.03723237001466,0 -98.11745442203892,19.037334147124,0 -98.11749955701509,19.03735674152733,0 -98.11757725010321,19.03735218859731,0 -98.11764906316439,19.03734798076281,0 -98.11780958839674,19.0373035807639,0 -98.11782795270265,19.03722766808606,0 -98.1178425828091,19.03722619448017,0 -98.11825148306539,19.03718502799513,0 -98.11870887460468,19.03735212459614,0 -98.12135663277149,19.03855145251483,0 -98.12280789546958,19.03922968685593,0 -98.1241872902075,19.03987433465365,0 -98.13035295548497,19.04275579801552,0 -98.13036291051435,19.04279066105455,0 -98.13042609017127,19.04301190341012,0 -98.13046316573363,19.04314173919544,0 -98.13047817534876,19.04319430114611,0 -98.13057134850203,19.04352057324725,0 -98.13146132244852,19.04341476108968,0 -98.13160611871858,19.04339754472067,0 -98.13232232730299,19.04331238614768,0 -98.1323929177676,19.04330399280397,0 -98.13291385768596,19.04324204981488,0 -98.13291374073175,19.04324224626841,0 -98.13285141212032,19.04334650870372,0 -98.13261239429957,19.04374633087366,0 -98.13223000245674,19.04438598032916,0 -98.1322413005359,19.04491730090155,0 -98.1322463916779,19.04515673822063,0 -98.13224922313661,19.04528992443953,0 -98.13165150931924,19.04616893509323,0 -98.13127762930674,19.04688216916375,0 -98.13062178693545,19.04692792582247,0 -98.1304756746698,19.04693811892021,0 -98.13019449682761,19.04752820687863,0 -98.13015823491328,19.04760430673317,0 -98.13015804083311,19.047604713379,0 -98.1298859603082,19.04749241662605,0 -98.12986259890033,19.04748277538741,0 -98.12984797953436,19.04747674127858,0 -98.12964903884988,19.04739463299557,0 -98.12884492779033,19.04706275060416,0 -98.12809484588641,19.04675316257936,0 -98.12807846574977,19.04674640068832,0 -98.12797988622177,19.04670571313402,0 -98.12775164929398,19.04661150878114,0 -98.12760022005781,19.04654900768642,0 -98.12681764365657,19.04622599864144,0 -98.12646437135379,19.04608018311501,0 -98.12634196891941,19.04602966109504,0 -98.12600603606752,19.04587195119225,0 -98.12590855704792,19.04582618818387,0 -98.125907527568,19.04582570345528,0 -98.12590615748735,19.04582837999684,0 -98.1257114114578,19.0462090424695,0 -98.12571119159784,19.04620947067665,0 -98.12560620078366,19.04616308905864,0 -98.12376498421001,19.04534967094692,0 -98.1237641432545,19.04534929915779,0 -98.12375110781966,19.04535986095764,0 -98.12317901180455,19.04582342850394,0 -98.12109015029856,19.04605112860802,0 -98.12105887436813,19.04605453749857,0 -98.12111904080226,19.04593691811103,0 -98.12115997735233,19.04577645587421,0 -98.12109061240561,19.04576045314826,0 -98.12088685648477,19.04568721575917,0 -98.12087460785722,19.04571416842457,0 -98.12078160718076,19.04567184903164,0 -98.12075916346748,19.04572214579227,0 -98.120729459399,19.04570894976916,0 -98.12070749073335,19.04575366765865,0 -98.12024385208395,19.04581826524442,0 -98.1202369555858,19.04576601144258,0 -98.11977413872208,19.04582124511753,0 -98.1197194755637,19.04602193752551,0 -98.11971004323232,19.04602278719386,0 -98.11970873976611,19.04602290387918,0 -98.1199131304765,19.04530922045365,0 -98.11991319532555,19.04530899665021,0 -98.11933118300665,19.04539360535318,0 -98.11881827523055,19.04567428171612,0 -98.11848050399192,19.04598367864337,0 -98.11715473256864,19.04749859956252,0 -98.11698019366069,19.04769803719684,0 -98.11670056550031,19.04801755422348,0 -98.11666238810821,19.04806117737533,0 -98.1165810902319,19.04828642789108,0 -98.11630902350043,19.04904023055199,0 -98.11622865794803,19.04964273859071,0 -98.1162015756609,19.04984578297142,0 -98.11610849275887,19.05054362860979,0 -98.11609260560324,19.05066273506618,0 -98.11586925638188,19.05233716448308,0 -98.11584599602634,19.0525115497067,0 -98.11569128438886,19.0536713797248,0 -98.11563849914702,19.054079853142,0 -98.11563380485218,19.05411618561389,0 -98.11563379891564,19.05411622986566,0 -98.11538249944098,19.05410094979368,0 -98.11511632252525,19.05408476756814,0 -98.1148916857822,19.05407111025668,0 -98.11425406985693,19.05403234325479,0 -98.11425300581844,19.05403227940898,0 -98.11425290888715,19.05403245787195,0 -98.11425286378118,19.05403254079382,0 -98.11421396000917,19.05410448111378,0 -98.11421356939439,19.05410520218117,0 -98.11419239905291,19.05414434910137,0 -98.11412808847371,19.05426327074883,0 -98.11394399464598,19.05460368976694,0 -98.11394325466864,19.05460505799681,0 -98.11386682285041,19.05474639218496,0 -98.11392810148153,19.05462886402043,0 -98.11415467460145,19.05417600821011,0 -98.11415467460145,19.05417600821011,0 
							</coordinates>
						</LinearRing>
					</outerBoundaryIs>
				</Polygon>
				<Polygon>
					<outerBoundaryIs>
						<LinearRing>
							<coordinates>
								-98.11281909726773,19.05644863169337,0 -98.11309657027275,19.05600985294629,0 -98.1130734800508,19.05604804162387,0 -98.11282588483967,19.05645753662906,0 -98.11268475193822,19.05669095473352,0 -98.11281909726773,19.05644863169337,0 -98.11281909726773,19.05644863169337,0 
							</coordinates>
						</LinearRing>
					</outerBoundaryIs>
				</Polygon>
				<Polygon>
					<outerBoundaryIs>
						<LinearRing>
							<coordinates>
								-98.11280566873107,19.05823247916343,0 -98.11277810108,19.05821363778558,0 -98.11253341444099,19.05853543616443,0 -98.11216343111212,19.05902201322486,0 -98.11108958187062,19.05837965960956,0 -98.1110152413859,19.05838936390077,0 -98.11052234597531,19.0580954470838,0 -98.11148939510474,19.05675515574805,0 -98.11235679849803,19.05724157661285,0 -98.11237410320426,19.05725128040035,0 -98.11239918521466,19.05720603826744,0 -98.11275541341736,19.05742726635691,0 -98.11317648902427,19.05768876786915,0 -98.1136016665473,19.05795281575008,0 -98.11374156548189,19.05803969584138,0 -98.11374905811078,19.0580443487158,0 -98.11375630162313,19.0580481301522,0 -98.11427769317757,19.05832032982046,0 -98.11470169927533,19.05865408022322,0 -98.1152501738737,19.05908579872705,0 -98.11537057121092,19.05918056630695,0 -98.11500427860888,19.05972400647075,0 -98.11499914613051,19.05973162154087,0 -98.11280566873107,19.05823247916343,0 -98.11280566873107,19.05823247916343,0 
							</coordinates>
						</LinearRing>
					</outerBoundaryIs>
				</Polygon>
				<Polygon>
					<outerBoundaryIs>
						<LinearRing>
							<coordinates>
								-98.1155058302065,19.05976348848851,0 -98.11580438464551,19.05944566194797,0 -98.11591398119602,19.0594960357803,0 -98.11573994016069,19.0596100808689,0 -98.1155058302065,19.05976348848851,0 -98.1155058302065,19.05976348848851,0 
							</coordinates>
						</LinearRing>
					</outerBoundaryIs>
				</Polygon>
				<Polygon>
					<outerBoundaryIs>
						<LinearRing>
							<coordinates>
								-98.11467134568008,19.06065151054549,0 -98.11473473145821,19.06058407505018,0 -98.11462998149804,19.0608271820923,0 -98.11461329259859,19.06086591493927,0 -98.1146094205874,19.06087490150081,0 -98.11460927626477,19.06087523426509,0 -98.11460844682128,19.06087715963539,0 -98.11456170266489,19.06098564405421,0 -98.11429616696661,19.06111711153148,0 -98.11422125801184,19.06115419937612,0 -98.11389374904607,19.06131635036256,0 -98.11380883272388,19.06135839181972,0 -98.11416739294414,19.06109166023727,0 -98.11416786748181,19.06109124592058,0 -98.1141732602208,19.06108653654524,0 -98.11467134568008,19.06065151054549,0 -98.11467134568008,19.06065151054549,0 
							</coordinates>
						</LinearRing>
					</outerBoundaryIs>
				</Polygon>
				<Polygon>
					<outerBoundaryIs>
						<LinearRing>
							<coordinates>
								-98.10943807709037,19.06486732082472,0 -98.10965923456865,19.06467738386146,0 -98.10951883288504,19.06489535051004,0 -98.10927101564508,19.06528007236968,0 -98.10920047057439,19.06540830668493,0 -98.10910983587128,19.06538957676387,0 -98.10943807709037,19.06486732082472,0 -98.10943807709037,19.06486732082472,0 
							</coordinates>
						</LinearRing>
					</outerBoundaryIs>
				</Polygon>
			</MultiGeometry>
		</Placemark>
	</Folder>
	<Document>
		<name>CONTRATO ZONA SUR  .kmz</name>
		<visibility>0</visibility>
		<open>1</open>
		<gx:CascadingStyle kml:id="__managed_style_452DF561093D5B57CE87">
		<Style>
			<IconStyle>
				<scale>1.3</scale>
				<Icon>
					<href>https://maps.google.com/mapfiles/kml/pushpin/ylw-pushpin.png</href>
				</Icon>
			</IconStyle>
			<LabelStyle>
			</LabelStyle>
			<LineStyle>
				<color>ff2f2fd3</color>
				<width>8</width>
			</LineStyle>
			<PolyStyle>
			</PolyStyle>
			<BalloonStyle>
				<displayMode>hide</displayMode>
			</BalloonStyle>
		</Style>
	</gx:CascadingStyle><gx:CascadingStyle kml:id="__managed_style_0FB583D8703D5B57CE88">
		<Style>
			<IconStyle>
				<scale>1.56</scale>
				<Icon>
					<href>https://maps.google.com/mapfiles/kml/pushpin/ylw-pushpin.png</href>
				</Icon>
			</IconStyle>
			<LabelStyle>
			</LabelStyle>
			<LineStyle>
				<color>ff2f2fd3</color>
				<width>12</width>
			</LineStyle>
			<PolyStyle>
			</PolyStyle>
			<BalloonStyle>
				<displayMode>hide</displayMode>
			</BalloonStyle>
		</Style>
	</gx:CascadingStyle><gx:CascadingStyle kml:id="__managed_style_2A8CAB95B63D5B57CE87">
		<Style>
			<IconStyle>
				<scale>1.32</scale>
				<Icon>
					<href>https://maps.google.com/mapfiles/kml/pushpin/ylw-pushpin.png</href>
				</Icon>
			</IconStyle>
			<LabelStyle>
			</LabelStyle>
			<LineStyle>
				<color>ff2f2fd3</color>
				<width>12</width>
			</LineStyle>
			<PolyStyle>
			</PolyStyle>
			<BalloonStyle>
				<displayMode>hide</displayMode>
			</BalloonStyle>
		</Style>
	</gx:CascadingStyle><gx:CascadingStyle kml:id="__managed_style_24248CE20F3D5B57CE86">
		<Style>
			<IconStyle>
				<scale>1.56</scale>
				<Icon>
					<href>https://maps.google.com/mapfiles/kml/pushpin/ylw-pushpin.png</href>
				</Icon>
			</IconStyle>
			<LabelStyle>
			</LabelStyle>
			<LineStyle>
				<color>ff2f2fd3</color>
				<width>12</width>
			</LineStyle>
			<PolyStyle>
			</PolyStyle>
			<BalloonStyle>
			</BalloonStyle>
		</Style>
	</gx:CascadingStyle><gx:CascadingStyle kml:id="__managed_style_1647CA1F733D5B57CE87">
		<Style>
			<IconStyle>
				<scale>1.1</scale>
				<Icon>
					<href>https://maps.google.com/mapfiles/kml/pushpin/ylw-pushpin.png</href>
				</Icon>
			</IconStyle>
			<LabelStyle>
			</LabelStyle>
			<LineStyle>
				<color>ff2f2fd3</color>
				<width>8</width>
			</LineStyle>
			<PolyStyle>
			</PolyStyle>
			<BalloonStyle>
				<displayMode>hide</displayMode>
			</BalloonStyle>
		</Style>
	</gx:CascadingStyle><gx:CascadingStyle kml:id="__managed_style_1BF3333A0D3D5B57CE86">
		<Style>
			<IconStyle>
				<scale>1.3</scale>
				<Icon>
					<href>https://maps.google.com/mapfiles/kml/pushpin/ylw-pushpin.png</href>
				</Icon>
			</IconStyle>
			<LabelStyle>
			</LabelStyle>
			<LineStyle>
				<color>ff2f2fd3</color>
				<width>8</width>
			</LineStyle>
			<PolyStyle>
			</PolyStyle>
			<BalloonStyle>
			</BalloonStyle>
		</Style>
	</gx:CascadingStyle>
		<StyleMap id="__managed_style_025CEC45693D5B57CE86">
			<Pair>
				<key>normal</key>
				<styleUrl>#failed2</styleUrl>
			</Pair>
			<Pair>
				<key>highlight</key>
				<styleUrl>#failed6</styleUrl>
			</Pair>
		</StyleMap>
		<StyleMap id="__managed_style_025CEC45693D5B57CE860">
			<Pair>
				<key>normal</key>
				<styleUrl>#failed4</styleUrl>
			</Pair>
			<Pair>
				<key>highlight</key>
				<styleUrl>#failed</styleUrl>
			</Pair>
		</StyleMap>
		<StyleMap id="__managed_style_025CEC45693D5B57CE861">
			<Pair>
				<key>normal</key>
				<styleUrl>#failed7</styleUrl>
			</Pair>
			<Pair>
				<key>highlight</key>
				<styleUrl>#failed3</styleUrl>
			</Pair>
		</StyleMap>
		<StyleMap id="__managed_style_0F16C3F96A3D5B57CE87">
			<Pair>
				<key>normal</key>
				<styleUrl>#failed5</styleUrl>
			</Pair>
			<Pair>
				<key>highlight</key>
				<styleUrl>#failed8</styleUrl>
			</Pair>
		</StyleMap>
		<StyleMap id="__managed_style_3D3D7D823B3D5B57CE87">
			<Pair>
				<key>normal</key>
				<styleUrl>#failed1</styleUrl>
			</Pair>
			<Pair>
				<key>highlight</key>
				<styleUrl>#failed0</styleUrl>
			</Pair>
		</StyleMap>
		<StyleMap id="__managed_style_3D3D7D823B3D5B57CE870">
			<Pair>
				<key>normal</key>
				<styleUrl>#failed9</styleUrl>
			</Pair>
			<Pair>
				<key>highlight</key>
				<styleUrl>#failed10</styleUrl>
			</Pair>
		</StyleMap>
		<Style id="failed">
			<LineStyle>
				<color>ff7fff55</color>
				<width>5</width>
			</LineStyle>
		</Style>
		<Style id="failed0">
			<LineStyle>
				<color>ff7fff55</color>
				<width>5</width>
			</LineStyle>
		</Style>
		<Style id="failed1">
			<LineStyle>
				<color>ff7fff55</color>
				<width>5</width>
			</LineStyle>
		</Style>
		<Style id="failed10">
			<LineStyle>
				<color>ff7fff55</color>
				<width>5</width>
			</LineStyle>
		</Style>
		<Style id="failed2">
			<LineStyle>
				<color>ff7fff55</color>
				<width>5</width>
			</LineStyle>
		</Style>
		<Style id="failed3">
			<LineStyle>
				<color>ff00ff55</color>
				<width>5</width>
			</LineStyle>
		</Style>
		<Style id="failed4">
			<LineStyle>
				<color>ff7fff55</color>
				<width>5</width>
			</LineStyle>
		</Style>
		<Style id="failed5">
			<LineStyle>
				<color>ff7fff55</color>
				<width>5</width>
			</LineStyle>
		</Style>
		<Style id="failed6">
			<LineStyle>
				<color>ff7fff55</color>
				<width>5</width>
			</LineStyle>
		</Style>
		<Style id="failed7">
			<LineStyle>
				<color>ff00ff55</color>
				<width>5</width>
			</LineStyle>
		</Style>
		<Style id="failed8">
			<LineStyle>
				<color>ff7fff55</color>
				<width>5</width>
			</LineStyle>
		</Style>
		<Style id="failed9">
			<LineStyle>
				<color>ff7fff55</color>
				<width>5</width>
			</LineStyle>
		</Style>
		<Folder id="05926BF82C3D305FFB27">
			<name>CONTRATO ZONA NORTE</name>
			<visibility>0</visibility>
			<Placemark id="1CC2B1C3483D305FFB27">
				<name>UNIDAD ANTORCHISTA</name>
				<visibility>0</visibility>
				<styleUrl>#__managed_style_025CEC45693D5B57CE860</styleUrl>
				<LineString>
					<tessellate>1</tessellate>
					<coordinates>
						-98.26828966808706,18.96055650125852,0 -98.26863018229258,18.96074489057748,0 
					</coordinates>
				</LineString>
			</Placemark>
			<Placemark id="37844E68DC3D305FFB27">
				<name>JARDINES DE SAN RAMON</name>
				<visibility>0</visibility>
				<styleUrl>#__managed_style_025CEC45693D5B57CE861</styleUrl>
				<LineString>
					<tessellate>1</tessellate>
					<coordinates>
						-98.25428679897722,18.97616270367127,0 -98.25555811868222,18.97407359661235,0 
					</coordinates>
				</LineString>
			</Placemark>
			<Placemark id="686C0FD6483D305FFB27">
				<name>GRANJAS PUEBLA</name>
				<visibility>0</visibility>
				<styleUrl>#__managed_style_025CEC45693D5B57CE86</styleUrl>
				<LineString>
					<tessellate>1</tessellate>
					<coordinates>
						-98.23188702803617,18.98086401530318,0 -98.22984230423032,18.97971232426056,0 
					</coordinates>
				</LineString>
			</Placemark>
		</Folder>
		<Placemark id="01C0BBAE243D5B4D6901">
			<name>CABAÑAS DE SANTA MARIA</name>
			<visibility>0</visibility>
			<LookAt>
				<longitude>-98.27200394277946</longitude>
				<latitude>18.95777443556087</latitude>
				<altitude>2084.64702385436</altitude>
				<heading>206.8948850581883</heading>
				<tilt>0</tilt>
				<range>300.9415657927457</range>
				<altitudeMode>absolute</altitudeMode>
				<gx:fovy>35</gx:fovy>
			</LookAt>
			<styleUrl>#__managed_style_0F16C3F96A3D5B57CE87</styleUrl>
			<LineString>
				<coordinates>
					-98.27263766153,18.95671458563371,0 -98.27201013491315,18.95779399353117,0 
				</coordinates>
			</LineString>
		</Placemark>
		<Placemark id="00362F679C3D5B537F16">
			<name>YODO MINERALES</name>
			<visibility>0</visibility>
			<LookAt>
				<longitude>-98.2460332921116</longitude>
				<latitude>18.9564299575242</latitude>
				<altitude>2101.393257686349</altitude>
				<heading>330.9003975636338</heading>
				<tilt>0</tilt>
				<range>265.3976973601675</range>
				<altitudeMode>absolute</altitudeMode>
				<gx:fovy>35</gx:fovy>
			</LookAt>
			<styleUrl>#__managed_style_3D3D7D823B3D5B57CE870</styleUrl>
			<LineString>
				<coordinates>
					-98.24611738501756,18.95668302396342,0 -98.24603572901937,18.95642894632082,0 
				</coordinates>
			</LineString>
		</Placemark>
		<Placemark id="0EE1A93E1F3D5B5588F9">
			<name>HuiLZILTEPEC</name>
			<visibility>0</visibility>
			<LookAt>
				<longitude>-98.2499790876295</longitude>
				<latitude>18.95457491084827</latitude>
				<altitude>2074.056408664246</altitude>
				<heading>359.9998044411332</heading>
				<tilt>0</tilt>
				<range>159.0547806512586</range>
				<altitudeMode>absolute</altitudeMode>
				<gx:fovy>35</gx:fovy>
			</LookAt>
			<styleUrl>#__managed_style_3D3D7D823B3D5B57CE87</styleUrl>
			<LineString>
				<coordinates>
					-98.24961552147887,18.9540568265706,0 -98.24954714803827,18.95437161954582,0 -98.24997761730938,18.95457406940875,0 
				</coordinates>
			</LineString>
		</Placemark>
	</Document>
</Document>
</kml>
