{"type":"FeatureCollection","features":[{"type":"Feature","properties":{"name":"Ruta sin título"},"geometry":{"type":"LineString","coordinates":[[-98.273406,18.97565],[-98.279295,18.97924]]}},{"type":"Feature","properties":{"name":"JUAN BOSCO"},"geometry":{"type":"Polygon","coordinates":[[[-98.272971,18.967974],[-98.270288,18.966784],[-98.273732,18.964348],[-98.275829,18.965389],[-98.27508,18.967076],[-98.273554,18.966804],[-98.272971,18.967974]]]}},{"type":"Feature","properties":{"name":"AMPLIACIÓN JARDINES DE JUAN BOSCO"},"geometry":{"type":"Polygon","coordinates":[[[-98.276737,18.968771],[-98.276804,18.969711],[-98.274009,18.969309],[-98.272971,18.967974],[-98.273554,18.966804],[-98.27508,18.967076],[-98.275829,18.965389],[-98.273732,18.964348],[-98.272719,18.965564],[-98.272313,18.965203],[-98.276611,18.959432],[-98.277658,18.962101],[-98.277582,18.966803],[-98.276737,18.968771]]]}},{"type":"Feature","properties":{"name":"SANTA CLARA"},"geometry":{"type":"Polygon","coordinates":[[[-98.268697,18.993842],[-98.267465,18.990425],[-98.272743,18.982676],[-98.274799,18.984317],[-98.275219,18.9839],[-98.273061,18.982198],[-98.27353,18.981488],[-98.274348,18.982102],[-98.27668,18.980226],[-98.279162,18.981737],[-98.279727,18.984553],[-98.276194,18.986966],[-98.273953,18.987549],[-98.274438,18.990174],[-98.272811,18.991028],[-98.273417,18.993662],[-98.268697,18.993842]]]}},{"type":"Feature","properties":{"name":"NUEVO PLAN DE AYALA"},"geometry":{"type":"Polygon","coordinates":[[[-98.270596,18.964241],[-98.270151,18.963811],[-98.270999,18.962312],[-98.275433,18.955824],[-98.275666,18.956657],[-98.274295,18.958532],[-98.276611,18.959432],[-98.276307,18.960267],[-98.272313,18.965203],[-98.270596,18.964241]]]}},{"type":"Feature","properties":{"name":"SAN AGUSTÍN"},"geometry":{"type":"Polygon","coordinates":[[[-98.271923,18.973588],[-98.270044,18.97235],[-98.271061,18.971343],[-98.274832,18.972927],[-98.273792,18.974629],[-98.271923,18.973588]]]}},{"type":"Feature","properties":{"name":"VALLE DEL PARAÍSO"},"geometry":{"type":"Polygon","coordinates":[[[-98.279162,18.981737],[-98.273992,18.978426],[-98.274731,18.977702],[-98.272669,18.976376],[-98.273771,18.974662],[-98.279663,18.978328],[-98.28102,18.98031],[-98.279432,18.980861],[-98.279162,18.981737]]]}},{"type":"Feature","properties":{"name":"VALLE DEL SUR"},"geometry":{"type":"Polygon","coordinates":[[[-98.27353,18.981488],[-98.271912,18.980356],[-98.273592,18.978617],[-98.27668,18.980226],[-98.274348,18.982102],[-98.27353,18.981488]]]}},{"type":"Feature","properties":{"name":"NINGUNO"},"geometry":{"type":"Polygon","coordinates":[[[-98.2802,18.977632],[-98.279663,18.978328],[-98.273771,18.974662],[-98.275597,18.975494],[-98.278041,18.971825],[-98.282472,18.975689],[-98.282082,18.977342],[-98.2802,18.977632]]]}},{"type":"Feature","properties":{"name":"ÁNGELES DEL SUR"},"geometry":{"type":"Polygon","coordinates":[[[-98.272743,18.982676],[-98.273061,18.982198],[-98.275219,18.9839],[-98.274799,18.984317],[-98.272743,18.982676]]]}},{"type":"Feature","properties":{"name":"EL CASTILLO"},"geometry":{"type":"Polygon","coordinates":[[[-98.276898,18.970112],[-98.278041,18.971825],[-98.275597,18.975494],[-98.273955,18.974509],[-98.276898,18.970112]]]}},{"type":"Feature","properties":{"name":"NINGUNO"},"geometry":{"type":"Polygon","coordinates":[[[-98.276875,18.97],[-98.274507,18.973709],[-98.274832,18.972927],[-98.272851,18.971686],[-98.270277,18.971098],[-98.27104,18.970276],[-98.272653,18.971321],[-98.274207,18.96939],[-98.276875,18.97]]]}},{"type":"Feature","properties":{"name":"SEGUNDA AMPLIACIÓN VALLE DEL PARAÍSO"},"geometry":{"type":"Polygon","coordinates":[[[-98.273655,18.97855],[-98.271011,18.976734],[-98.271364,18.976254],[-98.274731,18.977702],[-98.273992,18.978426],[-98.275026,18.97911],[-98.273655,18.97855]]]}},{"type":"Feature","properties":{"name":"LOMAS II"},"geometry":{"type":"GeometryCollection","geometries":[{"type":"Polygon","coordinates":[[[-98.27294,18.991576],[-98.273548,18.993478],[-98.272854,18.991396],[-98.27294,18.991576]]]},{"type":"Polygon","coordinates":[[[-98.272826,18.991157],[-98.272811,18.991028],[-98.272852,18.990964],[-98.272826,18.991157]]]},{"type":"Polygon","coordinates":[[[-98.274122,18.988653],[-98.27446,18.989584],[-98.274326,18.990282],[-98.274122,18.988653]]]},{"type":"Polygon","coordinates":[[[-98.273954,18.987846],[-98.273953,18.987549],[-98.273987,18.987508],[-98.273954,18.987846]]]},{"type":"Polygon","coordinates":[[[-98.274192,18.987319],[-98.27403,18.987456],[-98.274131,18.987336],[-98.274192,18.987319]]]},{"type":"Polygon","coordinates":[[[-98.276962,18.986166],[-98.276289,18.986981],[-98.275625,18.987091],[-98.276962,18.986166]]]},{"type":"Polygon","coordinates":[[[-98.277358,18.985631],[-98.277211,18.985792],[-98.277399,18.985606],[-98.277358,18.985631]]]},{"type":"Polygon","coordinates":[[[-98.278729,18.985225],[-98.277714,18.985473],[-98.278903,18.98513],[-98.278729,18.985225]]]},{"type":"Polygon","coordinates":[[[-98.279864,18.984422],[-98.279452,18.98483],[-98.279934,18.984319],[-98.279864,18.984422]]]},{"type":"Polygon","coordinates":[[[-98.27972,18.983336],[-98.279976,18.984258],[-98.279596,18.983165],[-98.27972,18.983336]]]},{"type":"Polygon","coordinates":[[[-98.28057,18.980673],[-98.279175,18.981696],[-98.279432,18.980861],[-98.28057,18.980673]]]},{"type":"Polygon","coordinates":[[[-98.280917,18.980519],[-98.280809,18.980567],[-98.280938,18.980476],[-98.280917,18.980519]]]},{"type":"Polygon","coordinates":[[[-98.281051,18.980247],[-98.28102,18.98031],[-98.280976,18.980139],[-98.281051,18.980247]]]},{"type":"Polygon","coordinates":[[[-98.279729,18.978513],[-98.280868,18.979982],[-98.279903,18.979099],[-98.279729,18.978513]]]},{"type":"Polygon","coordinates":[[[-98.281499,18.977563],[-98.280236,18.97763],[-98.281652,18.977512],[-98.281499,18.977563]]]},{"type":"Polygon","coordinates":[[[-98.282482,18.975696],[-98.282549,18.976564],[-98.282082,18.977342],[-98.282482,18.975696]]]}]}},{"type":"Feature","properties":{"name":"NINGUNO"},"geometry":{"type":"GeometryCollection","geometries":[{"type":"Polygon","coordinates":[[[-98.261064,19.072383],[-98.259946,19.074481],[-98.256925,19.072545],[-98.257364,19.071936],[-98.258135,19.072439],[-98.258531,19.071902],[-98.257808,19.071337],[-98.258298,19.070731],[-98.258963,19.071131],[-98.259787,19.06948],[-98.255907,19.068988],[-98.25576,19.067885],[-98.251531,19.068586],[-98.249749,19.067673],[-98.250045,19.066276],[-98.251664,19.068072],[-98.25316,19.067289],[-98.251622,19.067132],[-98.251798,19.065568],[-98.25006,19.066129],[-98.250148,19.065334],[-98.25557,19.065865],[-98.254432,19.062639],[-98.258078,19.064745],[-98.257198,19.06504],[-98.258621,19.066872],[-98.260821,19.065742],[-98.265316,19.065237],[-98.263927,19.066291],[-98.261064,19.072383]],[[-98.262328,19.066311],[-98.262265,19.065836],[-98.261728,19.065988],[-98.262328,19.066311]],[[-98.257414,19.066996],[-98.25709,19.066039],[-98.25579,19.066455],[-98.256038,19.067315],[-98.257414,19.066996]]]},{"type":"Polygon","coordinates":[[[-98.258549,19.060838],[-98.258922,19.061628],[-98.25828,19.060266],[-98.258549,19.060838]]]},{"type":"Polygon","coordinates":[[[-98.257892,19.059497],[-98.2557,19.059605],[-98.253853,19.0567],[-98.255902,19.055265],[-98.257892,19.059497]]]},{"type":"Polygon","coordinates":[[[-98.257235,19.054285],[-98.256985,19.054458],[-98.257294,19.054244],[-98.257235,19.054285]]]},{"type":"Polygon","coordinates":[[[-98.259432,19.052758],[-98.258603,19.053334],[-98.259403,19.052744],[-98.258495,19.052208],[-98.258948,19.051205],[-98.261295,19.051472],[-98.259432,19.052758]]]}]}},{"type":"Feature","properties":{"name":"CALZADA LA LOMA"},"geometry":{"type":"Polygon","coordinates":[[[-98.2524,19.057928],[-98.253853,19.0567],[-98.254199,19.05714],[-98.2524,19.057928]]]}},{"type":"Feature","properties":{"name":"HUMBOLDT"},"geometry":{"type":"Polygon","coordinates":[[[-98.261471,19.066045],[-98.261475,19.066064],[-98.261178,19.066132],[-98.261471,19.066045]]]}},{"type":"Feature","properties":{"name":"SANTIAGO MOMOXPAN"},"geometry":{"type":"GeometryCollection","geometries":[{"type":"Polygon","coordinates":[[[-98.262137,19.070127],[-98.261368,19.071758],[-98.262209,19.069968],[-98.262137,19.070127]]]},{"type":"Polygon","coordinates":[[[-98.262654,19.068999],[-98.262635,19.068989],[-98.262732,19.068834],[-98.262654,19.068999]]]}]}},{"type":"Feature","properties":{"name":"SAN DIEGO TORRECILLAS"},"geometry":{"type":"Polygon","coordinates":[[[-98.262647,19.069014],[-98.262482,19.069367],[-98.262435,19.069346],[-98.262647,19.069014]]]}},{"type":"Feature","properties":{"name":"NINGUNO"},"geometry":{"type":"Polygon","coordinates":[[[-98.262478,19.069374],[-98.262361,19.069633],[-98.262299,19.069609],[-98.262478,19.069374]]]}},{"type":"Feature","properties":{"name":"TORRECILLAS"},"geometry":{"type":"Polygon","coordinates":[[[-98.264766,19.065885],[-98.264435,19.066197],[-98.264791,19.065743],[-98.264766,19.065885]]]}},{"type":"Feature","properties":{"name":"VILLAS CAPRI"},"geometry":{"type":"Polygon","coordinates":[[[-98.262209,19.069968],[-98.262299,19.069609],[-98.262361,19.069633],[-98.262209,19.069968]]]}},{"type":"Feature","properties":{"name":"CIPRESES DE SANTIAGO"},"geometry":{"type":"Polygon","coordinates":[[[-98.264422,19.066269],[-98.264364,19.066293],[-98.264435,19.066197],[-98.264422,19.066269]]]}},{"type":"Feature","properties":{"name":"CIPRESES DE SANTIAGO"},"geometry":{"type":"Polygon","coordinates":[[[-98.264857,19.065783],[-98.264899,19.065612],[-98.265312,19.065274],[-98.264857,19.065783]]]}},{"type":"Feature","properties":{"name":"UNIÓN ANTORCHISTA SUR"},"geometry":{"type":"Polygon","coordinates":[[[-98.273181,18.955295],[-98.270329,18.960764],[-98.268835,18.959658],[-98.267048,18.960581],[-98.270295,18.955224],[-98.270098,18.951395],[-98.271639,18.952175],[-98.273181,18.955295]]]}},{"type":"Feature","properties":{"name":"NINGUNO"},"geometry":{"type":"Polygon","coordinates":[[[-98.268594,18.954954],[-98.268812,18.952058],[-98.270098,18.951395],[-98.270471,18.954662],[-98.267585,18.959659],[-98.267603,18.958547],[-98.266754,18.958076],[-98.260721,18.958908],[-98.265096,18.957879],[-98.268594,18.954954]]]}},{"type":"Feature","properties":{"name":"CENTRO SUR"},"geometry":{"type":"Polygon","coordinates":[[[-98.253763,18.951796],[-98.25429,18.952182],[-98.253379,18.954826],[-98.252367,18.954291],[-98.253763,18.951796]]]}},{"type":"Feature","properties":{"name":"LOMAS DE SAN VALENTÍN"},"geometry":{"type":"Polygon","coordinates":[[[-98.257851,18.957289],[-98.260647,18.952215],[-98.26137,18.954379],[-98.264148,18.953772],[-98.260721,18.958908],[-98.257851,18.957289]]]}},{"type":"Feature","properties":{"name":"AMPLIACIÓN UNIÓN ANTORCHISTA"},"geometry":{"type":"Polygon","coordinates":[[[-98.263684,18.957483],[-98.262143,18.956634],[-98.264148,18.953772],[-98.266726,18.955979],[-98.265096,18.957879],[-98.263684,18.957483]]]}},{"type":"Feature","properties":{"name":"CABAÑAS SANTA MARÍA"},"geometry":{"type":"Polygon","coordinates":[[[-98.273676,18.955698],[-98.275096,18.955772],[-98.27092,18.962748],[-98.269115,18.961831],[-98.273676,18.955698]]]}},{"type":"Feature","properties":{"name":"NUEVA DEMOCRACIA"},"geometry":{"type":"Polygon","coordinates":[[[-98.262143,18.956634],[-98.263684,18.957483],[-98.263186,18.95828],[-98.260721,18.958908],[-98.262143,18.956634]]]}},{"type":"Feature","properties":{"name":"GEOVILLAS DEL SUR"},"geometry":{"type":"Polygon","coordinates":[[[-98.253907,18.965066],[-98.256102,18.961573],[-98.254439,18.960666],[-98.255182,18.959521],[-98.255989,18.959947],[-98.257676,18.957179],[-98.260721,18.958908],[-98.255627,18.965998],[-98.253907,18.965066]]]}},{"type":"Feature","properties":{"name":"AMPLIACIÓN NUEVA DEMOCRACIA"},"geometry":{"type":"Polygon","coordinates":[[[-98.263684,18.957483],[-98.264581,18.957979],[-98.263186,18.95828],[-98.263684,18.957483]]]}},{"type":"Feature","properties":{"name":"LOMAS DE ATOYAC"},"geometry":{"type":"Polygon","coordinates":[[[-98.265813,18.961097],[-98.266754,18.958076],[-98.267603,18.958547],[-98.267585,18.959659],[-98.266542,18.961508],[-98.265813,18.961097]]]}},{"type":"Feature","properties":{"name":"LUIS DONALDO COLOSIO"},"geometry":{"type":"Polygon","coordinates":[[[-98.264203,18.960187],[-98.264738,18.959285],[-98.264051,18.958906],[-98.266683,18.958226],[-98.265495,18.960911],[-98.264203,18.960187]]]}},{"type":"Feature","properties":{"name":"LA ESPERANZA"},"geometry":{"type":"Polygon","coordinates":[[[-98.259376,18.961017],[-98.260721,18.958908],[-98.263471,18.958563],[-98.264738,18.959285],[-98.264203,18.960187],[-98.261092,18.959148],[-98.259896,18.961275],[-98.259376,18.961017]]]}},{"type":"Feature","properties":{"name":"SAN RAMÓN 4TA SECCIÓN"},"geometry":{"type":"Polygon","coordinates":[[[-98.26689,18.967496],[-98.259819,18.963611],[-98.261712,18.959471],[-98.262687,18.95934],[-98.265495,18.960911],[-98.26523,18.961373],[-98.266484,18.961416],[-98.266559,18.962411],[-98.272379,18.965246],[-98.268194,18.968221],[-98.26689,18.967496]]]}},{"type":"Feature","properties":{"name":"LOMAS DE SAN RAMÓN"},"geometry":{"type":"Polygon","coordinates":[[[-98.258882,18.963073],[-98.258036,18.962614],[-98.258347,18.96211],[-98.259896,18.961275],[-98.261092,18.959148],[-98.261712,18.959471],[-98.259414,18.96339],[-98.258882,18.963073]]]}},{"type":"Feature","properties":{"name":"AMPLIACIÓN CUARTA DE SAN RAMÓN"},"geometry":{"type":"Polygon","coordinates":[[[-98.267384,18.960733],[-98.268835,18.959658],[-98.269349,18.960574],[-98.270069,18.960251],[-98.269115,18.961831],[-98.270783,18.962984],[-98.267384,18.960733]]]}},{"type":"Feature","properties":{"name":"HACIENDA LAS FUENTES SEGUNDA SECCIÓN"},"geometry":{"type":"Polygon","coordinates":[[[-98.250523,18.963637],[-98.251653,18.961722],[-98.252505,18.962152],[-98.253646,18.960271],[-98.254423,18.960691],[-98.252101,18.964488],[-98.250523,18.963637]]]}},{"type":"Feature","properties":{"name":"JARDINES DE ATLIXCO"},"geometry":{"type":"Polygon","coordinates":[[[-98.265495,18.960911],[-98.265549,18.961534],[-98.26523,18.961373],[-98.265495,18.960911]]]}},{"type":"Feature","properties":{"name":"NINGUNO"},"geometry":{"type":"Polygon","coordinates":[[[-98.252101,18.964488],[-98.254439,18.960666],[-98.256102,18.961573],[-98.253713,18.965396],[-98.252101,18.964488]]]}},{"type":"Feature","properties":{"name":"LOS NARANJOS"},"geometry":{"type":"Polygon","coordinates":[[[-98.259414,18.96339],[-98.260589,18.962301],[-98.259819,18.963611],[-98.259414,18.96339]]]}},{"type":"Feature","properties":{"name":"PUNTA REAL RESIDENCIAL"},"geometry":{"type":"Polygon","coordinates":[[[-98.254173,18.957397],[-98.255927,18.958288],[-98.255157,18.959562],[-98.253448,18.958677],[-98.254173,18.957397]]]}},{"type":"Feature","properties":{"name":"REAL DEL LAGO"},"geometry":{"type":"Polygon","coordinates":[[[-98.255182,18.959521],[-98.256865,18.956742],[-98.257676,18.957179],[-98.255989,18.959947],[-98.255182,18.959521]]]}},{"type":"Feature","properties":{"name":"SEGUNDA AMPLIACIÓN CUARTA DE SAN RAMÓN"},"geometry":{"type":"Polygon","coordinates":[[[-98.266542,18.961508],[-98.267048,18.960581],[-98.270783,18.962984],[-98.270455,18.964493],[-98.266559,18.962411],[-98.266542,18.961508]]]}},{"type":"Feature","properties":{"name":"LA NUEVA"},"geometry":{"type":"Polygon","coordinates":[[[-98.263262,18.904281],[-98.262169,18.908973],[-98.259876,18.90905],[-98.259046,18.910748],[-98.25712,18.909853],[-98.258477,18.904711],[-98.257904,18.903209],[-98.259217,18.902811],[-98.259645,18.901518],[-98.261599,18.900556],[-98.264631,18.902522],[-98.263262,18.904281]]]}},{"type":"Feature","properties":{"name":"SAN NICOLÁS COATEPEC"},"geometry":{"type":"Polygon","coordinates":[[[-98.264799,18.902031],[-98.263173,18.901965],[-98.261599,18.900556],[-98.259645,18.901518],[-98.255749,18.901164],[-98.251409,18.896654],[-98.249509,18.895778],[-98.254101,18.891351],[-98.255006,18.888246],[-98.261108,18.888703],[-98.264545,18.893294],[-98.263787,18.89894],[-98.265227,18.90147],[-98.264799,18.902031]]]}},{"type":"Feature","properties":{"name":"58 COLONIA BUENAVISTA"},"geometry":{"type":"Polygon","coordinates":[[[-98.247843,18.897405],[-98.249509,18.895778],[-98.253807,18.899092],[-98.251439,18.90122],[-98.251194,18.902541],[-98.242905,18.903878],[-98.24596,18.898061],[-98.247843,18.897405]]]}},{"type":"Feature","properties":{"name":"59 COLONIA CENTRO"},"geometry":{"type":"Polygon","coordinates":[[[-98.251287,18.908262],[-98.250128,18.909232],[-98.241886,18.911594],[-98.23933,18.911425],[-98.24079,18.910492],[-98.243277,18.903681],[-98.251194,18.902541],[-98.251439,18.90122],[-98.253807,18.899092],[-98.255749,18.901164],[-98.259601,18.901456],[-98.259217,18.902811],[-98.257904,18.903209],[-98.258477,18.904711],[-98.251287,18.908262]]]}},{"type":"Feature","properties":{"name":"GALAXIA CASTILLOTLA"},"geometry":{"type":"Polygon","coordinates":[[[-98.265719,18.984811],[-98.26265,18.982782],[-98.263752,18.98153],[-98.267218,18.984478],[-98.266616,18.98537],[-98.265719,18.984811]]]}},{"type":"Feature","properties":{"name":"SAN CARLOS"},"geometry":{"type":"Polygon","coordinates":[[[-98.257782,18.982831],[-98.256798,18.983548],[-98.255928,18.982427],[-98.256859,18.981438],[-98.257782,18.982831]]]}},{"type":"Feature","properties":{"name":"VILLAS REALES"},"geometry":{"type":"Polygon","coordinates":[[[-98.258001,18.982682],[-98.259272,18.981845],[-98.258863,18.983983],[-98.258001,18.982682]]]}},{"type":"Feature","properties":{"name":"SAN ISIDRO CASTILLOTLA"},"geometry":{"type":"Polygon","coordinates":[[[-98.266716,18.985223],[-98.268638,18.982301],[-98.271695,18.98426],[-98.269834,18.987075],[-98.266716,18.985223]]]}},{"type":"Feature","properties":{"name":"LOMAS DE CASTILLOTLA"},"geometry":{"type":"Polygon","coordinates":[[[-98.257761,18.98823],[-98.252139,18.984672],[-98.250668,18.987059],[-98.249414,18.98631],[-98.252525,18.982276],[-98.255673,18.984403],[-98.25627,18.983983],[-98.257363,18.987046],[-98.25875,18.987385],[-98.258296,18.988576],[-98.257761,18.98823]]]}},{"type":"Feature","properties":{"name":"OCEANÍA"},"geometry":{"type":"Polygon","coordinates":[[[-98.25627,18.983983],[-98.257084,18.983326],[-98.258797,18.985656],[-98.257238,18.986773],[-98.25627,18.983983]]]}},{"type":"Feature","properties":{"name":"VILLAS PERISUR"},"geometry":{"type":"Polygon","coordinates":[[[-98.250715,18.98466],[-98.249348,18.984305],[-98.249763,18.983627],[-98.250715,18.98466]]]}},{"type":"Feature","properties":{"name":"LA CARMELITA"},"geometry":{"type":"Polygon","coordinates":[[[-98.265591,18.991446],[-98.265247,18.992136],[-98.262325,18.991363],[-98.258314,18.988683],[-98.25875,18.987385],[-98.257238,18.986773],[-98.259451,18.985327],[-98.26142,18.987293],[-98.263104,18.985072],[-98.266146,18.986111],[-98.265761,18.986682],[-98.268876,18.988467],[-98.267465,18.990425],[-98.26636,18.989911],[-98.265591,18.991446]],[[-98.265153,18.987596],[-98.267379,18.988876],[-98.267822,18.98828],[-98.265561,18.986984],[-98.265153,18.987596]]]}},{"type":"Feature","properties":{"name":"LA VICTORIA"},"geometry":{"type":"Polygon","coordinates":[[[-98.255997,18.990411],[-98.253011,18.98845],[-98.254518,18.986193],[-98.257761,18.98823],[-98.255997,18.990411]]]}},{"type":"Feature","properties":{"name":"DOS DE OCTUBRE"},"geometry":{"type":"Polygon","coordinates":[[[-98.265425,18.987211],[-98.267822,18.98828],[-98.267379,18.988876],[-98.265425,18.987211]]]}},{"type":"Feature","properties":{"name":"SAN MIGUEL MAYORAZGO"},"geometry":{"type":"Polygon","coordinates":[[[-98.259026,18.993169],[-98.257166,18.993949],[-98.2564,18.992052],[-98.255738,18.992402],[-98.255143,18.991243],[-98.252889,18.991467],[-98.251824,18.992822],[-98.250258,18.991798],[-98.251286,18.989657],[-98.252981,18.990875],[-98.25621,18.991336],[-98.257761,18.98823],[-98.259044,18.989166],[-98.260254,18.992343],[-98.259026,18.993169]]]}},{"type":"Feature","properties":{"name":"LAS MERCEDES"},"geometry":{"type":"Polygon","coordinates":[[[-98.260618,18.99048],[-98.259486,18.990543],[-98.259044,18.989166],[-98.260618,18.99048]]]}},{"type":"Feature","properties":{"name":"LAS MERCEDES"},"geometry":{"type":"Polygon","coordinates":[[[-98.254104,18.990973],[-98.253399,18.990967],[-98.254492,18.989412],[-98.255997,18.990411],[-98.255426,18.991294],[-98.254104,18.990973]]]}},{"type":"Feature","properties":{"name":"GRANJAS MAYORAZGO"},"geometry":{"type":"Polygon","coordinates":[[[-98.249965,18.992258],[-98.250258,18.991798],[-98.251824,18.992822],[-98.253545,18.991459],[-98.255738,18.992402],[-98.254236,18.994171],[-98.249965,18.992258]]]}},{"type":"Feature","properties":{"name":"PASEOS DEL RÍO"},"geometry":{"type":"Polygon","coordinates":[[[-98.254236,18.994171],[-98.25585,18.992287],[-98.256651,18.994005],[-98.255564,18.995223],[-98.254236,18.994171]]]}},{"type":"Feature","properties":{"name":"TRES CERRITOS"},"geometry":{"type":"Polygon","coordinates":[[[-98.254663,18.999468],[-98.254066,18.999079],[-98.253513,18.999727],[-98.250505,18.998165],[-98.2511,18.997508],[-98.24791,18.994788],[-98.248945,18.993556],[-98.252918,18.995408],[-98.253496,18.994831],[-98.254029,18.995166],[-98.253511,18.995665],[-98.257707,18.997711],[-98.255588,18.997377],[-98.254663,18.999468]]]}},{"type":"Feature","properties":{"name":"HACIENDA SAN MIGUEL RESIDENCIAL"},"geometry":{"type":"Polygon","coordinates":[[[-98.257821,18.997635],[-98.253496,18.994831],[-98.254236,18.994171],[-98.255564,18.995223],[-98.256651,18.994005],[-98.258325,18.996368],[-98.257821,18.997635]],[[-98.256988,18.997157],[-98.257545,18.996627],[-98.256687,18.995858],[-98.256084,18.996442],[-98.256988,18.997157]]]}},{"type":"Feature","properties":{"name":"PASEOS DEL RÍO"},"geometry":{"type":"Polygon","coordinates":[[[-98.256248,18.996283],[-98.256687,18.995858],[-98.257545,18.996627],[-98.256988,18.997157],[-98.256248,18.996283]]]}},{"type":"Feature","properties":{"name":"SANTA ISABEL CASTILLOTLA"},"geometry":{"type":"Polygon","coordinates":[[[-98.263104,18.985072],[-98.260663,18.983825],[-98.260877,18.981715],[-98.266616,18.98537],[-98.266146,18.986111],[-98.263104,18.985072]]]}},{"type":"Feature","properties":{"name":"VILLAS SAN FRANCISCO MAYORAZGO"},"geometry":{"type":"Polygon","coordinates":[[[-98.249362,18.989511],[-98.249607,18.989206],[-98.250897,18.990632],[-98.249362,18.989511]]]}},{"type":"Feature","properties":{"name":"MAYORAZGO"},"geometry":{"type":"Polygon","coordinates":[[[-98.263296,18.992188],[-98.260254,18.992343],[-98.259117,18.98999],[-98.260618,18.99048],[-98.259956,18.991824],[-98.261812,18.991874],[-98.261968,18.991081],[-98.264477,18.992051],[-98.263296,18.992188]]]}},{"type":"Feature","properties":{"name":"SAN ISIDRO CASTILLOTLA"},"geometry":{"type":"Polygon","coordinates":[[[-98.260663,18.983825],[-98.259884,18.983714],[-98.258797,18.985656],[-98.257084,18.983326],[-98.258001,18.982682],[-98.258863,18.983983],[-98.259272,18.981845],[-98.261079,18.980712],[-98.260663,18.983825]]]}},{"type":"Feature","properties":{"name":"EL CARRUAJE"},"geometry":{"type":"Polygon","coordinates":[[[-98.266325,18.985825],[-98.266716,18.985223],[-98.269834,18.987075],[-98.269454,18.987639],[-98.266325,18.985825]]]}},{"type":"Feature","properties":{"name":"HACIENDA SANTA FE"},"geometry":{"type":"Polygon","coordinates":[[[-98.265991,18.986349],[-98.266325,18.985825],[-98.269454,18.987639],[-98.269068,18.988189],[-98.265991,18.986349]]]}},{"type":"Feature","properties":{"name":"LAS MERCEDES II"},"geometry":{"type":"Polygon","coordinates":[[[-98.254492,18.989412],[-98.253399,18.990967],[-98.252626,18.990694],[-98.253111,18.988515],[-98.254492,18.989412]]]}},{"type":"Feature","properties":{"name":"LOMAS DE MAYORAZGO"},"geometry":{"type":"Polygon","coordinates":[[[-98.254461,18.991556],[-98.255628,18.991464],[-98.25523,18.991977],[-98.254461,18.991556]]]}},{"type":"Feature","properties":{"name":"LOS MOLINOS"},"geometry":{"type":"Polygon","coordinates":[[[-98.260618,18.99048],[-98.261941,18.991039],[-98.261812,18.991874],[-98.259956,18.991824],[-98.260618,18.99048]]]}},{"type":"Feature","properties":{"name":"PRADOS DEL SUR"},"geometry":{"type":"Polygon","coordinates":[[[-98.265991,18.986349],[-98.269068,18.988189],[-98.265761,18.986682],[-98.265991,18.986349]]]}},{"type":"Feature","properties":{"name":"SAN MIGUEL"},"geometry":{"type":"Polygon","coordinates":[[[-98.256948,18.994235],[-98.25585,18.992287],[-98.256149,18.992111],[-98.256948,18.994235]]]}},{"type":"Feature","properties":{"name":"SANTA ISABEL SEGUNDA SECCIÓN"},"geometry":{"type":"Polygon","coordinates":[[[-98.260244,18.986076],[-98.259386,18.985235],[-98.259884,18.983714],[-98.263104,18.985072],[-98.26142,18.987293],[-98.260244,18.986076]]]}},{"type":"Feature","properties":{"name":"VILLAS DEL VERGEL"},"geometry":{"type":"Polygon","coordinates":[[[-98.255426,18.991294],[-98.256237,18.990586],[-98.25621,18.991336],[-98.255426,18.991294]]]}},{"type":"Feature","properties":{"name":"VILLAS SAN FRANCISCO"},"geometry":{"type":"Polygon","coordinates":[[[-98.249607,18.989206],[-98.248645,18.988971],[-98.248893,18.988632],[-98.249607,18.989206]]]}},{"type":"Feature","properties":{"name":"VISTA DEL ÁNGEL"},"geometry":{"type":"Polygon","coordinates":[[[-98.253511,18.995665],[-98.254029,18.995166],[-98.256984,18.997293],[-98.253511,18.995665]]]}},{"type":"Feature","properties":{"name":"LAS MERCEDES"},"geometry":{"type":"Polygon","coordinates":[[[-98.252077,18.990445],[-98.251286,18.989657],[-98.2521,18.987898],[-98.253111,18.988515],[-98.252487,18.989351],[-98.253237,18.989806],[-98.252077,18.990445]]]}},{"type":"Feature","properties":{"name":"LOMAS I"},"geometry":{"type":"GeometryCollection","geometries":[{"type":"Polygon","coordinates":[[[-98.25789,18.997588],[-98.257878,18.997596],[-98.257928,18.997549],[-98.25789,18.997588]]]},{"type":"Polygon","coordinates":[[[-98.258224,18.997223],[-98.258158,18.997311],[-98.258291,18.997013],[-98.258224,18.997223]]]},{"type":"Polygon","coordinates":[[[-98.258372,18.996486],[-98.25832,18.996922],[-98.258325,18.996368],[-98.258372,18.996486]]]},{"type":"Polygon","coordinates":[[[-98.257191,18.995042],[-98.258116,18.995834],[-98.256967,18.994718],[-98.257191,18.995042]]]},{"type":"Polygon","coordinates":[[[-98.257884,18.993165],[-98.257141,18.993986],[-98.258256,18.993166],[-98.257884,18.993165]]]},{"type":"Polygon","coordinates":[[[-98.262175,18.992385],[-98.260093,18.992578],[-98.262979,18.992243],[-98.262175,18.992385]]]},{"type":"Polygon","coordinates":[[[-98.265455,18.992004],[-98.265326,18.992192],[-98.263423,18.992186],[-98.265455,18.992004]]]},{"type":"Polygon","coordinates":[[[-98.265944,18.990662],[-98.265893,18.990776],[-98.265959,18.990629],[-98.265944,18.990662]]]},{"type":"Polygon","coordinates":[[[-98.267644,18.991328],[-98.26636,18.989911],[-98.267281,18.990159],[-98.267644,18.991328]]]},{"type":"Polygon","coordinates":[[[-98.268781,18.993912],[-98.268715,18.993867],[-98.268823,18.993937],[-98.268781,18.993912]]]},{"type":"Polygon","coordinates":[[[-98.269479,18.9943],[-98.269362,18.994256],[-98.269559,18.994293],[-98.269479,18.9943]]]},{"type":"Polygon","coordinates":[[[-98.269984,18.994258],[-98.269856,18.994269],[-98.270284,18.994162],[-98.269984,18.994258]]]},{"type":"Polygon","coordinates":[[[-98.273484,18.99364],[-98.273417,18.993662],[-98.27353,18.993469],[-98.273484,18.99364]]]}]}},{"type":"Feature","properties":{"name":"LAS TROJES II"},"geometry":{"type":"Polygon","coordinates":[[[-98.233037,19.113017],[-98.233242,19.112662],[-98.233385,19.112434],[-98.233037,19.113017]]]}},{"type":"Feature","properties":{"name":"PASEOS DEL LAGO"},"geometry":{"type":"Polygon","coordinates":[[[-98.238536,18.945695],[-98.240286,18.94503],[-98.239045,18.946398],[-98.238536,18.945695]]]}},{"type":"Feature","properties":{"name":"JARDINES DEL SUR"},"geometry":{"type":"Polygon","coordinates":[[[-98.238509,18.948569],[-98.241651,18.945911],[-98.241353,18.947841],[-98.239734,18.949298],[-98.238509,18.948569]]]}},{"type":"Feature","properties":{"name":"FLORES DEL PEDREGAL"},"geometry":{"type":"Polygon","coordinates":[[[-98.240822,18.948319],[-98.24226,18.946582],[-98.24306,18.946807],[-98.241401,18.950475],[-98.240822,18.948319]]]}},{"type":"Feature","properties":{"name":"NINGUNO"},"geometry":{"type":"Polygon","coordinates":[[[-98.251653,18.961722],[-98.252708,18.959773],[-98.248937,18.957576],[-98.250724,18.954865],[-98.249571,18.95407],[-98.249543,18.952177],[-98.25068,18.952005],[-98.251712,18.950639],[-98.250629,18.949034],[-98.248565,18.949293],[-98.24883,18.947818],[-98.251647,18.947653],[-98.252377,18.948944],[-98.251808,18.950308],[-98.253056,18.949953],[-98.250701,18.952538],[-98.251959,18.954076],[-98.251038,18.955598],[-98.251857,18.956019],[-98.252728,18.954494],[-98.254788,18.9564],[-98.253448,18.958677],[-98.255157,18.959562],[-98.254423,18.960691],[-98.253646,18.960271],[-98.252505,18.962152],[-98.251653,18.961722]]]}},{"type":"Feature","properties":{"name":"FLORES DEL PEDREGAL"},"geometry":{"type":"Polygon","coordinates":[[[-98.246859,18.949481],[-98.2437,18.94878],[-98.246331,18.948033],[-98.248481,18.948564],[-98.248565,18.949293],[-98.246859,18.949481]]]}},{"type":"Feature","properties":{"name":"PLAYAS DEL SUR"},"geometry":{"type":"Polygon","coordinates":[[[-98.238506,18.954959],[-98.237626,18.951307],[-98.240822,18.948319],[-98.24124,18.950512],[-98.241851,18.948766],[-98.243239,18.949203],[-98.243502,18.950714],[-98.244491,18.95054],[-98.243978,18.949861],[-98.244574,18.948503],[-98.24697,18.949126],[-98.247234,18.95264],[-98.244137,18.953227],[-98.244394,18.954143],[-98.242432,18.954492],[-98.242657,18.955444],[-98.24113,18.955764],[-98.240854,18.954528],[-98.238506,18.954959]]]}},{"type":"Feature","properties":{"name":"LA PLAYA"},"geometry":{"type":"Polygon","coordinates":[[[-98.250629,18.949034],[-98.251712,18.950639],[-98.25068,18.952005],[-98.247367,18.951631],[-98.246859,18.949481],[-98.250629,18.949034]]]}},{"type":"Feature","properties":{"name":"HACIENDA LAS FUENTES"},"geometry":{"type":"Polygon","coordinates":[[[-98.253056,18.949953],[-98.254128,18.950278],[-98.251857,18.956019],[-98.251038,18.955598],[-98.251959,18.954076],[-98.250701,18.952538],[-98.253056,18.949953]]]}},{"type":"Feature","properties":{"name":"HÉROES 5 DE MAYO SUR"},"geometry":{"type":"Polygon","coordinates":[[[-98.246703,18.953958],[-98.245896,18.952865],[-98.247234,18.95264],[-98.247367,18.951631],[-98.249188,18.951372],[-98.249028,18.952268],[-98.249888,18.95279],[-98.249556,18.954201],[-98.246922,18.954909],[-98.246703,18.953958]]]}},{"type":"Feature","properties":{"name":"LOMA BONITA SUR"},"geometry":{"type":"Polygon","coordinates":[[[-98.245896,18.952865],[-98.246608,18.954692],[-98.242643,18.955395],[-98.242432,18.954492],[-98.244394,18.954143],[-98.244137,18.953227],[-98.245896,18.952865]]]}},{"type":"Feature","properties":{"name":"MINERALES DE GUADALUPE SUR"},"geometry":{"type":"Polygon","coordinates":[[[-98.240108,18.961361],[-98.238506,18.954959],[-98.240854,18.954528],[-98.241374,18.955768],[-98.246608,18.954692],[-98.246651,18.953729],[-98.246922,18.954909],[-98.249571,18.95407],[-98.250724,18.954865],[-98.249043,18.957329],[-98.249528,18.957965],[-98.248779,18.959129],[-98.247609,18.958196],[-98.244201,18.961944],[-98.24041,18.962414],[-98.240108,18.961361]]]}},{"type":"Feature","properties":{"name":"AGRÍCOLA VILLA ALBERTINA"},"geometry":{"type":"Polygon","coordinates":[[[-98.242389,18.969741],[-98.249528,18.957965],[-98.252708,18.959773],[-98.250523,18.963637],[-98.248577,18.962179],[-98.244018,18.970622],[-98.242389,18.969741]]]}},{"type":"Feature","properties":{"name":"EL REFUGIO"},"geometry":{"type":"Polygon","coordinates":[[[-98.240417,18.962465],[-98.240813,18.963396],[-98.241424,18.963343],[-98.241321,18.962296],[-98.241771,18.963311],[-98.24214,18.962182],[-98.244578,18.962797],[-98.244757,18.96072],[-98.247324,18.958414],[-98.248779,18.959129],[-98.245623,18.96433],[-98.242261,18.964466],[-98.24233,18.965516],[-98.240823,18.9656],[-98.240417,18.962465]]]}},{"type":"Feature","properties":{"name":"VILLAS DEL PEDREGAL"},"geometry":{"type":"Polygon","coordinates":[[[-98.244578,18.962797],[-98.24276,18.962096],[-98.244822,18.962035],[-98.244578,18.962797]]]}},{"type":"Feature","properties":{"name":"LOS CIPRESES"},"geometry":{"type":"Polygon","coordinates":[[[-98.248782,18.962744],[-98.248183,18.962871],[-98.248577,18.962179],[-98.248782,18.962744]]]}},{"type":"Feature","properties":{"name":"SANTA ELENA"},"geometry":{"type":"Polygon","coordinates":[[[-98.241631,18.962253],[-98.24214,18.962182],[-98.242266,18.963263],[-98.241631,18.962253]]]}},{"type":"Feature","properties":{"name":"LA CONCEPCIÓN SUR"},"geometry":{"type":"Polygon","coordinates":[[[-98.226188,18.966605],[-98.226305,18.965747],[-98.228691,18.965969],[-98.228898,18.965009],[-98.22639,18.964838],[-98.226731,18.962888],[-98.229272,18.963017],[-98.229482,18.961956],[-98.231742,18.962137],[-98.23117,18.965264],[-98.229292,18.965068],[-98.229591,18.967097],[-98.226188,18.966605]]]}},{"type":"Feature","properties":{"name":"VILLAS DEL REFUGIO"},"geometry":{"type":"Polygon","coordinates":[[[-98.241424,18.963343],[-98.240813,18.963396],[-98.240658,18.962385],[-98.241321,18.962296],[-98.241424,18.963343]]]}},{"type":"Feature","properties":{"name":"JARDINES DE SANTA ROSA I"},"geometry":{"type":"Polygon","coordinates":[[[-98.247797,18.964373],[-98.248782,18.962744],[-98.249666,18.963198],[-98.248679,18.964849],[-98.247797,18.964373]]]}},{"type":"Feature","properties":{"name":"LOS OLIVOS SUR"},"geometry":{"type":"Polygon","coordinates":[[[-98.248487,18.963233],[-98.248384,18.963402],[-98.247989,18.963188],[-98.248487,18.963233]]]}},{"type":"Feature","properties":{"name":"JARDINES DE SANTA ROSA"},"geometry":{"type":"Polygon","coordinates":[[[-98.244018,18.970622],[-98.247797,18.964373],[-98.248679,18.964849],[-98.249666,18.963198],[-98.250523,18.963637],[-98.245705,18.97155],[-98.244018,18.970622]]]}},{"type":"Feature","properties":{"name":"SAN JUAN BAUTISTA"},"geometry":{"type":"Polygon","coordinates":[[[-98.247447,18.972508],[-98.245705,18.97155],[-98.250523,18.963637],[-98.253713,18.965396],[-98.24895,18.97333],[-98.247447,18.972508]],[[-98.250818,18.969094],[-98.251219,18.968471],[-98.250643,18.968182],[-98.250818,18.969094]]]}},{"type":"Feature","properties":{"name":"VILLA ALBERTINA"},"geometry":{"type":"Polygon","coordinates":[[[-98.246393,18.964045],[-98.245925,18.963809],[-98.246094,18.963536],[-98.246393,18.964045]]]}},{"type":"Feature","properties":{"name":"IVI HOGAR SANTA LUCIA 3"},"geometry":{"type":"Polygon","coordinates":[[[-98.231429,18.964934],[-98.231508,18.963746],[-98.233315,18.964775],[-98.231429,18.964934]]]}},{"type":"Feature","properties":{"name":"MAGISTERIAL PERIFÉRICO SUR"},"geometry":{"type":"Polygon","coordinates":[[[-98.245511,18.964518],[-98.244222,18.966686],[-98.240919,18.96635],[-98.240823,18.9656],[-98.24233,18.965516],[-98.242261,18.964466],[-98.245511,18.964518]]]}},{"type":"Feature","properties":{"name":"IVI HOGAR MISIÓN DE SAN JOSÉ SECCIÓN 4"},"geometry":{"type":"Polygon","coordinates":[[[-98.221339,18.965569],[-98.22124,18.964117],[-98.222183,18.963867],[-98.222227,18.965584],[-98.221339,18.965569]]]}},{"type":"Feature","properties":{"name":"IVI HOGAR MISIÓN SAN JOSÉ"},"geometry":{"type":"Polygon","coordinates":[[[-98.22234,18.96729],[-98.222199,18.964582],[-98.223233,18.964492],[-98.223296,18.967263],[-98.22234,18.96729]]]}},{"type":"Feature","properties":{"name":"LA CONCEPCIÓN"},"geometry":{"type":"Polygon","coordinates":[[[-98.227651,18.965876],[-98.226305,18.965747],[-98.22639,18.964838],[-98.228898,18.965009],[-98.228691,18.965969],[-98.227651,18.965876]]]}},{"type":"Feature","properties":{"name":"EL TRIUNFO"},"geometry":{"type":"Polygon","coordinates":[[[-98.244195,18.966732],[-98.243043,18.968669],[-98.241082,18.967551],[-98.240919,18.96635],[-98.244195,18.966732]]]}},{"type":"Feature","properties":{"name":"EL REFUGIO"},"geometry":{"type":"Polygon","coordinates":[[[-98.241229,18.969081],[-98.241082,18.967551],[-98.243043,18.968669],[-98.242389,18.969741],[-98.241229,18.969081]]]}},{"type":"Feature","properties":{"name":"IVI HOGAR SANTA LUCÍA 5"},"geometry":{"type":"Polygon","coordinates":[[[-98.226048,18.967614],[-98.225343,18.96916],[-98.224859,18.967456],[-98.226048,18.967614]]]}},{"type":"Feature","properties":{"name":"LA CONCEPCIÓN SUR"},"geometry":{"type":"Polygon","coordinates":[[[-98.227057,18.968331],[-98.228207,18.968499],[-98.228131,18.969452],[-98.226934,18.969289],[-98.227057,18.968331]]]}},{"type":"Feature","properties":{"name":"IVI SANTA LUCÍA 4"},"geometry":{"type":"Polygon","coordinates":[[[-98.230552,18.968843],[-98.234917,18.969119],[-98.233972,18.972383],[-98.230286,18.97071],[-98.230552,18.968843]]]}},{"type":"Feature","properties":{"name":"SANTA LUCÍA"},"geometry":{"type":"Polygon","coordinates":[[[-98.226731,18.962888],[-98.226888,18.961763],[-98.229482,18.961956],[-98.229272,18.963017],[-98.226731,18.962888]]]}},{"type":"Feature","properties":{"name":"SANTA LUCÍA 2"},"geometry":{"type":"Polygon","coordinates":[[[-98.230908,18.966725],[-98.229591,18.967097],[-98.229292,18.965068],[-98.23117,18.965264],[-98.230908,18.966725]]]}},{"type":"Feature","properties":{"name":"NINGUNO"},"geometry":{"type":"Polygon","coordinates":[[[-98.221357,18.965768],[-98.222227,18.965584],[-98.222303,18.966751],[-98.221408,18.96691],[-98.221357,18.965768]]]}},{"type":"Feature","properties":{"name":"NINGUNO"},"geometry":{"type":"Polygon","coordinates":[[[-98.230295,18.97711],[-98.229315,18.977083],[-98.228641,18.975182],[-98.226766,18.975147],[-98.227679,18.973408],[-98.225338,18.971609],[-98.224075,18.971286],[-98.222604,18.972464],[-98.222481,18.970047],[-98.224403,18.969219],[-98.22434,18.968066],[-98.222418,18.968672],[-98.22234,18.96729],[-98.223296,18.967263],[-98.223233,18.964492],[-98.22124,18.964117],[-98.221185,18.9633],[-98.225979,18.96297],[-98.226099,18.961568],[-98.226888,18.961763],[-98.226061,18.967521],[-98.224796,18.967747],[-98.225343,18.96916],[-98.225954,18.968169],[-98.227057,18.968331],[-98.226934,18.969289],[-98.228131,18.969452],[-98.228207,18.968499],[-98.230552,18.968843],[-98.230286,18.97071],[-98.233972,18.972383],[-98.233022,18.975233],[-98.231095,18.973972],[-98.229478,18.975188],[-98.232536,18.977841],[-98.231314,18.978669],[-98.230295,18.97711]]]}},{"type":"Feature","properties":{"name":"NINGUNO"},"geometry":{"type":"Polygon","coordinates":[[[-98.237084,18.94923],[-98.235805,18.949072],[-98.235478,18.947672],[-98.238457,18.946998],[-98.238536,18.945695],[-98.239331,18.947801],[-98.237217,18.949823],[-98.237084,18.94923]]]}},{"type":"Feature","properties":{"name":"NINGUNO"},"geometry":{"type":"Polygon","coordinates":[[[-98.24348,18.950447],[-98.243239,18.949203],[-98.241851,18.948766],[-98.24292,18.948223],[-98.24306,18.946807],[-98.24226,18.946582],[-98.241353,18.947841],[-98.241574,18.945207],[-98.240331,18.945017],[-98.241058,18.946502],[-98.240002,18.945481],[-98.241161,18.944641],[-98.242143,18.945013],[-98.24063,18.942215],[-98.243812,18.943143],[-98.244163,18.944787],[-98.245585,18.944621],[-98.243267,18.94872],[-98.244385,18.948945],[-98.244491,18.95054],[-98.24348,18.950447]]]}},{"type":"Feature","properties":{"name":"NINGUNO"},"geometry":{"type":"Polygon","coordinates":[[[-98.252859,19.007866],[-98.251007,19.008287],[-98.251354,19.007077],[-98.248491,19.005813],[-98.249428,19.00491],[-98.251155,19.005718],[-98.251363,19.002447],[-98.247482,19.001844],[-98.247192,19.002711],[-98.246616,19.002301],[-98.247441,19.001361],[-98.246462,19.001028],[-98.242529,19.00157],[-98.243171,19.002104],[-98.242922,19.004395],[-98.242186,19.004158],[-98.242359,19.002867],[-98.241586,19.002801],[-98.241162,19.003808],[-98.241774,19.004016],[-98.240191,19.006406],[-98.237274,19.006699],[-98.238181,19.004723],[-98.239419,19.005013],[-98.240297,19.003571],[-98.23877,19.003174],[-98.241229,18.997158],[-98.243653,18.999015],[-98.244133,19.000574],[-98.246959,19.000329],[-98.251855,19.001556],[-98.252588,18.999261],[-98.254663,18.999468],[-98.254956,19.000807],[-98.253864,19.003888],[-98.252598,19.004635],[-98.252859,19.007866]]]}},{"type":"Feature","properties":{"name":"AMPLIACIÓN TRES CERRITOS"},"geometry":{"type":"Polygon","coordinates":[[[-98.252266,19.000111],[-98.252366,18.999326],[-98.251697,18.999807],[-98.249911,18.998822],[-98.250505,18.998165],[-98.252588,18.999261],[-98.252266,19.000111]]]}},{"type":"Feature","properties":{"name":"TRES CERRITOS"},"geometry":{"type":"Polygon","coordinates":[[[-98.249969,19.001115],[-98.250663,18.999548],[-98.249302,18.999148],[-98.249911,18.998822],[-98.252266,19.000111],[-98.251855,19.001556],[-98.249969,19.001115]]]}},{"type":"Feature","properties":{"name":"UEMAC"},"geometry":{"type":"Polygon","coordinates":[[[-98.249574,19.007606],[-98.248762,19.007597],[-98.249234,19.005974],[-98.251354,19.007077],[-98.251004,19.007887],[-98.249574,19.007606]]]}},{"type":"Feature","properties":{"name":"CIPRESES DE MAYORAZGO"},"geometry":{"type":"Polygon","coordinates":[[[-98.251321,19.003189],[-98.251155,19.005718],[-98.249994,19.005419],[-98.250021,19.003129],[-98.251321,19.003189]]]}},{"type":"Feature","properties":{"name":"VANGUARDIA MAGISTERIAL"},"geometry":{"type":"Polygon","coordinates":[[[-98.248969,19.00902],[-98.249299,19.007527],[-98.251004,19.007887],[-98.25029,19.009474],[-98.248969,19.00902]]]}},{"type":"Feature","properties":{"name":"SAN JUAN BOSCO"},"geometry":{"type":"Polygon","coordinates":[[[-98.248977,18.996287],[-98.2511,18.997508],[-98.249225,18.999194],[-98.247167,18.998743],[-98.248977,18.996287]]]}},{"type":"Feature","properties":{"name":"GEOVILLAS LAS GARZAS"},"geometry":{"type":"Polygon","coordinates":[[[-98.249969,19.001115],[-98.245943,19.0004],[-98.247167,18.998743],[-98.250663,18.999548],[-98.249969,19.001115]]]}},{"type":"Feature","properties":{"name":"EL SAUCEDAL"},"geometry":{"type":"Polygon","coordinates":[[[-98.249557,19.010977],[-98.248058,19.011455],[-98.246966,19.010894],[-98.247955,19.009224],[-98.248865,19.009621],[-98.248969,19.00902],[-98.25029,19.009474],[-98.249557,19.010977]]]}},{"type":"Feature","properties":{"name":"RINCONADA LOS ARCOS 1RA ETAPA"},"geometry":{"type":"Polygon","coordinates":[[[-98.250169,19.001995],[-98.249775,19.005247],[-98.248708,19.004311],[-98.249444,19.001763],[-98.250169,19.001995]]]}},{"type":"Feature","properties":{"name":"DEL ENCANTO I Y II"},"geometry":{"type":"Polygon","coordinates":[[[-98.248232,19.009338],[-98.249228,19.007728],[-98.248865,19.009621],[-98.248232,19.009338]]]}},{"type":"Feature","properties":{"name":"GEOVILLAS LA VISTA"},"geometry":{"type":"Polygon","coordinates":[[[-98.248083,19.006928],[-98.248552,19.005826],[-98.249234,19.005974],[-98.248851,19.007259],[-98.248083,19.006928]]]}},{"type":"Feature","properties":{"name":"GALAXIA LA LAGUNA"},"geometry":{"type":"Polygon","coordinates":[[[-98.243653,18.999015],[-98.24791,18.994788],[-98.249384,18.995725],[-98.245943,19.0004],[-98.244133,19.000574],[-98.243653,18.999015]]]}},{"type":"Feature","properties":{"name":"RINCONADA LOS ARCOS 2"},"geometry":{"type":"Polygon","coordinates":[[[-98.24906,19.002506],[-98.248708,19.004311],[-98.247192,19.002711],[-98.247482,19.001844],[-98.24906,19.002506]]]}},{"type":"Feature","properties":{"name":"GEOVILLAS LA VISTA"},"geometry":{"type":"Polygon","coordinates":[[[-98.248478,19.008483],[-98.248021,19.009097],[-98.248089,19.008299],[-98.248478,19.008483]]]}},{"type":"Feature","properties":{"name":"EX-HACIENDA MAYORAZGO III SECCIÓN"},"geometry":{"type":"Polygon","coordinates":[[[-98.248464,19.004088],[-98.247015,19.005488],[-98.245307,19.005096],[-98.247558,19.002931],[-98.248464,19.004088]]]}},{"type":"Feature","properties":{"name":"EX-HACIENDA MAYORAZGO"},"geometry":{"type":"Polygon","coordinates":[[[-98.247432,19.003091],[-98.245307,19.005096],[-98.242922,19.004395],[-98.246616,19.002301],[-98.247432,19.003091]]]}},{"type":"Feature","properties":{"name":"GEOVILLAS LA VISTA"},"geometry":{"type":"Polygon","coordinates":[[[-98.24588,19.00623],[-98.246501,19.005372],[-98.247358,19.005567],[-98.246872,19.006633],[-98.24588,19.00623]]]}},{"type":"Feature","properties":{"name":"NINGUNO"},"geometry":{"type":"Polygon","coordinates":[[[-98.244961,18.997052],[-98.246128,18.996096],[-98.245477,18.995565],[-98.245969,18.995017],[-98.246876,18.995723],[-98.245899,18.997054],[-98.244961,18.997052]]]}},{"type":"Feature","properties":{"name":"EX-RANCHO VAQUERÍAS"},"geometry":{"type":"Polygon","coordinates":[[[-98.243579,19.007422],[-98.240287,19.006135],[-98.240509,19.005464],[-98.241609,19.005783],[-98.242481,19.004255],[-98.246501,19.005372],[-98.24481,19.007748],[-98.243579,19.007422]]]}},{"type":"Feature","properties":{"name":"ECLIPSE"},"geometry":{"type":"Polygon","coordinates":[[[-98.244731,18.996008],[-98.246214,18.993622],[-98.246798,18.99411],[-98.244731,18.996008]]]}},{"type":"Feature","properties":{"name":"BOSQUES DE LA LAGUNA"},"geometry":{"type":"Polygon","coordinates":[[[-98.241229,18.997158],[-98.242648,18.995275],[-98.244124,18.995457],[-98.244961,18.997052],[-98.244533,18.998639],[-98.243411,18.999156],[-98.241229,18.997158]]]}},{"type":"Feature","properties":{"name":"EX-RANCHO VAQUERÍAS"},"geometry":{"type":"Polygon","coordinates":[[[-98.241481,19.005747],[-98.240833,19.005553],[-98.241774,19.004016],[-98.242481,19.004255],[-98.241481,19.005747]]]}},{"type":"Feature","properties":{"name":"LOS CIPRESES"},"geometry":{"type":"Polygon","coordinates":[[[-98.247358,19.005567],[-98.248464,19.004088],[-98.248978,19.004555],[-98.247358,19.005567]]]}},{"type":"Feature","properties":{"name":"MERCADO INDEPENDENCIA"},"geometry":{"type":"Polygon","coordinates":[[[-98.238181,19.004723],[-98.23877,19.003174],[-98.240297,19.003571],[-98.239419,19.005013],[-98.238181,19.004723]]]}},{"type":"Feature","properties":{"name":"MISIÓN DE MAYORAZGO"},"geometry":{"type":"Polygon","coordinates":[[[-98.239972,18.999836],[-98.238638,18.999727],[-98.239092,18.999244],[-98.239972,18.999836]]]}},{"type":"Feature","properties":{"name":"NINGUNO"},"geometry":{"type":"Polygon","coordinates":[[[-98.246303,18.994629],[-98.246798,18.99411],[-98.247763,18.994902],[-98.247194,18.995385],[-98.246303,18.994629]]]}},{"type":"Feature","properties":{"name":"RINCÓN DE LOS CIPRESES SECCIÓN I"},"geometry":{"type":"Polygon","coordinates":[[[-98.247916,19.005696],[-98.248978,19.004555],[-98.249428,19.00491],[-98.247916,19.005696]]]}},{"type":"Feature","properties":{"name":"RINCÓN DEL REY"},"geometry":{"type":"Polygon","coordinates":[[[-98.251697,18.999807],[-98.252066,18.99918],[-98.252366,18.999326],[-98.251697,18.999807]]]}},{"type":"Feature","properties":{"name":"RINCONADA"},"geometry":{"type":"Polygon","coordinates":[[[-98.250347,19.002299],[-98.251363,19.002447],[-98.251321,19.003189],[-98.250021,19.003129],[-98.250347,19.002299]]]}},{"type":"Feature","properties":{"name":"RINCONADA LAS TORRES"},"geometry":{"type":"Polygon","coordinates":[[[-98.236612,19.005144],[-98.236495,19.0045],[-98.237416,19.005971],[-98.236612,19.005144]]]}},{"type":"Feature","properties":{"name":"SAN FRANCISCO"},"geometry":{"type":"Polygon","coordinates":[[[-98.245019,18.994934],[-98.245259,18.994523],[-98.245417,18.99465],[-98.245019,18.994934]]]}},{"type":"Feature","properties":{"name":"SAN FRANCISCO MAYORAZGO"},"geometry":{"type":"Polygon","coordinates":[[[-98.245969,18.995017],[-98.246303,18.994629],[-98.247194,18.995385],[-98.245969,18.995017]]]}},{"type":"Feature","properties":{"name":"SAN J MARAVILLAS"},"geometry":{"type":"Polygon","coordinates":[[[-98.246965,19.006439],[-98.247358,19.005567],[-98.248552,19.005826],[-98.248083,19.006928],[-98.246965,19.006439]]]}},{"type":"Feature","properties":{"name":"TIANGUIS DE ROPA DEL SUR"},"geometry":{"type":"Polygon","coordinates":[[[-98.241774,19.004016],[-98.241162,19.003808],[-98.241485,19.002977],[-98.242359,19.002867],[-98.241774,19.004016]]]}},{"type":"Feature","properties":{"name":"TORRES DE MAYORAZGO"},"geometry":{"type":"Polygon","coordinates":[[[-98.247125,19.001718],[-98.244819,19.003526],[-98.245142,19.001571],[-98.246462,19.001028],[-98.247125,19.001718]]]}},{"type":"Feature","properties":{"name":"TORRES DE MAYORAZGO FLORESTA"},"geometry":{"type":"Polygon","coordinates":[[[-98.242922,19.004395],[-98.243171,19.002104],[-98.242529,19.00157],[-98.245142,19.001571],[-98.244819,19.003526],[-98.242922,19.004395]]]}},{"type":"Feature","properties":{"name":"VILLAS LOS CANTAROS"},"geometry":{"type":"Polygon","coordinates":[[[-98.244873,18.996506],[-98.245477,18.995565],[-98.246128,18.996096],[-98.245594,18.996889],[-98.244873,18.996506]]]}},{"type":"Feature","properties":{"name":"LA VISTA COUNTRY"},"geometry":{"type":"GeometryCollection","geometries":[{"type":"Polygon","coordinates":[[[-98.250889,19.0085],[-98.249634,19.01105],[-98.251093,19.008283],[-98.250889,19.0085]]]},{"type":"Polygon","coordinates":[[[-98.253272,19.007448],[-98.253261,19.007459],[-98.253272,19.007436],[-98.253272,19.007448]]]},{"type":"Polygon","coordinates":[[[-98.253035,19.004549],[-98.253295,19.007103],[-98.25262,19.0052],[-98.253035,19.004549]]]},{"type":"Polygon","coordinates":[[[-98.253424,19.004454],[-98.253424,19.004454],[-98.253424,19.004454],[-98.253424,19.004454]]]},{"type":"Polygon","coordinates":[[[-98.254016,19.003292],[-98.25363,19.004315],[-98.254092,19.002642],[-98.254016,19.003292]]]},{"type":"Polygon","coordinates":[[[-98.25417,19.002413],[-98.254217,19.002273],[-98.254466,19.001865],[-98.25417,19.002413]]]},{"type":"Polygon","coordinates":[[[-98.254856,19.000272],[-98.25476,18.999997],[-98.254697,18.99962],[-98.254856,19.000272]]]},{"type":"Polygon","coordinates":[[[-98.254679,18.999354],[-98.25469,18.998897],[-98.254798,18.998521],[-98.254679,18.999354]]]},{"type":"Polygon","coordinates":[[[-98.254903,18.998226],[-98.25491,18.998208],[-98.254923,18.998174],[-98.254903,18.998226]]]},{"type":"Polygon","coordinates":[[[-98.255009,18.997961],[-98.255116,18.997697],[-98.255266,18.997609],[-98.255009,18.997961]]]},{"type":"Polygon","coordinates":[[[-98.255602,18.997376],[-98.255722,18.997321],[-98.255931,18.997347],[-98.255602,18.997376]]]},{"type":"Polygon","coordinates":[[[-98.257179,18.997858],[-98.257158,18.997848],[-98.257206,18.997855],[-98.257179,18.997858]]]},{"type":"Polygon","coordinates":[[[-98.257536,18.997826],[-98.257465,18.997832],[-98.257619,18.99777],[-98.257536,18.997826]]]}]}},{"type":"Feature","properties":{"name":"LOS FRESNOS"},"geometry":{"type":"Polygon","coordinates":[[[-98.248979,19.087094],[-98.248871,19.087158],[-98.249108,19.087041],[-98.248979,19.087094]]]}},{"type":"Feature","properties":{"name":"LA CONSTANZA"},"geometry":{"type":"Polygon","coordinates":[[[-98.240275,19.10244],[-98.239746,19.10292],[-98.237526,19.10151],[-98.236548,19.099927],[-98.236712,19.094731],[-98.241981,19.0933],[-98.242656,19.090997],[-98.240101,19.087381],[-98.24177,19.08815],[-98.241707,19.086926],[-98.246566,19.08691],[-98.247258,19.089691],[-98.248773,19.091491],[-98.245254,19.094447],[-98.242919,19.093462],[-98.241022,19.098221],[-98.239765,19.097681],[-98.238787,19.098533],[-98.238105,19.101332],[-98.240275,19.10244]],[[-98.240351,19.095415],[-98.241246,19.093942],[-98.239327,19.094319],[-98.240351,19.095415]]]}},{"type":"Feature","properties":{"name":"LÁZARO CÁRDENAS"},"geometry":{"type":"GeometryCollection","geometries":[{"type":"Polygon","coordinates":[[[-98.242183,19.100778],[-98.242182,19.100779],[-98.242145,19.100771],[-98.242183,19.100778]]]},{"type":"Polygon","coordinates":[[[-98.244227,19.094707],[-98.242913,19.094925],[-98.241877,19.096161],[-98.241844,19.100718],[-98.240832,19.098265],[-98.241929,19.095099],[-98.242919,19.093462],[-98.245244,19.09445],[-98.244227,19.094707]]]}]}},{"type":"Feature","properties":{"name":"SAN MIGUEL APETLACHICA"},"geometry":{"type":"GeometryCollection","geometries":[{"type":"Polygon","coordinates":[[[-98.239755,19.102929],[-98.239746,19.10292],[-98.239785,19.102903],[-98.239755,19.102929]]]},{"type":"Polygon","coordinates":[[[-98.242079,19.100871],[-98.241903,19.101028],[-98.241894,19.100728],[-98.242079,19.100871]]]}]}},{"type":"Feature","properties":{"name":"NUEVA ALEMANIA"},"geometry":{"type":"Polygon","coordinates":[[[-98.238393,19.104158],[-98.235366,19.109173],[-98.23438,19.108591],[-98.234446,19.107196],[-98.232979,19.104653],[-98.233457,19.103868],[-98.236624,19.10268],[-98.236049,19.103804],[-98.234764,19.103817],[-98.237493,19.105612],[-98.239408,19.103241],[-98.238393,19.104158]]]}},{"type":"Feature","properties":{"name":"CAMPESTRE DEL BOSQUE"},"geometry":{"type":"Polygon","coordinates":[[[-98.239559,19.092917],[-98.239931,19.091878],[-98.239034,19.089805],[-98.239783,19.087699],[-98.238508,19.086369],[-98.239053,19.085323],[-98.242692,19.091382],[-98.241569,19.093729],[-98.237414,19.094328],[-98.237424,19.093688],[-98.239559,19.092917]]]}},{"type":"Feature","properties":{"name":"VOLKSWAGEN 2"},"geometry":{"type":"Polygon","coordinates":[[[-98.241725,19.101188],[-98.240317,19.102404],[-98.238105,19.101332],[-98.238509,19.099028],[-98.239673,19.097702],[-98.2408,19.09789],[-98.241725,19.101188]]]}},{"type":"Feature","properties":{"name":"VOLKSWAGEN 1"},"geometry":{"type":"Polygon","coordinates":[[[-98.239717,19.102963],[-98.237493,19.105612],[-98.234764,19.103817],[-98.236049,19.103804],[-98.23743,19.101423],[-98.239717,19.102963]]]}},{"type":"Feature","properties":{"name":"BOSQUES DE LA CONSTANZA"},"geometry":{"type":"Polygon","coordinates":[[[-98.240351,19.095415],[-98.239327,19.094319],[-98.241246,19.093942],[-98.240351,19.095415]]]}},{"type":"Feature","properties":{"name":"MOLINO DE SANTO DOMINGO"},"geometry":{"type":"Polygon","coordinates":[[[-98.236861,19.090529],[-98.237434,19.089825],[-98.238693,19.090967],[-98.23926,19.090418],[-98.239729,19.09273],[-98.236861,19.090529]]]}},{"type":"Feature","properties":{"name":"TEPETZINTLA"},"geometry":{"type":"Polygon","coordinates":[[[-98.235368,19.092295],[-98.236861,19.090529],[-98.239559,19.092917],[-98.237424,19.093688],[-98.23667,19.094881],[-98.235777,19.09447],[-98.235368,19.092295]],[[-98.236468,19.094455],[-98.236998,19.093988],[-98.23599,19.093273],[-98.236468,19.094455]]]}},{"type":"Feature","properties":{"name":"MOLINO DE SANTO DOMINGO II"},"geometry":{"type":"Polygon","coordinates":[[[-98.23926,19.090418],[-98.238693,19.090967],[-98.237434,19.089825],[-98.23926,19.090418]]]}},{"type":"Feature","properties":{"name":"RANCHO MORATILLA"},"geometry":{"type":"Polygon","coordinates":[[[-98.231151,19.097977],[-98.230919,19.096203],[-98.234765,19.098552],[-98.234955,19.096846],[-98.236602,19.096765],[-98.236599,19.097373],[-98.23595,19.097083],[-98.235745,19.099102],[-98.237514,19.100565],[-98.23743,19.101423],[-98.231151,19.097977]]]}},{"type":"Feature","properties":{"name":"PLAN DE AYALA CALERAS"},"geometry":{"type":"Polygon","coordinates":[[[-98.230154,19.103375],[-98.22872,19.100814],[-98.228972,19.100218],[-98.229708,19.101173],[-98.230955,19.100033],[-98.231151,19.097977],[-98.23743,19.101423],[-98.23606,19.103085],[-98.234018,19.103418],[-98.232984,19.104592],[-98.232558,19.101968],[-98.230154,19.103375]]]}},{"type":"Feature","properties":{"name":"LUZ OBRERA"},"geometry":{"type":"Polygon","coordinates":[[[-98.237254,19.090048],[-98.234831,19.092365],[-98.235808,19.089241],[-98.237254,19.090048]]]}},{"type":"Feature","properties":{"name":"LUZ OBRERA"},"geometry":{"type":"Polygon","coordinates":[[[-98.236764,19.09424],[-98.235869,19.09381],[-98.23599,19.093273],[-98.236764,19.09424]]]}},{"type":"Feature","properties":{"name":"FUENTES MORATILLA"},"geometry":{"type":"Polygon","coordinates":[[[-98.232628,19.097387],[-98.2336,19.09434],[-98.236664,19.095041],[-98.236602,19.096765],[-98.234955,19.096846],[-98.234765,19.098552],[-98.232628,19.097387]]]}},{"type":"Feature","properties":{"name":"LA CONSTANCIA"},"geometry":{"type":"Polygon","coordinates":[[[-98.2336,19.09434],[-98.233244,19.093476],[-98.234373,19.092241],[-98.235244,19.092399],[-98.235777,19.09447],[-98.236664,19.095041],[-98.2336,19.09434]]]}},{"type":"Feature","properties":{"name":"LAS FUENTES DE PUEBLA"},"geometry":{"type":"Polygon","coordinates":[[[-98.229816,19.093647],[-98.229555,19.090949],[-98.234373,19.092241],[-98.232742,19.093933],[-98.229907,19.094263],[-98.229816,19.093647]]]}},{"type":"Feature","properties":{"name":"MORATILLA"},"geometry":{"type":"Polygon","coordinates":[[[-98.2331,19.094714],[-98.2336,19.09434],[-98.233664,19.095652],[-98.232628,19.097387],[-98.231127,19.096402],[-98.2331,19.094714]]]}},{"type":"Feature","properties":{"name":"SAN JOSÉ LAS FLORES"},"geometry":{"type":"Polygon","coordinates":[[[-98.230919,19.096203],[-98.233244,19.093476],[-98.2336,19.09434],[-98.230919,19.096203]]]}},{"type":"Feature","properties":{"name":"PARAÍSO DEL ÁNGEL"},"geometry":{"type":"Polygon","coordinates":[[[-98.232742,19.093933],[-98.230875,19.096148],[-98.231151,19.097977],[-98.22996,19.097364],[-98.229907,19.094263],[-98.232742,19.093933]]]}},{"type":"Feature","properties":{"name":"RINCÓN DE MORATILLA RESIDENCIAL"},"geometry":{"type":"Polygon","coordinates":[[[-98.236599,19.097373],[-98.236443,19.099468],[-98.235745,19.099102],[-98.23595,19.097083],[-98.236599,19.097373]]]}},{"type":"Feature","properties":{"name":"SAN MIGUEL 33 RESIDENCIAL"},"geometry":{"type":"Polygon","coordinates":[[[-98.236361,19.089653],[-98.235882,19.089011],[-98.236619,19.089547],[-98.236361,19.089653]]]}},{"type":"Feature","properties":{"name":"CONCEPCIÓN LA CRUZ"},"geometry":{"type":"GeometryCollection","geometries":[{"type":"Polygon","coordinates":[[[-98.248792,19.039764],[-98.250183,19.040627],[-98.248356,19.039582],[-98.248792,19.039764]]]},{"type":"Polygon","coordinates":[[[-98.246558,19.038847],[-98.24612,19.038669],[-98.24612,19.038669],[-98.246558,19.038847]]]}]}},{"type":"Feature","properties":{"name":"CONCEPCIÓN LA CRUZ (AMPLIACIÓN)"},"geometry":{"type":"Polygon","coordinates":[[[-98.245052,19.036031],[-98.245404,19.036463],[-98.245495,19.037283],[-98.245052,19.036031]]]}},{"type":"Feature","properties":{"name":"JARDINES DE SAN JOSÉ"},"geometry":{"type":"Polygon","coordinates":[[[-98.245495,19.03775],[-98.245487,19.03779],[-98.245503,19.03727],[-98.245495,19.03775]]]}},{"type":"Feature","properties":{"name":"DR MATEO DEL REGIL"},"geometry":{"type":"Polygon","coordinates":[[[-98.247955,19.009224],[-98.244592,19.007826],[-98.24588,19.00623],[-98.248851,19.007259],[-98.247955,19.009224]]]}},{"type":"Feature","properties":{"name":"NINGUNO"},"geometry":{"type":"Polygon","coordinates":[[[-98.228981,19.021661],[-98.228838,19.021029],[-98.231011,19.021502],[-98.233179,19.017865],[-98.23461,19.016962],[-98.235841,19.0169],[-98.237448,19.018408],[-98.240008,19.014903],[-98.245084,19.015534],[-98.245527,19.013537],[-98.244896,19.011244],[-98.243237,19.009892],[-98.244077,19.008677],[-98.243579,19.007422],[-98.246882,19.008773],[-98.244876,19.009525],[-98.246164,19.009524],[-98.246385,19.010052],[-98.245304,19.010501],[-98.248171,19.016923],[-98.247107,19.019835],[-98.242269,19.022836],[-98.237401,19.020476],[-98.234895,19.024228],[-98.228981,19.021661]]]}},{"type":"Feature","properties":{"name":"RESIDENCIAL LA CIMA"},"geometry":{"type":"Polygon","coordinates":[[[-98.245713,19.011385],[-98.245304,19.010501],[-98.246385,19.010052],[-98.246164,19.009524],[-98.244876,19.009525],[-98.246882,19.008773],[-98.247955,19.009224],[-98.246966,19.010894],[-98.248058,19.011455],[-98.247242,19.012593],[-98.246404,19.013043],[-98.245713,19.011385]]]}},{"type":"Feature","properties":{"name":"RESERVA TERRITORIAL ATLIXCAYOTL"},"geometry":{"type":"Polygon","coordinates":[[[-98.237933,19.031388],[-98.240268,19.032296],[-98.245045,19.036028],[-98.245496,19.037224],[-98.243263,19.037303],[-98.238429,19.034433],[-98.240719,19.032997],[-98.237345,19.031819],[-98.237933,19.031388]]]}},{"type":"Feature","properties":{"name":"CLUB DE GOLF PUEBLA"},"geometry":{"type":"Polygon","coordinates":[[[-98.245337,19.01504],[-98.244684,19.015771],[-98.238122,19.011301],[-98.240129,19.009155],[-98.239299,19.007735],[-98.242436,19.010416],[-98.243237,19.009892],[-98.244896,19.011244],[-98.245337,19.01504]]]}},{"type":"Feature","properties":{"name":"CENTRO RECREATIVO CLUB DE GOLF"},"geometry":{"type":"Polygon","coordinates":[[[-98.234041,19.017207],[-98.233094,19.01798],[-98.231529,19.015693],[-98.237005,19.007113],[-98.238976,19.008205],[-98.237315,19.010759],[-98.244684,19.015771],[-98.240008,19.014903],[-98.237059,19.018609],[-98.235841,19.0169],[-98.234041,19.017207]]]}},{"type":"Feature","properties":{"name":"SAN ROQUE"},"geometry":{"type":"Polygon","coordinates":[[[-98.239299,19.007735],[-98.240287,19.006135],[-98.243579,19.007422],[-98.244077,19.008677],[-98.242436,19.010416],[-98.239299,19.007735]]]}},{"type":"Feature","properties":{"name":"BOSQUE DE ANGELOPOLIS"},"geometry":{"type":"Polygon","coordinates":[[[-98.237473,19.025414],[-98.234883,19.02418],[-98.237401,19.020476],[-98.242269,19.022836],[-98.237473,19.025414]]]}},{"type":"Feature","properties":{"name":"SUR PONIENTE"},"geometry":{"type":"Polygon","coordinates":[[[-98.239246,19.037028],[-98.240692,19.036521],[-98.240601,19.037189],[-98.239246,19.037028]]]}},{"type":"Feature","properties":{"name":"PARQUE DEL ARTE"},"geometry":{"type":"Polygon","coordinates":[[[-98.239627,19.036448],[-98.240249,19.035545],[-98.240688,19.035828],[-98.239627,19.036448]]]}},{"type":"Feature","properties":{"name":"CENTROS COMERCIALES DESARROLLO ATLIXCAYOTL"},"geometry":{"type":"Polygon","coordinates":[[[-98.235386,19.036565],[-98.236326,19.034327],[-98.235594,19.033596],[-98.234117,19.036371],[-98.231044,19.034851],[-98.229806,19.03653],[-98.226408,19.03611],[-98.22861,19.032217],[-98.23186,19.034472],[-98.234456,19.033991],[-98.237345,19.031819],[-98.240719,19.032997],[-98.238485,19.033931],[-98.236901,19.036721],[-98.235386,19.036565]]]}},{"type":"Feature","properties":{"name":"CONCEPCIÓN LAS LAJAS"},"geometry":{"type":"Polygon","coordinates":[[[-98.236901,19.036721],[-98.238429,19.034433],[-98.240249,19.035545],[-98.239246,19.037028],[-98.236901,19.036721]]]}},{"type":"Feature","properties":{"name":"ARCADIA TOWER"},"geometry":{"type":"Polygon","coordinates":[[[-98.239498,19.035075],[-98.239642,19.035537],[-98.239315,19.035336],[-98.239498,19.035075]]]}},{"type":"Feature","properties":{"name":"CLUB DE GOLF"},"geometry":{"type":"Polygon","coordinates":[[[-98.237005,19.007113],[-98.240191,19.006406],[-98.239014,19.00815],[-98.240129,19.009155],[-98.238193,19.011232],[-98.237315,19.010759],[-98.238976,19.008205],[-98.237005,19.007113]]]}},{"type":"Feature","properties":{"name":"CENTRO COMERCIAL ANGELOPOLIS"},"geometry":{"type":"Polygon","coordinates":[[[-98.236734,19.031163],[-98.237926,19.031385],[-98.234456,19.033991],[-98.232531,19.034427],[-98.230414,19.03386],[-98.230806,19.032764],[-98.230121,19.033651],[-98.228577,19.032361],[-98.2299,19.030433],[-98.232534,19.028824],[-98.236734,19.031163]]]}},{"type":"Feature","properties":{"name":"RINCONADA SUR ORIENTE"},"geometry":{"type":"Polygon","coordinates":[[[-98.2356,19.033664],[-98.236326,19.034327],[-98.235386,19.036565],[-98.234117,19.036371],[-98.2356,19.033664]]]}},{"type":"Feature","properties":{"name":"SAN JOSÉ MAYORAZGO"},"geometry":{"type":"Polygon","coordinates":[[[-98.233697,19.005071],[-98.237079,19.006988],[-98.231258,19.016412],[-98.230197,19.016361],[-98.228086,19.014916],[-98.233697,19.005071]]]}},{"type":"Feature","properties":{"name":"LOMAS CLUB DE GOLF"},"geometry":{"type":"Polygon","coordinates":[[[-98.231258,19.016412],[-98.231529,19.015693],[-98.232822,19.018345],[-98.230577,19.017528],[-98.231258,19.016412]]]}},{"type":"Feature","properties":{"name":"CENTROS COMERCIALES DESARROLLO ATLIXCAYOTL"},"geometry":{"type":"Polygon","coordinates":[[[-98.232987,19.029077],[-98.236197,19.030897],[-98.232534,19.028824],[-98.232987,19.029077]]]}},{"type":"Feature","properties":{"name":"CORREDOR COMERCIAL DESARROLLO ATLIXCAYOTL"},"geometry":{"type":"GeometryCollection","geometries":[{"type":"Polygon","coordinates":[[[-98.231057,19.028085],[-98.231845,19.028441],[-98.232535,19.028823],[-98.231057,19.028085]]]},{"type":"Polygon","coordinates":[[[-98.247115,19.019837],[-98.245549,19.020342],[-98.238186,19.025419],[-98.237473,19.025414],[-98.247115,19.019837]]]}]}},{"type":"Feature","properties":{"name":"NINGUNO"},"geometry":{"type":"GeometryCollection","geometries":[{"type":"Polygon","coordinates":[[[-98.232593,19.023082],[-98.232153,19.022931],[-98.232151,19.02293],[-98.232593,19.023082]]]},{"type":"Polygon","coordinates":[[[-98.232657,19.023288],[-98.232605,19.023098],[-98.234669,19.024141],[-98.232657,19.023288]]]}]}},{"type":"Feature","properties":{"name":"CENTRO COMERCIAL PUEBLA"},"geometry":{"type":"GeometryCollection","geometries":[{"type":"Polygon","coordinates":[[[-98.238957,19.031383],[-98.239273,19.031531],[-98.245045,19.036028],[-98.238957,19.031383]]]},{"type":"Polygon","coordinates":[[[-98.237856,19.031241],[-98.237862,19.031241],[-98.23793,19.031383],[-98.237926,19.031385],[-98.237856,19.031241]]]},{"type":"Polygon","coordinates":[[[-98.236199,19.030897],[-98.236734,19.031163],[-98.236197,19.030896],[-98.236199,19.030897]]]}]}},{"type":"Feature","properties":{"name":"NINGUNO"},"geometry":{"type":"Polygon","coordinates":[[[-98.248852,19.011168],[-98.246412,19.013045],[-98.248178,19.016926],[-98.247107,19.019835],[-98.248171,19.016923],[-98.246404,19.013043],[-98.249554,19.010978],[-98.248852,19.011168]]]}},{"type":"Feature","properties":{"name":"SAN MIGUEL LA ROSA"},"geometry":{"type":"Polygon","coordinates":[[[-98.234714,19.040807],[-98.233261,19.038329],[-98.229806,19.03653],[-98.231044,19.034851],[-98.232532,19.036128],[-98.234344,19.036394],[-98.235785,19.040025],[-98.237753,19.039443],[-98.237659,19.040171],[-98.238896,19.040558],[-98.237651,19.042056],[-98.236554,19.040312],[-98.234714,19.040807]]]}},{"type":"Feature","properties":{"name":"BOSQUE RESIDENCIAL VILLA MAGNA"},"geometry":{"type":"Polygon","coordinates":[[[-98.234714,19.040807],[-98.236554,19.040312],[-98.237651,19.042056],[-98.237132,19.042676],[-98.234714,19.040807]]]}},{"type":"Feature","properties":{"name":"BELISARIO DOMÍNGUEZ"},"geometry":{"type":"Polygon","coordinates":[[[-98.232527,19.060255],[-98.234446,19.05633],[-98.234135,19.055692],[-98.23001,19.052585],[-98.226949,19.051263],[-98.225973,19.051637],[-98.226322,19.050994],[-98.222855,19.050173],[-98.222772,19.049515],[-98.224425,19.049624],[-98.224396,19.048371],[-98.233215,19.047761],[-98.235031,19.048621],[-98.236117,19.050788],[-98.235366,19.052675],[-98.236484,19.054751],[-98.234345,19.05817],[-98.235648,19.059426],[-98.234406,19.061238],[-98.232527,19.060255]],[[-98.233209,19.049304],[-98.233761,19.049066],[-98.233441,19.048906],[-98.233209,19.049304]],[[-98.233674,19.053347],[-98.232686,19.05284],[-98.232176,19.053706],[-98.233388,19.054323],[-98.233674,19.053347]]]}},{"type":"Feature","properties":{"name":"LAS ANIMAS"},"geometry":{"type":"Polygon","coordinates":[[[-98.233108,19.043137],[-98.229844,19.041445],[-98.232011,19.037669],[-98.233861,19.039041],[-98.234301,19.0409],[-98.236822,19.04206],[-98.236409,19.042842],[-98.233108,19.043137]]]}},{"type":"Feature","properties":{"name":"EL SECRETO"},"geometry":{"type":"Polygon","coordinates":[[[-98.235995,19.052355],[-98.236203,19.051998],[-98.236542,19.052176],[-98.235995,19.052355]]]}},{"type":"Feature","properties":{"name":"CENTRO COMERCIAL GALERÍA LAS ANIMAS"},"geometry":{"type":"Polygon","coordinates":[[[-98.231261,19.045748],[-98.230436,19.043653],[-98.232674,19.043135],[-98.233186,19.045948],[-98.234795,19.045773],[-98.234168,19.046624],[-98.231261,19.045748]]]}},{"type":"Feature","properties":{"name":"RESIDENCIAL ESMERALDA"},"geometry":{"type":"Polygon","coordinates":[[[-98.231857,19.048163],[-98.231261,19.045748],[-98.234168,19.046624],[-98.232904,19.048161],[-98.231857,19.048163]]]}},{"type":"Feature","properties":{"name":"UNIDAD PALMA"},"geometry":{"type":"Polygon","coordinates":[[[-98.232423,19.053277],[-98.233867,19.053442],[-98.233388,19.054323],[-98.232423,19.053277]]]}},{"type":"Feature","properties":{"name":"SANTA CRUZ LOS ÁNGELES"},"geometry":{"type":"Polygon","coordinates":[[[-98.219217,19.048963],[-98.220548,19.046572],[-98.230436,19.043653],[-98.231857,19.048163],[-98.224396,19.048371],[-98.224425,19.049624],[-98.221452,19.04987],[-98.219217,19.048963]]]}},{"type":"Feature","properties":{"name":"GRANJAS ATOYAC"},"geometry":{"type":"Polygon","coordinates":[[[-98.229127,19.038609],[-98.229107,19.036654],[-98.227671,19.037608],[-98.226068,19.036779],[-98.225636,19.038629],[-98.224861,19.037968],[-98.223416,19.038843],[-98.223569,19.037646],[-98.226215,19.035668],[-98.226595,19.036338],[-98.229113,19.0361],[-98.232011,19.037669],[-98.230698,19.039608],[-98.229127,19.038609]]]}},{"type":"Feature","properties":{"name":"EL VERGEL"},"geometry":{"type":"Polygon","coordinates":[[[-98.228108,19.04048],[-98.231234,19.042172],[-98.230436,19.043653],[-98.228085,19.044176],[-98.226483,19.043371],[-98.228108,19.04048]]]}},{"type":"Feature","properties":{"name":"AMANECER"},"geometry":{"type":"Polygon","coordinates":[[[-98.22965,19.041343],[-98.228444,19.039906],[-98.229127,19.038609],[-98.230698,19.039608],[-98.231142,19.039204],[-98.22965,19.041343]]]}},{"type":"Feature","properties":{"name":"GÉNESIS"},"geometry":{"type":"Polygon","coordinates":[[[-98.227818,19.039019],[-98.228028,19.037586],[-98.229401,19.038122],[-98.228549,19.039706],[-98.227818,19.039019]]]}},{"type":"Feature","properties":{"name":"PLAZA EXPRESS"},"geometry":{"type":"Polygon","coordinates":[[[-98.228706,19.040847],[-98.228444,19.039906],[-98.229226,19.04034],[-98.228706,19.040847]]]}},{"type":"Feature","properties":{"name":"TORRE LAS ANIMAS"},"geometry":{"type":"Polygon","coordinates":[[[-98.228877,19.037763],[-98.228002,19.037578],[-98.229107,19.036654],[-98.228877,19.037763]]]}},{"type":"Feature","properties":{"name":"HUAMANTLA 28"},"geometry":{"type":"Polygon","coordinates":[[[-98.227942,19.054832],[-98.228522,19.054986],[-98.22842,19.055156],[-98.227942,19.054832]]]}},{"type":"Feature","properties":{"name":"HUAMANTLA 26"},"geometry":{"type":"Polygon","coordinates":[[[-98.227942,19.054832],[-98.22842,19.055156],[-98.228236,19.055445],[-98.227942,19.054832]]]}},{"type":"Feature","properties":{"name":"RINCÓN DE LAS ANIMAS"},"geometry":{"type":"Polygon","coordinates":[[[-98.228065,19.040457],[-98.22715,19.039969],[-98.227305,19.038735],[-98.228549,19.039706],[-98.228065,19.040457]]]}},{"type":"Feature","properties":{"name":"OASIS"},"geometry":{"type":"Polygon","coordinates":[[[-98.227305,19.038735],[-98.228028,19.037586],[-98.228411,19.038178],[-98.227305,19.038735]]]}},{"type":"Feature","properties":{"name":"BENITO JUÁREZ"},"geometry":{"type":"Polygon","coordinates":[[[-98.222263,19.043472],[-98.220709,19.04269],[-98.221664,19.041013],[-98.220943,19.040654],[-98.224861,19.037968],[-98.228108,19.04048],[-98.226483,19.043371],[-98.228085,19.044176],[-98.224089,19.04536],[-98.221825,19.044257],[-98.222263,19.043472]],[[-98.225485,19.040315],[-98.225309,19.039713],[-98.225081,19.040129],[-98.225485,19.040315]]]}},{"type":"Feature","properties":{"name":"EDIFICIO PUNTA DEL CIELO"},"geometry":{"type":"Polygon","coordinates":[[[-98.227201,19.055708],[-98.227742,19.055832],[-98.226874,19.055958],[-98.227201,19.055708]]]}},{"type":"Feature","properties":{"name":"GÉNESIS"},"geometry":{"type":"Polygon","coordinates":[[[-98.226537,19.039642],[-98.227796,19.037518],[-98.22715,19.039969],[-98.226537,19.039642]]]}},{"type":"Feature","properties":{"name":"ERIKA"},"geometry":{"type":"Polygon","coordinates":[[[-98.227304,19.037407],[-98.226537,19.039642],[-98.22545,19.037855],[-98.226068,19.036779],[-98.227304,19.037407]]]}},{"type":"Feature","properties":{"name":"EDIFICIO DEL PARQUE"},"geometry":{"type":"Polygon","coordinates":[[[-98.226745,19.054819],[-98.22663,19.055141],[-98.226323,19.054867],[-98.226745,19.054819]]]}},{"type":"Feature","properties":{"name":"VILLA FLORENCIA"},"geometry":{"type":"Polygon","coordinates":[[[-98.22517,19.036596],[-98.22407,19.037269],[-98.22357,19.036784],[-98.225537,19.035516],[-98.22517,19.036596]]]}},{"type":"Feature","properties":{"name":"CENTRO COMERCIAL PLAZA REFORMA"},"geometry":{"type":"Polygon","coordinates":[[[-98.224658,19.057646],[-98.223952,19.058885],[-98.220639,19.056465],[-98.221119,19.05585],[-98.224658,19.057646]]]}},{"type":"Feature","properties":{"name":"EDIFICIO RS-28"},"geometry":{"type":"Polygon","coordinates":[[[-98.223241,19.05691],[-98.223791,19.057197],[-98.223537,19.057622],[-98.223241,19.05691]]]}},{"type":"Feature","properties":{"name":"LA QUADRA EN LA NORIA"},"geometry":{"type":"Polygon","coordinates":[[[-98.223238,19.035719],[-98.224024,19.035329],[-98.224179,19.03591],[-98.223238,19.035719]]]}},{"type":"Feature","properties":{"name":"MERCADO SAN JUAN"},"geometry":{"type":"Polygon","coordinates":[[[-98.236837,19.055934],[-98.237685,19.055368],[-98.237497,19.056489],[-98.236837,19.055934]]]}},{"type":"Feature","properties":{"name":"PLAZA LAS ÁNIMAS"},"geometry":{"type":"Polygon","coordinates":[[[-98.231234,19.042172],[-98.233108,19.043137],[-98.230436,19.043653],[-98.231234,19.042172]]]}},{"type":"Feature","properties":{"name":"PLAZA PUEBLA"},"geometry":{"type":"Polygon","coordinates":[[[-98.232674,19.043135],[-98.235684,19.04445],[-98.234795,19.045773],[-98.233186,19.045948],[-98.232674,19.043135]]]}},{"type":"Feature","properties":{"name":"SENZA 3932"},"geometry":{"type":"Polygon","coordinates":[[[-98.227346,19.038197],[-98.227048,19.038734],[-98.226646,19.038518],[-98.227346,19.038197]]]}},{"type":"Feature","properties":{"name":"STAR LIGHT"},"geometry":{"type":"Polygon","coordinates":[[[-98.230005,19.036178],[-98.230234,19.035836],[-98.230449,19.036049],[-98.230005,19.036178]]]}},{"type":"Feature","properties":{"name":"TORRE ANTEQUERA"},"geometry":{"type":"Polygon","coordinates":[[[-98.237797,19.047902],[-98.23739,19.047944],[-98.237379,19.047708],[-98.237797,19.047902]]]}},{"type":"Feature","properties":{"name":"TORRE ARBOLADA"},"geometry":{"type":"Polygon","coordinates":[[[-98.233519,19.049467],[-98.233441,19.048906],[-98.233761,19.049066],[-98.233519,19.049467]]]}},{"type":"Feature","properties":{"name":"TORRE FRESNOS"},"geometry":{"type":"Polygon","coordinates":[[[-98.236822,19.04206],[-98.237132,19.042676],[-98.236409,19.042842],[-98.236822,19.04206]]]}},{"type":"Feature","properties":{"name":"TORRE LA PAZ"},"geometry":{"type":"Polygon","coordinates":[[[-98.224554,19.055513],[-98.224736,19.055273],[-98.225148,19.055787],[-98.224554,19.055513]]]}},{"type":"Feature","properties":{"name":"TORRE NORIA"},"geometry":{"type":"Polygon","coordinates":[[[-98.225081,19.040129],[-98.225309,19.039713],[-98.225712,19.039909],[-98.225081,19.040129]]]}},{"type":"Feature","properties":{"name":"TORRE TECAMACHALCO"},"geometry":{"type":"Polygon","coordinates":[[[-98.229195,19.056823],[-98.228642,19.057075],[-98.229013,19.056462],[-98.229195,19.056823]]]}},{"type":"Feature","properties":{"name":"TRIÁNGULO LAS ÁNIMAS"},"geometry":{"type":"Polygon","coordinates":[[[-98.233108,19.043137],[-98.237047,19.042801],[-98.235684,19.04445],[-98.233108,19.043137]]]}},{"type":"Feature","properties":{"name":"VERTICAL SENZA LOFTS Y SUITS"},"geometry":{"type":"Polygon","coordinates":[[[-98.227304,19.037407],[-98.227346,19.038197],[-98.226958,19.03801],[-98.227304,19.037407]]]}},{"type":"Feature","properties":{"name":"ZACATLÁN"},"geometry":{"type":"Polygon","coordinates":[[[-98.225999,19.054236],[-98.226247,19.054099],[-98.226369,19.054409],[-98.225999,19.054236]]]}},{"type":"Feature","properties":{"name":"SAN JOSÉ DEL PUENTE"},"geometry":{"type":"Polygon","coordinates":[[[-98.247088,19.06687],[-98.245664,19.066752],[-98.245033,19.068254],[-98.245923,19.068772],[-98.246219,19.067965],[-98.247263,19.068297],[-98.246915,19.070213],[-98.24471,19.069616],[-98.244586,19.070854],[-98.242427,19.070689],[-98.242586,19.069184],[-98.241882,19.068861],[-98.24294,19.067357],[-98.241656,19.066102],[-98.241245,19.064137],[-98.248125,19.065034],[-98.2479,19.066683],[-98.247004,19.066263],[-98.247088,19.06687]]]}},{"type":"Feature","properties":{"name":"BRITANIA"},"geometry":{"type":"Polygon","coordinates":[[[-98.246934,19.068189],[-98.245975,19.066854],[-98.247124,19.0672],[-98.246934,19.068189]]]}},{"type":"Feature","properties":{"name":"VILLAS CAMINO DEL REY"},"geometry":{"type":"Polygon","coordinates":[[[-98.245313,19.067777],[-98.246154,19.068663],[-98.245033,19.068254],[-98.245313,19.067777]]]}},{"type":"Feature","properties":{"name":"REFORMA SUR"},"geometry":{"type":"Polygon","coordinates":[[[-98.232328,19.061337],[-98.232714,19.060353],[-98.234406,19.061238],[-98.235454,19.059695],[-98.240819,19.059814],[-98.242215,19.061699],[-98.241154,19.064068],[-98.242882,19.067814],[-98.232328,19.061337]]]}},{"type":"Feature","properties":{"name":"REFORMA"},"geometry":{"type":"Polygon","coordinates":[[[-98.231498,19.062841],[-98.232328,19.061337],[-98.242882,19.067814],[-98.241191,19.069361],[-98.239524,19.067546],[-98.231498,19.062841]]]}},{"type":"Feature","properties":{"name":"VILLAS INGLESAS"},"geometry":{"type":"Polygon","coordinates":[[[-98.242031,19.070374],[-98.241191,19.069361],[-98.241882,19.068861],[-98.242586,19.069184],[-98.242031,19.070374]]]}},{"type":"Feature","properties":{"name":"LA LIBERTAD"},"geometry":{"type":"Polygon","coordinates":[[[-98.238571,19.081466],[-98.236226,19.078718],[-98.236457,19.077572],[-98.234439,19.07674],[-98.232611,19.07366],[-98.232758,19.07122],[-98.230922,19.068701],[-98.231498,19.062841],[-98.239524,19.067546],[-98.241191,19.069361],[-98.239793,19.071085],[-98.239355,19.074344],[-98.241031,19.0791],[-98.239874,19.080709],[-98.240904,19.081866],[-98.240044,19.082815],[-98.238571,19.081466]],[[-98.234449,19.075409],[-98.234021,19.074961],[-98.233959,19.075573],[-98.234449,19.075409]]]}},{"type":"Feature","properties":{"name":"PATRIOTISMO"},"geometry":{"type":"Polygon","coordinates":[[[-98.23946,19.084228],[-98.239449,19.085325],[-98.238342,19.086032],[-98.23877,19.081709],[-98.240044,19.082815],[-98.23946,19.084228]]]}},{"type":"Feature","properties":{"name":"LA AHOGADA"},"geometry":{"type":"Polygon","coordinates":[[[-98.238421,19.085505],[-98.238886,19.087309],[-98.239783,19.087699],[-98.23926,19.090418],[-98.237691,19.089505],[-98.238013,19.087934],[-98.236529,19.086947],[-98.237635,19.084346],[-98.238535,19.084639],[-98.238421,19.085505]]]}},{"type":"Feature","properties":{"name":"OBRERA TEXTIL JOSÉ ABASCAL"},"geometry":{"type":"Polygon","coordinates":[[[-98.238542,19.084572],[-98.236783,19.083723],[-98.237958,19.080719],[-98.23877,19.081709],[-98.238542,19.084572]]]}},{"type":"Feature","properties":{"name":"CLUB DE GOLF LAS FUENTES"},"geometry":{"type":"Polygon","coordinates":[[[-98.234373,19.092241],[-98.229555,19.090949],[-98.232126,19.083231],[-98.238083,19.088121],[-98.237254,19.090048],[-98.235882,19.089011],[-98.234373,19.092241]]]}},{"type":"Feature","properties":{"name":"PUERTA DE HIERRO"},"geometry":{"type":"Polygon","coordinates":[[[-98.23671,19.083907],[-98.23592,19.083564],[-98.234783,19.085601],[-98.233041,19.084038],[-98.233885,19.079439],[-98.235108,19.077395],[-98.237958,19.080719],[-98.23671,19.083907]]]}},{"type":"Feature","properties":{"name":"LOS CIPRESES"},"geometry":{"type":"Polygon","coordinates":[[[-98.234783,19.085601],[-98.23592,19.083564],[-98.237718,19.084084],[-98.236529,19.086947],[-98.234783,19.085601]]]}},{"type":"Feature","properties":{"name":"DAMISAR 3"},"geometry":{"type":"Polygon","coordinates":[[[-98.234733,19.07697],[-98.236457,19.077572],[-98.236226,19.078718],[-98.234733,19.07697]]]}},{"type":"Feature","properties":{"name":"AGRÍCOLA LOS VERGELES"},"geometry":{"type":"Polygon","coordinates":[[[-98.23161,19.080669],[-98.231835,19.080049],[-98.231019,19.079701],[-98.232025,19.079365],[-98.233252,19.077059],[-98.232542,19.075892],[-98.23296,19.074169],[-98.235115,19.077613],[-98.232595,19.081245],[-98.23161,19.080669]]]}},{"type":"Feature","properties":{"name":"DAMISAR 5"},"geometry":{"type":"Polygon","coordinates":[[[-98.234431,19.075562],[-98.233959,19.075573],[-98.234021,19.074961],[-98.234431,19.075562]]]}},{"type":"Feature","properties":{"name":"JACARANDAS"},"geometry":{"type":"Polygon","coordinates":[[[-98.234173,19.080215],[-98.233988,19.080908],[-98.233076,19.080495],[-98.233599,19.079316],[-98.234173,19.080215]]]}},{"type":"Feature","properties":{"name":"LOS VERGELES"},"geometry":{"type":"Polygon","coordinates":[[[-98.233072,19.076565],[-98.233252,19.077059],[-98.232654,19.076802],[-98.233072,19.076565]]]}},{"type":"Feature","properties":{"name":"HORIZONTAL LOS ÁLAMOS"},"geometry":{"type":"Polygon","coordinates":[[[-98.232685,19.076755],[-98.232542,19.075892],[-98.233116,19.076589],[-98.232685,19.076755]]]}},{"type":"Feature","properties":{"name":"LAS ALAMEDAS RESIDENCIAL"},"geometry":{"type":"Polygon","coordinates":[[[-98.230498,19.081646],[-98.231181,19.079775],[-98.232761,19.08155],[-98.232027,19.083134],[-98.230498,19.081646]]]}},{"type":"Feature","properties":{"name":"FRANCISCO I. MADERO"},"geometry":{"type":"Polygon","coordinates":[[[-98.228357,19.079663],[-98.23029,19.074453],[-98.232402,19.07335],[-98.232916,19.075013],[-98.231984,19.077567],[-98.231223,19.077673],[-98.231586,19.078637],[-98.230881,19.078378],[-98.230397,19.079451],[-98.231181,19.079775],[-98.230924,19.080494],[-98.230079,19.080108],[-98.229734,19.080918],[-98.228357,19.079663]]]}},{"type":"Feature","properties":{"name":"VILLA MADERO"},"geometry":{"type":"Polygon","coordinates":[[[-98.231397,19.07912],[-98.232298,19.076655],[-98.232866,19.0769],[-98.232025,19.079365],[-98.231397,19.07912]]]}},{"type":"Feature","properties":{"name":"AQUILES SERDÁN"},"geometry":{"type":"Polygon","coordinates":[[[-98.228,19.079325],[-98.226708,19.077993],[-98.22779,19.076063],[-98.226863,19.071942],[-98.221806,19.063298],[-98.22343,19.058502],[-98.231498,19.062841],[-98.230922,19.068701],[-98.232758,19.07122],[-98.232738,19.073591],[-98.23029,19.074453],[-98.228,19.079325]],[[-98.228104,19.064851],[-98.227423,19.065266],[-98.226049,19.062474],[-98.224586,19.063743],[-98.22733,19.067532],[-98.227326,19.069218],[-98.228641,19.065723],[-98.228104,19.064851]]]}},{"type":"Feature","properties":{"name":"SAN RAFAEL PONIENTE"},"geometry":{"type":"Polygon","coordinates":[[[-98.228217,19.079756],[-98.232325,19.083496],[-98.229412,19.090056],[-98.228217,19.079756]]]}},{"type":"Feature","properties":{"name":"LOS LAURELES"},"geometry":{"type":"Polygon","coordinates":[[[-98.231984,19.077567],[-98.23185,19.077943],[-98.231223,19.077673],[-98.231984,19.077567]]]}},{"type":"Feature","properties":{"name":"GORBY"},"geometry":{"type":"Polygon","coordinates":[[[-98.231586,19.078637],[-98.231397,19.07912],[-98.230672,19.078822],[-98.231586,19.078637]]]}},{"type":"Feature","properties":{"name":"FRANCISCO I. MADERO"},"geometry":{"type":"Polygon","coordinates":[[[-98.23117,19.079027],[-98.231019,19.079701],[-98.230397,19.079451],[-98.23117,19.079027]]]}},{"type":"Feature","properties":{"name":"PRIVANZA"},"geometry":{"type":"Polygon","coordinates":[[[-98.229926,19.081101],[-98.230079,19.080108],[-98.230924,19.080494],[-98.230498,19.081646],[-98.229926,19.081101]]]}},{"type":"Feature","properties":{"name":"FRANCISCO VILLA"},"geometry":{"type":"Polygon","coordinates":[[[-98.223368,19.089212],[-98.227601,19.081345],[-98.226041,19.085191],[-98.225398,19.089725],[-98.229555,19.090949],[-98.22271,19.090643],[-98.223084,19.089982],[-98.222071,19.089713],[-98.222332,19.088924],[-98.223368,19.089212]]]}},{"type":"Feature","properties":{"name":"SAN RAFAEL ORIENTE"},"geometry":{"type":"Polygon","coordinates":[[[-98.225567,19.087449],[-98.228192,19.079521],[-98.22953,19.090754],[-98.225398,19.089725],[-98.225567,19.087449]]]}},{"type":"Feature","properties":{"name":"VALLE DEL REY"},"geometry":{"type":"Polygon","coordinates":[[[-98.226448,19.066597],[-98.224586,19.063743],[-98.226049,19.062474],[-98.227423,19.065266],[-98.227779,19.064655],[-98.228542,19.065096],[-98.227326,19.069218],[-98.226839,19.068389],[-98.227546,19.067969],[-98.226448,19.066597]]]}},{"type":"Feature","properties":{"name":"PINO SUÁREZ"},"geometry":{"type":"Polygon","coordinates":[[[-98.223209,19.089167],[-98.220648,19.088454],[-98.222347,19.084933],[-98.223551,19.084334],[-98.222497,19.083335],[-98.223125,19.081924],[-98.224883,19.082142],[-98.225358,19.081229],[-98.223583,19.080923],[-98.223714,19.079337],[-98.226708,19.077993],[-98.228192,19.079521],[-98.223209,19.089167]],[[-98.225922,19.082004],[-98.226174,19.081452],[-98.2256,19.082003],[-98.225922,19.082004]]]}},{"type":"Feature","properties":{"name":"GALERÍAS SERDÁN"},"geometry":{"type":"Polygon","coordinates":[[[-98.223842,19.071217],[-98.225802,19.070393],[-98.226409,19.071448],[-98.225757,19.073306],[-98.223842,19.071217]]]}},{"type":"Feature","properties":{"name":"REAL DEL MONTE"},"geometry":{"type":"Polygon","coordinates":[[[-98.220341,19.06408],[-98.221097,19.06217],[-98.224122,19.067128],[-98.2222,19.067919],[-98.220341,19.06408]]]}},{"type":"Feature","properties":{"name":"LAS POZAS"},"geometry":{"type":"Polygon","coordinates":[[[-98.22232,19.070133],[-98.223255,19.071322],[-98.221956,19.072198],[-98.221037,19.071007],[-98.222022,19.070631],[-98.221573,19.070016],[-98.22232,19.070133]]]}},{"type":"Feature","properties":{"name":"PINO SUÁREZ (ATOYAC)"},"geometry":{"type":"Polygon","coordinates":[[[-98.2256,19.082003],[-98.225873,19.081423],[-98.226174,19.081452],[-98.2256,19.082003]]]}},{"type":"Feature","properties":{"name":"PUENTE MÉXICO"},"geometry":{"type":"Polygon","coordinates":[[[-98.242815,19.072567],[-98.243399,19.072327],[-98.243423,19.072589],[-98.242815,19.072567]]]}},{"type":"Feature","properties":{"name":"RANCHO POSADAS"},"geometry":{"type":"Polygon","coordinates":[[[-98.226697,19.07344],[-98.227034,19.073366],[-98.226915,19.073998],[-98.226697,19.07344]]]}},{"type":"Feature","properties":{"name":"RESIDENCIAL ANDALUCÍA"},"geometry":{"type":"Polygon","coordinates":[[[-98.223125,19.081924],[-98.223583,19.080923],[-98.225358,19.081229],[-98.224883,19.082142],[-98.223125,19.081924]]]}},{"type":"Feature","properties":{"name":"RESIDENCIAL PUENTE MÉXICO"},"geometry":{"type":"Polygon","coordinates":[[[-98.242864,19.071986],[-98.24336,19.071322],[-98.243379,19.071999],[-98.242864,19.071986]]]}},{"type":"Feature","properties":{"name":"RESIDENCIAL SAN CARLOS"},"geometry":{"type":"Polygon","coordinates":[[[-98.232027,19.083134],[-98.232761,19.08155],[-98.23161,19.080669],[-98.233988,19.080908],[-98.232027,19.083134]]]}},{"type":"Feature","properties":{"name":"SAN JOSÉ DEL PUENTE"},"geometry":{"type":"Polygon","coordinates":[[[-98.245313,19.067777],[-98.245932,19.066754],[-98.246248,19.068198],[-98.245313,19.067777]]]}},{"type":"Feature","properties":{"name":"TORRES DEL PUENTE"},"geometry":{"type":"Polygon","coordinates":[[[-98.24469,19.069818],[-98.245144,19.069693],[-98.244935,19.070673],[-98.24469,19.069818]]]}},{"type":"Feature","properties":{"name":"VILLAS INGLESAS"},"geometry":{"type":"Polygon","coordinates":[[[-98.246133,19.07021],[-98.244586,19.070854],[-98.245144,19.069693],[-98.246133,19.07021]]]}},{"type":"Feature","properties":{"name":"ZAVALETA"},"geometry":{"type":"Polygon","coordinates":[[[-98.242818,19.062213],[-98.243012,19.061993],[-98.24292,19.062546],[-98.242818,19.062213]]]}},{"type":"Feature","properties":{"name":"AGRÍCOLA LOS VERGELES"},"geometry":{"type":"Polygon","coordinates":[[[-98.232437,19.082576],[-98.233563,19.081831],[-98.233041,19.084038],[-98.232126,19.083231],[-98.232437,19.082576]]]}},{"type":"Feature","properties":{"name":"JUNTA AUXILIAR SAN JERÓNIMO CALERAS"},"geometry":{"type":"Polygon","coordinates":[[[-98.224192,19.073906],[-98.225757,19.073306],[-98.226409,19.071448],[-98.225802,19.070393],[-98.223674,19.070913],[-98.2222,19.067919],[-98.224122,19.067128],[-98.227273,19.073075],[-98.22779,19.076063],[-98.226924,19.07792],[-98.223491,19.074192],[-98.224192,19.073906]],[[-98.227034,19.073366],[-98.226697,19.07344],[-98.226915,19.073998],[-98.227034,19.073366]]]}},{"type":"Feature","properties":{"name":"JUNTA AUXILIAR SAN JERÓNIMO CALERAS"},"geometry":{"type":"Polygon","coordinates":[[[-98.218206,19.084193],[-98.21905,19.084225],[-98.218321,19.085792],[-98.217679,19.085549],[-98.218206,19.084193]]]}},{"type":"Feature","properties":{"name":"JUNTA AUXILIAR SAN JERÓNIMO CALERAS"},"geometry":{"type":"Polygon","coordinates":[[[-98.219089,19.086014],[-98.21963,19.084735],[-98.220372,19.085018],[-98.220349,19.086533],[-98.219089,19.086014]]]}},{"type":"Feature","properties":{"name":"INDEPENDENCIA SAN JERÓNIMO CALERAS"},"geometry":{"type":"Polygon","coordinates":[[[-98.227927,19.100246],[-98.224389,19.099164],[-98.224701,19.096268],[-98.226635,19.095258],[-98.231151,19.097977],[-98.230397,19.100681],[-98.228972,19.100218],[-98.228714,19.100922],[-98.227927,19.100246]]]}},{"type":"Feature","properties":{"name":"GUADALUPE"},"geometry":{"type":"Polygon","coordinates":[[[-98.230024,19.100958],[-98.229589,19.100493],[-98.230262,19.100464],[-98.230024,19.100958]]]}},{"type":"Feature","properties":{"name":"SAN JOSÉ CUATRO CAMINOS"},"geometry":{"type":"Polygon","coordinates":[[[-98.226635,19.095258],[-98.227793,19.093869],[-98.229907,19.094263],[-98.22996,19.097364],[-98.226635,19.095258]]]}},{"type":"Feature","properties":{"name":"EL RIEGO SUR"},"geometry":{"type":"Polygon","coordinates":[[[-98.221722,19.091717],[-98.22271,19.090643],[-98.229555,19.090949],[-98.229816,19.093647],[-98.227963,19.092711],[-98.226635,19.095258],[-98.221722,19.091717]],[[-98.227071,19.091723],[-98.225951,19.091295],[-98.22584,19.091628],[-98.227071,19.091723]],[[-98.226891,19.092186],[-98.225631,19.092183],[-98.226775,19.092504],[-98.226891,19.092186]]]}},{"type":"Feature","properties":{"name":"LA MARÍA"},"geometry":{"type":"Polygon","coordinates":[[[-98.226944,19.105619],[-98.227193,19.105208],[-98.228057,19.105577],[-98.226944,19.105619]]]}},{"type":"Feature","properties":{"name":"VILLAS DEL MESÓN"},"geometry":{"type":"Polygon","coordinates":[[[-98.227071,19.091723],[-98.22584,19.091628],[-98.225951,19.091295],[-98.227071,19.091723]]]}},{"type":"Feature","properties":{"name":"CERRITOS"},"geometry":{"type":"Polygon","coordinates":[[[-98.225767,19.109106],[-98.226574,19.108817],[-98.226303,19.109365],[-98.225767,19.109106]]]}},{"type":"Feature","properties":{"name":"VILLAS DEL MESÓN II"},"geometry":{"type":"Polygon","coordinates":[[[-98.226891,19.092186],[-98.226775,19.092504],[-98.225631,19.092183],[-98.226891,19.092186]]]}},{"type":"Feature","properties":{"name":"EL RIEGO NORTE"},"geometry":{"type":"Polygon","coordinates":[[[-98.224033,19.095998],[-98.224379,19.094652],[-98.223112,19.095908],[-98.221404,19.09556],[-98.221727,19.094743],[-98.221116,19.094593],[-98.220499,19.095498],[-98.219803,19.095199],[-98.221133,19.093052],[-98.222323,19.093445],[-98.221722,19.091717],[-98.226635,19.095258],[-98.225155,19.096229],[-98.224033,19.095998]]]}},{"type":"Feature","properties":{"name":"SAN JERÓNIMO"},"geometry":{"type":"Polygon","coordinates":[[[-98.224111,19.099111],[-98.225099,19.099309],[-98.223547,19.100434],[-98.224111,19.099111]]]}},{"type":"Feature","properties":{"name":"XAXALPA"},"geometry":{"type":"Polygon","coordinates":[[[-98.224379,19.097054],[-98.223846,19.097086],[-98.224033,19.095998],[-98.224965,19.096364],[-98.224379,19.097054]]]}},{"type":"Feature","properties":{"name":"EL RIEGO NORTE III"},"geometry":{"type":"Polygon","coordinates":[[[-98.224379,19.094652],[-98.22387,19.095916],[-98.223538,19.095799],[-98.224379,19.094652]]]}},{"type":"Feature","properties":{"name":"LA MARÍA"},"geometry":{"type":"Polygon","coordinates":[[[-98.222047,19.102705],[-98.222902,19.101526],[-98.224101,19.102311],[-98.222649,19.103536],[-98.222047,19.102705]]]}},{"type":"Feature","properties":{"name":"EL ROBLE 2"},"geometry":{"type":"Polygon","coordinates":[[[-98.222047,19.102705],[-98.222649,19.103536],[-98.223514,19.103157],[-98.221961,19.104171],[-98.221319,19.103231],[-98.222047,19.102705]]]}},{"type":"Feature","properties":{"name":"LOS OLIVOS"},"geometry":{"type":"Polygon","coordinates":[[[-98.222953,19.097329],[-98.223633,19.097133],[-98.223327,19.098955],[-98.222953,19.097329]]]}},{"type":"Feature","properties":{"name":"LOMA REAL"},"geometry":{"type":"Polygon","coordinates":[[[-98.223121,19.106437],[-98.222678,19.107386],[-98.220555,19.106527],[-98.220761,19.105916],[-98.223121,19.106437]]]}},{"type":"Feature","properties":{"name":"SAN JERÓNIMO"},"geometry":{"type":"Polygon","coordinates":[[[-98.221257,19.090945],[-98.219006,19.090084],[-98.219493,19.088833],[-98.222332,19.088924],[-98.222798,19.090554],[-98.221257,19.090945]]]}},{"type":"Feature","properties":{"name":"GEMA"},"geometry":{"type":"Polygon","coordinates":[[[-98.222035,19.102319],[-98.222387,19.102509],[-98.222047,19.102705],[-98.222035,19.102319]]]}},{"type":"Feature","properties":{"name":"EL RIEGO"},"geometry":{"type":"Polygon","coordinates":[[[-98.222517,19.092993],[-98.222323,19.093445],[-98.2214,19.093231],[-98.222517,19.092993]]]}},{"type":"Feature","properties":{"name":"DEL VALLE"},"geometry":{"type":"Polygon","coordinates":[[[-98.221485,19.098246],[-98.221995,19.097973],[-98.221837,19.098691],[-98.221485,19.098246]]]}},{"type":"Feature","properties":{"name":"SANTO DOMINGO (PRIMERA ETAPA)"},"geometry":{"type":"Polygon","coordinates":[[[-98.221536,19.092279],[-98.221955,19.092263],[-98.221796,19.092614],[-98.221536,19.092279]]]}},{"type":"Feature","properties":{"name":"EL RIEGO NORTE 2"},"geometry":{"type":"Polygon","coordinates":[[[-98.221133,19.093052],[-98.221429,19.092492],[-98.221796,19.092614],[-98.221133,19.093052]]]}},{"type":"Feature","properties":{"name":"EL JAGÜEY"},"geometry":{"type":"Polygon","coordinates":[[[-98.221727,19.094743],[-98.220552,19.095591],[-98.220979,19.094566],[-98.221727,19.094743]]]}},{"type":"Feature","properties":{"name":"FOVI"},"geometry":{"type":"Polygon","coordinates":[[[-98.219332,19.100452],[-98.221416,19.100999],[-98.220954,19.102124],[-98.219332,19.100452]]]}},{"type":"Feature","properties":{"name":"SAN JERÓNIMO"},"geometry":{"type":"Polygon","coordinates":[[[-98.21993,19.091828],[-98.22,19.092246],[-98.219067,19.093043],[-98.21993,19.091828]]]}},{"type":"Feature","properties":{"name":"EL RIEGO NORTE 2"},"geometry":{"type":"Polygon","coordinates":[[[-98.219275,19.094501],[-98.219437,19.094166],[-98.22001,19.094403],[-98.219275,19.094501]]]}},{"type":"Feature","properties":{"name":"JARDINES DE SAN JERÓNIMO"},"geometry":{"type":"Polygon","coordinates":[[[-98.219326,19.09315],[-98.219887,19.092398],[-98.220041,19.092505],[-98.219326,19.09315]]]}},{"type":"Feature","properties":{"name":"EL RIEGO NORTE"},"geometry":{"type":"Polygon","coordinates":[[[-98.219081,19.094908],[-98.219275,19.094501],[-98.219827,19.094733],[-98.219081,19.094908]]]}},{"type":"Feature","properties":{"name":"NINGUNO"},"geometry":{"type":"Polygon","coordinates":[[[-98.226944,19.105619],[-98.227964,19.105866],[-98.227864,19.1063],[-98.226944,19.105619]]]}},{"type":"Feature","properties":{"name":"PLAZA DEL MESÓN"},"geometry":{"type":"Polygon","coordinates":[[[-98.227566,19.093989],[-98.227963,19.092711],[-98.229907,19.094263],[-98.227566,19.093989]]]}},{"type":"Feature","properties":{"name":"VILLA ENCANTADA"},"geometry":{"type":"Polygon","coordinates":[[[-98.217887,19.10884],[-98.218067,19.107504],[-98.219468,19.107908],[-98.219008,19.109577],[-98.217887,19.10884]]]}},{"type":"Feature","properties":{"name":"VISTA DEL VALLE"},"geometry":{"type":"Polygon","coordinates":[[[-98.223693,19.109488],[-98.223111,19.109268],[-98.223717,19.107734],[-98.224641,19.108035],[-98.223693,19.109488]]]}},{"type":"Feature","properties":{"name":"SAN JUAN BAUTISTA"},"geometry":{"type":"Polygon","coordinates":[[[-98.249208,18.972894],[-98.253907,18.965066],[-98.255627,18.965998],[-98.25275,18.970064],[-98.25199,18.969671],[-98.251654,18.970238],[-98.252517,18.970708],[-98.252895,18.970146],[-98.255848,18.971839],[-98.257326,18.969377],[-98.256574,18.968968],[-98.256941,18.967324],[-98.259553,18.968724],[-98.257249,18.972572],[-98.256266,18.972087],[-98.253867,18.976027],[-98.24895,18.97333],[-98.249208,18.972894]],[[-98.252873,18.972926],[-98.252224,18.973974],[-98.252762,18.974269],[-98.253396,18.973218],[-98.252873,18.972926]]]}},{"type":"Feature","properties":{"name":"SAN RAMÓN"},"geometry":{"type":"Polygon","coordinates":[[[-98.260529,18.969164],[-98.262861,18.965307],[-98.265463,18.966746],[-98.262166,18.970075],[-98.260529,18.969164]]]}},{"type":"Feature","properties":{"name":"LA GIRALDA"},"geometry":{"type":"Polygon","coordinates":[[[-98.252895,18.970146],[-98.255059,18.966259],[-98.256941,18.967324],[-98.254709,18.971184],[-98.252895,18.970146]]]}},{"type":"Feature","properties":{"name":"BOSQUES DE LA CAÑADA"},"geometry":{"type":"Polygon","coordinates":[[[-98.271107,18.970321],[-98.268449,18.968041],[-98.270288,18.966784],[-98.272271,18.967418],[-98.274207,18.96939],[-98.272653,18.971321],[-98.271107,18.970321]]]}},{"type":"Feature","properties":{"name":"ANTIGUA HACIENDA"},"geometry":{"type":"Polygon","coordinates":[[[-98.26321,18.970708],[-98.262166,18.970075],[-98.265463,18.966746],[-98.26689,18.967496],[-98.26321,18.970708]]]}},{"type":"Feature","properties":{"name":"FLOR DEL SUR"},"geometry":{"type":"Polygon","coordinates":[[[-98.26689,18.967496],[-98.268194,18.968221],[-98.264009,18.971166],[-98.26321,18.970708],[-98.26689,18.967496]]]}},{"type":"Feature","properties":{"name":"SAN BERNABÉ TEMOXTITLA"},"geometry":{"type":"Polygon","coordinates":[[[-98.257455,18.976041],[-98.268449,18.968041],[-98.271307,18.970089],[-98.270326,18.970521],[-98.270803,18.971924],[-98.269539,18.972636],[-98.267955,18.971544],[-98.261713,18.978788],[-98.257455,18.976041]]]}},{"type":"Feature","properties":{"name":"HACIENDA DEL SUR II"},"geometry":{"type":"Polygon","coordinates":[[[-98.256591,18.968938],[-98.257326,18.969377],[-98.256524,18.97067],[-98.25534,18.970073],[-98.256591,18.96788],[-98.256591,18.968938]]]}},{"type":"Feature","properties":{"name":"VILLAS LEONOR"},"geometry":{"type":"Polygon","coordinates":[[[-98.250818,18.969094],[-98.250643,18.968182],[-98.251219,18.968471],[-98.250818,18.969094]]]}},{"type":"Feature","properties":{"name":"SANTA CATARINA COATEPEC"},"geometry":{"type":"Polygon","coordinates":[[[-98.260881,18.971064],[-98.259425,18.970275],[-98.260207,18.968982],[-98.264009,18.971166],[-98.262625,18.972107],[-98.260881,18.971064]]]}},{"type":"Feature","properties":{"name":"HACIENDA DEL SUR"},"geometry":{"type":"Polygon","coordinates":[[[-98.25624,18.971137],[-98.255848,18.971839],[-98.254709,18.971184],[-98.25534,18.970073],[-98.256524,18.97067],[-98.25624,18.971137]]]}},{"type":"Feature","properties":{"name":"JARDINES DE SAN RAMÓN"},"geometry":{"type":"Polygon","coordinates":[[[-98.260881,18.971064],[-98.260276,18.971831],[-98.261718,18.972716],[-98.259904,18.974121],[-98.257818,18.97297],[-98.259425,18.970275],[-98.260881,18.971064]]]}},{"type":"Feature","properties":{"name":"FLOR DEL SUR"},"geometry":{"type":"Polygon","coordinates":[[[-98.261616,18.972569],[-98.260276,18.971831],[-98.260881,18.971064],[-98.262625,18.972107],[-98.261616,18.972569]]]}},{"type":"Feature","properties":{"name":"FLOR DEL SUR"},"geometry":{"type":"Polygon","coordinates":[[[-98.271216,18.974755],[-98.267301,18.972287],[-98.267955,18.971544],[-98.269863,18.972235],[-98.272638,18.974582],[-98.271216,18.974755]]]}},{"type":"Feature","properties":{"name":"JARDINES DE CASTILLOTLA 5TA SECCIÓN"},"geometry":{"type":"Polygon","coordinates":[[[-98.271364,18.976254],[-98.266522,18.973221],[-98.267301,18.972287],[-98.27302,18.975934],[-98.272311,18.976883],[-98.271364,18.976254]]]}},{"type":"Feature","properties":{"name":"SAN ISIDRO CASTILLOTLA PRIMERA SECCIÓN"},"geometry":{"type":"Polygon","coordinates":[[[-98.268137,18.983069],[-98.263897,18.978708],[-98.263456,18.979733],[-98.262893,18.979482],[-98.263832,18.980701],[-98.261424,18.979047],[-98.26472,18.975294],[-98.266459,18.976502],[-98.26688,18.975803],[-98.26561,18.974252],[-98.268779,18.976355],[-98.26778,18.977666],[-98.270556,18.979475],[-98.269801,18.980592],[-98.272842,18.982527],[-98.271695,18.98426],[-98.268638,18.982301],[-98.268137,18.983069]],[[-98.268646,18.979657],[-98.268915,18.979968],[-98.269025,18.97982],[-98.268646,18.979657]],[[-98.267507,18.980759],[-98.268022,18.979929],[-98.26698,18.980717],[-98.267507,18.980759]]]}},{"type":"Feature","properties":{"name":"AMPLIACIÓN FLOR DEL SUR"},"geometry":{"type":"Polygon","coordinates":[[[-98.271897,18.975184],[-98.272638,18.974582],[-98.273468,18.97528],[-98.27302,18.975934],[-98.271897,18.975184]]]}},{"type":"Feature","properties":{"name":"SAN ISIDRO CASTILLOTLA SECCIÓN A"},"geometry":{"type":"Polygon","coordinates":[[[-98.265777,18.976033],[-98.26472,18.975294],[-98.265324,18.974601],[-98.26688,18.975803],[-98.266459,18.976502],[-98.265777,18.976033]]]}},{"type":"Feature","properties":{"name":"AMPLIACIÓN LOMAS DE CASTILLOTLA"},"geometry":{"type":"Polygon","coordinates":[[[-98.252839,18.981857],[-98.257455,18.976041],[-98.261713,18.978788],[-98.260262,18.978214],[-98.258709,18.979764],[-98.258327,18.980252],[-98.261227,18.980631],[-98.257782,18.982831],[-98.256767,18.981437],[-98.255928,18.982427],[-98.256798,18.983548],[-98.255673,18.984403],[-98.252525,18.982276],[-98.252839,18.981857]],[[-98.257361,18.97875],[-98.257991,18.97921],[-98.258644,18.978483],[-98.257964,18.978017],[-98.257361,18.97875]],[[-98.257178,18.978617],[-98.257015,18.978499],[-98.25643,18.979245],[-98.256592,18.979362],[-98.257178,18.978617]]]}},{"type":"Feature","properties":{"name":"LOS PINOS"},"geometry":{"type":"Polygon","coordinates":[[[-98.257361,18.97875],[-98.257964,18.978017],[-98.258644,18.978483],[-98.257991,18.97921],[-98.257361,18.97875]]]}},{"type":"Feature","properties":{"name":"VILLA DEL TRATADO"},"geometry":{"type":"Polygon","coordinates":[[[-98.261355,18.979404],[-98.259774,18.978941],[-98.260398,18.978184],[-98.262515,18.979751],[-98.261227,18.980631],[-98.261355,18.979404]]]}},{"type":"Feature","properties":{"name":"VANGUARDIA MAGISTERIAL"},"geometry":{"type":"Polygon","coordinates":[[[-98.265421,18.981043],[-98.263286,18.979189],[-98.263897,18.978708],[-98.266179,18.980673],[-98.265421,18.981043]]]}},{"type":"Feature","properties":{"name":"GEOVILLAS DE CASTILLOTLA"},"geometry":{"type":"Polygon","coordinates":[[[-98.260096,18.980294],[-98.258567,18.979933],[-98.259605,18.978893],[-98.26137,18.979293],[-98.261227,18.980631],[-98.260096,18.980294]]]}},{"type":"Feature","properties":{"name":"NUEVA JERUSALEM"},"geometry":{"type":"Polygon","coordinates":[[[-98.270556,18.979475],[-98.27356,18.981435],[-98.272842,18.982527],[-98.269801,18.980592],[-98.270556,18.979475]]]}},{"type":"Feature","properties":{"name":"HACIENDA SAN DIEGO II"},"geometry":{"type":"Polygon","coordinates":[[[-98.264232,18.981047],[-98.262893,18.979482],[-98.264766,18.980495],[-98.264232,18.981047]]]}},{"type":"Feature","properties":{"name":"LA SOLEDAD"},"geometry":{"type":"Polygon","coordinates":[[[-98.268646,18.979657],[-98.269025,18.97982],[-98.268915,18.979968],[-98.268646,18.979657]]]}},{"type":"Feature","properties":{"name":"PASEOS DE CASTILLOTLA"},"geometry":{"type":"Polygon","coordinates":[[[-98.263752,18.98153],[-98.262068,18.980047],[-98.262587,18.979699],[-98.265164,18.981868],[-98.264698,18.982405],[-98.263752,18.98153]]]}},{"type":"Feature","properties":{"name":"JARDINES DE CASTILLOTLA"},"geometry":{"type":"Polygon","coordinates":[[[-98.267384,18.980654],[-98.268022,18.979929],[-98.268262,18.980153],[-98.267384,18.980654]]]}},{"type":"Feature","properties":{"name":"PINOS"},"geometry":{"type":"Polygon","coordinates":[[[-98.258327,18.980252],[-98.259282,18.980075],[-98.259185,18.980469],[-98.258327,18.980252]]]}},{"type":"Feature","properties":{"name":"REAL DE CASTILLOTLA"},"geometry":{"type":"Polygon","coordinates":[[[-98.26265,18.982782],[-98.260877,18.981715],[-98.262068,18.980047],[-98.263752,18.98153],[-98.26265,18.982782]]]}},{"type":"Feature","properties":{"name":"CASAS JARDÍN"},"geometry":{"type":"Polygon","coordinates":[[[-98.267384,18.980654],[-98.267313,18.980974],[-98.26698,18.980717],[-98.267384,18.980654]]]}},{"type":"Feature","properties":{"name":"HACIENDA SAN DIEGO"},"geometry":{"type":"Polygon","coordinates":[[[-98.264232,18.981047],[-98.264766,18.980495],[-98.265421,18.981043],[-98.264876,18.981614],[-98.264232,18.981047]]]}},{"type":"Feature","properties":{"name":"FEDERACIÓN CETEMISTA"},"geometry":{"type":"Polygon","coordinates":[[[-98.265767,18.981164],[-98.268116,18.983102],[-98.267218,18.984478],[-98.264698,18.982405],[-98.265767,18.981164]]]}},{"type":"Feature","properties":{"name":"PINOS II"},"geometry":{"type":"Polygon","coordinates":[[[-98.260015,18.980271],[-98.259185,18.980469],[-98.259282,18.980075],[-98.260015,18.980271]]]}},{"type":"Feature","properties":{"name":"SAN ISIDRO CASTILLOTLA SEGUNDA TERCERA CUARTA SECCIÓN"},"geometry":{"type":"Polygon","coordinates":[[[-98.270556,18.979475],[-98.26778,18.977666],[-98.268779,18.976355],[-98.26561,18.974252],[-98.266522,18.973221],[-98.273655,18.97855],[-98.271912,18.980356],[-98.270556,18.979475]]]}},{"type":"Feature","properties":{"name":"SAN PEDRO DE LAS FLORES"},"geometry":{"type":"Polygon","coordinates":[[[-98.252671,18.973261],[-98.253396,18.973218],[-98.252762,18.974269],[-98.252224,18.973974],[-98.252671,18.973261]]]}},{"type":"Feature","properties":{"name":"SAN RAMÓN PRIMERA SEGUNDA Y TERCERA SECCIÓN"},"geometry":{"type":"Polygon","coordinates":[[[-98.253867,18.976027],[-98.256266,18.972087],[-98.257249,18.972572],[-98.259553,18.968724],[-98.255368,18.966428],[-98.257768,18.962475],[-98.262861,18.965307],[-98.257818,18.97297],[-98.259904,18.974121],[-98.256259,18.977381],[-98.253867,18.976027]]]}},{"type":"Feature","properties":{"name":"VILLA FOLARE"},"geometry":{"type":"Polygon","coordinates":[[[-98.257015,18.978499],[-98.257178,18.978617],[-98.256592,18.979362],[-98.257015,18.978499]]]}},{"type":"Feature","properties":{"name":"VILLAS LEONOR"},"geometry":{"type":"Polygon","coordinates":[[[-98.252452,18.969887],[-98.252517,18.970708],[-98.251654,18.970238],[-98.252452,18.969887]]]}},{"type":"Feature","properties":{"name":"SEGUNDA AMPLIACIÓN VALLE DEL PARAÍSO"},"geometry":{"type":"Polygon","coordinates":[[[-98.272638,18.974582],[-98.271923,18.973588],[-98.273792,18.974629],[-98.273468,18.97528],[-98.272638,18.974582]]]}},{"type":"Feature","properties":{"name":"SEGUNDA AMPLIACIÓN VALLE DEL PARAÍSO"},"geometry":{"type":"Polygon","coordinates":[[[-98.271897,18.975184],[-98.271412,18.974383],[-98.272351,18.974946],[-98.271897,18.975184]]]}},{"type":"Feature","properties":{"name":"GUADALUPE HIDALGO SEGUNDA SECCIÓN"},"geometry":{"type":"Polygon","coordinates":[[[-98.238631,18.979628],[-98.241229,18.969081],[-98.248337,18.972992],[-98.241495,18.981034],[-98.238631,18.979628]],[[-98.243527,18.974836],[-98.243286,18.9752],[-98.243726,18.975408],[-98.243527,18.974836]]]}},{"type":"Feature","properties":{"name":"GUADALUPE HIDALGO"},"geometry":{"type":"Polygon","coordinates":[[[-98.241962,18.987114],[-98.236031,18.983933],[-98.238603,18.979702],[-98.241495,18.981034],[-98.248337,18.972992],[-98.256259,18.977381],[-98.251039,18.98418],[-98.249763,18.983627],[-98.249348,18.984305],[-98.250504,18.984938],[-98.249766,18.98588],[-98.246806,18.984158],[-98.247089,18.983222],[-98.246052,18.982614],[-98.245438,18.983397],[-98.242148,18.981601],[-98.241487,18.982427],[-98.243689,18.984261],[-98.242587,18.986096],[-98.243549,18.986619],[-98.243137,18.987315],[-98.241962,18.987114]]]}},{"type":"Feature","properties":{"name":"GUADALUPE"},"geometry":{"type":"Polygon","coordinates":[[[-98.243286,18.9752],[-98.243527,18.974836],[-98.24391,18.975159],[-98.243286,18.9752]]]}},{"type":"Feature","properties":{"name":"RINCONADA AMPARO"},"geometry":{"type":"Polygon","coordinates":[[[-98.229083,18.977894],[-98.229282,18.977743],[-98.2296,18.978114],[-98.229083,18.977894]]]}},{"type":"Feature","properties":{"name":"LOMAS DEL SOL II"},"geometry":{"type":"Polygon","coordinates":[[[-98.225566,18.979242],[-98.226382,18.978635],[-98.227023,18.979453],[-98.226196,18.980043],[-98.225566,18.979242]]]}},{"type":"Feature","properties":{"name":"GUADALUPE HIDALGO PRIMERA SECCIÓN"},"geometry":{"type":"Polygon","coordinates":[[[-98.244134,18.982686],[-98.243689,18.984261],[-98.241487,18.982427],[-98.242148,18.981601],[-98.244134,18.982686]]]}},{"type":"Feature","properties":{"name":"RINCÓN LOS CIPRESES"},"geometry":{"type":"Polygon","coordinates":[[[-98.229638,18.981491],[-98.230192,18.981496],[-98.230082,18.98171],[-98.229638,18.981491]]]}},{"type":"Feature","properties":{"name":"RANCHO CHAPULCO"},"geometry":{"type":"Polygon","coordinates":[[[-98.22278,18.985424],[-98.221371,18.983836],[-98.221652,18.98225],[-98.223373,18.982539],[-98.223662,18.981954],[-98.224598,18.984313],[-98.223935,18.985977],[-98.22278,18.985424]]]}},{"type":"Feature","properties":{"name":"AGUA SANTA"},"geometry":{"type":"Polygon","coordinates":[[[-98.240456,18.989544],[-98.24216,18.986807],[-98.243137,18.987315],[-98.243549,18.986619],[-98.242587,18.986096],[-98.244527,18.982913],[-98.245438,18.983397],[-98.246052,18.982614],[-98.245848,18.983547],[-98.249766,18.98588],[-98.248414,18.987623],[-98.24766,18.986114],[-98.245842,18.986891],[-98.247263,18.989097],[-98.244949,18.992051],[-98.240456,18.989544]]]}},{"type":"Feature","properties":{"name":"HOSPITAL GENERAL"},"geometry":{"type":"Polygon","coordinates":[[[-98.243835,18.983175],[-98.244134,18.982686],[-98.244527,18.982913],[-98.243835,18.983175]]]}},{"type":"Feature","properties":{"name":"AGUA SANTA"},"geometry":{"type":"Polygon","coordinates":[[[-98.245848,18.983547],[-98.246046,18.982808],[-98.247089,18.983222],[-98.246806,18.984158],[-98.245848,18.983547]]]}},{"type":"Feature","properties":{"name":"SAN FRANCISCO MAYORAZGO"},"geometry":{"type":"Polygon","coordinates":[[[-98.242648,18.995275],[-98.249414,18.98631],[-98.250668,18.987059],[-98.252139,18.984672],[-98.254518,18.986193],[-98.253011,18.98845],[-98.2521,18.987898],[-98.251011,18.990312],[-98.248893,18.988632],[-98.250897,18.990632],[-98.247763,18.994902],[-98.246214,18.993622],[-98.24438,18.995683],[-98.242648,18.995275]]]}},{"type":"Feature","properties":{"name":"CENTRO COMERCIAL PERI PLAZA"},"geometry":{"type":"Polygon","coordinates":[[[-98.238829,18.985439],[-98.241962,18.987114],[-98.240456,18.989544],[-98.237251,18.987671],[-98.238829,18.985439]]]}},{"type":"Feature","properties":{"name":"CENTRO SUR"},"geometry":{"type":"Polygon","coordinates":[[[-98.248414,18.987623],[-98.247263,18.989097],[-98.245842,18.986891],[-98.24766,18.986114],[-98.248414,18.987623]]]}},{"type":"Feature","properties":{"name":"SAN BARTOLO"},"geometry":{"type":"Polygon","coordinates":[[[-98.236768,18.991448],[-98.2387,18.98847],[-98.244949,18.992051],[-98.242475,18.994723],[-98.236768,18.991448]]]}},{"type":"Feature","properties":{"name":"POPULAR COATEPEC"},"geometry":{"type":"Polygon","coordinates":[[[-98.241229,18.997158],[-98.240524,18.99803],[-98.234702,18.994817],[-98.236768,18.991448],[-98.242994,18.99481],[-98.241229,18.997158]]]}},{"type":"Feature","properties":{"name":"LA CARMELITA"},"geometry":{"type":"Polygon","coordinates":[[[-98.248945,18.993556],[-98.249965,18.992258],[-98.254236,18.994171],[-98.252918,18.995408],[-98.248945,18.993556]]]}},{"type":"Feature","properties":{"name":"NINGUNO"},"geometry":{"type":"Polygon","coordinates":[[[-98.22921,19.000973],[-98.229757,18.999454],[-98.228435,18.998741],[-98.227353,19.000464],[-98.226413,18.999588],[-98.228798,18.99552],[-98.23289,18.99781],[-98.230576,19.001681],[-98.22921,19.000973]]]}},{"type":"Feature","properties":{"name":"SAN JORGE"},"geometry":{"type":"Polygon","coordinates":[[[-98.233248,19.001082],[-98.233506,19.000238],[-98.23424,19.0006],[-98.233248,19.001082]]]}},{"type":"Feature","properties":{"name":"TORRECILLAS"},"geometry":{"type":"Polygon","coordinates":[[[-98.227505,19.00018],[-98.228133,18.998841],[-98.228802,18.998944],[-98.227505,19.00018]]]}},{"type":"Feature","properties":{"name":"TORRES MADRID"},"geometry":{"type":"Polygon","coordinates":[[[-98.227984,18.978147],[-98.229276,18.976988],[-98.229624,18.977483],[-98.227984,18.978147]]]}},{"type":"Feature","properties":{"name":"TORRES VERACRUZ"},"geometry":{"type":"Polygon","coordinates":[[[-98.236178,19.001516],[-98.23634,19.001196],[-98.23663,19.001349],[-98.236178,19.001516]]]}},{"type":"Feature","properties":{"name":"VILLAS DEL CARMEN"},"geometry":{"type":"Polygon","coordinates":[[[-98.231074,19.001917],[-98.2322,19.000596],[-98.233333,19.001326],[-98.23243,19.002561],[-98.231074,19.001917]]]}},{"type":"Feature","properties":{"name":"VILLAS DIAMANTE"},"geometry":{"type":"Polygon","coordinates":[[[-98.232322,18.979099],[-98.232152,18.97942],[-98.231941,18.979307],[-98.232322,18.979099]]]}},{"type":"Feature","properties":{"name":"VILLAS EL ENSUEÑO"},"geometry":{"type":"Polygon","coordinates":[[[-98.229481,18.978838],[-98.230651,18.977974],[-98.231314,18.978669],[-98.230125,18.979553],[-98.229481,18.978838]]]}},{"type":"Feature","properties":{"name":"VILLAS MARTHA ADRIANA IV"},"geometry":{"type":"Polygon","coordinates":[[[-98.221839,18.985246],[-98.22278,18.985424],[-98.222353,18.98634],[-98.221839,18.985246]]]}},{"type":"Feature","properties":{"name":"EMILIANO ZAPATA"},"geometry":{"type":"Polygon","coordinates":[[[-98.26198,19.045017],[-98.26226,19.045204],[-98.262258,19.045205],[-98.26198,19.045017]]]}},{"type":"Feature","properties":{"name":"RANCHO LA FORTUNA"},"geometry":{"type":"GeometryCollection","geometries":[{"type":"Polygon","coordinates":[[[-98.268664,19.046514],[-98.266882,19.047665],[-98.268542,19.046572],[-98.268664,19.046514]]]},{"type":"Polygon","coordinates":[[[-98.26587,19.045535],[-98.266278,19.04588],[-98.266067,19.045756],[-98.26587,19.045535]]]},{"type":"Polygon","coordinates":[[[-98.265279,19.045281],[-98.265286,19.04528],[-98.265319,19.045403],[-98.265279,19.045281]]]},{"type":"Polygon","coordinates":[[[-98.264328,19.045407],[-98.264333,19.045451],[-98.264325,19.045449],[-98.264328,19.045407]]]},{"type":"Polygon","coordinates":[[[-98.263301,19.045106],[-98.263481,19.04518],[-98.263301,19.045106],[-98.263301,19.045106]]]},{"type":"Polygon","coordinates":[[[-98.262943,19.045075],[-98.262979,19.04509],[-98.262942,19.045075],[-98.262943,19.045075]]]}]}},{"type":"Feature","properties":{"name":"MOMOXPAN"},"geometry":{"type":"Polygon","coordinates":[[[-98.266798,19.047719],[-98.264855,19.04898],[-98.26367,19.048628],[-98.264414,19.046519],[-98.266245,19.045859],[-98.268663,19.046514],[-98.266798,19.047719]]]}},{"type":"Feature","properties":{"name":"SANTA CRUZ GUADALUPE BUENAVISTA"},"geometry":{"type":"Polygon","coordinates":[[[-98.262762,19.050459],[-98.261787,19.05023],[-98.262629,19.048673],[-98.260345,19.048574],[-98.261952,19.045012],[-98.26587,19.045535],[-98.264414,19.046519],[-98.262762,19.050459]]]}},{"type":"Feature","properties":{"name":"GUADALUPE (EJIDO ROMERO VARGAS)"},"geometry":{"type":"GeometryCollection","geometries":[{"type":"Polygon","coordinates":[[[-98.261295,19.051472],[-98.25814,19.050851],[-98.261373,19.044884],[-98.26188,19.045285],[-98.260345,19.048574],[-98.262629,19.048673],[-98.261787,19.05023],[-98.262762,19.050459],[-98.261295,19.051472]]]},{"type":"Polygon","coordinates":[[[-98.264813,19.049017],[-98.262844,19.050402],[-98.26367,19.048628],[-98.264813,19.049017]]]}]}},{"type":"Feature","properties":{"name":"DEL FAROL"},"geometry":{"type":"Polygon","coordinates":[[[-98.261728,19.065988],[-98.262265,19.065836],[-98.262328,19.066311],[-98.261728,19.065988]]]}},{"type":"Feature","properties":{"name":"LA CAÑADA (ROMERO VARGAS)"},"geometry":{"type":"Polygon","coordinates":[[[-98.255931,19.055191],[-98.255462,19.055572],[-98.253903,19.053899],[-98.25104,19.047161],[-98.252056,19.048484],[-98.25939,19.052682],[-98.255931,19.055191]]]}},{"type":"Feature","properties":{"name":"JAGÜEY DE SAN MIGUEL"},"geometry":{"type":"Polygon","coordinates":[[[-98.257793,19.051796],[-98.25814,19.050851],[-98.258975,19.051249],[-98.258495,19.052208],[-98.257793,19.051796]]]}},{"type":"Feature","properties":{"name":"RINCÓN DE ZAVALETA"},"geometry":{"type":"Polygon","coordinates":[[[-98.257786,19.051792],[-98.257786,19.051793],[-98.257115,19.051408],[-98.257786,19.051792]]]}},{"type":"Feature","properties":{"name":"LA CONCEPCIÓN"},"geometry":{"type":"GeometryCollection","geometries":[{"type":"Polygon","coordinates":[[[-98.250518,19.045733],[-98.251257,19.046024],[-98.251382,19.04608],[-98.250518,19.045733]]]},{"type":"Polygon","coordinates":[[[-98.250243,19.040707],[-98.250412,19.041303],[-98.249543,19.045549],[-98.250243,19.040707]]]}]}},{"type":"Feature","properties":{"name":"CASCO DE ZAVALETA"},"geometry":{"type":"Polygon","coordinates":[[[-98.2557,19.059605],[-98.251797,19.059486],[-98.2524,19.057928],[-98.254199,19.05714],[-98.2557,19.059605]]]}},{"type":"Feature","properties":{"name":"LA LOMA (EJIDO ROMERO VARGAS)"},"geometry":{"type":"Polygon","coordinates":[[[-98.249951,19.053493],[-98.25325,19.052613],[-98.255462,19.055572],[-98.253912,19.056658],[-98.252651,19.055499],[-98.253571,19.0569],[-98.252458,19.05768],[-98.251869,19.059683],[-98.250791,19.059685],[-98.249951,19.053493]]]}},{"type":"Feature","properties":{"name":"VISTA DEL VOLCÁN"},"geometry":{"type":"Polygon","coordinates":[[[-98.253412,19.049277],[-98.255135,19.050276],[-98.253187,19.049145],[-98.253412,19.049277]]]}},{"type":"Feature","properties":{"name":"LA LOMA"},"geometry":{"type":"Polygon","coordinates":[[[-98.253912,19.056658],[-98.253571,19.0569],[-98.252651,19.055499],[-98.253912,19.056658]]]}},{"type":"Feature","properties":{"name":"LA CONCEPCIÓN TERCERA SECCIÓN"},"geometry":{"type":"Polygon","coordinates":[[[-98.250241,19.040704],[-98.250183,19.040627],[-98.250185,19.040622],[-98.250241,19.040704]]]}},{"type":"Feature","properties":{"name":"CAMINO REAL A CHOLULA"},"geometry":{"type":"GeometryCollection","geometries":[{"type":"Polygon","coordinates":[[[-98.259676,19.047961],[-98.259602,19.047947],[-98.259677,19.04796],[-98.259676,19.047961]]]},{"type":"Polygon","coordinates":[[[-98.257115,19.051408],[-98.257115,19.051409],[-98.255135,19.050276],[-98.257115,19.051408]]]}]}},{"type":"Feature","properties":{"name":"SANTIAGO MOMOXPAN"},"geometry":{"type":"Polygon","coordinates":[[[-98.265353,19.065228],[-98.265308,19.065271],[-98.265316,19.065237],[-98.265353,19.065228]]]}},{"type":"Feature","properties":{"name":"SANTA CRUZ BUENAVISTA"},"geometry":{"type":"Polygon","coordinates":[[[-98.249543,19.04555],[-98.251377,19.046078],[-98.251017,19.048321],[-98.25325,19.052613],[-98.251687,19.052952],[-98.25127,19.051985],[-98.249462,19.053566],[-98.2508,19.060868],[-98.248565,19.059969],[-98.248373,19.06125],[-98.250577,19.061281],[-98.249749,19.067673],[-98.2479,19.066683],[-98.248125,19.065034],[-98.241154,19.064068],[-98.242215,19.061699],[-98.240752,19.060151],[-98.241548,19.057989],[-98.239502,19.056473],[-98.240441,19.053678],[-98.241709,19.052422],[-98.239936,19.051108],[-98.240677,19.049511],[-98.239945,19.046396],[-98.240598,19.045632],[-98.240548,19.042988],[-98.24784,19.04578],[-98.249543,19.04555]],[[-98.248032,19.046991],[-98.247739,19.047804],[-98.248991,19.047924],[-98.249183,19.0471],[-98.248032,19.046991]],[[-98.247383,19.049811],[-98.246922,19.050231],[-98.247348,19.050295],[-98.247383,19.049811]],[[-98.24676,19.050207],[-98.246725,19.050688],[-98.246899,19.050722],[-98.24676,19.050207]],[[-98.24998,19.059425],[-98.250368,19.059166],[-98.250049,19.058969],[-98.24998,19.059425]],[[-98.249963,19.062258],[-98.24836,19.061332],[-98.24825,19.061999],[-98.249963,19.062258]],[[-98.249835,19.066247],[-98.249535,19.06559],[-98.249435,19.066191],[-98.249835,19.066247]],[[-98.246056,19.049379],[-98.245162,19.049182],[-98.245229,19.049782],[-98.246056,19.049379]],[[-98.245187,19.050398],[-98.245734,19.050052],[-98.24517,19.050045],[-98.245187,19.050398]],[[-98.244366,19.056332],[-98.243734,19.055696],[-98.243365,19.056535],[-98.244366,19.056332]],[[-98.244015,19.058423],[-98.244501,19.058507],[-98.244546,19.058275],[-98.244015,19.058423]],[[-98.243012,19.061993],[-98.242852,19.061968],[-98.242773,19.062519],[-98.243012,19.061993]]]}},{"type":"Feature","properties":{"name":"CAMPESTRE SAN BERNARDO"},"geometry":{"type":"Polygon","coordinates":[[[-98.251385,19.046081],[-98.251048,19.047163],[-98.253188,19.049147],[-98.25104,19.047161],[-98.251385,19.046081]]]}},{"type":"Feature","properties":{"name":"IGNACIO ROMERO VARGAS"},"geometry":{"type":"Polygon","coordinates":[[[-98.249951,19.053493],[-98.24977,19.052667],[-98.25127,19.051985],[-98.251687,19.052952],[-98.249951,19.053493]]]}},{"type":"Feature","properties":{"name":"LA CURVA"},"geometry":{"type":"Polygon","coordinates":[[[-98.249702,19.059463],[-98.250049,19.058969],[-98.250368,19.059166],[-98.249702,19.059463]]]}},{"type":"Feature","properties":{"name":"ZONA RES ANEXA ESTRELLAS DEL SUR"},"geometry":{"type":"Polygon","coordinates":[[[-98.248406,19.044241],[-98.247318,19.043342],[-98.248572,19.043671],[-98.249932,19.041242],[-98.24871,19.040561],[-98.249022,19.039884],[-98.250404,19.0413],[-98.249728,19.044651],[-98.248406,19.044241]],[[-98.249234,19.043869],[-98.249372,19.044395],[-98.249488,19.043944],[-98.249234,19.043869]]]}},{"type":"Feature","properties":{"name":"LA FLOR DE NIEVE"},"geometry":{"type":"Polygon","coordinates":[[[-98.247477,19.043068],[-98.248692,19.040506],[-98.249932,19.041242],[-98.248572,19.043671],[-98.247477,19.043068]]]}},{"type":"Feature","properties":{"name":"ARCOS DEL SUR"},"geometry":{"type":"Polygon","coordinates":[[[-98.245816,19.04502],[-98.246997,19.042546],[-98.247657,19.043956],[-98.249728,19.044651],[-98.249535,19.045547],[-98.248289,19.045782],[-98.245816,19.04502]]]}},{"type":"Feature","properties":{"name":"TORRE ACUEDUCTO"},"geometry":{"type":"Polygon","coordinates":[[[-98.249133,19.04432],[-98.249234,19.043869],[-98.249488,19.043944],[-98.249133,19.04432]]]}},{"type":"Feature","properties":{"name":"LOS ALCATRACES"},"geometry":{"type":"Polygon","coordinates":[[[-98.248052,19.047751],[-98.247815,19.046609],[-98.249183,19.0471],[-98.248991,19.047924],[-98.248052,19.047751]]]}},{"type":"Feature","properties":{"name":"ESTRELLA DEL SUR"},"geometry":{"type":"Polygon","coordinates":[[[-98.241332,19.041863],[-98.238703,19.040735],[-98.245486,19.037941],[-98.249022,19.039884],[-98.246422,19.043749],[-98.245769,19.043483],[-98.246377,19.042287],[-98.243911,19.041326],[-98.243468,19.04413],[-98.240584,19.043004],[-98.241332,19.041863]]]}},{"type":"Feature","properties":{"name":"TERRAZAS TADEO"},"geometry":{"type":"Polygon","coordinates":[[[-98.246922,19.050231],[-98.247383,19.049811],[-98.247348,19.050295],[-98.246922,19.050231]]]}},{"type":"Feature","properties":{"name":"TORRE PALERMO"},"geometry":{"type":"Polygon","coordinates":[[[-98.246922,19.050231],[-98.246899,19.050722],[-98.246725,19.050688],[-98.246922,19.050231]]]}},{"type":"Feature","properties":{"name":"ESTRELLA DEL SUR SEGUNDA SECCIÓN"},"geometry":{"type":"Polygon","coordinates":[[[-98.243468,19.04413],[-98.243911,19.041326],[-98.246377,19.042287],[-98.245816,19.04502],[-98.243468,19.04413]]]}},{"type":"Feature","properties":{"name":"TORRES ZAVALETA"},"geometry":{"type":"Polygon","coordinates":[[[-98.245179,19.049479],[-98.246056,19.049379],[-98.245763,19.049992],[-98.245179,19.049479]]]}},{"type":"Feature","properties":{"name":"TORRES ZAVALETA"},"geometry":{"type":"Polygon","coordinates":[[[-98.24527,19.050047],[-98.245666,19.050404],[-98.245187,19.050398],[-98.24527,19.050047]]]}},{"type":"Feature","properties":{"name":"SUR PONIENTE"},"geometry":{"type":"Polygon","coordinates":[[[-98.242018,19.037371],[-98.242109,19.036651],[-98.245496,19.037224],[-98.245487,19.03779],[-98.242018,19.037371]]]}},{"type":"Feature","properties":{"name":"SAN JOSÉ VISTA HERMOSA"},"geometry":{"type":"Polygon","coordinates":[[[-98.234344,19.036394],[-98.245486,19.037941],[-98.238896,19.040558],[-98.237659,19.040171],[-98.237753,19.039443],[-98.235785,19.040025],[-98.234344,19.036394]]]}},{"type":"Feature","properties":{"name":"EDIFICIO SAN JOSÉ II"},"geometry":{"type":"Polygon","coordinates":[[[-98.244015,19.058423],[-98.244546,19.058275],[-98.244501,19.058507],[-98.244015,19.058423]]]}},{"type":"Feature","properties":{"name":"RÍO NILO"},"geometry":{"type":"Polygon","coordinates":[[[-98.243385,19.056366],[-98.244454,19.05582],[-98.244301,19.056708],[-98.243385,19.056366]]]}},{"type":"Feature","properties":{"name":"AMPLIACIÓN REFORMA"},"geometry":{"type":"Polygon","coordinates":[[[-98.235648,19.059426],[-98.234345,19.05817],[-98.236484,19.054751],[-98.235366,19.052675],[-98.236117,19.050788],[-98.235031,19.048621],[-98.233215,19.047761],[-98.234168,19.046624],[-98.234635,19.046922],[-98.233868,19.048051],[-98.240364,19.04793],[-98.240653,19.049767],[-98.23996,19.051191],[-98.241709,19.052422],[-98.240441,19.053678],[-98.239502,19.056473],[-98.241358,19.05739],[-98.240886,19.059621],[-98.235648,19.059426]],[[-98.235995,19.052355],[-98.236542,19.052176],[-98.236203,19.051998],[-98.235995,19.052355]],[[-98.237399,19.055224],[-98.236745,19.056071],[-98.237497,19.056489],[-98.237399,19.055224]]]}},{"type":"Feature","properties":{"name":"RESIDENCIAL DEL ARTE"},"geometry":{"type":"Polygon","coordinates":[[[-98.241014,19.037244],[-98.24025,19.036491],[-98.240688,19.035828],[-98.242109,19.036651],[-98.242018,19.037371],[-98.241014,19.037244]]]}},{"type":"Feature","properties":{"name":"CORTIJO LA HERRADURA"},"geometry":{"type":"Polygon","coordinates":[[[-98.240548,19.042988],[-98.237844,19.041846],[-98.238703,19.040735],[-98.241332,19.041863],[-98.240548,19.042988]]]}},{"type":"Feature","properties":{"name":"PROVIDENCIA LAS ANIMAS"},"geometry":{"type":"Polygon","coordinates":[[[-98.239747,19.045427],[-98.237844,19.041846],[-98.240548,19.042988],[-98.240598,19.045632],[-98.239945,19.046396],[-98.239747,19.045427]]]}},{"type":"Feature","properties":{"name":"NUEVA ANTEQUERA"},"geometry":{"type":"Polygon","coordinates":[[[-98.234168,19.046624],[-98.236913,19.042973],[-98.237527,19.044513],[-98.239747,19.045427],[-98.240364,19.04793],[-98.233868,19.048051],[-98.234635,19.046922],[-98.234168,19.046624]]]}},{"type":"Feature","properties":{"name":"LAS ANIMAS 2 SANTA ANITA"},"geometry":{"type":"Polygon","coordinates":[[[-98.237443,19.044246],[-98.236913,19.042973],[-98.237844,19.041846],[-98.239747,19.045427],[-98.237443,19.044246]]]}},{"type":"Feature","properties":{"name":"CORREDOR COMERCIAL ZONA BOULEVARD ATLIXCO"},"geometry":{"type":"Polygon","coordinates":[[[-98.245495,19.037793],[-98.24612,19.038669],[-98.245585,19.038394],[-98.245495,19.037793]]]}},{"type":"Feature","properties":{"name":"VILLAS DE LA CONCEPCIÓN"},"geometry":{"type":"Polygon","coordinates":[[[-98.247484,19.039224],[-98.248357,19.039582],[-98.246558,19.038847],[-98.247484,19.039224]]]}},{"type":"Feature","properties":{"name":"LAS RAMBLAS"},"geometry":{"type":"Polygon","coordinates":[[[-98.228888,19.028217],[-98.229528,19.027626],[-98.232534,19.028824],[-98.228321,19.03094],[-98.227703,19.030716],[-98.229542,19.029024],[-98.228888,19.028217]]]}},{"type":"Feature","properties":{"name":"MAYORAZGO"},"geometry":{"type":"Polygon","coordinates":[[[-98.225782,19.021693],[-98.22361,19.021134],[-98.223786,19.020268],[-98.225856,19.01895],[-98.227508,19.016256],[-98.229503,19.017282],[-98.229963,19.016685],[-98.228092,19.015012],[-98.231258,19.016412],[-98.230577,19.017528],[-98.232822,19.018345],[-98.232117,19.019394],[-98.229202,19.018906],[-98.230574,19.020282],[-98.231043,19.01955],[-98.231721,19.019859],[-98.230907,19.021557],[-98.228675,19.021099],[-98.227618,19.023892],[-98.225782,19.021693]]]}},{"type":"Feature","properties":{"name":"GALAXIA MAYORAZGO"},"geometry":{"type":"Polygon","coordinates":[[[-98.232117,19.019394],[-98.230574,19.020282],[-98.229101,19.019441],[-98.230793,19.018753],[-98.232117,19.019394]]]}},{"type":"Feature","properties":{"name":"TORRES ANGELÓPOLIS"},"geometry":{"type":"Polygon","coordinates":[[[-98.231147,19.032944],[-98.230121,19.033651],[-98.230806,19.032764],[-98.231147,19.032944]]]}},{"type":"Feature","properties":{"name":"CONCEPCIÓN GUADALUPE"},"geometry":{"type":"GeometryCollection","geometries":[{"type":"Polygon","coordinates":[[[-98.22535,19.030848],[-98.225533,19.030966],[-98.225377,19.030877],[-98.22535,19.030848]]]},{"type":"Polygon","coordinates":[[[-98.225416,19.024593],[-98.224283,19.02519],[-98.223867,19.029398],[-98.22514,19.030789],[-98.223859,19.029395],[-98.224275,19.025187],[-98.225416,19.024593]]]},{"type":"Polygon","coordinates":[[[-98.228562,19.02196],[-98.22754,19.025946],[-98.226972,19.025963],[-98.227532,19.025943],[-98.228562,19.02196]]]}]}},{"type":"Feature","properties":{"name":"CORREDOR COMERCIAL DESARROLLO ATLIXCAYOTL"},"geometry":{"type":"Polygon","coordinates":[[[-98.225536,19.030968],[-98.228885,19.028219],[-98.229542,19.029024],[-98.227703,19.030716],[-98.2299,19.030433],[-98.226408,19.03611],[-98.224942,19.030544],[-98.225536,19.030968]]]}},{"type":"Feature","properties":{"name":"VILLAS GUERRERO"},"geometry":{"type":"Polygon","coordinates":[[[-98.22963,19.006092],[-98.230538,19.006071],[-98.230361,19.006357],[-98.22963,19.006092]]]}},{"type":"Feature","properties":{"name":"PARAÍSO"},"geometry":{"type":"Polygon","coordinates":[[[-98.229963,19.016685],[-98.229331,19.017264],[-98.227508,19.016256],[-98.22792,19.015379],[-98.229963,19.016685]]]}},{"type":"Feature","properties":{"name":"LEOBARDO COCA CABRERA"},"geometry":{"type":"Polygon","coordinates":[[[-98.223356,19.016342],[-98.22669,19.010184],[-98.229865,19.011118],[-98.227508,19.016256],[-98.225205,19.015644],[-98.223356,19.016342]]]}},{"type":"Feature","properties":{"name":"VICENTE GUERRERO"},"geometry":{"type":"Polygon","coordinates":[[[-98.227844,19.006181],[-98.227809,19.005372],[-98.228465,19.005688],[-98.227844,19.006181]]]}},{"type":"Feature","properties":{"name":"BOSQUES DE ATOYAC"},"geometry":{"type":"Polygon","coordinates":[[[-98.226321,19.025665],[-98.225409,19.02459],[-98.224317,19.025748],[-98.222366,19.0253],[-98.224095,19.023513],[-98.225919,19.024578],[-98.22755,19.024081],[-98.227532,19.025943],[-98.226321,19.025665]]]}},{"type":"Feature","properties":{"name":"MOLINO DE ENMEDIO"},"geometry":{"type":"Polygon","coordinates":[[[-98.222803,19.023808],[-98.224662,19.022611],[-98.223445,19.021316],[-98.224158,19.021064],[-98.225782,19.021693],[-98.227618,19.023892],[-98.225919,19.024578],[-98.224095,19.023513],[-98.221895,19.025794],[-98.222803,19.023808]]]}},{"type":"Feature","properties":{"name":"LA NORIA"},"geometry":{"type":"Polygon","coordinates":[[[-98.221959,19.036655],[-98.220466,19.035406],[-98.225235,19.031108],[-98.226215,19.035668],[-98.22258,19.037073],[-98.221959,19.036655]],[[-98.223855,19.036083],[-98.224024,19.035329],[-98.22237,19.035691],[-98.223855,19.036083]]]}},{"type":"Feature","properties":{"name":"EVEREST"},"geometry":{"type":"Polygon","coordinates":[[[-98.22382,19.0183],[-98.225626,19.018804],[-98.224749,19.01998],[-98.22382,19.0183]]]}},{"type":"Feature","properties":{"name":"RIVERA DEL ATOYAC"},"geometry":{"type":"Polygon","coordinates":[[[-98.222259,19.028466],[-98.224126,19.028013],[-98.223859,19.029395],[-98.225235,19.031108],[-98.223967,19.032007],[-98.223457,19.031567],[-98.222493,19.030542],[-98.222259,19.028466]]]}},{"type":"Feature","properties":{"name":"EVEREST"},"geometry":{"type":"Polygon","coordinates":[[[-98.223647,19.017353],[-98.225205,19.015644],[-98.22409,19.017582],[-98.223647,19.017353]]]}},{"type":"Feature","properties":{"name":"SAN AGUSTÍN"},"geometry":{"type":"Polygon","coordinates":[[[-98.224317,19.007926],[-98.224684,19.00724],[-98.225309,19.007549],[-98.224317,19.007926]]]}},{"type":"Feature","properties":{"name":"NIDUM"},"geometry":{"type":"Polygon","coordinates":[[[-98.223786,19.020268],[-98.223592,19.018913],[-98.224641,19.019886],[-98.223786,19.020268]]]}},{"type":"Feature","properties":{"name":"AZUL"},"geometry":{"type":"Polygon","coordinates":[[[-98.224335,19.025986],[-98.221667,19.02604],[-98.222366,19.0253],[-98.224335,19.025986]]]}},{"type":"Feature","properties":{"name":"ACUEDUCTO LA NORIA"},"geometry":{"type":"Polygon","coordinates":[[[-98.223238,19.035719],[-98.223669,19.036189],[-98.222614,19.035848],[-98.223238,19.035719]]]}},{"type":"Feature","properties":{"name":"LAS HUERTAS UNIDAS"},"geometry":{"type":"Polygon","coordinates":[[[-98.221333,19.016084],[-98.220128,19.014969],[-98.223903,19.016578],[-98.223422,19.017225],[-98.221333,19.016084]]]}},{"type":"Feature","properties":{"name":"RESIDENCIAL DIAMANTE"},"geometry":{"type":"Polygon","coordinates":[[[-98.223168,19.018071],[-98.22382,19.0183],[-98.223356,19.019545],[-98.222495,19.01908],[-98.223168,19.018071]]]}},{"type":"Feature","properties":{"name":"CENIA TOWER"},"geometry":{"type":"Polygon","coordinates":[[[-98.223095,19.035596],[-98.22237,19.035691],[-98.222725,19.035277],[-98.223095,19.035596]]]}},{"type":"Feature","properties":{"name":"TORRE ATOYAC"},"geometry":{"type":"Polygon","coordinates":[[[-98.222034,19.028285],[-98.222508,19.027969],[-98.222259,19.028466],[-98.222034,19.028285]]]}},{"type":"Feature","properties":{"name":"FUENTES DE ANGELOPOLIS"},"geometry":{"type":"Polygon","coordinates":[[[-98.23099,19.022399],[-98.23094,19.022549],[-98.230982,19.022396],[-98.23099,19.022399]]]}},{"type":"Feature","properties":{"name":"AMPLIACIÓN CONCEPCIÓN GUADALUPE"},"geometry":{"type":"Polygon","coordinates":[[[-98.22858,19.021793],[-98.228555,19.021958],[-98.228605,19.021495],[-98.22858,19.021793]]]}},{"type":"Feature","properties":{"name":"JARDINES DE ZAVALETA"},"geometry":{"type":"Polygon","coordinates":[[[-98.259002,19.061798],[-98.260961,19.066181],[-98.258621,19.066872],[-98.25703,19.06356],[-98.257737,19.062037],[-98.255829,19.059604],[-98.257946,19.059601],[-98.259002,19.061798]]]}},{"type":"Feature","properties":{"name":"SANTA CRUZ GUADALUPE"},"geometry":{"type":"Polygon","coordinates":[[[-98.258298,19.070731],[-98.254733,19.069807],[-98.25456,19.069014],[-98.253972,19.06914],[-98.254636,19.0698],[-98.253631,19.070218],[-98.252172,19.070198],[-98.251834,19.069224],[-98.249596,19.069804],[-98.249461,19.068537],[-98.247242,19.068123],[-98.247163,19.067524],[-98.247944,19.06801],[-98.248524,19.066999],[-98.251578,19.068595],[-98.25576,19.067885],[-98.255907,19.068988],[-98.259787,19.06948],[-98.258963,19.071131],[-98.258298,19.070731]]]}},{"type":"Feature","properties":{"name":"RINCONADA SANTA CRUZ"},"geometry":{"type":"Polygon","coordinates":[[[-98.257364,19.071936],[-98.257808,19.071337],[-98.258531,19.071902],[-98.258135,19.072439],[-98.257364,19.071936]]]}},{"type":"Feature","properties":{"name":"LOS VIVEROS"},"geometry":{"type":"Polygon","coordinates":[[[-98.255782,19.07197],[-98.25609,19.0706],[-98.255379,19.070352],[-98.255158,19.07178],[-98.249428,19.070585],[-98.249442,19.069759],[-98.254816,19.069813],[-98.258298,19.070731],[-98.256925,19.072545],[-98.255782,19.07197]]]}},{"type":"Feature","properties":{"name":"EL MINERAL"},"geometry":{"type":"Polygon","coordinates":[[[-98.258141,19.076293],[-98.256323,19.076976],[-98.256756,19.076076],[-98.258141,19.076293]]]}},{"type":"Feature","properties":{"name":"LOS ÁLAMOS"},"geometry":{"type":"Polygon","coordinates":[[[-98.258331,19.065689],[-98.257542,19.065932],[-98.257198,19.06504],[-98.258139,19.064771],[-98.258331,19.065689]]]}},{"type":"Feature","properties":{"name":"ZAVALETA"},"geometry":{"type":"Polygon","coordinates":[[[-98.254432,19.062639],[-98.250351,19.063261],[-98.250791,19.059685],[-98.255829,19.059604],[-98.257737,19.062037],[-98.25703,19.06356],[-98.257587,19.064077],[-98.254432,19.062639]]]}},{"type":"Feature","properties":{"name":"RESIDENCIAL ZAVALETA"},"geometry":{"type":"Polygon","coordinates":[[[-98.25709,19.066039],[-98.257414,19.066996],[-98.256038,19.067315],[-98.25579,19.066455],[-98.25709,19.066039]]]}},{"type":"Feature","properties":{"name":"LOS VIVEROS"},"geometry":{"type":"Polygon","coordinates":[[[-98.255158,19.07178],[-98.255379,19.070352],[-98.25609,19.0706],[-98.255899,19.071908],[-98.255158,19.07178]]]}},{"type":"Feature","properties":{"name":"RINCONADA DE LOS VIVEROS"},"geometry":{"type":"Polygon","coordinates":[[[-98.255375,19.075055],[-98.254959,19.076486],[-98.254682,19.076358],[-98.255375,19.075055]]]}},{"type":"Feature","properties":{"name":"CAMPESTRE EL PARAÍSO"},"geometry":{"type":"Polygon","coordinates":[[[-98.250351,19.063261],[-98.254428,19.062531],[-98.25557,19.065865],[-98.250148,19.065334],[-98.250351,19.063261]]]}},{"type":"Feature","properties":{"name":"SANTA CRUZ GUADALUPE"},"geometry":{"type":"Polygon","coordinates":[[[-98.254733,19.069807],[-98.253972,19.06914],[-98.25456,19.069014],[-98.254733,19.069807]]]}},{"type":"Feature","properties":{"name":"BOSQUES DE ZAVALETA"},"geometry":{"type":"Polygon","coordinates":[[[-98.251025,19.065851],[-98.251798,19.065568],[-98.251622,19.067132],[-98.253097,19.067794],[-98.250512,19.067482],[-98.250691,19.066393],[-98.25006,19.066129],[-98.251025,19.065851]]]}},{"type":"Feature","properties":{"name":"SAN JOSÉ"},"geometry":{"type":"Polygon","coordinates":[[[-98.251979,19.080666],[-98.251045,19.080023],[-98.251472,19.07925],[-98.252619,19.079595],[-98.251979,19.080666]]]}},{"type":"Feature","properties":{"name":"VILLAS DEL ROMERO"},"geometry":{"type":"Polygon","coordinates":[[[-98.251408,19.081749],[-98.251979,19.080666],[-98.252444,19.080873],[-98.251408,19.081749]]]}},{"type":"Feature","properties":{"name":"MAREJA"},"geometry":{"type":"Polygon","coordinates":[[[-98.252448,19.076722],[-98.251916,19.077832],[-98.251178,19.077521],[-98.251774,19.076443],[-98.252448,19.076722]]]}},{"type":"Feature","properties":{"name":"ARBOLEDAS DE LA SANTA CRUZ"},"geometry":{"type":"Polygon","coordinates":[[[-98.250377,19.069981],[-98.249804,19.069542],[-98.252286,19.069309],[-98.252122,19.070268],[-98.250377,19.069981]]]}},{"type":"Feature","properties":{"name":"PLAZA CENTRO MAYOR PUEBLA"},"geometry":{"type":"Polygon","coordinates":[[[-98.248821,19.061046],[-98.248565,19.059969],[-98.250677,19.060724],[-98.250577,19.061281],[-98.248821,19.061046]]]}},{"type":"Feature","properties":{"name":"TORRE SANTA FE"},"geometry":{"type":"Polygon","coordinates":[[[-98.249919,19.065637],[-98.249835,19.066247],[-98.249435,19.066191],[-98.249919,19.065637]]]}},{"type":"Feature","properties":{"name":"PASEO DE ZAVALETA"},"geometry":{"type":"Polygon","coordinates":[[[-98.24831,19.061631],[-98.250011,19.061885],[-98.249963,19.062258],[-98.24825,19.061999],[-98.24831,19.061631]]]}},{"type":"Feature","properties":{"name":"ARBOLEDAS DE ZAVALETA"},"geometry":{"type":"Polygon","coordinates":[[[-98.246915,19.070213],[-98.247242,19.068123],[-98.249461,19.068537],[-98.249428,19.070585],[-98.246915,19.070213]]]}},{"type":"Feature","properties":{"name":"TORRES CIPRES"},"geometry":{"type":"Polygon","coordinates":[[[-98.248462,19.060715],[-98.248855,19.060747],[-98.248647,19.061288],[-98.248462,19.060715]]]}},{"type":"Feature","properties":{"name":"RINCÓN DE SAN JOSÉ DEL PUENTE"},"geometry":{"type":"Polygon","coordinates":[[[-98.247163,19.067524],[-98.247004,19.066263],[-98.24857,19.067112],[-98.247944,19.06801],[-98.247163,19.067524]]]}},{"type":"Feature","properties":{"name":"LA CANCHA"},"geometry":{"type":"Polygon","coordinates":[[[-98.24831,19.061631],[-98.248658,19.061377],[-98.248608,19.061682],[-98.24831,19.061631]]]}},{"type":"Feature","properties":{"name":"TEOPANTLALE"},"geometry":{"type":"Polygon","coordinates":[[[-98.248664,19.093513],[-98.246612,19.095044],[-98.245254,19.094447],[-98.248773,19.091491],[-98.249682,19.092806],[-98.248664,19.093513]]]}},{"type":"Feature","properties":{"name":"IGNACIO ROMERO VARGAS"},"geometry":{"type":"Polygon","coordinates":[[[-98.259899,19.074577],[-98.260648,19.075067],[-98.259811,19.077142],[-98.261411,19.078695],[-98.257266,19.082021],[-98.244141,19.084441],[-98.242249,19.084001],[-98.243737,19.0823],[-98.242671,19.080859],[-98.242817,19.078932],[-98.241007,19.07899],[-98.24063,19.07824],[-98.239386,19.074597],[-98.239482,19.072128],[-98.241191,19.069361],[-98.242548,19.070738],[-98.24526,19.07081],[-98.253689,19.074279],[-98.252448,19.076722],[-98.254067,19.077471],[-98.255164,19.074952],[-98.254682,19.076358],[-98.255677,19.07521],[-98.255782,19.07197],[-98.259899,19.074577]],[[-98.252288,19.076649],[-98.251178,19.077521],[-98.251916,19.077832],[-98.252288,19.076649]],[[-98.24336,19.071322],[-98.242864,19.071986],[-98.243379,19.071999],[-98.24336,19.071322]],[[-98.242815,19.072564],[-98.243423,19.072589],[-98.243399,19.072327],[-98.242815,19.072564]],[[-98.257735,19.076506],[-98.25729,19.075898],[-98.256323,19.076976],[-98.257735,19.076506]],[[-98.249564,19.076768],[-98.248628,19.076328],[-98.248012,19.077516],[-98.249448,19.078187],[-98.250094,19.077034],[-98.249564,19.076768]],[[-98.252433,19.079509],[-98.251472,19.07925],[-98.251045,19.080023],[-98.251979,19.080666],[-98.252433,19.079509]],[[-98.251808,19.080991],[-98.251408,19.081749],[-98.248743,19.080563],[-98.247801,19.083877],[-98.251154,19.083036],[-98.25219,19.082099],[-98.252444,19.080873],[-98.251808,19.080991]]]}},{"type":"Feature","properties":{"name":"INDEPENDENCIA MOMOXPAN"},"geometry":{"type":"Polygon","coordinates":[[[-98.25546,19.075095],[-98.244877,19.070811],[-98.246915,19.070213],[-98.255127,19.071773],[-98.25546,19.075095]]]}},{"type":"Feature","properties":{"name":"LOS PERALES"},"geometry":{"type":"Polygon","coordinates":[[[-98.261281,19.071943],[-98.261082,19.07235],[-98.261324,19.071735],[-98.261281,19.071943]]]}},{"type":"Feature","properties":{"name":"LOS ARCOS SANTA CRUZ"},"geometry":{"type":"Polygon","coordinates":[[[-98.255627,19.07517],[-98.255127,19.071773],[-98.255782,19.07197],[-98.255627,19.07517]]]}},{"type":"Feature","properties":{"name":"INFONAVIT HERMENEGILDO J ALDANA"},"geometry":{"type":"Polygon","coordinates":[[[-98.252448,19.076722],[-98.253689,19.074279],[-98.255164,19.074952],[-98.254067,19.077471],[-98.252448,19.076722]]]}},{"type":"Feature","properties":{"name":"INFONAVIT LADRILLERA"},"geometry":{"type":"Polygon","coordinates":[[[-98.249056,19.07652],[-98.250094,19.077034],[-98.249448,19.078187],[-98.248012,19.077516],[-98.249056,19.07652]]]}},{"type":"Feature","properties":{"name":"DEL PERDÓN"},"geometry":{"type":"Polygon","coordinates":[[[-98.26144,19.078748],[-98.261456,19.08173],[-98.262602,19.083547],[-98.259532,19.081999],[-98.260196,19.080599],[-98.258643,19.080988],[-98.26144,19.078748]]]}},{"type":"Feature","properties":{"name":"MIGUEL ABED"},"geometry":{"type":"Polygon","coordinates":[[[-98.240044,19.082815],[-98.240934,19.081667],[-98.239937,19.080126],[-98.241007,19.07899],[-98.242817,19.078932],[-98.242671,19.080859],[-98.243737,19.0823],[-98.242983,19.083394],[-98.242204,19.084035],[-98.240044,19.082815]]]}},{"type":"Feature","properties":{"name":"ALBERTO DE LA FUENTE 1"},"geometry":{"type":"Polygon","coordinates":[[[-98.248854,19.087168],[-98.247156,19.089068],[-98.247568,19.090089],[-98.246566,19.08691],[-98.242863,19.086853],[-98.242675,19.086189],[-98.246196,19.086331],[-98.244141,19.084441],[-98.255214,19.0829],[-98.260196,19.080599],[-98.256289,19.086176],[-98.25448,19.085411],[-98.252921,19.086559],[-98.251494,19.086139],[-98.248854,19.087168]],[[-98.256291,19.084963],[-98.256798,19.083774],[-98.253421,19.084152],[-98.256291,19.084963]]]}},{"type":"Feature","properties":{"name":"SAN JOSÉ CITLALTEPETL"},"geometry":{"type":"Polygon","coordinates":[[[-98.248743,19.080563],[-98.25219,19.082099],[-98.247801,19.083877],[-98.248743,19.080563]]]}},{"type":"Feature","properties":{"name":"CENTRO"},"geometry":{"type":"GeometryCollection","geometries":[{"type":"Polygon","coordinates":[[[-98.247775,19.090142],[-98.249648,19.091715],[-98.249769,19.092745],[-98.247775,19.090142]]]},{"type":"Polygon","coordinates":[[[-98.257505,19.086965],[-98.257232,19.08783],[-98.254069,19.086132],[-98.25448,19.085411],[-98.257505,19.086965]]]},{"type":"Polygon","coordinates":[[[-98.257406,19.085016],[-98.258174,19.085276],[-98.25718,19.085023],[-98.257406,19.085016]]]},{"type":"Polygon","coordinates":[[[-98.262218,19.084013],[-98.261566,19.084807],[-98.257797,19.083832],[-98.258397,19.082443],[-98.259188,19.082797],[-98.259557,19.081998],[-98.262297,19.083205],[-98.262218,19.084013]]]}]}},{"type":"Feature","properties":{"name":"ALBERTO DE LA FUENTE"},"geometry":{"type":"Polygon","coordinates":[[[-98.240101,19.087381],[-98.239367,19.08478],[-98.240127,19.0828],[-98.244141,19.084441],[-98.246196,19.086331],[-98.242675,19.086189],[-98.242863,19.086853],[-98.241707,19.086926],[-98.24177,19.08815],[-98.240101,19.087381]]]}},{"type":"Feature","properties":{"name":"NINGUNO"},"geometry":{"type":"Polygon","coordinates":[[[-98.256291,19.084963],[-98.256561,19.083806],[-98.256798,19.083774],[-98.256291,19.084963]]]}},{"type":"Feature","properties":{"name":"SAN JUAN"},"geometry":{"type":"Polygon","coordinates":[[[-98.254559,19.084625],[-98.254897,19.08379],[-98.256561,19.083806],[-98.25612,19.084962],[-98.254559,19.084625]]]}},{"type":"Feature","properties":{"name":"SAN JUAN"},"geometry":{"type":"Polygon","coordinates":[[[-98.25832,19.085331],[-98.258311,19.085388],[-98.25815,19.085329],[-98.25832,19.085331]]]}},{"type":"Feature","properties":{"name":"VILLAS EL ENCINO"},"geometry":{"type":"Polygon","coordinates":[[[-98.254497,19.08461],[-98.253421,19.084152],[-98.254677,19.084332],[-98.254497,19.08461]]]}},{"type":"Feature","properties":{"name":"XALATLA"},"geometry":{"type":"Polygon","coordinates":[[[-98.256289,19.086176],[-98.257234,19.085035],[-98.256567,19.086295],[-98.256289,19.086176]]]}},{"type":"Feature","properties":{"name":"ANTURIOS II"},"geometry":{"type":"Polygon","coordinates":[[[-98.256567,19.086295],[-98.257634,19.085146],[-98.256946,19.086474],[-98.256567,19.086295]]]}},{"type":"Feature","properties":{"name":"ANTURIOS I"},"geometry":{"type":"Polygon","coordinates":[[[-98.256946,19.086474],[-98.258005,19.085275],[-98.257291,19.086636],[-98.256946,19.086474]]]}},{"type":"Feature","properties":{"name":"ALBERTO DE LA FUENTE 2"},"geometry":{"type":"Polygon","coordinates":[[[-98.2583,19.085463],[-98.257291,19.086636],[-98.258005,19.085275],[-98.2583,19.085463]]]}},{"type":"Feature","properties":{"name":"SAN SEBASTIÁN"},"geometry":{"type":"Polygon","coordinates":[[[-98.249108,19.087041],[-98.249101,19.087034],[-98.249323,19.086954],[-98.249108,19.087041]]]}},{"type":"Feature","properties":{"name":"SAN JOSÉ LOS PINOS"},"geometry":{"type":"Polygon","coordinates":[[[-98.234746,19.003636],[-98.240524,18.99803],[-98.239972,18.999836],[-98.239092,18.999244],[-98.238638,18.999727],[-98.239913,19.000319],[-98.238181,19.004723],[-98.236495,19.0045],[-98.236612,19.005144],[-98.234746,19.003636]]]}},{"type":"Feature","properties":{"name":"POPULAR CASTILLOTLA"},"geometry":{"type":"Polygon","coordinates":[[[-98.238307,18.999804],[-98.233235,18.997197],[-98.234702,18.994817],[-98.240168,18.997803],[-98.238307,18.999804]]]}},{"type":"Feature","properties":{"name":"CAMPESTRE MAYORAZGO"},"geometry":{"type":"Polygon","coordinates":[[[-98.233806,19.004974],[-98.234746,19.003636],[-98.236243,19.00422],[-98.237416,19.005971],[-98.2372,19.005066],[-98.238181,19.004723],[-98.237079,19.006988],[-98.233806,19.004974]]]}},{"type":"Feature","properties":{"name":"POPULAR EMILIANO ZAPATA"},"geometry":{"type":"Polygon","coordinates":[[[-98.236379,19.001649],[-98.232038,18.999199],[-98.233235,18.997197],[-98.238307,18.999804],[-98.236379,19.001649]]]}},{"type":"Feature","properties":{"name":"INFONAVIT EL CARMEN (GASTRONOMICOS)"},"geometry":{"type":"Polygon","coordinates":[[[-98.234168,19.001519],[-98.23424,19.0006],[-98.232685,18.999829],[-98.2322,19.000596],[-98.231395,19.00021],[-98.232038,18.999199],[-98.236469,19.001705],[-98.23591,19.002332],[-98.234168,19.001519]]]}},{"type":"Feature","properties":{"name":"EL CARMEN"},"geometry":{"type":"Polygon","coordinates":[[[-98.23243,19.002561],[-98.233248,19.001082],[-98.23591,19.002332],[-98.234746,19.003636],[-98.23243,19.002561]]]}},{"type":"Feature","properties":{"name":"VICENTE GUERRERO"},"geometry":{"type":"Polygon","coordinates":[[[-98.228643,19.010559],[-98.227851,19.008781],[-98.227553,19.00961],[-98.224684,19.00724],[-98.22484,19.008395],[-98.224165,19.008016],[-98.2251,19.005887],[-98.226152,19.006412],[-98.22921,19.000973],[-98.234746,19.003636],[-98.229865,19.011118],[-98.228643,19.010559]],[[-98.227844,19.006181],[-98.228465,19.005688],[-98.227809,19.005372],[-98.227075,19.006634],[-98.227844,19.006181]],[[-98.230032,19.007331],[-98.231216,19.00796],[-98.231856,19.006978],[-98.229766,19.005841],[-98.229221,19.006893],[-98.230032,19.007331]],[[-98.227853,19.007391],[-98.227339,19.008369],[-98.22789,19.008676],[-98.228415,19.007684],[-98.227853,19.007391]]]}},{"type":"Feature","properties":{"name":"VILLA DEL SUR"},"geometry":{"type":"Polygon","coordinates":[[[-98.228798,18.99552],[-98.231528,18.994888],[-98.231914,18.996095],[-98.233527,18.99524],[-98.234204,18.995628],[-98.23289,18.99781],[-98.228798,18.99552]]]}},{"type":"Feature","properties":{"name":"EMPERADOR"},"geometry":{"type":"Polygon","coordinates":[[[-98.232764,19.000858],[-98.233188,19.000087],[-98.233506,19.000238],[-98.232764,19.000858]]]}},{"type":"Feature","properties":{"name":"GERONA"},"geometry":{"type":"Polygon","coordinates":[[[-98.2322,19.000596],[-98.233188,19.000087],[-98.232764,19.000858],[-98.2322,19.000596]]]}},{"type":"Feature","properties":{"name":"EL CARMEN"},"geometry":{"type":"Polygon","coordinates":[[[-98.230576,19.001681],[-98.231395,19.00021],[-98.2322,19.000596],[-98.230576,19.001681]]]}},{"type":"Feature","properties":{"name":"AMÉRICA 4"},"geometry":{"type":"Polygon","coordinates":[[[-98.230306,19.007479],[-98.23083,19.006559],[-98.231856,19.006978],[-98.231216,19.00796],[-98.230306,19.007479]]]}},{"type":"Feature","properties":{"name":"EL FRESNO"},"geometry":{"type":"Polygon","coordinates":[[[-98.231214,18.993926],[-98.231261,18.994952],[-98.228932,18.995291],[-98.23014,18.993335],[-98.231214,18.993926]]]}},{"type":"Feature","properties":{"name":"EL MOLINO"},"geometry":{"type":"Polygon","coordinates":[[[-98.22963,19.006092],[-98.23083,19.006559],[-98.230306,19.007479],[-98.229221,19.006893],[-98.22963,19.006092]]]}},{"type":"Feature","properties":{"name":"LAS TORRES"},"geometry":{"type":"Polygon","coordinates":[[[-98.227921,19.000364],[-98.228802,18.998944],[-98.229757,18.999454],[-98.228955,19.00084],[-98.227921,19.000364]]]}},{"type":"Feature","properties":{"name":"GRANJAS DEL SUR"},"geometry":{"type":"Polygon","coordinates":[[[-98.222258,19.00696],[-98.223387,19.004302],[-98.222452,19.003848],[-98.222748,19.002754],[-98.223458,19.003122],[-98.223794,19.002477],[-98.22163,19.000539],[-98.222177,18.998397],[-98.22921,19.000973],[-98.226152,19.006412],[-98.2251,19.005887],[-98.224165,19.008016],[-98.222258,19.00696]],[[-98.224955,19.000656],[-98.225642,19.001604],[-98.225601,19.000596],[-98.226268,19.000496],[-98.225125,18.99993],[-98.224955,19.000656]]]}},{"type":"Feature","properties":{"name":"ELEGANZA TEHUACÁN"},"geometry":{"type":"Polygon","coordinates":[[[-98.227339,19.008369],[-98.227853,19.007391],[-98.228415,19.007684],[-98.22789,19.008676],[-98.227339,19.008369]]]}},{"type":"Feature","properties":{"name":"JARDÍN"},"geometry":{"type":"Polygon","coordinates":[[[-98.223858,18.998908],[-98.225963,18.99501],[-98.228297,18.996377],[-98.226573,19.000026],[-98.223858,18.998908]]]}},{"type":"Feature","properties":{"name":"CASA JARDÍN"},"geometry":{"type":"Polygon","coordinates":[[[-98.227216,19.006393],[-98.227844,19.006181],[-98.22747,19.006835],[-98.227216,19.006393]]]}},{"type":"Feature","properties":{"name":"AMPLIACIÓN 16 DE SEPTIEMBRE SUR"},"geometry":{"type":"Polygon","coordinates":[[[-98.219431,18.996542],[-98.2231,18.994272],[-98.225652,18.995601],[-98.224167,18.998314],[-98.219431,18.996542]]]}},{"type":"Feature","properties":{"name":"LOMAS DEL SUR"},"geometry":{"type":"Polygon","coordinates":[[[-98.219412,19.004735],[-98.216647,19.002877],[-98.218276,18.996098],[-98.224167,18.998314],[-98.223769,18.998925],[-98.222177,18.998397],[-98.221091,19.003871],[-98.220329,19.005304],[-98.219412,19.004735]]]}},{"type":"Feature","properties":{"name":"ALTA VISTA"},"geometry":{"type":"Polygon","coordinates":[[[-98.222486,19.007071],[-98.221071,19.009546],[-98.219418,19.00875],[-98.220071,19.007558],[-98.221837,19.007849],[-98.222486,19.007071]]]}},{"type":"Feature","properties":{"name":"ALTA VISTA"},"geometry":{"type":"Polygon","coordinates":[[[-98.221105,19.007413],[-98.221824,19.006187],[-98.222468,19.006562],[-98.221837,19.007849],[-98.221105,19.007413]]]}},{"type":"Feature","properties":{"name":"CENTRO COMERCIAL EMILIANO ZAPATA"},"geometry":{"type":"Polygon","coordinates":[[[-98.2151,19.005964],[-98.216647,19.002877],[-98.218541,19.004205],[-98.217238,19.006434],[-98.2151,19.005964]]]}},{"type":"Feature","properties":{"name":"LOMA LINDA"},"geometry":{"type":"Polygon","coordinates":[[[-98.206981,19.004387],[-98.209529,18.999393],[-98.206826,18.99854],[-98.211766,18.99487],[-98.214793,18.995769],[-98.215604,18.994209],[-98.21778,18.995073],[-98.218205,18.996849],[-98.216654,19.002798],[-98.214006,19.003292],[-98.211413,19.00209],[-98.209782,19.005047],[-98.206981,19.004387]]]}},{"type":"Feature","properties":{"name":"LA MORA"},"geometry":{"type":"Polygon","coordinates":[[[-98.215604,18.994209],[-98.217082,18.992514],[-98.218147,18.994191],[-98.217207,18.994837],[-98.215604,18.994209]]]}},{"type":"Feature","properties":{"name":"CEDROS TREINTA Y CUATRO"},"geometry":{"type":"Polygon","coordinates":[[[-98.217653,19.006311],[-98.217781,19.006393],[-98.217596,19.00665],[-98.217653,19.006311]]]}},{"type":"Feature","properties":{"name":"GLADIOLAS 60"},"geometry":{"type":"Polygon","coordinates":[[[-98.215126,19.008634],[-98.215285,19.008058],[-98.215467,19.008072],[-98.215126,19.008634]]]}},{"type":"Feature","properties":{"name":"LAGULEÑA SEGUNDA SECCIÓN"},"geometry":{"type":"Polygon","coordinates":[[[-98.214006,19.003292],[-98.212687,19.00571],[-98.209782,19.005047],[-98.211413,19.00209],[-98.214006,19.003292]]]}},{"type":"Feature","properties":{"name":"GLORIA"},"geometry":{"type":"Polygon","coordinates":[[[-98.22669,19.010184],[-98.226573,19.009311],[-98.227631,19.009863],[-98.22669,19.010184]]]}},{"type":"Feature","properties":{"name":"GRANJAS DE BUGAMBILIAS"},"geometry":{"type":"Polygon","coordinates":[[[-98.225147,19.001215],[-98.225125,18.99993],[-98.226268,19.000496],[-98.225601,19.000596],[-98.225642,19.001604],[-98.225147,19.001215]]]}},{"type":"Feature","properties":{"name":"LAGULEÑA"},"geometry":{"type":"Polygon","coordinates":[[[-98.214623,19.003474],[-98.214735,19.00292],[-98.21489,19.003395],[-98.214623,19.003474]]]}},{"type":"Feature","properties":{"name":"LAGULEÑA"},"geometry":{"type":"Polygon","coordinates":[[[-98.212687,19.00571],[-98.214125,19.003101],[-98.216654,19.002798],[-98.214998,19.006171],[-98.212687,19.00571]]]}},{"type":"Feature","properties":{"name":"TORRE LAGO"},"geometry":{"type":"Polygon","coordinates":[[[-98.211304,19.00829],[-98.212093,19.008504],[-98.212032,19.008629],[-98.211304,19.00829]]]}},{"type":"Feature","properties":{"name":"S.N.T.E"},"geometry":{"type":"Polygon","coordinates":[[[-98.236568,18.966534],[-98.237047,18.964188],[-98.235129,18.964684],[-98.234895,18.965657],[-98.231508,18.963746],[-98.231742,18.962137],[-98.240417,18.962465],[-98.241229,18.969081],[-98.236568,18.966534]]]}},{"type":"Feature","properties":{"name":"AMPLIACIÓN GUADALUPE HIDALGO"},"geometry":{"type":"Polygon","coordinates":[[[-98.235735,18.978118],[-98.236395,18.976185],[-98.235094,18.975583],[-98.235324,18.974718],[-98.237068,18.973457],[-98.237817,18.971663],[-98.234517,18.970717],[-98.235767,18.966118],[-98.241229,18.969081],[-98.239395,18.97772],[-98.237429,18.977284],[-98.239055,18.978469],[-98.238603,18.979702],[-98.235735,18.978118]]]}},{"type":"Feature","properties":{"name":"PASEOS DE LA ARBOLEDA SEGUNDA SECCIÓN"},"geometry":{"type":"Polygon","coordinates":[[[-98.241477,18.945743],[-98.240331,18.945017],[-98.241574,18.945207],[-98.241477,18.945743]]]}},{"type":"Feature","properties":{"name":"VALLE DE SAN IGNACIO"},"geometry":{"type":"Polygon","coordinates":[[[-98.234045,18.962199],[-98.234068,18.961659],[-98.238433,18.961076],[-98.240108,18.961361],[-98.240417,18.962465],[-98.234045,18.962199]]]}},{"type":"Feature","properties":{"name":"PASEOS DE LA ARBOLEDA 1RA SECCIÓN"},"geometry":{"type":"Polygon","coordinates":[[[-98.239331,18.947801],[-98.238627,18.946798],[-98.240002,18.945481],[-98.240643,18.946532],[-98.239331,18.947801]]]}},{"type":"Feature","properties":{"name":"CONSTITUCIÓN MEXICANA"},"geometry":{"type":"Polygon","coordinates":[[[-98.231121,18.958582],[-98.232377,18.955726],[-98.23137,18.955619],[-98.230738,18.953171],[-98.233083,18.953087],[-98.233275,18.952483],[-98.235632,18.953373],[-98.237645,18.951385],[-98.240108,18.961361],[-98.234139,18.961647],[-98.233865,18.960378],[-98.231121,18.958582]]]}},{"type":"Feature","properties":{"name":"FUENTES DE SAN BARTOLO"},"geometry":{"type":"Polygon","coordinates":[[[-98.237598,18.977043],[-98.239395,18.97772],[-98.239055,18.978469],[-98.237598,18.977043]]]}},{"type":"Feature","properties":{"name":"JARDINES DEL SUR 2"},"geometry":{"type":"Polygon","coordinates":[[[-98.237217,18.949823],[-98.238509,18.948569],[-98.239734,18.949298],[-98.237626,18.951307],[-98.237217,18.949823]]]}},{"type":"Feature","properties":{"name":"AMPLIACIÓN BALCONES DEL SUR"},"geometry":{"type":"Polygon","coordinates":[[[-98.231981,18.945876],[-98.233618,18.945418],[-98.233872,18.944087],[-98.235068,18.94534],[-98.237454,18.945943],[-98.237989,18.944715],[-98.23969,18.943842],[-98.2391,18.944811],[-98.239763,18.945026],[-98.237667,18.947248],[-98.23309,18.948208],[-98.232125,18.94741],[-98.231981,18.945876]]]}},{"type":"Feature","properties":{"name":"FUENTES DE SAN BARTOLO"},"geometry":{"type":"Polygon","coordinates":[[[-98.232443,18.977918],[-98.23315,18.976418],[-98.238603,18.979702],[-98.237863,18.981018],[-98.232443,18.977918]]]}},{"type":"Feature","properties":{"name":"GRANJAS PUEBLA"},"geometry":{"type":"Polygon","coordinates":[[[-98.230367,18.98416],[-98.231271,18.982752],[-98.227455,18.98148],[-98.226382,18.978635],[-98.225562,18.980406],[-98.223524,18.97758],[-98.224866,18.974762],[-98.225592,18.975468],[-98.226975,18.97441],[-98.226684,18.975712],[-98.228184,18.978522],[-98.2296,18.978114],[-98.229315,18.977083],[-98.230295,18.97711],[-98.230651,18.977974],[-98.228934,18.979253],[-98.229811,18.97979],[-98.232443,18.977918],[-98.237863,18.981018],[-98.234565,18.986225],[-98.230367,18.98416]],[[-98.226533,18.977321],[-98.225867,18.976451],[-98.22508,18.977036],[-98.225746,18.977854],[-98.226533,18.977321]],[[-98.232321,18.979151],[-98.232868,18.979166],[-98.231941,18.979307],[-98.232321,18.979151]],[[-98.235119,18.981421],[-98.235506,18.981834],[-98.235642,18.981619],[-98.235119,18.981421]],[[-98.230082,18.98171],[-98.230192,18.981496],[-98.229754,18.981297],[-98.230082,18.98171]],[[-98.234782,18.981959],[-98.235248,18.98222],[-98.235384,18.982012],[-98.234782,18.981959]],[[-98.233257,18.983475],[-98.233772,18.983584],[-98.233339,18.983334],[-98.233257,18.983475]]]}},{"type":"Feature","properties":{"name":"PEDREGAL DE GUADALUPE HIDALGO"},"geometry":{"type":"Polygon","coordinates":[[[-98.233578,18.973746],[-98.234517,18.970717],[-98.237817,18.971663],[-98.237068,18.973457],[-98.235324,18.974718],[-98.233578,18.973746]]]}},{"type":"Feature","properties":{"name":"BALCONES DEL SUR"},"geometry":{"type":"Polygon","coordinates":[[[-98.23425,18.952972],[-98.23309,18.948208],[-98.235478,18.947672],[-98.235805,18.949072],[-98.236977,18.948803],[-98.237645,18.951385],[-98.235632,18.953373],[-98.23425,18.952972]]]}},{"type":"Feature","properties":{"name":"VILLA LOS ENCINOS"},"geometry":{"type":"Polygon","coordinates":[[[-98.235767,18.966118],[-98.234895,18.965657],[-98.235129,18.964684],[-98.237047,18.964188],[-98.236568,18.966534],[-98.235767,18.966118]]]}},{"type":"Feature","properties":{"name":"BUENOS AIRES"},"geometry":{"type":"Polygon","coordinates":[[[-98.23315,18.976418],[-98.232677,18.976096],[-98.233578,18.973746],[-98.236395,18.976185],[-98.235735,18.978118],[-98.23315,18.976418]]]}},{"type":"Feature","properties":{"name":"SAN ALFONSO"},"geometry":{"type":"Polygon","coordinates":[[[-98.232753,18.968856],[-98.233315,18.964775],[-98.235767,18.966118],[-98.234852,18.96911],[-98.232753,18.968856]]]}},{"type":"Feature","properties":{"name":"AMPLIACIÓN CONSTITUCIÓN MEXICANA"},"geometry":{"type":"Polygon","coordinates":[[[-98.231742,18.962137],[-98.230477,18.962091],[-98.231121,18.958582],[-98.233865,18.960378],[-98.234114,18.961304],[-98.234045,18.962199],[-98.231742,18.962137]]]}},{"type":"Feature","properties":{"name":"NINGUNO"},"geometry":{"type":"Polygon","coordinates":[[[-98.218828,18.952309],[-98.219866,18.947104],[-98.222418,18.945839],[-98.223708,18.946285],[-98.225047,18.945173],[-98.226599,18.946207],[-98.227558,18.949443],[-98.23025,18.948254],[-98.230187,18.947268],[-98.231981,18.945876],[-98.23425,18.952972],[-98.229712,18.950931],[-98.228717,18.952059],[-98.226676,18.94849],[-98.226707,18.949168],[-98.22482,18.949706],[-98.224495,18.948833],[-98.220435,18.952314],[-98.22039,18.95331],[-98.219122,18.953328],[-98.218828,18.952309]]]}},{"type":"Feature","properties":{"name":"LUNA"},"geometry":{"type":"Polygon","coordinates":[[[-98.233022,18.975233],[-98.232652,18.977668],[-98.229478,18.975188],[-98.231095,18.973972],[-98.233022,18.975233]]]}},{"type":"Feature","properties":{"name":"LOS CEREZOS"},"geometry":{"type":"Polygon","coordinates":[[[-98.232333,18.979131],[-98.232868,18.979166],[-98.232743,18.979361],[-98.232333,18.979131]]]}},{"type":"Feature","properties":{"name":"LARES SAN ALFONSO"},"geometry":{"type":"Polygon","coordinates":[[[-98.230586,18.968646],[-98.231233,18.964917],[-98.233261,18.965097],[-98.232753,18.968856],[-98.230586,18.968646]]]}},{"type":"Feature","properties":{"name":"CABAÑAS DEL LAGO"},"geometry":{"type":"Polygon","coordinates":[[[-98.230738,18.953171],[-98.228717,18.952059],[-98.229712,18.950931],[-98.233275,18.952483],[-98.233083,18.953087],[-98.230738,18.953171]]]}},{"type":"Feature","properties":{"name":"SANTA LUCIA VILLA ALTAMIRANO"},"geometry":{"type":"Polygon","coordinates":[[[-98.229482,18.961956],[-98.226723,18.961729],[-98.224397,18.960551],[-98.223701,18.959591],[-98.224358,18.958251],[-98.223294,18.957626],[-98.22418,18.956731],[-98.222106,18.955419],[-98.220822,18.955677],[-98.220435,18.952314],[-98.224495,18.948833],[-98.22482,18.949706],[-98.226707,18.949168],[-98.226676,18.94849],[-98.228939,18.952423],[-98.230806,18.953258],[-98.23137,18.955619],[-98.232377,18.955726],[-98.230483,18.962037],[-98.229482,18.961956]]]}},{"type":"Feature","properties":{"name":"LOMAS DEL SOL"},"geometry":{"type":"Polygon","coordinates":[[[-98.226595,18.98215],[-98.224397,18.980909],[-98.225084,18.979807],[-98.225666,18.980475],[-98.226796,18.979615],[-98.227393,18.980355],[-98.226565,18.980959],[-98.226926,18.981542],[-98.227829,18.981199],[-98.231271,18.982752],[-98.230351,18.984221],[-98.226595,18.98215]]]}},{"type":"Feature","properties":{"name":"GUADALUPE HIDALGO TERCERA SECCIÓN"},"geometry":{"type":"Polygon","coordinates":[[[-98.228207,18.968499],[-98.225954,18.968169],[-98.226188,18.966605],[-98.230808,18.967264],[-98.230552,18.968843],[-98.228207,18.968499]]]}},{"type":"Feature","properties":{"name":"EL COBRE"},"geometry":{"type":"Polygon","coordinates":[[[-98.229481,18.978838],[-98.229811,18.97979],[-98.228934,18.979253],[-98.229481,18.978838]]]}},{"type":"Feature","properties":{"name":"CONJUNTO EL COBRE"},"geometry":{"type":"Polygon","coordinates":[[[-98.226766,18.975147],[-98.228641,18.975182],[-98.22898,18.975941],[-98.229276,18.976988],[-98.227984,18.978147],[-98.226766,18.975147]]]}},{"type":"Feature","properties":{"name":"HACIENDA EL COBRE SEGUNDA SECCIÓN"},"geometry":{"type":"Polygon","coordinates":[[[-98.224866,18.974762],[-98.226981,18.972826],[-98.227679,18.973408],[-98.225592,18.975468],[-98.224866,18.974762]]]}},{"type":"Feature","properties":{"name":"LOS HÉROES DE PUEBLA SECCIÓN 1"},"geometry":{"type":"Polygon","coordinates":[[[-98.219669,18.978511],[-98.221063,18.973837],[-98.223835,18.971463],[-98.226981,18.972826],[-98.224898,18.974694],[-98.222452,18.979886],[-98.219669,18.978511]]]}},{"type":"Feature","properties":{"name":"S.U.T.E.R.M"},"geometry":{"type":"Polygon","coordinates":[[[-98.237251,18.987671],[-98.234565,18.986225],[-98.236031,18.983933],[-98.238829,18.985439],[-98.237251,18.987671]]]}},{"type":"Feature","properties":{"name":"LOMA BELLA"},"geometry":{"type":"Polygon","coordinates":[[[-98.236992,18.991275],[-98.234718,18.99479],[-98.230629,18.992566],[-98.234565,18.986225],[-98.2387,18.98847],[-98.236992,18.991275]]]}},{"type":"Feature","properties":{"name":"LOS LIMONES"},"geometry":{"type":"Polygon","coordinates":[[[-98.235119,18.981421],[-98.235642,18.981619],[-98.235506,18.981834],[-98.235119,18.981421]]]}},{"type":"Feature","properties":{"name":"CIRUELOS"},"geometry":{"type":"Polygon","coordinates":[[[-98.234782,18.981959],[-98.235384,18.982012],[-98.235248,18.98222],[-98.234782,18.981959]]]}},{"type":"Feature","properties":{"name":"DAMISAL"},"geometry":{"type":"Polygon","coordinates":[[[-98.233527,18.99524],[-98.23014,18.993335],[-98.230629,18.992566],[-98.234718,18.99479],[-98.234204,18.995628],[-98.233527,18.99524]]]}},{"type":"Feature","properties":{"name":"LOMA ENCANTADA"},"geometry":{"type":"Polygon","coordinates":[[[-98.229048,18.986172],[-98.230351,18.984221],[-98.234565,18.986225],[-98.230629,18.992566],[-98.227997,18.991255],[-98.229843,18.987826],[-98.228328,18.987307],[-98.229048,18.986172]]]}},{"type":"Feature","properties":{"name":"EL FRESNO 2"},"geometry":{"type":"Polygon","coordinates":[[[-98.231261,18.994952],[-98.231214,18.993926],[-98.233527,18.99524],[-98.232495,18.9955],[-98.232676,18.996194],[-98.231261,18.994952]]]}},{"type":"Feature","properties":{"name":"RESIDENCIAL DEL VALLE"},"geometry":{"type":"Polygon","coordinates":[[[-98.233257,18.983475],[-98.233339,18.983334],[-98.233772,18.983584],[-98.233257,18.983475]]]}},{"type":"Feature","properties":{"name":"ARBOLEDAS DE LOMA BELLA"},"geometry":{"type":"Polygon","coordinates":[[[-98.22623,18.995177],[-98.225652,18.995601],[-98.2231,18.994272],[-98.220008,18.989226],[-98.222335,18.989333],[-98.225783,18.984023],[-98.229048,18.986172],[-98.228328,18.987307],[-98.229843,18.987826],[-98.227997,18.991255],[-98.230629,18.992566],[-98.228297,18.996377],[-98.22623,18.995177]]]}},{"type":"Feature","properties":{"name":"AMPLIACIÓN ARBOLEDAS DE LOMA BELLA"},"geometry":{"type":"Polygon","coordinates":[[[-98.225783,18.984023],[-98.226595,18.98215],[-98.230351,18.984221],[-98.229048,18.986172],[-98.225783,18.984023]]]}},{"type":"Feature","properties":{"name":"VILLAS DEL SOL"},"geometry":{"type":"Polygon","coordinates":[[[-98.227455,18.98148],[-98.226565,18.980959],[-98.226839,18.980727],[-98.227455,18.98148]]]}},{"type":"Feature","properties":{"name":"JARDINES DE BUGAMBILIAS"},"geometry":{"type":"Polygon","coordinates":[[[-98.221423,18.991739],[-98.221866,18.991377],[-98.223445,18.994011],[-98.221458,18.995178],[-98.220086,18.992746],[-98.221423,18.991739]]]}},{"type":"Feature","properties":{"name":"16 DE SEPTIEMBRE SUR"},"geometry":{"type":"Polygon","coordinates":[[[-98.218276,18.996098],[-98.217207,18.994837],[-98.218147,18.994191],[-98.2173,18.992121],[-98.217658,18.989466],[-98.218938,18.988406],[-98.22024,18.988764],[-98.221423,18.991739],[-98.220086,18.992746],[-98.221458,18.995178],[-98.219431,18.996542],[-98.218276,18.996098]]]}},{"type":"Feature","properties":{"name":"SAN JORGE"},"geometry":{"type":"Polygon","coordinates":[[[-98.21573,18.984104],[-98.21467,18.982864],[-98.213387,18.983258],[-98.213631,18.982088],[-98.216042,18.982543],[-98.218387,18.981883],[-98.217947,18.983607],[-98.218742,18.983703],[-98.219093,18.982501],[-98.219774,18.982705],[-98.21998,18.985692],[-98.218808,18.988026],[-98.21573,18.984104]]]}},{"type":"Feature","properties":{"name":"GRANJAS DE SAN ISIDRO"},"geometry":{"type":"Polygon","coordinates":[[[-98.211639,18.994942],[-98.205699,18.992805],[-98.207802,18.989362],[-98.209202,18.984545],[-98.21467,18.982864],[-98.218938,18.988406],[-98.217658,18.989466],[-98.217361,18.992013],[-98.214793,18.995769],[-98.211639,18.994942]]]}},{"type":"Feature","properties":{"name":"LAS TORRES RESIDENCIAL"},"geometry":{"type":"Polygon","coordinates":[[[-98.217082,18.992514],[-98.2173,18.992121],[-98.21763,18.992556],[-98.217082,18.992514]]]}},{"type":"Feature","properties":{"name":"CENTRO COMERCIAL"},"geometry":{"type":"Polygon","coordinates":[[[-98.217828,18.982021],[-98.216042,18.982543],[-98.216236,18.981663],[-98.217828,18.982021]]]}},{"type":"Feature","properties":{"name":"SAN JOSÉ CHAPULCO"},"geometry":{"type":"Polygon","coordinates":[[[-98.212724,18.982146],[-98.213,18.98094],[-98.213858,18.981108],[-98.213583,18.982317],[-98.212724,18.982146]]]}},{"type":"Feature","properties":{"name":"VITISSSTE"},"geometry":{"type":"Polygon","coordinates":[[[-98.213583,18.982317],[-98.213387,18.983258],[-98.212391,18.983565],[-98.212724,18.982146],[-98.213583,18.982317]]]}},{"type":"Feature","properties":{"name":"RESIDENCIAL JARDINES DE SAN MICHELLE"},"geometry":{"type":"Polygon","coordinates":[[[-98.211707,18.982261],[-98.211909,18.981365],[-98.212775,18.981563],[-98.212475,18.982425],[-98.211707,18.982261]]]}},{"type":"Feature","properties":{"name":"EX-HACIENDA SAN JOSÉ CHAPULCO"},"geometry":{"type":"Polygon","coordinates":[[[-98.211807,18.981342],[-98.21155,18.982906],[-98.210597,18.98271],[-98.211008,18.981186],[-98.211807,18.981342]]]}},{"type":"Feature","properties":{"name":"JARDINES DE SANTIAGO"},"geometry":{"type":"Polygon","coordinates":[[[-98.208597,18.984601],[-98.206623,18.984173],[-98.207857,18.981505],[-98.20971,18.982028],[-98.209159,18.984724],[-98.208597,18.984601]]]}},{"type":"Feature","properties":{"name":"LOS GAVILANES"},"geometry":{"type":"Polygon","coordinates":[[[-98.207587,18.98621],[-98.206347,18.985492],[-98.207732,18.985288],[-98.207938,18.984453],[-98.20839,18.985445],[-98.209159,18.984724],[-98.20867,18.986431],[-98.207587,18.98621]]]}},{"type":"Feature","properties":{"name":"SAN JOSÉ XILOTZINGO"},"geometry":{"type":"Polygon","coordinates":[[[-98.207534,18.98645],[-98.20867,18.986431],[-98.20842,18.987293],[-98.207384,18.98712],[-98.207534,18.98645]]]}},{"type":"Feature","properties":{"name":"LOS GAVILANES"},"geometry":{"type":"Polygon","coordinates":[[[-98.208229,18.984516],[-98.208597,18.984601],[-98.20839,18.985445],[-98.208229,18.984516]]]}},{"type":"Feature","properties":{"name":"RESIDENCIAL SANTA MÓNICA"},"geometry":{"type":"Polygon","coordinates":[[[-98.207403,18.98521],[-98.207586,18.984375],[-98.207938,18.984453],[-98.207403,18.98521]]]}},{"type":"Feature","properties":{"name":"CONJUNTO LOS FAISANES"},"geometry":{"type":"Polygon","coordinates":[[[-98.206965,18.98705],[-98.20718,18.986111],[-98.207587,18.98621],[-98.206965,18.98705]]]}},{"type":"Feature","properties":{"name":"SAN RAFAEL XILOTZINGO"},"geometry":{"type":"Polygon","coordinates":[[[-98.207575,18.98226],[-98.206978,18.983555],[-98.205469,18.982822],[-98.206061,18.98169],[-98.207575,18.98226]]]}},{"type":"Feature","properties":{"name":"SAN JOSÉ XILOTZINGO"},"geometry":{"type":"Polygon","coordinates":[[[-98.206378,18.985917],[-98.20718,18.986111],[-98.206965,18.98705],[-98.206148,18.986914],[-98.206378,18.985917]]]}},{"type":"Feature","properties":{"name":"RESIDENCIAL VESTA HERA"},"geometry":{"type":"Polygon","coordinates":[[[-98.205469,18.982822],[-98.206978,18.983555],[-98.206085,18.98476],[-98.205469,18.982822]]]}},{"type":"Feature","properties":{"name":"ELEGANZA PAVORREALES"},"geometry":{"type":"Polygon","coordinates":[[[-98.205744,18.986846],[-98.206347,18.985492],[-98.206148,18.986914],[-98.205744,18.986846]]]}},{"type":"Feature","properties":{"name":"SAN EZEQUIEL"},"geometry":{"type":"Polygon","coordinates":[[[-98.203882,18.98181],[-98.204928,18.981968],[-98.205541,18.980849],[-98.206533,18.981158],[-98.205681,18.982433],[-98.203882,18.98181]]]}},{"type":"Feature","properties":{"name":"AGRÍCOLA IGNACIO ZARAGOZA"},"geometry":{"type":"Polygon","coordinates":[[[-98.224349,19.137818],[-98.222413,19.136617],[-98.221228,19.129234],[-98.218621,19.121299],[-98.224705,19.117497],[-98.22656,19.118475],[-98.227389,19.117652],[-98.225935,19.11654],[-98.226575,19.1161],[-98.227745,19.117693],[-98.231567,19.119623],[-98.229634,19.120811],[-98.22861,19.122832],[-98.228781,19.1239],[-98.230847,19.124522],[-98.229987,19.127016],[-98.230786,19.129239],[-98.228817,19.13134],[-98.229711,19.132227],[-98.229418,19.134311],[-98.227812,19.135241],[-98.225668,19.134961],[-98.224349,19.137818]]]}},{"type":"Feature","properties":{"name":"GUADALUPE CALERAS"},"geometry":{"type":"Polygon","coordinates":[[[-98.225413,19.103896],[-98.226499,19.102701],[-98.223883,19.100505],[-98.225099,19.099309],[-98.228213,19.10047],[-98.230154,19.103375],[-98.229512,19.104693],[-98.227522,19.103698],[-98.226887,19.104749],[-98.225413,19.103896]]]}},{"type":"Feature","properties":{"name":"VISTA DEL VALLE"},"geometry":{"type":"Polygon","coordinates":[[[-98.22276,19.111397],[-98.221145,19.11067],[-98.224734,19.104635],[-98.226114,19.105455],[-98.22681,19.105072],[-98.226805,19.105917],[-98.227864,19.1063],[-98.228057,19.105577],[-98.228889,19.105938],[-98.2287,19.107478],[-98.226765,19.10852],[-98.225217,19.112319],[-98.22276,19.111397]],[[-98.223693,19.109488],[-98.224641,19.108035],[-98.223717,19.107734],[-98.223111,19.109268],[-98.223693,19.109488]],[[-98.226001,19.108593],[-98.226303,19.109365],[-98.226574,19.108817],[-98.226001,19.108593]],[[-98.224399,19.109812],[-98.223894,19.109579],[-98.223052,19.111102],[-98.223891,19.111445],[-98.224399,19.109812]]]}},{"type":"Feature","properties":{"name":"SAN JOSÉ LA CAÑADA"},"geometry":{"type":"Polygon","coordinates":[[[-98.227359,19.117493],[-98.22656,19.118475],[-98.224705,19.117497],[-98.226066,19.116515],[-98.227359,19.117493]]]}},{"type":"Feature","properties":{"name":"VISTA DEL VALLE"},"geometry":{"type":"Polygon","coordinates":[[[-98.223894,19.109579],[-98.224538,19.109881],[-98.223891,19.111445],[-98.223052,19.111102],[-98.223894,19.109579]]]}},{"type":"Feature","properties":{"name":"EL ROBLE"},"geometry":{"type":"Polygon","coordinates":[[[-98.223102,19.101556],[-98.223754,19.100794],[-98.224448,19.101216],[-98.223749,19.102034],[-98.223102,19.101556]]]}},{"type":"Feature","properties":{"name":"LOS ÁNGELES BARRANCA HONDA"},"geometry":{"type":"Polygon","coordinates":[[[-98.215185,19.1235],[-98.212359,19.121365],[-98.211947,19.11897],[-98.213595,19.118123],[-98.215896,19.118414],[-98.218787,19.115247],[-98.220509,19.11462],[-98.221084,19.11739],[-98.223898,19.118413],[-98.218804,19.120969],[-98.217847,19.124835],[-98.216933,19.124953],[-98.215185,19.1235]],[[-98.216233,19.121752],[-98.21581,19.119123],[-98.216115,19.123133],[-98.217264,19.123112],[-98.216999,19.121538],[-98.216233,19.121752]]]}},{"type":"Feature","properties":{"name":"LOMA BONITA CALERAS"},"geometry":{"type":"Polygon","coordinates":[[[-98.219875,19.110805],[-98.218738,19.1097],[-98.220757,19.109532],[-98.221141,19.108513],[-98.218067,19.107504],[-98.217765,19.108532],[-98.216573,19.107446],[-98.216649,19.105835],[-98.219005,19.104942],[-98.220154,19.102757],[-98.219332,19.100452],[-98.222035,19.102319],[-98.221533,19.103716],[-98.223638,19.105811],[-98.223121,19.106437],[-98.220761,19.105916],[-98.220696,19.106695],[-98.222678,19.107386],[-98.220778,19.111714],[-98.219875,19.110805]]]}},{"type":"Feature","properties":{"name":"NUEVA AURORA COYOPOTRERO"},"geometry":{"type":"Polygon","coordinates":[[[-98.222553,19.113732],[-98.221716,19.114622],[-98.219928,19.114154],[-98.219077,19.112179],[-98.219688,19.110904],[-98.222553,19.113732]]]}},{"type":"Feature","properties":{"name":"EL JAZMÍN"},"geometry":{"type":"Polygon","coordinates":[[[-98.216844,19.102109],[-98.216934,19.100888],[-98.219598,19.100886],[-98.220154,19.102757],[-98.217764,19.103896],[-98.216844,19.102109]]]}},{"type":"Feature","properties":{"name":"COYOPOTRERO LA LOMA"},"geometry":{"type":"Polygon","coordinates":[[[-98.215523,19.10942],[-98.217887,19.10884],[-98.219875,19.110805],[-98.219094,19.112277],[-98.214635,19.111721],[-98.214584,19.109159],[-98.215523,19.10942]]]}},{"type":"Feature","properties":{"name":"SAN CRISTÓBAL"},"geometry":{"type":"Polygon","coordinates":[[[-98.211941,19.115183],[-98.214099,19.11497],[-98.214512,19.112891],[-98.212169,19.112903],[-98.212969,19.112276],[-98.218846,19.113403],[-98.217911,19.114522],[-98.21863,19.115599],[-98.215896,19.118414],[-98.21369,19.116871],[-98.213561,19.118066],[-98.212077,19.118398],[-98.212672,19.116438],[-98.211941,19.115183]]]}},{"type":"Feature","properties":{"name":"COLORINES"},"geometry":{"type":"Polygon","coordinates":[[[-98.218215,19.099147],[-98.217255,19.100221],[-98.217554,19.09899],[-98.218215,19.099147]]]}},{"type":"Feature","properties":{"name":"GUADALUPE DEL ORO"},"geometry":{"type":"Polygon","coordinates":[[[-98.215693,19.123756],[-98.216933,19.124953],[-98.215302,19.126461],[-98.215693,19.123756]]]}},{"type":"Feature","properties":{"name":"PEDREGAL DE SANTO DOMINGO"},"geometry":{"type":"Polygon","coordinates":[[[-98.217551,19.099038],[-98.216782,19.100792],[-98.21696,19.100213],[-98.216026,19.099999],[-98.21683,19.098705],[-98.217551,19.099038]]]}},{"type":"Feature","properties":{"name":"HACIENDA LOS OLIVOS"},"geometry":{"type":"Polygon","coordinates":[[[-98.21586,19.121746],[-98.21581,19.119123],[-98.215944,19.1222],[-98.21586,19.121746]]]}},{"type":"Feature","properties":{"name":"XILOTZONI SEGUNDA SECCIÓN"},"geometry":{"type":"Polygon","coordinates":[[[-98.21409,19.106574],[-98.214472,19.108504],[-98.212629,19.108242],[-98.212423,19.106265],[-98.21409,19.106574]]]}},{"type":"Feature","properties":{"name":"LOMAS DE COYOPOTRERO"},"geometry":{"type":"Polygon","coordinates":[[[-98.219468,19.107908],[-98.221141,19.108513],[-98.220757,19.109532],[-98.219008,19.109577],[-98.219468,19.107908]]]}},{"type":"Feature","properties":{"name":"LOMAS DE XILOTZONI"},"geometry":{"type":"Polygon","coordinates":[[[-98.21409,19.106574],[-98.216526,19.106142],[-98.216573,19.107446],[-98.21436,19.107986],[-98.21409,19.106574]]]}},{"type":"Feature","properties":{"name":"LOS CIPRESES"},"geometry":{"type":"Polygon","coordinates":[[[-98.220955,19.102124],[-98.221416,19.100999],[-98.222902,19.101526],[-98.220955,19.102124]]]}},{"type":"Feature","properties":{"name":"LOS PINOS"},"geometry":{"type":"Polygon","coordinates":[[[-98.221223,19.099904],[-98.220413,19.100676],[-98.220803,19.099806],[-98.221223,19.099904]]]}},{"type":"Feature","properties":{"name":"MAGNOLIAS"},"geometry":{"type":"Polygon","coordinates":[[[-98.215743,19.104323],[-98.216133,19.102081],[-98.216844,19.102109],[-98.217764,19.103896],[-98.215743,19.104323]]]}},{"type":"Feature","properties":{"name":"NINGUNO"},"geometry":{"type":"Polygon","coordinates":[[[-98.232259,19.118357],[-98.231567,19.119623],[-98.229953,19.119034],[-98.226575,19.1161],[-98.227617,19.11541],[-98.228341,19.110908],[-98.230739,19.106773],[-98.231077,19.104745],[-98.230154,19.103375],[-98.232558,19.101968],[-98.234401,19.108543],[-98.23185,19.109047],[-98.230521,19.113881],[-98.228962,19.115898],[-98.232259,19.118357]]]}},{"type":"Feature","properties":{"name":"BARRANCA HONDA"},"geometry":{"type":"Polygon","coordinates":[[[-98.216933,19.124953],[-98.218025,19.12471],[-98.218621,19.121299],[-98.220634,19.127168],[-98.217398,19.125844],[-98.216933,19.124953]]]}},{"type":"Feature","properties":{"name":"HACIENDA LOS OLIVOS II"},"geometry":{"type":"Polygon","coordinates":[[[-98.215944,19.1222],[-98.216999,19.121538],[-98.217264,19.123112],[-98.216115,19.123133],[-98.215944,19.1222]]]}},{"type":"Feature","properties":{"name":"LA ANTIGUA CEMENTERA"},"geometry":{"type":"Polygon","coordinates":[[[-98.218321,19.085792],[-98.21905,19.084225],[-98.218318,19.083934],[-98.217679,19.085549],[-98.215104,19.084328],[-98.216025,19.081459],[-98.217623,19.082003],[-98.218076,19.081232],[-98.216281,19.080518],[-98.21706,19.07831],[-98.21856,19.078913],[-98.221066,19.075261],[-98.223491,19.074192],[-98.223891,19.074687],[-98.222538,19.075376],[-98.223057,19.07601],[-98.22425,19.075127],[-98.22652,19.078569],[-98.223714,19.079337],[-98.224035,19.080306],[-98.222497,19.083335],[-98.223444,19.083581],[-98.223278,19.084981],[-98.222483,19.084763],[-98.221996,19.085644],[-98.21963,19.084735],[-98.219064,19.086068],[-98.218321,19.085792]]]}},{"type":"Feature","properties":{"name":"SAN BERNARDO"},"geometry":{"type":"Polygon","coordinates":[[[-98.207764,19.076021],[-98.208332,19.075248],[-98.21119,19.075194],[-98.211267,19.075791],[-98.207764,19.076021]]]}},{"type":"Feature","properties":{"name":"SANTA MARÍA LA RIVERA"},"geometry":{"type":"Polygon","coordinates":[[[-98.202628,19.086051],[-98.203219,19.08537],[-98.202798,19.083592],[-98.200696,19.082928],[-98.200852,19.075089],[-98.202967,19.075093],[-98.205639,19.08723],[-98.202208,19.086537],[-98.202628,19.086051]]]}},{"type":"Feature","properties":{"name":"SAN FELIPE HUEYOTLIPAN"},"geometry":{"type":"Polygon","coordinates":[[[-98.218435,19.089861],[-98.217776,19.089104],[-98.205639,19.08723],[-98.203563,19.077052],[-98.211267,19.075791],[-98.211664,19.079177],[-98.211084,19.080999],[-98.216616,19.079583],[-98.215104,19.084328],[-98.21959,19.086262],[-98.219315,19.087965],[-98.220603,19.0859],[-98.220268,19.085005],[-98.221891,19.085603],[-98.220648,19.088454],[-98.221657,19.088859],[-98.219493,19.088833],[-98.219006,19.090084],[-98.218435,19.089861]],[[-98.210577,19.080096],[-98.21125,19.078958],[-98.211022,19.078933],[-98.210577,19.080096]],[[-98.207811,19.080193],[-98.207333,19.080942],[-98.207649,19.081085],[-98.207811,19.080193]],[[-98.205935,19.080923],[-98.206052,19.080676],[-98.205264,19.080332],[-98.205299,19.080711],[-98.205935,19.080923]],[[-98.212468,19.082568],[-98.212604,19.082148],[-98.212189,19.082017],[-98.212468,19.082568]],[[-98.214647,19.084465],[-98.214575,19.083682],[-98.214297,19.084349],[-98.214647,19.084465]],[[-98.214352,19.085787],[-98.213951,19.085173],[-98.213756,19.085654],[-98.214352,19.085787]],[[-98.214666,19.086267],[-98.213988,19.086699],[-98.21454,19.086872],[-98.214666,19.086267]],[[-98.21788,19.087447],[-98.217318,19.088147],[-98.217609,19.088246],[-98.21788,19.087447]]]}},{"type":"Feature","properties":{"name":"RANCHO COLORADO"},"geometry":{"type":"Polygon","coordinates":[[[-98.213891,19.079586],[-98.211629,19.078911],[-98.211287,19.075943],[-98.212699,19.076306],[-98.212035,19.078111],[-98.216869,19.078929],[-98.215688,19.080113],[-98.213546,19.08063],[-98.213891,19.079586]]]}},{"type":"Feature","properties":{"name":"GRAL JESÚS GONZÁLEZ ORTEGA"},"geometry":{"type":"Polygon","coordinates":[[[-98.214929,19.078591],[-98.215024,19.078085],[-98.212035,19.078111],[-98.21264,19.076513],[-98.217355,19.077318],[-98.216869,19.078929],[-98.214929,19.078591]]]}},{"type":"Feature","properties":{"name":"S.A.R.H"},"geometry":{"type":"Polygon","coordinates":[[[-98.211629,19.078911],[-98.213891,19.079586],[-98.213546,19.08063],[-98.211084,19.080999],[-98.211629,19.078911]]]}},{"type":"Feature","properties":{"name":"FUENTES LA PEDRERA"},"geometry":{"type":"Polygon","coordinates":[[[-98.207333,19.080942],[-98.207676,19.080129],[-98.208029,19.080254],[-98.207333,19.080942]]]}},{"type":"Feature","properties":{"name":"BOSQUES 5 DE FEBRERO"},"geometry":{"type":"Polygon","coordinates":[[[-98.201242,19.083915],[-98.201264,19.083109],[-98.202646,19.083549],[-98.202656,19.084091],[-98.201242,19.083915]]]}},{"type":"Feature","properties":{"name":"FUTURA"},"geometry":{"type":"Polygon","coordinates":[[[-98.214765,19.083739],[-98.214647,19.084465],[-98.214297,19.084349],[-98.214765,19.083739]]]}},{"type":"Feature","properties":{"name":"AQUILES SERDÁN"},"geometry":{"type":"Polygon","coordinates":[[[-98.214145,19.086276],[-98.214752,19.0863],[-98.21454,19.086872],[-98.214145,19.086276]]]}},{"type":"Feature","properties":{"name":"LA CANDELARIA"},"geometry":{"type":"Polygon","coordinates":[[[-98.196336,19.090006],[-98.198376,19.089293],[-98.199701,19.086267],[-98.200553,19.088995],[-98.196823,19.090806],[-98.196336,19.090006]]]}},{"type":"Feature","properties":{"name":"PLAZUELAS SAN JOSÉ"},"geometry":{"type":"Polygon","coordinates":[[[-98.217318,19.088147],[-98.217684,19.087376],[-98.217976,19.087481],[-98.217318,19.088147]]]}},{"type":"Feature","properties":{"name":"JUNTA AUXILIAR SAN JERÓNIMO CALERAS"},"geometry":{"type":"Polygon","coordinates":[[[-98.221945,19.117192],[-98.221084,19.11739],[-98.220509,19.11462],[-98.218787,19.115247],[-98.217911,19.114522],[-98.218846,19.113403],[-98.21044,19.112449],[-98.208943,19.10976],[-98.208271,19.106206],[-98.209638,19.103399],[-98.208586,19.103225],[-98.20825,19.10578],[-98.207175,19.097111],[-98.207763,19.097062],[-98.205639,19.08723],[-98.217776,19.089104],[-98.22178,19.09104],[-98.221133,19.093052],[-98.22001,19.094403],[-98.219437,19.094166],[-98.219081,19.094908],[-98.219746,19.095287],[-98.218922,19.096673],[-98.217467,19.097605],[-98.216455,19.095637],[-98.216078,19.096134],[-98.217012,19.097982],[-98.216026,19.099999],[-98.216952,19.100828],[-98.219177,19.10004],[-98.219598,19.100886],[-98.216934,19.100888],[-98.216844,19.102109],[-98.214545,19.101787],[-98.214119,19.1027],[-98.213661,19.102283],[-98.21601,19.100003],[-98.213432,19.098447],[-98.212396,19.099961],[-98.21154,19.098787],[-98.210169,19.100593],[-98.21019,19.101814],[-98.213953,19.105319],[-98.214021,19.103733],[-98.214444,19.104102],[-98.215025,19.103525],[-98.214502,19.103049],[-98.216101,19.102176],[-98.21552,19.104318],[-98.219637,19.103043],[-98.217896,19.105751],[-98.212423,19.106265],[-98.212629,19.108242],[-98.214472,19.108504],[-98.215345,19.107432],[-98.216573,19.107446],[-98.217887,19.10884],[-98.214584,19.109159],[-98.214635,19.111721],[-98.219094,19.112277],[-98.219731,19.113948],[-98.220998,19.114669],[-98.222553,19.113732],[-98.220778,19.111714],[-98.221145,19.11067],[-98.225217,19.112319],[-98.226765,19.10852],[-98.2287,19.107478],[-98.228889,19.105938],[-98.224734,19.104635],[-98.223638,19.105811],[-98.221961,19.104171],[-98.224101,19.102311],[-98.223883,19.100505],[-98.226499,19.102701],[-98.225642,19.104335],[-98.226887,19.104749],[-98.227522,19.103698],[-98.229512,19.104693],[-98.230154,19.103375],[-98.230922,19.104389],[-98.230676,19.106937],[-98.228234,19.111218],[-98.227617,19.11541],[-98.223898,19.118413],[-98.221945,19.117192]],[[-98.211084,19.092244],[-98.211484,19.090843],[-98.211039,19.090813],[-98.211084,19.092244]],[[-98.220184,19.091963],[-98.219067,19.093043],[-98.219506,19.093212],[-98.220184,19.091963]],[[-98.208123,19.093186],[-98.208665,19.091712],[-98.207659,19.091517],[-98.207564,19.09309],[-98.208123,19.093186]],[[-98.214873,19.098181],[-98.215464,19.098801],[-98.215368,19.097632],[-98.214873,19.098181]]]}},{"type":"Feature","properties":{"name":"LA GUADALUPANA"},"geometry":{"type":"Polygon","coordinates":[[[-98.206952,19.094896],[-98.207042,19.093215],[-98.207763,19.097062],[-98.207175,19.097111],[-98.206952,19.094896]]]}},{"type":"Feature","properties":{"name":"NINGUNO"},"geometry":{"type":"Polygon","coordinates":[[[-98.203869,19.115784],[-98.204355,19.114932],[-98.201765,19.115228],[-98.203163,19.109751],[-98.200946,19.109345],[-98.201508,19.107869],[-98.198817,19.107514],[-98.199257,19.10388],[-98.202405,19.103792],[-98.201894,19.105554],[-98.202501,19.105489],[-98.202784,19.107533],[-98.204854,19.108955],[-98.204763,19.106562],[-98.205375,19.106414],[-98.205403,19.109132],[-98.205627,19.106426],[-98.206938,19.105116],[-98.206736,19.102904],[-98.205397,19.102358],[-98.205921,19.100507],[-98.202761,19.095995],[-98.201557,19.096416],[-98.200862,19.09903],[-98.197806,19.098959],[-98.200169,19.095296],[-98.20309,19.095763],[-98.202655,19.094481],[-98.203465,19.094141],[-98.206952,19.094896],[-98.208682,19.109138],[-98.21044,19.112449],[-98.214512,19.112891],[-98.214099,19.11497],[-98.211893,19.115096],[-98.211433,19.114228],[-98.209097,19.113838],[-98.208996,19.116286],[-98.211701,19.117329],[-98.212359,19.121365],[-98.215693,19.123756],[-98.215233,19.126439],[-98.2167,19.124912],[-98.220634,19.127168],[-98.222413,19.136617],[-98.210072,19.132923],[-98.206214,19.133264],[-98.204133,19.130075],[-98.205517,19.127562],[-98.204231,19.124951],[-98.203869,19.115784]]]}},{"type":"Feature","properties":{"name":"DEL VALLE"},"geometry":{"type":"Polygon","coordinates":[[[-98.220803,19.099806],[-98.220413,19.100676],[-98.219274,19.100284],[-98.219951,19.098304],[-98.218764,19.098054],[-98.219177,19.10004],[-98.217943,19.100164],[-98.218215,19.099147],[-98.216566,19.098746],[-98.216455,19.095637],[-98.217467,19.097605],[-98.219714,19.095021],[-98.223697,19.095796],[-98.223846,19.097086],[-98.224958,19.097048],[-98.223174,19.101525],[-98.220798,19.1008],[-98.220803,19.099806]],[[-98.223327,19.098955],[-98.223633,19.097133],[-98.222953,19.097329],[-98.223327,19.098955]],[[-98.221791,19.097888],[-98.221403,19.098613],[-98.221837,19.098691],[-98.221791,19.097888]]]}},{"type":"Feature","properties":{"name":"INFONAVIT FIDEL VELÁZQUEZ"},"geometry":{"type":"Polygon","coordinates":[[[-98.195655,19.09783],[-98.196281,19.096662],[-98.197144,19.09691],[-98.196907,19.098249],[-98.195655,19.09783]]]}},{"type":"Feature","properties":{"name":"BENITO JUÁREZ"},"geometry":{"type":"Polygon","coordinates":[[[-98.205627,19.106426],[-98.2048,19.106402],[-98.204993,19.105309],[-98.201894,19.105554],[-98.202405,19.103792],[-98.198413,19.103884],[-98.201462,19.097173],[-98.202667,19.098001],[-98.203792,19.097402],[-98.205921,19.100507],[-98.205397,19.102358],[-98.206736,19.102904],[-98.206938,19.105116],[-98.205627,19.106426]]]}},{"type":"Feature","properties":{"name":"LOS SAUCES"},"geometry":{"type":"Polygon","coordinates":[[[-98.219197,19.100089],[-98.218764,19.098054],[-98.219951,19.098304],[-98.219197,19.100089]]]}},{"type":"Feature","properties":{"name":"ROSAS DEL TEPEYAC"},"geometry":{"type":"Polygon","coordinates":[[[-98.195756,19.10368],[-98.193669,19.102211],[-98.194585,19.101761],[-98.194921,19.097579],[-98.19804,19.09813],[-98.197806,19.098959],[-98.200862,19.09903],[-98.198413,19.103884],[-98.195756,19.10368]]]}},{"type":"Feature","properties":{"name":"LOMAS DE SAN JERÓNIMO"},"geometry":{"type":"Polygon","coordinates":[[[-98.212195,19.103734],[-98.21019,19.101814],[-98.210169,19.100593],[-98.21154,19.098787],[-98.212396,19.099961],[-98.213432,19.098447],[-98.21601,19.100003],[-98.213661,19.102283],[-98.216193,19.102095],[-98.214502,19.103049],[-98.215025,19.103525],[-98.214444,19.104102],[-98.214021,19.103733],[-98.213953,19.105319],[-98.212195,19.103734]]]}},{"type":"Feature","properties":{"name":"EL FRESNO"},"geometry":{"type":"Polygon","coordinates":[[[-98.20825,19.10578],[-98.208586,19.103225],[-98.209638,19.103399],[-98.209105,19.105602],[-98.20825,19.10578]]]}},{"type":"Feature","properties":{"name":"AMPLIACIÓN IGNACIO MARISCAL"},"geometry":{"type":"Polygon","coordinates":[[[-98.202342,19.106418],[-98.202501,19.105489],[-98.204993,19.105309],[-98.2048,19.106402],[-98.202342,19.106418]]]}},{"type":"Feature","properties":{"name":"BARRANCA HONDA"},"geometry":{"type":"Polygon","coordinates":[[[-98.198236,19.116548],[-98.196912,19.116502],[-98.195316,19.115158],[-98.195992,19.111626],[-98.195537,19.107875],[-98.201508,19.107869],[-98.200946,19.109345],[-98.203163,19.109751],[-98.201765,19.115228],[-98.199397,19.115549],[-98.198236,19.116548]]]}},{"type":"Feature","properties":{"name":"RESIDENCIAL SAN JERÓNIMO (SECCIÓN ORQUIDEAS)"},"geometry":{"type":"Polygon","coordinates":[[[-98.207927,19.093151],[-98.208665,19.091712],[-98.208302,19.093218],[-98.207927,19.093151]]]}},{"type":"Feature","properties":{"name":"SAN JERÓNIMO CALERAS"},"geometry":{"type":"Polygon","coordinates":[[[-98.208315,19.091645],[-98.207564,19.09309],[-98.207659,19.091517],[-98.208315,19.091645]]]}},{"type":"Feature","properties":{"name":"CONDOMINIOS SAN JERÓNIMO"},"geometry":{"type":"Polygon","coordinates":[[[-98.21118,19.092264],[-98.211039,19.090813],[-98.211484,19.090843],[-98.21118,19.092264]]]}},{"type":"Feature","properties":{"name":"SAN PABLO XOCHIMEHUACAN"},"geometry":{"type":"Polygon","coordinates":[[[-98.19804,19.09813],[-98.196947,19.097909],[-98.197144,19.09691],[-98.195396,19.09638],[-98.196927,19.092785],[-98.195075,19.090267],[-98.196336,19.090006],[-98.196823,19.090806],[-98.200553,19.088995],[-98.199501,19.08537],[-98.200596,19.08537],[-98.200696,19.082928],[-98.201242,19.083915],[-98.202798,19.083592],[-98.203219,19.08537],[-98.200666,19.085426],[-98.202628,19.086051],[-98.202208,19.086537],[-98.205639,19.08723],[-98.206952,19.094896],[-98.203465,19.094141],[-98.202655,19.094481],[-98.20309,19.095763],[-98.200169,19.095296],[-98.19804,19.09813]]]}},{"type":"Feature","properties":{"name":"SANTA MARÍA"},"geometry":{"type":"Polygon","coordinates":[[[-98.20126,19.085111],[-98.202962,19.085672],[-98.201396,19.085917],[-98.200666,19.085426],[-98.20126,19.085111]]]}},{"type":"Feature","properties":{"name":"VILLAS SAN FELIPE"},"geometry":{"type":"Polygon","coordinates":[[[-98.205264,19.080332],[-98.206052,19.080676],[-98.205917,19.080961],[-98.205264,19.080332]]]}},{"type":"Feature","properties":{"name":"NINGUNO"},"geometry":{"type":"Polygon","coordinates":[[[-98.214518,19.085432],[-98.213756,19.085654],[-98.213951,19.085173],[-98.214518,19.085432]]]}},{"type":"Feature","properties":{"name":"NINGUNO"},"geometry":{"type":"Polygon","coordinates":[[[-98.212295,19.082463],[-98.212189,19.082017],[-98.212604,19.082148],[-98.212295,19.082463]]]}},{"type":"Feature","properties":{"name":"EX-RANCHO SANTA MARÍA"},"geometry":{"type":"Polygon","coordinates":[[[-98.200694,19.081505],[-98.20068,19.083311],[-98.198858,19.083107],[-98.198552,19.081751],[-98.200694,19.081505]]]}},{"type":"Feature","properties":{"name":"FRACCIONAMIENTO RANCHO MEZA"},"geometry":{"type":"Polygon","coordinates":[[[-98.21959,19.086262],[-98.219315,19.087965],[-98.218929,19.087829],[-98.21959,19.086262]]]}},{"type":"Feature","properties":{"name":"JESÚS GONZÁLEZ ORTEGA"},"geometry":{"type":"Polygon","coordinates":[[[-98.214799,19.07857],[-98.214175,19.077959],[-98.215024,19.078085],[-98.214799,19.07857]]]}},{"type":"Feature","properties":{"name":"LA LADRILLERA"},"geometry":{"type":"Polygon","coordinates":[[[-98.202667,19.098001],[-98.201462,19.097173],[-98.202761,19.095995],[-98.203792,19.097402],[-98.202667,19.098001]]]}},{"type":"Feature","properties":{"name":"LA PEDRERA"},"geometry":{"type":"Polygon","coordinates":[[[-98.210577,19.080096],[-98.211022,19.078933],[-98.21125,19.078958],[-98.210577,19.080096]]]}},{"type":"Feature","properties":{"name":"ORQUIDEAS"},"geometry":{"type":"Polygon","coordinates":[[[-98.202806,19.106383],[-98.2048,19.106402],[-98.204854,19.108955],[-98.202784,19.107533],[-98.202806,19.106383]]]}},{"type":"Feature","properties":{"name":"SAN CRISTOBAL TULCINGO SECCIÓN ORIENTE"},"geometry":{"type":"Polygon","coordinates":[[[-98.212087,19.116183],[-98.212274,19.116962],[-98.211369,19.117251],[-98.210839,19.116246],[-98.208993,19.11575],[-98.209097,19.113838],[-98.211433,19.114228],[-98.212087,19.116183]]]}},{"type":"Feature","properties":{"name":"AMPLIACIÓN IGNACIO MARISCAL"},"geometry":{"type":"Polygon","coordinates":[[[-98.205281,19.108058],[-98.205627,19.106426],[-98.205403,19.109132],[-98.205281,19.108058]]]}},{"type":"Feature","properties":{"name":"JUNTA AUXILIAR SAN JERÓNIMO CALERAS"},"geometry":{"type":"Polygon","coordinates":[[[-98.217355,19.077318],[-98.218569,19.077028],[-98.220111,19.074504],[-98.221088,19.074782],[-98.21856,19.078913],[-98.21706,19.07831],[-98.217355,19.077318]]]}},{"type":"Feature","properties":{"name":"JUNTA AUXILIAR SAN JERÓNIMO CALERAS"},"geometry":{"type":"Polygon","coordinates":[[[-98.211713,19.118569],[-98.211701,19.117329],[-98.209866,19.11713],[-98.208993,19.11575],[-98.210839,19.116246],[-98.211369,19.117251],[-98.212274,19.116962],[-98.211941,19.115183],[-98.212672,19.116438],[-98.212077,19.118398],[-98.213561,19.118066],[-98.21369,19.116871],[-98.215896,19.118414],[-98.211713,19.118569]]]}},{"type":"Feature","properties":{"name":"JUNTA AUXILIAR SAN JERÓNIMO CALERAS"},"geometry":{"type":"Polygon","coordinates":[[[-98.216122,19.081146],[-98.216281,19.080518],[-98.218076,19.081232],[-98.217623,19.082003],[-98.216122,19.081146]]]}},{"type":"Feature","properties":{"name":"DEL VALLE"},"geometry":{"type":"Polygon","coordinates":[[[-98.21486,19.097673],[-98.215698,19.098191],[-98.215464,19.098801],[-98.21486,19.097673]]]}},{"type":"Feature","properties":{"name":"INFONAVIT LA MARGARITA"},"geometry":{"type":"Polygon","coordinates":[[[-98.184669,19.011328],[-98.180873,19.00946],[-98.182845,19.007299],[-98.182991,19.004739],[-98.18497,19.003025],[-98.184879,18.998696],[-98.185512,18.998502],[-98.185862,18.996287],[-98.187576,18.99582],[-98.188964,18.999829],[-98.190016,18.999949],[-98.1905,19.003041],[-98.192454,19.00436],[-98.191028,19.006551],[-98.191128,19.008026],[-98.190143,19.008677],[-98.189583,19.011547],[-98.187748,19.009764],[-98.186276,19.012128],[-98.184669,19.011328]]]}},{"type":"Feature","properties":{"name":"LOMAS DEL MÁRMOL"},"geometry":{"type":"Polygon","coordinates":[[[-98.180118,19.006917],[-98.18031,19.00379],[-98.181312,19.002396],[-98.180379,19.000715],[-98.180894,18.997861],[-98.185995,18.996123],[-98.185512,18.998502],[-98.184879,18.998696],[-98.18497,19.003025],[-98.182991,19.004739],[-98.182845,19.007299],[-98.180927,19.006471],[-98.180118,19.006917]]]}},{"type":"Feature","properties":{"name":"LA HACIENDA"},"geometry":{"type":"Polygon","coordinates":[[[-98.189596,19.016926],[-98.188843,19.015054],[-98.189592,19.013285],[-98.189297,19.011722],[-98.19247,19.004191],[-98.1905,19.003041],[-98.190016,18.999949],[-98.188759,18.999435],[-98.188689,18.9987],[-98.190036,18.998512],[-98.190514,19.000044],[-98.193871,19.001032],[-98.194173,19.006844],[-98.192903,19.014098],[-98.190349,19.012624],[-98.189596,19.016926]]]}},{"type":"Feature","properties":{"name":"XAXALPA TEXTIL"},"geometry":{"type":"Polygon","coordinates":[[[-98.218087,19.004833],[-98.218635,19.004136],[-98.219439,19.004688],[-98.218974,19.00548],[-98.218087,19.004833]]]}},{"type":"Feature","properties":{"name":"JARDINES DE SAN MANUEL"},"geometry":{"type":"Polygon","coordinates":[[[-98.192944,19.013875],[-98.193996,19.004173],[-98.199971,19.006292],[-98.200532,19.003989],[-98.206711,19.007087],[-98.201786,19.017311],[-98.202884,19.017864],[-98.201226,19.020911],[-98.199437,19.020321],[-98.198592,19.022499],[-98.197547,19.019106],[-98.198949,19.018276],[-98.198626,19.016904],[-98.197651,19.016678],[-98.197799,19.015894],[-98.192944,19.013875]],[[-98.197459,19.010437],[-98.196858,19.01022],[-98.19632,19.012527],[-98.197852,19.013068],[-98.19838,19.010776],[-98.197459,19.010437]],[[-98.198087,19.013908],[-98.198658,19.014592],[-98.19927,19.013579],[-98.198275,19.013219],[-98.198087,19.013908]]]}},{"type":"Feature","properties":{"name":"BUGAMBILIAS TERCERA SECCIÓN"},"geometry":{"type":"Polygon","coordinates":[[[-98.207724,19.009156],[-98.206215,19.004895],[-98.206731,19.004581],[-98.21163,19.007689],[-98.210294,19.010184],[-98.207724,19.009156]]]}},{"type":"Feature","properties":{"name":"BUGAMBILIAS"},"geometry":{"type":"Polygon","coordinates":[[[-98.211288,19.020465],[-98.212857,19.015272],[-98.209938,19.010907],[-98.211304,19.00829],[-98.212032,19.008629],[-98.21163,19.007689],[-98.213952,19.008805],[-98.2151,19.005964],[-98.217375,19.006133],[-98.21986,19.007932],[-98.219418,19.00875],[-98.221071,19.009546],[-98.218701,19.013697],[-98.216351,19.012729],[-98.2119,19.02098],[-98.211288,19.020465]],[[-98.215126,19.008634],[-98.215467,19.008072],[-98.215285,19.008058],[-98.215126,19.008634]],[[-98.213602,19.012722],[-98.213279,19.012846],[-98.21353,19.012945],[-98.213602,19.012722]]]}},{"type":"Feature","properties":{"name":"FOVISSSTE SAN MANUEL"},"geometry":{"type":"Polygon","coordinates":[[[-98.196729,19.01064],[-98.19838,19.010776],[-98.197852,19.013068],[-98.19632,19.012527],[-98.196729,19.01064]]]}},{"type":"Feature","properties":{"name":"LAS AVÉS"},"geometry":{"type":"Polygon","coordinates":[[[-98.210268,19.014323],[-98.210756,19.013408],[-98.209356,19.011993],[-98.209938,19.010907],[-98.212783,19.015504],[-98.210268,19.014323]]]}},{"type":"Feature","properties":{"name":"INSURGENTES ORIENTE"},"geometry":{"type":"Polygon","coordinates":[[[-98.186568,19.018348],[-98.178803,19.013184],[-98.180151,19.010477],[-98.182195,19.011498],[-98.183059,19.010445],[-98.184671,19.011299],[-98.183348,19.013821],[-98.187115,19.01654],[-98.187986,19.018353],[-98.186568,19.018348]]]}},{"type":"Feature","properties":{"name":"EL CERRITO"},"geometry":{"type":"Polygon","coordinates":[[[-98.21205,19.020731],[-98.216351,19.012729],[-98.220128,19.014969],[-98.215764,19.021993],[-98.21205,19.020731]],[[-98.213972,19.019057],[-98.213884,19.018767],[-98.213759,19.019001],[-98.213972,19.019057]]]}},{"type":"Feature","properties":{"name":"GUADALUPE"},"geometry":{"type":"Polygon","coordinates":[[[-98.191879,19.017847],[-98.189428,19.017221],[-98.190349,19.012624],[-98.192903,19.014098],[-98.191879,19.017847]]]}},{"type":"Feature","properties":{"name":"LAS COLORADAS DE SAN MIGUEL"},"geometry":{"type":"Polygon","coordinates":[[[-98.210268,19.014323],[-98.212783,19.015504],[-98.21251,19.016373],[-98.209888,19.015207],[-98.210268,19.014323]]]}},{"type":"Feature","properties":{"name":"GIRASOL"},"geometry":{"type":"Polygon","coordinates":[[[-98.221032,19.018337],[-98.221333,19.016084],[-98.223647,19.017353],[-98.222495,19.01908],[-98.221032,19.018337]]]}},{"type":"Feature","properties":{"name":"LA FLOR"},"geometry":{"type":"Polygon","coordinates":[[[-98.185054,19.017831],[-98.184003,19.020791],[-98.18119,19.017672],[-98.182267,19.015792],[-98.185054,19.017831]]]}},{"type":"Feature","properties":{"name":"ALSESECA"},"geometry":{"type":"Polygon","coordinates":[[[-98.190896,19.021494],[-98.190826,19.022631],[-98.185521,19.019877],[-98.185737,19.018206],[-98.187986,19.018353],[-98.186979,19.017263],[-98.187291,19.016405],[-98.19177,19.018389],[-98.192312,19.01795],[-98.192023,19.020974],[-98.189879,19.019783],[-98.189346,19.020677],[-98.190896,19.021494]]]}},{"type":"Feature","properties":{"name":"LAS BRISAS"},"geometry":{"type":"Polygon","coordinates":[[[-98.192263,19.018485],[-98.192339,19.017676],[-98.19415,19.017419],[-98.194729,19.01854],[-98.194195,19.01949],[-98.192263,19.018485]]]}},{"type":"Feature","properties":{"name":"ÁNGELES MAYORAZGO"},"geometry":{"type":"Polygon","coordinates":[[[-98.220579,19.021837],[-98.219429,19.021555],[-98.220027,19.018136],[-98.2238,19.019963],[-98.222917,19.022801],[-98.22102,19.02282],[-98.220579,19.021837]]]}},{"type":"Feature","properties":{"name":"ESFUERZO NACIONAL"},"geometry":{"type":"Polygon","coordinates":[[[-98.184979,19.021608],[-98.183874,19.021647],[-98.185297,19.01742],[-98.186717,19.018169],[-98.185647,19.018313],[-98.185465,19.02204],[-98.184979,19.021608]]]}},{"type":"Feature","properties":{"name":"EL PATRIMONIO"},"geometry":{"type":"Polygon","coordinates":[[[-98.21903,19.014524],[-98.218395,19.014293],[-98.222486,19.007071],[-98.22484,19.008395],[-98.225432,19.007739],[-98.227553,19.00961],[-98.227851,19.008781],[-98.22779,19.009576],[-98.228849,19.010183],[-98.227348,19.01039],[-98.227631,19.009863],[-98.226573,19.009311],[-98.223356,19.016342],[-98.21903,19.014524]],[[-98.220798,19.01189],[-98.221192,19.012359],[-98.22133,19.012115],[-98.220798,19.01189]]]}},{"type":"Feature","properties":{"name":"LOS PILARES"},"geometry":{"type":"Polygon","coordinates":[[[-98.192339,19.017676],[-98.192944,19.013875],[-98.195841,19.015069],[-98.195444,19.016922],[-98.193383,19.017964],[-98.192339,19.017676]]]}},{"type":"Feature","properties":{"name":"EL PROGRESO MAYORAZGO"},"geometry":{"type":"Polygon","coordinates":[[[-98.225626,19.018804],[-98.224361,19.018472],[-98.226035,19.015765],[-98.227508,19.016256],[-98.225626,19.018804]]]}},{"type":"Feature","properties":{"name":"PUEBLA TEXTIL"},"geometry":{"type":"Polygon","coordinates":[[[-98.221033,19.005762],[-98.220329,19.005304],[-98.221687,19.000559],[-98.223794,19.002477],[-98.223458,19.003122],[-98.222748,19.002754],[-98.222452,19.003848],[-98.223387,19.004302],[-98.222468,19.006562],[-98.221033,19.005762]]]}},{"type":"Feature","properties":{"name":"SAN BALTAZAR CAMPECHE"},"geometry":{"type":"Polygon","coordinates":[[[-98.200239,19.022779],[-98.201975,19.019535],[-98.203237,19.020232],[-98.203597,19.01964],[-98.202257,19.019009],[-98.202884,19.017864],[-98.201786,19.017311],[-98.204204,19.0129],[-98.204892,19.013147],[-98.204529,19.013824],[-98.20746,19.015403],[-98.208993,19.01266],[-98.207724,19.009156],[-98.210294,19.010184],[-98.209356,19.011993],[-98.210756,19.013408],[-98.209888,19.015207],[-98.21251,19.016373],[-98.2112,19.020846],[-98.210629,19.020657],[-98.207045,19.02635],[-98.200678,19.025793],[-98.200239,19.022779]],[[-98.205981,19.018505],[-98.20596,19.019578],[-98.206434,19.01875],[-98.205981,19.018505]]]}},{"type":"Feature","properties":{"name":"SAN BALTAZAR LINDA VISTA"},"geometry":{"type":"Polygon","coordinates":[[[-98.206876,19.007428],[-98.208993,19.01266],[-98.20746,19.015403],[-98.204529,19.013824],[-98.204892,19.013147],[-98.204204,19.0129],[-98.206876,19.007428]]]}},{"type":"Feature","properties":{"name":"SANTA MÓNICA"},"geometry":{"type":"Polygon","coordinates":[[[-98.189879,19.019783],[-98.192023,19.020974],[-98.191797,19.023121],[-98.190826,19.022631],[-98.190896,19.021494],[-98.189346,19.020677],[-98.189879,19.019783]]]}},{"type":"Feature","properties":{"name":"SATÉLITE"},"geometry":{"type":"Polygon","coordinates":[[[-98.203597,19.01964],[-98.203237,19.020232],[-98.201975,19.019535],[-98.202257,19.019009],[-98.203597,19.01964]]]}},{"type":"Feature","properties":{"name":"VEINTIDOS DE SEPTIEMBRE"},"geometry":{"type":"Polygon","coordinates":[[[-98.1987,19.017262],[-98.198949,19.018276],[-98.197547,19.019106],[-98.196867,19.015942],[-98.197799,19.015894],[-98.197651,19.016678],[-98.1987,19.017262]]]}},{"type":"Feature","properties":{"name":"UNIVERSIDADES SEGUNDA SECCIÓN"},"geometry":{"type":"Polygon","coordinates":[[[-98.202438,18.994208],[-98.203645,18.994614],[-98.205699,18.992805],[-98.209656,18.99425],[-98.204035,18.998637],[-98.202438,18.994208]]]}},{"type":"Feature","properties":{"name":"VALLE DEL SOL"},"geometry":{"type":"Polygon","coordinates":[[[-98.189127,19.017135],[-98.183348,19.013821],[-98.184669,19.011328],[-98.186276,19.012128],[-98.187748,19.009764],[-98.189391,19.011592],[-98.189127,19.017135]]]}},{"type":"Feature","properties":{"name":"SAN VICENTE FERRER"},"geometry":{"type":"Polygon","coordinates":[[[-98.22382,19.0183],[-98.223168,19.018071],[-98.223647,19.017353],[-98.225205,19.015644],[-98.226035,19.015765],[-98.224361,19.018472],[-98.22382,19.0183]]]}},{"type":"Feature","properties":{"name":"VILLA CARMEL"},"geometry":{"type":"Polygon","coordinates":[[[-98.196368,19.021677],[-98.196338,19.020684],[-98.194195,19.01949],[-98.195841,19.015069],[-98.196825,19.015485],[-98.197931,19.020933],[-98.197489,19.02212],[-98.196368,19.021677]]]}},{"type":"Feature","properties":{"name":"VILLA ENCANTADA"},"geometry":{"type":"Polygon","coordinates":[[[-98.217165,19.021938],[-98.215764,19.021993],[-98.219938,19.015294],[-98.221333,19.016084],[-98.221032,19.018337],[-98.220027,19.018136],[-98.219429,19.021555],[-98.217165,19.021938]]]}},{"type":"Feature","properties":{"name":"VILLA UNIVERSITARIA"},"geometry":{"type":"Polygon","coordinates":[[[-98.209529,18.999393],[-98.206215,19.004895],[-98.204592,19.000259],[-98.206826,18.99854],[-98.209529,18.999393]]]}},{"type":"Feature","properties":{"name":"VISTA HERMOSA CD SUR"},"geometry":{"type":"Polygon","coordinates":[[[-98.21986,19.007932],[-98.217375,19.006133],[-98.218087,19.004833],[-98.218974,19.00548],[-98.219412,19.004735],[-98.221824,19.006187],[-98.22078,19.008033],[-98.21986,19.007932]]]}},{"type":"Feature","properties":{"name":"CIUDAD UNIVERSITARIA"},"geometry":{"type":"Polygon","coordinates":[[[-98.206876,19.007428],[-98.193871,19.001032],[-98.194146,18.996994],[-98.202438,18.994208],[-98.207357,19.008051],[-98.206876,19.007428]]]}},{"type":"Feature","properties":{"name":"LAGULENA"},"geometry":{"type":"Polygon","coordinates":[[[-98.214998,19.006171],[-98.213952,19.008805],[-98.206731,19.004581],[-98.214998,19.006171]]]}},{"type":"Feature","properties":{"name":"ALSESECA I"},"geometry":{"type":"Polygon","coordinates":[[[-98.191371,19.017733],[-98.191879,19.017847],[-98.19177,19.018389],[-98.191371,19.017733]]]}},{"type":"Feature","properties":{"name":"HERITAGE PLACE"},"geometry":{"type":"Polygon","coordinates":[[[-98.179312,18.999233],[-98.181053,18.99878],[-98.179491,18.999827],[-98.179312,18.999233]]]}},{"type":"Feature","properties":{"name":"FOVISSSTE DAMISAR SAN BALTAZAR CAMPECHE"},"geometry":{"type":"Polygon","coordinates":[[[-98.205517,19.019348],[-98.205981,19.018505],[-98.206434,19.01875],[-98.205517,19.019348]]]}},{"type":"Feature","properties":{"name":"INSURGENTES CENTRO"},"geometry":{"type":"Polygon","coordinates":[[[-98.200239,19.022779],[-98.199681,19.020067],[-98.201226,19.020911],[-98.200239,19.022779]]]}},{"type":"Feature","properties":{"name":"RESIDENCIAL FRAMBOYANES"},"geometry":{"type":"Polygon","coordinates":[[[-98.189998,18.998262],[-98.188689,18.9987],[-98.188737,18.998217],[-98.189998,18.998262]]]}},{"type":"Feature","properties":{"name":"RESIDENCIAL SANTA MARÍA"},"geometry":{"type":"Polygon","coordinates":[[[-98.18047,19.000371],[-98.179344,19.001019],[-98.179369,19.000473],[-98.18047,19.000371]]]}},{"type":"Feature","properties":{"name":"HIDALGO"},"geometry":{"type":"Polygon","coordinates":[[[-98.220725,19.012015],[-98.22133,19.012115],[-98.221192,19.012359],[-98.220725,19.012015]]]}},{"type":"Feature","properties":{"name":"TORRE BUGAMBILIAS"},"geometry":{"type":"Polygon","coordinates":[[[-98.213279,19.012846],[-98.213602,19.012722],[-98.21353,19.012945],[-98.213279,19.012846]]]}},{"type":"Feature","properties":{"name":"TORRE BVC DOS"},"geometry":{"type":"Polygon","coordinates":[[[-98.213759,19.019001],[-98.213884,19.018767],[-98.214081,19.018855],[-98.213759,19.019001]]]}},{"type":"Feature","properties":{"name":"TORRES ALTIMA"},"geometry":{"type":"Polygon","coordinates":[[[-98.198087,19.013908],[-98.198275,19.013219],[-98.19927,19.013579],[-98.198658,19.014592],[-98.198087,19.013908]]]}},{"type":"Feature","properties":{"name":"UNIVERSIDADES TERCERA SECCIÓN"},"geometry":{"type":"Polygon","coordinates":[[[-98.211639,18.994942],[-98.204592,19.000259],[-98.204035,18.998637],[-98.2052,18.997507],[-98.209656,18.99425],[-98.211639,18.994942]]]}},{"type":"Feature","properties":{"name":"VILLA SAN ALEJANDRO"},"geometry":{"type":"Polygon","coordinates":[[[-98.217793,19.067465],[-98.217773,19.065589],[-98.216579,19.066855],[-98.215963,19.066334],[-98.217076,19.064774],[-98.216446,19.064296],[-98.215066,19.065588],[-98.212869,19.063737],[-98.217713,19.059581],[-98.216951,19.058714],[-98.217675,19.058021],[-98.217316,19.057258],[-98.220871,19.06329],[-98.218438,19.068387],[-98.217793,19.067465]],[[-98.218408,19.062142],[-98.217516,19.0619],[-98.216922,19.062734],[-98.218197,19.064216],[-98.219147,19.062921],[-98.218408,19.062142]]]}},{"type":"Feature","properties":{"name":"MAESTRO FEDERAL"},"geometry":{"type":"Polygon","coordinates":[[[-98.203102,19.061869],[-98.208464,19.059158],[-98.208197,19.058071],[-98.21233,19.060145],[-98.207777,19.065],[-98.203102,19.061869]]]}},{"type":"Feature","properties":{"name":"LAS HADAS"},"geometry":{"type":"Polygon","coordinates":[[[-98.207124,19.065661],[-98.213601,19.059071],[-98.215572,19.061115],[-98.211555,19.064586],[-98.210674,19.065813],[-98.211872,19.06677],[-98.209914,19.068311],[-98.207124,19.065661]]]}},{"type":"Feature","properties":{"name":"LÁZARO CÁRDENAS"},"geometry":{"type":"Polygon","coordinates":[[[-98.203102,19.061869],[-98.201289,19.063672],[-98.199351,19.062377],[-98.200334,19.060903],[-98.201706,19.061826],[-98.203178,19.059095],[-98.205353,19.06078],[-98.203102,19.061869]]]}},{"type":"Feature","properties":{"name":"DOS ARBOLITOS"},"geometry":{"type":"Polygon","coordinates":[[[-98.219147,19.062921],[-98.218197,19.064216],[-98.216922,19.062734],[-98.217516,19.0619],[-98.219147,19.062921]]]}},{"type":"Feature","properties":{"name":"JOSÉ MARÍA MORELOS Y PAVÓN"},"geometry":{"type":"Polygon","coordinates":[[[-98.20074,19.065451],[-98.198381,19.063852],[-98.199995,19.062806],[-98.201289,19.063672],[-98.203102,19.061869],[-98.207777,19.065],[-98.206667,19.066218],[-98.204438,19.064705],[-98.20074,19.065451]]]}},{"type":"Feature","properties":{"name":"PLAZA SAN PEDRO"},"geometry":{"type":"Polygon","coordinates":[[[-98.212869,19.063737],[-98.214329,19.064891],[-98.211872,19.06677],[-98.210674,19.065813],[-98.212869,19.063737]]]}},{"type":"Feature","properties":{"name":"VILLA POSADAS"},"geometry":{"type":"Polygon","coordinates":[[[-98.219424,19.07436],[-98.218361,19.074058],[-98.219781,19.069588],[-98.218438,19.068387],[-98.220341,19.06408],[-98.224079,19.071693],[-98.225757,19.073306],[-98.221172,19.075214],[-98.219424,19.07436]],[[-98.222027,19.069724],[-98.222022,19.070631],[-98.221037,19.071007],[-98.221956,19.072198],[-98.223255,19.071322],[-98.222027,19.069724]]]}},{"type":"Feature","properties":{"name":"RESIDENCIAL LAS FUENTES"},"geometry":{"type":"Polygon","coordinates":[[[-98.215066,19.065588],[-98.216446,19.064296],[-98.217076,19.064774],[-98.215963,19.066334],[-98.215066,19.065588]]]}},{"type":"Feature","properties":{"name":"VALLE DORADO"},"geometry":{"type":"Polygon","coordinates":[[[-98.214458,19.070348],[-98.215088,19.068156],[-98.214171,19.067998],[-98.213854,19.069011],[-98.209914,19.068311],[-98.212308,19.066432],[-98.21356,19.067469],[-98.213125,19.065819],[-98.214329,19.064891],[-98.217592,19.067739],[-98.216299,19.070858],[-98.214458,19.070348]]]}},{"type":"Feature","properties":{"name":"LAS CUARTILLAS"},"geometry":{"type":"Polygon","coordinates":[[[-98.20189,19.069224],[-98.202943,19.070433],[-98.203625,19.069365],[-98.202677,19.067447],[-98.204438,19.064705],[-98.206667,19.066218],[-98.207124,19.065661],[-98.209914,19.068311],[-98.207395,19.070366],[-98.20616,19.070405],[-98.206719,19.070931],[-98.20271,19.074039],[-98.201356,19.070279],[-98.20189,19.069224]],[[-98.202823,19.0727],[-98.203326,19.072884],[-98.203837,19.071569],[-98.202823,19.0727]]]}},{"type":"Feature","properties":{"name":"SAN MIGUEL HUEYOTLIPAN"},"geometry":{"type":"Polygon","coordinates":[[[-98.19919,19.065707],[-98.20418,19.065382],[-98.202192,19.06866],[-98.200171,19.06588],[-98.19919,19.065707]]]}},{"type":"Feature","properties":{"name":"CLEOTILDE TORRES"},"geometry":{"type":"Polygon","coordinates":[[[-98.196706,19.073525],[-98.195797,19.069469],[-98.196102,19.06902],[-98.19739,19.070296],[-98.198335,19.068463],[-98.197242,19.067326],[-98.198642,19.06529],[-98.201875,19.069255],[-98.201356,19.070279],[-98.20271,19.074039],[-98.196706,19.073525]]]}},{"type":"Feature","properties":{"name":"FRANCISCO VILLA"},"geometry":{"type":"Polygon","coordinates":[[[-98.201646,19.069021],[-98.199058,19.065715],[-98.2015,19.067368],[-98.202192,19.06866],[-98.201646,19.069021]]]}},{"type":"Feature","properties":{"name":"QUETZALCOATL"},"geometry":{"type":"Polygon","coordinates":[[[-98.216525,19.070278],[-98.216848,19.069387],[-98.217908,19.069372],[-98.21708,19.068274],[-98.217592,19.067739],[-98.219781,19.069588],[-98.219295,19.071119],[-98.21842,19.070965],[-98.218189,19.07],[-98.216525,19.070278]]]}},{"type":"Feature","properties":{"name":"AQUILES SERDÁN"},"geometry":{"type":"Polygon","coordinates":[[[-98.211733,19.071588],[-98.214171,19.067998],[-98.215088,19.068156],[-98.21366,19.072949],[-98.211733,19.071588]]]}},{"type":"Feature","properties":{"name":"LOS ARCOS"},"geometry":{"type":"Polygon","coordinates":[[[-98.20189,19.069224],[-98.202523,19.068075],[-98.203031,19.068688],[-98.202319,19.069708],[-98.20189,19.069224]]]}},{"type":"Feature","properties":{"name":"NUEVA AURORA POPULAR"},"geometry":{"type":"Polygon","coordinates":[[[-98.208777,19.072122],[-98.207064,19.070643],[-98.209914,19.068311],[-98.213854,19.069011],[-98.212802,19.070304],[-98.211954,19.069566],[-98.211356,19.070191],[-98.212212,19.071012],[-98.210183,19.073393],[-98.208777,19.072122]]]}},{"type":"Feature","properties":{"name":"RESIDENCIAL DEL VALLE"},"geometry":{"type":"Polygon","coordinates":[[[-98.216299,19.070858],[-98.218189,19.07],[-98.21842,19.070965],[-98.219295,19.071119],[-98.219128,19.071647],[-98.216299,19.070858]]]}},{"type":"Feature","properties":{"name":"VALLE DEL ÁNGEL"},"geometry":{"type":"Polygon","coordinates":[[[-98.21366,19.072949],[-98.214458,19.070348],[-98.219128,19.071647],[-98.218315,19.074222],[-98.21366,19.072949]]]}},{"type":"Feature","properties":{"name":"PLAZA LOS GALLOS"},"geometry":{"type":"Polygon","coordinates":[[[-98.207553,19.072726],[-98.206206,19.07136],[-98.207064,19.070643],[-98.208777,19.072122],[-98.207553,19.072726]]]}},{"type":"Feature","properties":{"name":"EX-RANCHO COLORADO"},"geometry":{"type":"GeometryCollection","geometries":[{"type":"Polygon","coordinates":[[[-98.21119,19.075194],[-98.208332,19.075248],[-98.209132,19.074451],[-98.207838,19.073036],[-98.208777,19.072122],[-98.210645,19.073809],[-98.210388,19.073155],[-98.211733,19.071588],[-98.21366,19.072949],[-98.218315,19.074222],[-98.217693,19.076277],[-98.213823,19.07464],[-98.212699,19.076306],[-98.211287,19.075943],[-98.21119,19.075194]]]},{"type":"Polygon","coordinates":[[[-98.215968,19.075672],[-98.217648,19.076416],[-98.217355,19.077318],[-98.215598,19.077004],[-98.215968,19.075672]]]}]}},{"type":"Feature","properties":{"name":"PLAZA SAN ALBERTO"},"geometry":{"type":"Polygon","coordinates":[[[-98.204737,19.072554],[-98.20563,19.071853],[-98.206271,19.072567],[-98.205342,19.073287],[-98.204737,19.072554]]]}},{"type":"Feature","properties":{"name":"PROFR JORGE MURAD MACLUF"},"geometry":{"type":"Polygon","coordinates":[[[-98.206705,19.073034],[-98.207138,19.072306],[-98.209132,19.074451],[-98.208497,19.075083],[-98.206705,19.073034]]]}},{"type":"Feature","properties":{"name":"PLAZA PEDRERA"},"geometry":{"type":"Polygon","coordinates":[[[-98.206523,19.072847],[-98.205839,19.073857],[-98.205342,19.073287],[-98.206523,19.072847]]]}},{"type":"Feature","properties":{"name":"ZONA CAPU"},"geometry":{"type":"Polygon","coordinates":[[[-98.202967,19.075093],[-98.20271,19.074039],[-98.204737,19.072554],[-98.205839,19.073857],[-98.206705,19.073034],[-98.208497,19.075083],[-98.207479,19.076155],[-98.203563,19.077052],[-98.202967,19.075093]]]}},{"type":"Feature","properties":{"name":"RANCHO COLORADO"},"geometry":{"type":"Polygon","coordinates":[[[-98.217489,19.076905],[-98.218361,19.074058],[-98.220111,19.074504],[-98.218569,19.077028],[-98.217489,19.076905]]]}},{"type":"Feature","properties":{"name":"RANCHO COLORADO"},"geometry":{"type":"Polygon","coordinates":[[[-98.217373,19.069462],[-98.216848,19.069387],[-98.217025,19.068886],[-98.217373,19.069462]]]}},{"type":"Feature","properties":{"name":"RINCÓN DEL VALLE"},"geometry":{"type":"Polygon","coordinates":[[[-98.212308,19.066432],[-98.213125,19.065819],[-98.213622,19.067414],[-98.212308,19.066432]]]}},{"type":"Feature","properties":{"name":"TEL-MEX"},"geometry":{"type":"Polygon","coordinates":[[[-98.217523,19.069307],[-98.217202,19.068373],[-98.218,19.069049],[-98.217523,19.069307]]]}},{"type":"Feature","properties":{"name":"UNIÓN"},"geometry":{"type":"Polygon","coordinates":[[[-98.202966,19.072452],[-98.204124,19.071923],[-98.20329,19.072904],[-98.202966,19.072452]]]}},{"type":"Feature","properties":{"name":"KAROL"},"geometry":{"type":"Polygon","coordinates":[[[-98.203625,19.069365],[-98.202943,19.070433],[-98.202319,19.069708],[-98.203031,19.068688],[-98.203625,19.069365]]]}},{"type":"Feature","properties":{"name":"VILLAS SAN ALEJANDRO"},"geometry":{"type":"Polygon","coordinates":[[[-98.217914,19.067299],[-98.217592,19.067739],[-98.216579,19.066855],[-98.217773,19.065589],[-98.217914,19.067299]]]}},{"type":"Feature","properties":{"name":"CENTRO COMERCIAL PROFESOR JORGE MURAD MACLUF"},"geometry":{"type":"Polygon","coordinates":[[[-98.206271,19.072567],[-98.20563,19.071853],[-98.206206,19.07136],[-98.207138,19.072306],[-98.206271,19.072567]]]}},{"type":"Feature","properties":{"name":"HABITACIONAL CUMBRES"},"geometry":{"type":"Polygon","coordinates":[[[-98.223891,19.074687],[-98.22425,19.075127],[-98.223057,19.07601],[-98.222538,19.075376],[-98.223891,19.074687]]]}},{"type":"Feature","properties":{"name":"LA NUEVA VICTORÍA"},"geometry":{"type":"Polygon","coordinates":[[[-98.200888,19.074014],[-98.20271,19.074039],[-98.202967,19.075093],[-98.200852,19.075089],[-98.200888,19.074014]]]}},{"type":"Feature","properties":{"name":"LAS CUARTILLAS"},"geometry":{"type":"Polygon","coordinates":[[[-98.206824,19.070193],[-98.206719,19.070931],[-98.20616,19.070405],[-98.206824,19.070193]]]}},{"type":"Feature","properties":{"name":"NUEVA AURORA"},"geometry":{"type":"Polygon","coordinates":[[[-98.21165,19.070463],[-98.212239,19.069817],[-98.212802,19.070304],[-98.212212,19.071012],[-98.21165,19.070463]]]}},{"type":"Feature","properties":{"name":"NUEVA AURORA"},"geometry":{"type":"Polygon","coordinates":[[[-98.212239,19.069817],[-98.21165,19.070463],[-98.211356,19.070191],[-98.212239,19.069817]]]}},{"type":"Feature","properties":{"name":"PLAZA FANTASÍA"},"geometry":{"type":"Polygon","coordinates":[[[-98.206824,19.070193],[-98.207395,19.070366],[-98.207089,19.070621],[-98.206824,19.070193]]]}},{"type":"Feature","properties":{"name":"SENDERO DEL FRESNO"},"geometry":{"type":"Polygon","coordinates":[[[-98.21264,19.076513],[-98.213823,19.07464],[-98.217693,19.076277],[-98.215968,19.075672],[-98.215598,19.077004],[-98.21264,19.076513]]]}},{"type":"Feature","properties":{"name":"TORRES 475"},"geometry":{"type":"Polygon","coordinates":[[[-98.196102,19.06902],[-98.197242,19.067326],[-98.198335,19.068463],[-98.19739,19.070296],[-98.196102,19.06902]]]}},{"type":"Feature","properties":{"name":"VILLAS LA PEDRERA"},"geometry":{"type":"Polygon","coordinates":[[[-98.210262,19.073302],[-98.210697,19.073169],[-98.210645,19.073809],[-98.210262,19.073302]]]}},{"type":"Feature","properties":{"name":"NINGUNO"},"geometry":{"type":"Polygon","coordinates":[[[-98.223788,18.986336],[-98.222213,18.989403],[-98.218862,18.988372],[-98.21998,18.985692],[-98.219774,18.982705],[-98.219093,18.982501],[-98.218742,18.983703],[-98.217947,18.983607],[-98.218387,18.981883],[-98.214286,18.982206],[-98.214747,18.980231],[-98.213495,18.980053],[-98.213539,18.977855],[-98.209553,18.977624],[-98.208685,18.978247],[-98.209481,18.974129],[-98.207982,18.973233],[-98.202906,18.972519],[-98.202281,18.975357],[-98.197442,18.974578],[-98.19972,18.966112],[-98.202986,18.961669],[-98.205556,18.963495],[-98.206857,18.96557],[-98.209472,18.966971],[-98.21109,18.965908],[-98.209668,18.959686],[-98.213446,18.95888],[-98.212319,18.961202],[-98.214094,18.961952],[-98.211024,18.970395],[-98.212879,18.970541],[-98.21176,18.975577],[-98.215441,18.978223],[-98.219316,18.978379],[-98.222452,18.979886],[-98.223524,18.97758],[-98.222981,18.980173],[-98.226595,18.98215],[-98.224782,18.986365],[-98.223788,18.986336]],[[-98.223929,18.985926],[-98.224548,18.983071],[-98.223662,18.981954],[-98.223373,18.982539],[-98.221912,18.982013],[-98.222713,18.980324],[-98.220349,18.979166],[-98.219617,18.981055],[-98.221614,18.982501],[-98.222353,18.98634],[-98.22278,18.985424],[-98.223929,18.985926]],[[-98.205513,18.971261],[-98.205746,18.970216],[-98.203541,18.969876],[-98.203304,18.970851],[-98.205513,18.971261]],[[-98.208189,18.972292],[-98.209114,18.97053],[-98.207593,18.970402],[-98.20729,18.972192],[-98.208189,18.972292]]]}},{"type":"Feature","properties":{"name":"HACIENDA EL COBRE TERCERA SECCIÓN"},"geometry":{"type":"Polygon","coordinates":[[[-98.22508,18.977036],[-98.225867,18.976451],[-98.226533,18.977321],[-98.225746,18.977854],[-98.22508,18.977036]]]}},{"type":"Feature","properties":{"name":"ARBOLEDAS DEL PEDREGAL"},"geometry":{"type":"Polygon","coordinates":[[[-98.225185,18.97961],[-98.224397,18.980909],[-98.222981,18.980173],[-98.223846,18.977906],[-98.225185,18.97961]]]}},{"type":"Feature","properties":{"name":"IVI HOGAR MISIÓN DE SAN JOSÉ MISIÓN III"},"geometry":{"type":"Polygon","coordinates":[[[-98.223362,18.968749],[-98.22434,18.968066],[-98.224403,18.969219],[-98.223362,18.968749]]]}},{"type":"Feature","properties":{"name":"IVI HOGAR MISIÓN DE SAN JOSÉ MISIÓN II"},"geometry":{"type":"Polygon","coordinates":[[[-98.222459,18.969583],[-98.222418,18.968672],[-98.223362,18.968749],[-98.223458,18.970065],[-98.222459,18.969583]]]}},{"type":"Feature","properties":{"name":"IVI HOGAR MIRADOR SAN JOSÉ"},"geometry":{"type":"Polygon","coordinates":[[[-98.221915,18.969529],[-98.222459,18.969583],[-98.222604,18.972464],[-98.222043,18.972938],[-98.221915,18.969529]]]}},{"type":"Feature","properties":{"name":"HACIENDA SAN JOSÉ SECCIÓN III"},"geometry":{"type":"Polygon","coordinates":[[[-98.221915,18.969529],[-98.2214,18.966737],[-98.222303,18.966751],[-98.222459,18.969583],[-98.221915,18.969529]]]}},{"type":"Feature","properties":{"name":"SAN JOSÉ CHAPULCO"},"geometry":{"type":"Polygon","coordinates":[[[-98.219537,18.968269],[-98.219433,18.967349],[-98.221448,18.967606],[-98.221501,18.969039],[-98.220469,18.969287],[-98.220459,18.968269],[-98.219537,18.968269]]]}},{"type":"Feature","properties":{"name":"HACIENDA SAN JOSÉ"},"geometry":{"type":"Polygon","coordinates":[[[-98.220463,18.967302],[-98.219433,18.967349],[-98.219376,18.965349],[-98.221339,18.965569],[-98.221448,18.967606],[-98.220463,18.967302]]]}},{"type":"Feature","properties":{"name":"HACIENDA SAN JOSÉ II"},"geometry":{"type":"Polygon","coordinates":[[[-98.221297,18.964961],[-98.221339,18.965569],[-98.220367,18.965635],[-98.220321,18.965012],[-98.221297,18.964961]]]}},{"type":"Feature","properties":{"name":"NINGUNO"},"geometry":{"type":"Polygon","coordinates":[[[-98.219537,18.968269],[-98.220459,18.968269],[-98.220469,18.969287],[-98.218475,18.969869],[-98.21827,18.964048],[-98.221229,18.963955],[-98.221297,18.964961],[-98.219376,18.965349],[-98.219537,18.968269]]]}},{"type":"Feature","properties":{"name":"SAN JOSÉ CHAPULCO"},"geometry":{"type":"Polygon","coordinates":[[[-98.217018,18.978312],[-98.217355,18.97716],[-98.215949,18.977005],[-98.217164,18.974673],[-98.218206,18.974381],[-98.220452,18.975989],[-98.219669,18.978511],[-98.217018,18.978312]]]}},{"type":"Feature","properties":{"name":"LOS HÉROES DE PUEBLA SECCIÓN 2"},"geometry":{"type":"Polygon","coordinates":[[[-98.21276,18.966061],[-98.215951,18.958345],[-98.218022,18.958215],[-98.218822,18.974762],[-98.217164,18.974673],[-98.21553,18.978001],[-98.213684,18.977441],[-98.21176,18.975577],[-98.212879,18.970541],[-98.211024,18.970395],[-98.21276,18.966061]]]}},{"type":"Feature","properties":{"name":"BOSQUES DE LOS HÉROES"},"geometry":{"type":"Polygon","coordinates":[[[-98.21553,18.978001],[-98.215949,18.977005],[-98.217355,18.97716],[-98.217018,18.978312],[-98.21553,18.978001]]]}},{"type":"Feature","properties":{"name":"SAN JOSÉ XILOTZINGO"},"geometry":{"type":"Polygon","coordinates":[[[-98.209202,18.984545],[-98.20971,18.982028],[-98.207857,18.981505],[-98.208643,18.979105],[-98.208022,18.978321],[-98.208331,18.976461],[-98.209481,18.974129],[-98.208685,18.978247],[-98.209553,18.977624],[-98.213416,18.977857],[-98.212827,18.979878],[-98.214747,18.980231],[-98.214286,18.982206],[-98.213631,18.982088],[-98.213858,18.981108],[-98.211008,18.981186],[-98.211254,18.980181],[-98.210264,18.979955],[-98.209911,18.981535],[-98.210854,18.981711],[-98.210597,18.98271],[-98.212724,18.982146],[-98.212391,18.983565],[-98.209202,18.984545]]]}},{"type":"Feature","properties":{"name":"LOS TENORES"},"geometry":{"type":"Polygon","coordinates":[[[-98.213495,18.980053],[-98.212827,18.979878],[-98.213539,18.977855],[-98.213495,18.980053]]]}},{"type":"Feature","properties":{"name":"EX-HACIENDA DE CHAPULCO"},"geometry":{"type":"Polygon","coordinates":[[[-98.211103,18.9808],[-98.210854,18.981711],[-98.209911,18.981535],[-98.210264,18.979955],[-98.211254,18.980181],[-98.211103,18.9808]]]}},{"type":"Feature","properties":{"name":"RESIDENCIALES XILOTZINGO SECCIÓN SANTA SARA"},"geometry":{"type":"Polygon","coordinates":[[[-98.208516,18.975646],[-98.208315,18.976583],[-98.207123,18.975655],[-98.208539,18.973493],[-98.209481,18.974129],[-98.208516,18.975646]]]}},{"type":"Feature","properties":{"name":"SAN MIGUEL"},"geometry":{"type":"Polygon","coordinates":[[[-98.20729,18.972192],[-98.207593,18.970402],[-98.209114,18.97053],[-98.208592,18.972079],[-98.20729,18.972192]]]}},{"type":"Feature","properties":{"name":"SANTA EMILIA"},"geometry":{"type":"Polygon","coordinates":[[[-98.206099,18.978625],[-98.206414,18.977078],[-98.208315,18.976583],[-98.208594,18.978925],[-98.206099,18.978625]]]}},{"type":"Feature","properties":{"name":"SAN LUIS"},"geometry":{"type":"Polygon","coordinates":[[[-98.205567,18.980858],[-98.204453,18.980207],[-98.204671,18.979568],[-98.205666,18.980065],[-98.206099,18.978625],[-98.208172,18.979016],[-98.207429,18.980745],[-98.205567,18.980858]]]}},{"type":"Feature","properties":{"name":"RESIDENCIALES XILOTZINGO SECCIÓN SAN JOSÉ EL CARPINTERO"},"geometry":{"type":"Polygon","coordinates":[[[-98.205484,18.974271],[-98.205207,18.972658],[-98.207982,18.973233],[-98.207354,18.97474],[-98.205484,18.974271]]]}},{"type":"Feature","properties":{"name":"RESIDENCIALES XILOTZINGO SECCIÓN SAN GABRIEL"},"geometry":{"type":"Polygon","coordinates":[[[-98.207123,18.975655],[-98.20761,18.976281],[-98.205114,18.975533],[-98.205428,18.974259],[-98.207354,18.97474],[-98.207123,18.975655]]]}},{"type":"Feature","properties":{"name":"VILLAS PERIFÉRICO"},"geometry":{"type":"Polygon","coordinates":[[[-98.205746,18.970216],[-98.205513,18.971261],[-98.203304,18.970851],[-98.203541,18.969876],[-98.205746,18.970216]]]}},{"type":"Feature","properties":{"name":"LOS HÉROES DE PUEBLA SECCIÓN 3"},"geometry":{"type":"Polygon","coordinates":[[[-98.219617,18.981055],[-98.220349,18.979166],[-98.222713,18.980324],[-98.221614,18.982501],[-98.219617,18.981055]]]}},{"type":"Feature","properties":{"name":"NINGUNO"},"geometry":{"type":"Polygon","coordinates":[[[-98.206099,18.978625],[-98.205066,18.978403],[-98.205158,18.97813],[-98.206099,18.978625]]]}},{"type":"Feature","properties":{"name":"REAL DE XILOTZINGO"},"geometry":{"type":"Polygon","coordinates":[[[-98.203787,18.984818],[-98.204477,18.985336],[-98.203685,18.985146],[-98.203787,18.984818]]]}},{"type":"Feature","properties":{"name":"RESIDENCIAL HERRADURA"},"geometry":{"type":"Polygon","coordinates":[[[-98.203921,18.981668],[-98.202267,18.981503],[-98.202441,18.981031],[-98.203921,18.981668]]]}},{"type":"Feature","properties":{"name":"RESIDENCIAL SAN JUAN"},"geometry":{"type":"Polygon","coordinates":[[[-98.201954,18.984977],[-98.202004,18.984762],[-98.20362,18.985356],[-98.201954,18.984977]]]}},{"type":"Feature","properties":{"name":"RINCÓN DE CHAPULCO"},"geometry":{"type":"Polygon","coordinates":[[[-98.219663,18.97188],[-98.21962,18.970696],[-98.220557,18.970662],[-98.220609,18.971865],[-98.219663,18.97188]]]}},{"type":"Feature","properties":{"name":"SAN MIGUEL GUADALUPE"},"geometry":{"type":"Polygon","coordinates":[[[-98.218044,18.958353],[-98.215951,18.958345],[-98.220363,18.956235],[-98.222675,18.960312],[-98.226233,18.961341],[-98.226005,18.962951],[-98.21827,18.964048],[-98.218044,18.958353]]]}},{"type":"Feature","properties":{"name":"NINGUNO"},"geometry":{"type":"Polygon","coordinates":[[[-98.218504,18.971506],[-98.218475,18.969869],[-98.221501,18.969039],[-98.221915,18.969529],[-98.222043,18.972938],[-98.220452,18.975989],[-98.218802,18.975238],[-98.218504,18.971506]],[[-98.219877,18.971874],[-98.220609,18.971865],[-98.220557,18.970662],[-98.21962,18.970696],[-98.219877,18.971874]]]}},{"type":"Feature","properties":{"name":"LOS VOLCANES"},"geometry":{"type":"Polygon","coordinates":[[[-98.220273,19.043486],[-98.217155,19.041949],[-98.217563,19.041219],[-98.216089,19.040402],[-98.215141,19.042016],[-98.210894,19.039915],[-98.214271,19.034839],[-98.221664,19.041013],[-98.220709,19.04269],[-98.222263,19.043472],[-98.221825,19.044257],[-98.220273,19.043486]]]}},{"type":"Feature","properties":{"name":"NUEVA EL CARMEN"},"geometry":{"type":"Polygon","coordinates":[[[-98.220826,19.03751],[-98.220342,19.036964],[-98.219641,19.037483],[-98.220278,19.035291],[-98.22258,19.037073],[-98.220826,19.03751]]]}},{"type":"Feature","properties":{"name":"HÉROES DE NACOZARI"},"geometry":{"type":"Polygon","coordinates":[[[-98.205588,19.036026],[-98.2061,19.035175],[-98.20908,19.036695],[-98.208035,19.038457],[-98.209887,19.0394],[-98.209462,19.040142],[-98.206126,19.038385],[-98.207057,19.036788],[-98.205588,19.036026]]]}},{"type":"Feature","properties":{"name":"LA NORIA"},"geometry":{"type":"Polygon","coordinates":[[[-98.221113,19.039432],[-98.218397,19.037829],[-98.219589,19.036263],[-98.219641,19.037483],[-98.220411,19.038031],[-98.220826,19.03751],[-98.221929,19.038667],[-98.222077,19.039785],[-98.221357,19.040293],[-98.221113,19.039432]]]}},{"type":"Feature","properties":{"name":"EL INGENIERO"},"geometry":{"type":"Polygon","coordinates":[[[-98.205588,19.036026],[-98.207057,19.036788],[-98.206521,19.037688],[-98.205048,19.036935],[-98.205588,19.036026]]]}},{"type":"Feature","properties":{"name":"RESIDENCIAL EX-HACIENDA SAN MIGUEL LA NORIA"},"geometry":{"type":"Polygon","coordinates":[[[-98.22357,19.036784],[-98.22407,19.037269],[-98.222509,19.039513],[-98.221354,19.037827],[-98.22357,19.036784]]]}},{"type":"Feature","properties":{"name":"BOSQUES DE LA NORIA"},"geometry":{"type":"Polygon","coordinates":[[[-98.219891,19.037639],[-98.220342,19.036964],[-98.220826,19.03751],[-98.219891,19.037639]]]}},{"type":"Feature","properties":{"name":"CENTRO HISTÓRICO"},"geometry":{"type":"Polygon","coordinates":[[[-98.199782,19.055826],[-98.200622,19.05444],[-98.191593,19.049756],[-98.192931,19.047457],[-98.190374,19.045613],[-98.191667,19.044858],[-98.192826,19.041707],[-98.196182,19.038229],[-98.197847,19.039093],[-98.198281,19.038341],[-98.202816,19.04066],[-98.205048,19.036935],[-98.207608,19.039174],[-98.206261,19.041442],[-98.209623,19.042205],[-98.20839,19.044499],[-98.209308,19.045009],[-98.208924,19.045717],[-98.210582,19.046571],[-98.20884,19.049628],[-98.210329,19.050382],[-98.20767,19.055059],[-98.206294,19.054368],[-98.206705,19.053548],[-98.203912,19.052108],[-98.201635,19.056043],[-98.199105,19.057009],[-98.199782,19.055826]],[[-98.194182,19.047125],[-98.193701,19.047539],[-98.193891,19.047633],[-98.194182,19.047125]],[[-98.205429,19.052458],[-98.206157,19.052307],[-98.205641,19.052043],[-98.205429,19.052458]]]}},{"type":"Feature","properties":{"name":"12 DE MAYO"},"geometry":{"type":"Polygon","coordinates":[[[-98.219787,19.039073],[-98.219156,19.038345],[-98.220302,19.038482],[-98.221357,19.040293],[-98.220235,19.040318],[-98.219787,19.039073]]]}},{"type":"Feature","properties":{"name":"VILLA LA NORIA"},"geometry":{"type":"Polygon","coordinates":[[[-98.222509,19.039513],[-98.222077,19.039785],[-98.221526,19.038955],[-98.221929,19.038667],[-98.222509,19.039513]]]}},{"type":"Feature","properties":{"name":"INSURGENTES CHULA VISTA"},"geometry":{"type":"Polygon","coordinates":[[[-98.206261,19.041442],[-98.207608,19.039174],[-98.210505,19.040691],[-98.209623,19.042205],[-98.206261,19.041442]]]}},{"type":"Feature","properties":{"name":"DE SANTIAGO"},"geometry":{"type":"Polygon","coordinates":[[[-98.219342,19.048748],[-98.218501,19.049659],[-98.219282,19.050055],[-98.219464,19.051628],[-98.208924,19.045717],[-98.209308,19.045009],[-98.20839,19.044499],[-98.210894,19.039915],[-98.215141,19.042016],[-98.213387,19.045081],[-98.218078,19.047446],[-98.220273,19.043486],[-98.224089,19.04536],[-98.220548,19.046572],[-98.219342,19.048748]]]}},{"type":"Feature","properties":{"name":"SAN MIGUEL LAS PAJARITAS"},"geometry":{"type":"Polygon","coordinates":[[[-98.217155,19.041949],[-98.216689,19.042784],[-98.215141,19.042016],[-98.216089,19.040402],[-98.217563,19.041219],[-98.217155,19.041949]]]}},{"type":"Feature","properties":{"name":"RIVERA DE SANTIAGO"},"geometry":{"type":"Polygon","coordinates":[[[-98.215141,19.042016],[-98.216689,19.042784],[-98.217155,19.041949],[-98.220273,19.043486],[-98.218078,19.047446],[-98.213387,19.045081],[-98.215141,19.042016]]]}},{"type":"Feature","properties":{"name":"DE SAN SEBASTIÁN"},"geometry":{"type":"Polygon","coordinates":[[[-98.210329,19.050382],[-98.20884,19.049628],[-98.210582,19.046571],[-98.21365,19.048164],[-98.211964,19.051209],[-98.210329,19.050382]]]}},{"type":"Feature","properties":{"name":"ZONA ESMERALDA"},"geometry":{"type":"Polygon","coordinates":[[[-98.219464,19.051628],[-98.21908,19.052824],[-98.212953,19.049393],[-98.21365,19.048164],[-98.219464,19.051628]]]}},{"type":"Feature","properties":{"name":"SAN MATÍAS"},"geometry":{"type":"Polygon","coordinates":[[[-98.211061,19.052824],[-98.209393,19.05199],[-98.210329,19.050382],[-98.211964,19.051209],[-98.212953,19.049393],[-98.21908,19.052824],[-98.218089,19.054648],[-98.218679,19.055099],[-98.215627,19.055323],[-98.211061,19.052824]]]}},{"type":"Feature","properties":{"name":"RINCÓN DE LA PAZ"},"geometry":{"type":"Polygon","coordinates":[[[-98.222827,19.050222],[-98.221424,19.049921],[-98.222751,19.049693],[-98.222827,19.050222]]]}},{"type":"Feature","properties":{"name":"SAN MIGUEL"},"geometry":{"type":"Polygon","coordinates":[[[-98.207245,19.055811],[-98.205862,19.055115],[-98.205102,19.056535],[-98.202169,19.055163],[-98.203912,19.052108],[-98.206705,19.053548],[-98.206294,19.054368],[-98.20767,19.055059],[-98.209393,19.05199],[-98.211061,19.052824],[-98.208541,19.057434],[-98.206809,19.056574],[-98.207245,19.055811]]]}},{"type":"Feature","properties":{"name":"CENTRO COMERCIAL PLAZA POPULAR LA TERMINAL"},"geometry":{"type":"Polygon","coordinates":[[[-98.205429,19.052458],[-98.205641,19.052043],[-98.206157,19.052307],[-98.205429,19.052458]]]}},{"type":"Feature","properties":{"name":"DEL REFUGIO"},"geometry":{"type":"Polygon","coordinates":[[[-98.199279,19.056693],[-98.19853,19.057231],[-98.197466,19.056426],[-98.196563,19.058011],[-98.194343,19.057112],[-98.194565,19.05603],[-98.193314,19.056619],[-98.196015,19.052087],[-98.200622,19.05444],[-98.199279,19.056693]]]}},{"type":"Feature","properties":{"name":"JESÚS GARCÍA"},"geometry":{"type":"Polygon","coordinates":[[[-98.208197,19.058071],[-98.211061,19.052824],[-98.215724,19.055147],[-98.211035,19.057737],[-98.213603,19.059002],[-98.21233,19.060145],[-98.208197,19.058071]]]}},{"type":"Feature","properties":{"name":"AMOR"},"geometry":{"type":"Polygon","coordinates":[[[-98.218218,19.058054],[-98.216161,19.056795],[-98.218679,19.055099],[-98.22343,19.058502],[-98.221806,19.063298],[-98.221097,19.06217],[-98.220615,19.062985],[-98.219684,19.06049],[-98.218258,19.059538],[-98.218218,19.058054]]]}},{"type":"Feature","properties":{"name":"TIERRA Y LIBERTAD"},"geometry":{"type":"Polygon","coordinates":[[[-98.215627,19.055323],[-98.218052,19.055162],[-98.213503,19.059141],[-98.211035,19.057737],[-98.215627,19.055323]]]}},{"type":"Feature","properties":{"name":"EL TAMBORCITO"},"geometry":{"type":"Polygon","coordinates":[[[-98.200771,19.05637],[-98.202169,19.055163],[-98.202718,19.055351],[-98.201723,19.056088],[-98.202285,19.056369],[-98.20281,19.055402],[-98.205102,19.056535],[-98.205862,19.055115],[-98.208541,19.057434],[-98.208464,19.059158],[-98.207012,19.059922],[-98.200771,19.05637]]]}},{"type":"Feature","properties":{"name":"DE SANTA ANITA"},"geometry":{"type":"Polygon","coordinates":[[[-98.199837,19.061656],[-98.198744,19.060909],[-98.19971,19.059262],[-98.198405,19.058244],[-98.19853,19.057231],[-98.200771,19.05637],[-98.207012,19.059922],[-98.205353,19.06078],[-98.203178,19.059095],[-98.201706,19.061826],[-98.200334,19.060903],[-98.199837,19.061656]]]}},{"type":"Feature","properties":{"name":"SAN ALEJANDRO"},"geometry":{"type":"Polygon","coordinates":[[[-98.215572,19.061115],[-98.213601,19.059071],[-98.216161,19.056795],[-98.217675,19.058021],[-98.216951,19.058714],[-98.217809,19.059169],[-98.215572,19.061115]]]}},{"type":"Feature","properties":{"name":"MERCADO DEL FERROCARRIL"},"geometry":{"type":"Polygon","coordinates":[[[-98.202718,19.055351],[-98.202285,19.056369],[-98.201723,19.056088],[-98.202718,19.055351]]]}},{"type":"Feature","properties":{"name":"PLAZA COMERCIAL TORRE MEDICA"},"geometry":{"type":"Polygon","coordinates":[[[-98.209696,19.048073],[-98.210168,19.047999],[-98.210023,19.048243],[-98.209696,19.048073]]]}},{"type":"Feature","properties":{"name":"ANZURES"},"geometry":{"type":"Polygon","coordinates":[[[-98.19613,19.028963],[-98.198003,19.02407],[-98.196975,19.023542],[-98.197297,19.022655],[-98.198592,19.022499],[-98.199437,19.020321],[-98.200678,19.025793],[-98.204502,19.0258],[-98.205876,19.026513],[-98.204805,19.027413],[-98.200858,19.026514],[-98.200792,19.028022],[-98.19791,19.027638],[-98.19693,19.029387],[-98.19613,19.028963]]]}},{"type":"Feature","properties":{"name":"LAS PALMAS"},"geometry":{"type":"Polygon","coordinates":[[[-98.207045,19.02635],[-98.210629,19.020657],[-98.2119,19.02098],[-98.209255,19.026199],[-98.207045,19.02635]]]}},{"type":"Feature","properties":{"name":"PLAZA CRISTAL"},"geometry":{"type":"Polygon","coordinates":[[[-98.212516,19.022775],[-98.2119,19.02098],[-98.215764,19.021993],[-98.214744,19.023043],[-98.212516,19.022775]]]}},{"type":"Feature","properties":{"name":"GABRIEL PASTOR SEGUNDA SECCIÓN"},"geometry":{"type":"Polygon","coordinates":[[[-98.209255,19.026199],[-98.2119,19.02098],[-98.21357,19.025618],[-98.209255,19.026199]]]}},{"type":"Feature","properties":{"name":"PRADOS AGUA AZUL"},"geometry":{"type":"Polygon","coordinates":[[[-98.213832,19.026399],[-98.21654,19.024082],[-98.21707,19.021878],[-98.220535,19.021324],[-98.220469,19.022556],[-98.222917,19.022801],[-98.223445,19.021316],[-98.224634,19.022387],[-98.217585,19.030207],[-98.215501,19.029032],[-98.215014,19.02979],[-98.213832,19.026399]]]}},{"type":"Feature","properties":{"name":"VILLA SAN PABLO"},"geometry":{"type":"Polygon","coordinates":[[[-98.198203,19.022365],[-98.197489,19.02212],[-98.197931,19.020933],[-98.198203,19.022365]]]}},{"type":"Feature","properties":{"name":"LA TEJA"},"geometry":{"type":"Polygon","coordinates":[[[-98.213669,19.023261],[-98.21707,19.021878],[-98.215106,19.023964],[-98.213669,19.023261]]]}},{"type":"Feature","properties":{"name":"MARÍA LUISA"},"geometry":{"type":"Polygon","coordinates":[[[-98.196368,19.021677],[-98.197489,19.02212],[-98.196975,19.023542],[-98.195452,19.02275],[-98.196368,19.021677]]]}},{"type":"Feature","properties":{"name":"RESIDENCIAL BOULEVARES"},"geometry":{"type":"Polygon","coordinates":[[[-98.21357,19.025618],[-98.212516,19.022775],[-98.215791,19.024698],[-98.21357,19.025618]]]}},{"type":"Feature","properties":{"name":"PLAZA AMÉRICA"},"geometry":{"type":"Polygon","coordinates":[[[-98.21653,19.023298],[-98.215791,19.024698],[-98.215106,19.023964],[-98.215756,19.02289],[-98.21653,19.023298]]]}},{"type":"Feature","properties":{"name":"RESIDENCIAL PUEBLA"},"geometry":{"type":"Polygon","coordinates":[[[-98.195464,19.027374],[-98.19542,19.026318],[-98.195963,19.026612],[-98.196442,19.025756],[-98.195551,19.02528],[-98.195688,19.022874],[-98.198003,19.02407],[-98.196553,19.027878],[-98.195464,19.027374]]]}},{"type":"Feature","properties":{"name":"AGUA AZUL (BALNEARIO)"},"geometry":{"type":"Polygon","coordinates":[[[-98.222508,19.027969],[-98.220825,19.026897],[-98.221667,19.02604],[-98.224335,19.025986],[-98.224126,19.028013],[-98.222508,19.027969]]]}},{"type":"Feature","properties":{"name":"HUEXOTITLA"},"geometry":{"type":"Polygon","coordinates":[[[-98.209446,19.028381],[-98.205876,19.026513],[-98.21357,19.025618],[-98.212628,19.028553],[-98.209446,19.028381]],[[-98.210345,19.026856],[-98.21051,19.026574],[-98.20996,19.026301],[-98.210345,19.026856]]]}},{"type":"Feature","properties":{"name":"ALPHA 2"},"geometry":{"type":"Polygon","coordinates":[[[-98.212805,19.028248],[-98.213832,19.026399],[-98.215014,19.02979],[-98.215501,19.029032],[-98.217585,19.030207],[-98.215929,19.032469],[-98.215512,19.031038],[-98.210002,19.028676],[-98.212805,19.028248]]]}},{"type":"Feature","properties":{"name":"CARMEN HUEXOTITLA"},"geometry":{"type":"Polygon","coordinates":[[[-98.200692,19.031344],[-98.205876,19.026513],[-98.20833,19.027789],[-98.205514,19.032544],[-98.20394,19.031676],[-98.203375,19.03269],[-98.200692,19.031344]]]}},{"type":"Feature","properties":{"name":"REFORMA AGUA AZUL"},"geometry":{"type":"Polygon","coordinates":[[[-98.217617,19.037296],[-98.219062,19.035293],[-98.218407,19.034893],[-98.219995,19.031472],[-98.217678,19.0301],[-98.220825,19.026897],[-98.222437,19.027561],[-98.222493,19.030542],[-98.223967,19.032007],[-98.218397,19.037829],[-98.217617,19.037296]]]}},{"type":"Feature","properties":{"name":"PLAZA DORADA"},"geometry":{"type":"Polygon","coordinates":[[[-98.201857,19.030166],[-98.200858,19.026514],[-98.204805,19.027413],[-98.201857,19.030166]]]}},{"type":"Feature","properties":{"name":"LADRILLERA DE BENÍTEZ"},"geometry":{"type":"Polygon","coordinates":[[[-98.198011,19.0332],[-98.198361,19.0323],[-98.195958,19.03104],[-98.19693,19.029387],[-98.198468,19.030183],[-98.199347,19.027625],[-98.201099,19.0275],[-98.202038,19.030287],[-98.198961,19.033242],[-98.198011,19.0332]]]}},{"type":"Feature","properties":{"name":"GABRIEL PASTOR 1RA SECCIÓN"},"geometry":{"type":"Polygon","coordinates":[[[-98.215861,19.03255],[-98.214271,19.034839],[-98.206838,19.030304],[-98.20833,19.027789],[-98.215512,19.031038],[-98.215861,19.03255]]]}},{"type":"Feature","properties":{"name":"LA TARJETA"},"geometry":{"type":"Polygon","coordinates":[[[-98.198468,19.030183],[-98.19693,19.029387],[-98.19791,19.027638],[-98.199012,19.028211],[-98.198468,19.030183]]]}},{"type":"Feature","properties":{"name":"GUSTAVO DÍAZ ORDAZ"},"geometry":{"type":"Polygon","coordinates":[[[-98.214271,19.034839],[-98.217678,19.0301],[-98.219995,19.031472],[-98.218407,19.034893],[-98.219062,19.035293],[-98.217617,19.037296],[-98.214271,19.034839]]]}},{"type":"Feature","properties":{"name":"CHULAVISTA"},"geometry":{"type":"Polygon","coordinates":[[[-98.204943,19.033537],[-98.206838,19.030304],[-98.214271,19.034839],[-98.210505,19.040691],[-98.209462,19.040142],[-98.209887,19.0394],[-98.208035,19.038457],[-98.20908,19.036695],[-98.204477,19.034329],[-98.204943,19.033537]],[[-98.210016,19.033388],[-98.21027,19.033902],[-98.210449,19.033616],[-98.210016,19.033388]]]}},{"type":"Feature","properties":{"name":"ANTIGUA FRANCISCO VILLA"},"geometry":{"type":"Polygon","coordinates":[[[-98.193042,19.031589],[-98.195307,19.032259],[-98.196023,19.031075],[-98.198361,19.0323],[-98.197943,19.033335],[-98.196437,19.033313],[-98.193042,19.031589]]]}},{"type":"Feature","properties":{"name":"EL CARMEN"},"geometry":{"type":"Polygon","coordinates":[[[-98.202816,19.04066],[-98.198281,19.038341],[-98.197847,19.039093],[-98.196182,19.038229],[-98.200692,19.031344],[-98.203375,19.03269],[-98.20394,19.031676],[-98.205514,19.032544],[-98.204477,19.034329],[-98.2061,19.035175],[-98.202816,19.04066]]]}},{"type":"Feature","properties":{"name":"EL ÁNGEL"},"geometry":{"type":"Polygon","coordinates":[[[-98.198961,19.033242],[-98.196182,19.038229],[-98.193968,19.037089],[-98.195293,19.034788],[-98.192567,19.032362],[-98.193042,19.031589],[-98.196437,19.033313],[-98.198961,19.033242]]]}},{"type":"Feature","properties":{"name":"NINGUNO"},"geometry":{"type":"Polygon","coordinates":[[[-98.216465,19.031764],[-98.216239,19.031291],[-98.216643,19.031354],[-98.216465,19.031764]]]}},{"type":"Feature","properties":{"name":"RESIDENCIAL LA CRISTIANDAD"},"geometry":{"type":"Polygon","coordinates":[[[-98.195795,19.026522],[-98.195551,19.02528],[-98.196442,19.025756],[-98.195795,19.026522]]]}},{"type":"Feature","properties":{"name":"RINCÓN DE ANZURES"},"geometry":{"type":"Polygon","coordinates":[[[-98.197489,19.02212],[-98.198047,19.022312],[-98.197846,19.022849],[-98.197489,19.02212]]]}},{"type":"Feature","properties":{"name":"TORRE BEGONIA"},"geometry":{"type":"Polygon","coordinates":[[[-98.209849,19.033682],[-98.210016,19.033388],[-98.210449,19.033616],[-98.209849,19.033682]]]}},{"type":"Feature","properties":{"name":"TORRE HUEXOTITLA"},"geometry":{"type":"Polygon","coordinates":[[[-98.209802,19.026571],[-98.21051,19.026574],[-98.210345,19.026856],[-98.209802,19.026571]]]}},{"type":"Feature","properties":{"name":"TORRES MIRADOR"},"geometry":{"type":"Polygon","coordinates":[[[-98.194757,19.022908],[-98.195289,19.022664],[-98.195051,19.023061],[-98.194757,19.022908]]]}},{"type":"Feature","properties":{"name":"LOS BARRIOS DE ARBOLEDAS"},"geometry":{"type":"Polygon","coordinates":[[[-98.199798,18.98934],[-98.198742,18.988596],[-98.199676,18.988759],[-98.199733,18.98671],[-98.201277,18.986344],[-98.198943,18.985622],[-98.19836,18.982734],[-98.202536,18.983261],[-98.202245,18.98426],[-98.203807,18.984745],[-98.20362,18.985356],[-98.202004,18.984762],[-98.200839,18.989509],[-98.199798,18.98934]]]}},{"type":"Feature","properties":{"name":"TRES CRUCES"},"geometry":{"type":"Polygon","coordinates":[[[-98.190227,18.99703],[-98.188234,18.99623],[-98.187046,18.99457],[-98.184906,18.994922],[-98.185247,18.992628],[-98.196317,18.982775],[-98.195196,18.99644],[-98.193944,18.997315],[-98.193869,18.999299],[-98.190227,18.99703]]]}},{"type":"Feature","properties":{"name":"CAMPESTRE DEL VALLE"},"geometry":{"type":"Polygon","coordinates":[[[-98.1838,18.985374],[-98.18348,18.983408],[-98.18782,18.984024],[-98.188843,18.986737],[-98.185519,18.986898],[-98.1838,18.985374]]]}},{"type":"Feature","properties":{"name":"ARBOLEDA (ESMERALDA)"},"geometry":{"type":"Polygon","coordinates":[[[-98.196189,18.984804],[-98.196254,18.984081],[-98.198954,18.984451],[-98.199185,18.985132],[-98.196189,18.984804]]]}},{"type":"Feature","properties":{"name":"JARDINES DE XILOTZINGO"},"geometry":{"type":"Polygon","coordinates":[[[-98.204568,18.985035],[-98.20387,18.984517],[-98.205714,18.985044],[-98.204568,18.985035]]]}},{"type":"Feature","properties":{"name":"SARH XILOTZINGO"},"geometry":{"type":"Polygon","coordinates":[[[-98.196189,18.984804],[-98.198899,18.985195],[-98.198869,18.987618],[-98.196085,18.987166],[-98.196189,18.984804]]]}},{"type":"Feature","properties":{"name":"QUINTA LOS CAPRICHOS"},"geometry":{"type":"Polygon","coordinates":[[[-98.198886,18.987148],[-98.198943,18.985622],[-98.199968,18.987307],[-98.198886,18.987148]]]}},{"type":"Feature","properties":{"name":"ARBOLEDAS DE SAN IGNACIO"},"geometry":{"type":"Polygon","coordinates":[[[-98.201285,18.991091],[-98.20076,18.989512],[-98.202007,18.989868],[-98.202256,18.988562],[-98.201116,18.988489],[-98.201821,18.985734],[-98.205769,18.986637],[-98.204984,18.991673],[-98.201285,18.991091]]]}},{"type":"Feature","properties":{"name":"LAS GLORIAS"},"geometry":{"type":"Polygon","coordinates":[[[-98.199733,18.98671],[-98.199372,18.985753],[-98.201277,18.986344],[-98.199733,18.98671]]]}},{"type":"Feature","properties":{"name":"VISTA ALEGRE"},"geometry":{"type":"Polygon","coordinates":[[[-98.201285,18.991091],[-98.204984,18.991673],[-98.205744,18.986846],[-98.20842,18.987293],[-98.2063,18.992634],[-98.201952,18.99286],[-98.201285,18.991091]]]}},{"type":"Feature","properties":{"name":"RINCÓN DE SAN IGNACIO"},"geometry":{"type":"Polygon","coordinates":[[[-98.198841,18.988597],[-98.198886,18.987148],[-98.199968,18.987307],[-98.199676,18.988759],[-98.198841,18.988597]]]}},{"type":"Feature","properties":{"name":"MAGISTERIAL XILOTZINGO"},"geometry":{"type":"Polygon","coordinates":[[[-98.197922,18.988816],[-98.197318,18.988761],[-98.197444,18.987376],[-98.197922,18.988816]]]}},{"type":"Feature","properties":{"name":"SAN JOSÉ XILOTZINGO"},"geometry":{"type":"Polygon","coordinates":[[[-98.196957,18.988892],[-98.195996,18.988579],[-98.198206,18.988889],[-98.198104,18.987484],[-98.198869,18.987618],[-98.19873,18.989159],[-98.196957,18.988892]]]}},{"type":"Feature","properties":{"name":"ARBOLEDAS DE SAN IGNACIO 5TA SECCIÓN"},"geometry":{"type":"Polygon","coordinates":[[[-98.202256,18.988562],[-98.202007,18.989868],[-98.200839,18.989509],[-98.201116,18.988489],[-98.202256,18.988562]]]}},{"type":"Feature","properties":{"name":"SAN JOSÉ XILOTZINGO"},"geometry":{"type":"Polygon","coordinates":[[[-98.198451,18.991742],[-98.195721,18.991283],[-98.195984,18.988748],[-98.199798,18.98934],[-98.199608,18.990608],[-98.198065,18.990366],[-98.197963,18.990946],[-98.199506,18.991208],[-98.19936,18.991896],[-98.198451,18.991742]]]}},{"type":"Feature","properties":{"name":"LA JOYA DEL SUR"},"geometry":{"type":"Polygon","coordinates":[[[-98.180635,18.989283],[-98.182654,18.989179],[-98.184544,18.990135],[-98.184114,18.993101],[-98.182894,18.992999],[-98.182387,18.996473],[-98.180132,18.993823],[-98.179916,18.990802],[-98.180635,18.989283]]]}},{"type":"Feature","properties":{"name":"VILLA ALEGRE"},"geometry":{"type":"Polygon","coordinates":[[[-98.199675,18.990158],[-98.199798,18.98934],[-98.20076,18.989512],[-98.200707,18.990319],[-98.199675,18.990158]]]}},{"type":"Feature","properties":{"name":"SAN JOSÉ XILOTZINGO"},"geometry":{"type":"Polygon","coordinates":[[[-98.198451,18.991742],[-98.19936,18.991896],[-98.199506,18.991208],[-98.197963,18.990946],[-98.198065,18.990366],[-98.199608,18.990608],[-98.200817,18.989738],[-98.201952,18.99286],[-98.19804,18.993958],[-98.198451,18.991742]]]}},{"type":"Feature","properties":{"name":"LOMAS DE SAN MIGUEL"},"geometry":{"type":"Polygon","coordinates":[[[-98.178412,18.999057],[-98.178496,18.998101],[-98.169233,18.996819],[-98.169012,18.996231],[-98.179944,18.990594],[-98.180132,18.993823],[-98.182387,18.996473],[-98.182894,18.992999],[-98.185352,18.993209],[-98.184906,18.994922],[-98.187046,18.99457],[-98.188161,18.996134],[-98.186099,18.995996],[-98.180894,18.997861],[-98.181053,18.99878],[-98.178412,18.999057]]]}},{"type":"Feature","properties":{"name":"GOEVILLAS LOS ENCINOS"},"geometry":{"type":"Polygon","coordinates":[[[-98.195468,18.994465],[-98.195721,18.991283],[-98.196367,18.991406],[-98.196564,18.99312],[-98.196378,18.994293],[-98.195468,18.994465]]]}},{"type":"Feature","properties":{"name":"LUIS N MORONES"},"geometry":{"type":"Polygon","coordinates":[[[-98.19804,18.993958],[-98.196378,18.994293],[-98.196367,18.991406],[-98.198451,18.991742],[-98.19804,18.993958]]]}},{"type":"Feature","properties":{"name":"UNIVERSITARIA"},"geometry":{"type":"Polygon","coordinates":[[[-98.203698,18.992432],[-98.205699,18.992805],[-98.203645,18.994614],[-98.202438,18.994208],[-98.200183,18.994915],[-98.200138,18.993534],[-98.203698,18.992432]]]}},{"type":"Feature","properties":{"name":"UNIVERSIDAD"},"geometry":{"type":"Polygon","coordinates":[[[-98.195795,18.996291],[-98.195196,18.99644],[-98.195468,18.994465],[-98.200138,18.993534],[-98.200183,18.994915],[-98.195795,18.996291]]]}},{"type":"Feature","properties":{"name":"CAMINO REAL"},"geometry":{"type":"Polygon","coordinates":[[[-98.190814,19.000213],[-98.189978,18.998128],[-98.188737,18.998217],[-98.187873,18.996046],[-98.193595,18.998958],[-98.193922,19.000937],[-98.190814,19.000213]],[[-98.191476,18.999921],[-98.19196,19.000268],[-98.191956,18.999822],[-98.191476,18.999921]]]}},{"type":"Feature","properties":{"name":"NINGUNO"},"geometry":{"type":"Polygon","coordinates":[[[-98.170682,18.999448],[-98.170623,18.998217],[-98.16918,18.996822],[-98.173275,18.997238],[-98.172996,18.999122],[-98.174976,18.999381],[-98.174992,19.000985],[-98.171212,19.002185],[-98.171434,18.999476],[-98.170682,18.999448]]]}},{"type":"Feature","properties":{"name":"HERITAGE II"},"geometry":{"type":"Polygon","coordinates":[[[-98.178496,18.998101],[-98.178314,19.000174],[-98.177061,19.000512],[-98.177264,18.997834],[-98.178496,18.998101]]]}},{"type":"Feature","properties":{"name":"JARDINES DE SAINT GERMAIN"},"geometry":{"type":"Polygon","coordinates":[[[-98.179312,18.999233],[-98.179491,18.999827],[-98.180856,18.999437],[-98.178314,19.000174],[-98.178412,18.999057],[-98.179312,18.999233]]]}},{"type":"Feature","properties":{"name":"LOMAS DEL ÁNGEL"},"geometry":{"type":"Polygon","coordinates":[[[-98.17495,19.006782],[-98.170851,19.003028],[-98.170681,18.999448],[-98.171434,18.999476],[-98.171212,19.002185],[-98.180685,18.99992],[-98.179369,19.000473],[-98.1796,19.001652],[-98.176196,19.005441],[-98.176717,19.005845],[-98.17495,19.006782]]]}},{"type":"Feature","properties":{"name":"CORONEL MIGUEL AUZA"},"geometry":{"type":"Polygon","coordinates":[[[-98.200532,19.003989],[-98.199971,19.006292],[-98.193996,19.004173],[-98.193871,19.001032],[-98.200532,19.003989]]]}},{"type":"Feature","properties":{"name":"LOMAS SAN ALFONSO"},"geometry":{"type":"Polygon","coordinates":[[[-98.177972,19.006455],[-98.176717,19.005845],[-98.180278,19.001934],[-98.179344,19.001019],[-98.180379,19.000715],[-98.181312,19.002396],[-98.180147,19.0056],[-98.177972,19.006455]]]}},{"type":"Feature","properties":{"name":"AMPLIACIÓN LOMAS DE SAN ALFONSO"},"geometry":{"type":"Polygon","coordinates":[[[-98.179909,19.001779],[-98.178642,19.004006],[-98.176717,19.005845],[-98.176196,19.005441],[-98.179909,19.001779]]]}},{"type":"Feature","properties":{"name":"NINGUNO"},"geometry":{"type":"Polygon","coordinates":[[[-98.174281,18.988626],[-98.176362,18.988707],[-98.177876,18.986414],[-98.179284,18.98763],[-98.180997,18.985425],[-98.183124,18.987241],[-98.184249,18.98688],[-98.1838,18.985374],[-98.185519,18.986898],[-98.187939,18.986837],[-98.190209,18.988257],[-98.185352,18.993209],[-98.184114,18.993101],[-98.184544,18.990135],[-98.180829,18.988816],[-98.179944,18.990594],[-98.172968,18.994209],[-98.171854,18.992221],[-98.170389,18.991472],[-98.170527,18.989426],[-98.174281,18.988626]]]}},{"type":"Feature","properties":{"name":"COMERCIAL XILOTZINGO"},"geometry":{"type":"Polygon","coordinates":[[[-98.195996,18.988579],[-98.196064,18.987524],[-98.197424,18.987627],[-98.197318,18.988761],[-98.195996,18.988579]]]}},{"type":"Feature","properties":{"name":"RESIDENCIAL BRITANIA LA CALERA"},"geometry":{"type":"Polygon","coordinates":[[[-98.177264,18.997834],[-98.177061,19.000512],[-98.174992,19.000985],[-98.174976,18.999381],[-98.172996,18.999122],[-98.173275,18.997238],[-98.177264,18.997834]]]}},{"type":"Feature","properties":{"name":"RESIDENCIAL CAMINO REAL"},"geometry":{"type":"Polygon","coordinates":[[[-98.191478,18.999833],[-98.191956,18.999822],[-98.19196,19.000268],[-98.191478,18.999833]]]}},{"type":"Feature","properties":{"name":"SENDA EL OVILLAR"},"geometry":{"type":"Polygon","coordinates":[[[-98.197922,18.988816],[-98.197999,18.987467],[-98.198288,18.987667],[-98.197922,18.988816]]]}},{"type":"Feature","properties":{"name":"SAN JOSÉ XILOTZINGO"},"geometry":{"type":"Polygon","coordinates":[[[-98.196064,18.987524],[-98.196085,18.987166],[-98.197444,18.987376],[-98.196064,18.987524]]]}},{"type":"Feature","properties":{"name":"GALAXIA LA CALERA"},"geometry":{"type":"Polygon","coordinates":[[[-98.149627,19.000592],[-98.147664,18.99758],[-98.14986,18.995962],[-98.152165,18.995885],[-98.154978,18.997895],[-98.153716,18.998872],[-98.152609,18.997951],[-98.151974,18.999876],[-98.151031,18.99963],[-98.149627,19.000592]]]}},{"type":"Feature","properties":{"name":"BOSQUES DE CHAPULTEPEC"},"geometry":{"type":"Polygon","coordinates":[[[-98.147674,19.006421],[-98.144579,19.003623],[-98.14437,19.00058],[-98.145512,18.999424],[-98.147342,18.999525],[-98.150169,19.002497],[-98.150877,19.004617],[-98.148889,19.006623],[-98.147674,19.006421]]]}},{"type":"Feature","properties":{"name":"BOSQUES DE CHAPULTEPEC 2"},"geometry":{"type":"Polygon","coordinates":[[[-98.148702,19.008721],[-98.150397,19.006241],[-98.151234,19.006266],[-98.151711,19.008163],[-98.148702,19.008721]]]}},{"type":"Feature","properties":{"name":"RESIDENCIAL JHESED"},"geometry":{"type":"Polygon","coordinates":[[[-98.206061,18.98169],[-98.208594,18.978925],[-98.207575,18.98226],[-98.206061,18.98169]]]}},{"type":"Feature","properties":{"name":"SAN JOSÉ XILOTZINGO"},"geometry":{"type":"Polygon","coordinates":[[[-98.201921,18.985317],[-98.205593,18.98532],[-98.20387,18.984517],[-98.203804,18.982848],[-98.205174,18.982984],[-98.202009,18.982306],[-98.201691,18.983176],[-98.197344,18.982583],[-98.198954,18.984451],[-98.196254,18.984081],[-98.196433,18.980628],[-98.197547,18.980436],[-98.19667,18.978804],[-98.197442,18.974578],[-98.204528,18.975754],[-98.204938,18.973945],[-98.205542,18.974078],[-98.205114,18.975533],[-98.20761,18.976281],[-98.207414,18.977247],[-98.206414,18.977078],[-98.206104,18.978599],[-98.205158,18.97813],[-98.206028,18.978837],[-98.205666,18.980065],[-98.203022,18.979158],[-98.202698,18.980199],[-98.205586,18.980604],[-98.205513,18.981616],[-98.202267,18.981503],[-98.205681,18.982433],[-98.205674,18.984406],[-98.207586,18.984375],[-98.207403,18.98521],[-98.206152,18.985583],[-98.205769,18.986637],[-98.201921,18.985317]],[[-98.205043,18.976845],[-98.204363,18.976677],[-98.204159,18.977563],[-98.204872,18.977714],[-98.205043,18.976845]]]}},{"type":"Feature","properties":{"name":"ARROYOS DE XILOTZINGO"},"geometry":{"type":"Polygon","coordinates":[[[-98.203804,18.982848],[-98.203769,18.982515],[-98.205174,18.982984],[-98.203804,18.982848]]]}},{"type":"Feature","properties":{"name":"FAISANES II"},"geometry":{"type":"Polygon","coordinates":[[[-98.20465,18.977581],[-98.204363,18.976677],[-98.205043,18.976845],[-98.20465,18.977581]]]}},{"type":"Feature","properties":{"name":"CAMPESTRE SAN RAFAEL"},"geometry":{"type":"Polygon","coordinates":[[[-98.202281,18.975357],[-98.202906,18.972519],[-98.205158,18.972952],[-98.204528,18.975754],[-98.202281,18.975357]]]}},{"type":"Feature","properties":{"name":"ALCANFORES"},"geometry":{"type":"Polygon","coordinates":[[[-98.204638,18.979666],[-98.204288,18.980697],[-98.202698,18.980199],[-98.203022,18.979158],[-98.204638,18.979666]]]}},{"type":"Feature","properties":{"name":"FUNDADORES"},"geometry":{"type":"Polygon","coordinates":[[[-98.201691,18.983176],[-98.202009,18.982306],[-98.203791,18.982791],[-98.203807,18.984745],[-98.202245,18.98426],[-98.202536,18.983261],[-98.201691,18.983176]]]}},{"type":"Feature","properties":{"name":"SAN FRANCISCO TOTIMEHUACAN"},"geometry":{"type":"Polygon","coordinates":[[[-98.176545,18.968293],[-98.175869,18.967926],[-98.174549,18.969122],[-98.174516,18.970451],[-98.170817,18.969552],[-98.169231,18.970797],[-98.168499,18.970473],[-98.170224,18.969166],[-98.169351,18.9667],[-98.171419,18.9641],[-98.173865,18.963056],[-98.171769,18.963182],[-98.168198,18.961947],[-98.168987,18.96031],[-98.169943,18.960613],[-98.170813,18.959563],[-98.175082,18.96065],[-98.175963,18.962206],[-98.177416,18.96251],[-98.178021,18.962054],[-98.177557,18.960721],[-98.178814,18.959817],[-98.180351,18.956302],[-98.179568,18.955964],[-98.179907,18.955033],[-98.183936,18.956732],[-98.186279,18.95633],[-98.186971,18.956931],[-98.188291,18.954614],[-98.192458,18.955545],[-98.190185,18.959693],[-98.19465,18.962541],[-98.200703,18.964626],[-98.198174,18.971154],[-98.19667,18.978804],[-98.192908,18.975636],[-98.192167,18.973385],[-98.191158,18.972929],[-98.187904,18.975359],[-98.185878,18.979771],[-98.180535,18.979839],[-98.181785,18.978058],[-98.181734,18.977196],[-98.180001,18.977079],[-98.180621,18.973442],[-98.179984,18.972981],[-98.179381,18.974401],[-98.178243,18.973978],[-98.179303,18.970048],[-98.177865,18.969752],[-98.176545,18.968293]],[[-98.17764,18.96408],[-98.178223,18.96433],[-98.178387,18.963184],[-98.17764,18.96408]],[[-98.173725,18.965408],[-98.173768,18.963741],[-98.173124,18.964672],[-98.171808,18.964111],[-98.171499,18.96474],[-98.173725,18.965408]],[[-98.183773,18.96475],[-98.182929,18.965085],[-98.18373,18.965182],[-98.183773,18.96475]],[[-98.180193,18.970161],[-98.180549,18.969572],[-98.180155,18.969527],[-98.180193,18.970161]],[[-98.187535,18.97149],[-98.189457,18.972879],[-98.190552,18.971429],[-98.188987,18.972159],[-98.188121,18.971097],[-98.187535,18.97149]],[[-98.194523,18.972968],[-98.194882,18.972576],[-98.193677,18.972288],[-98.193528,18.972836],[-98.194523,18.972968]],[[-98.183877,18.973309],[-98.183524,18.974018],[-98.18398,18.973668],[-98.183877,18.973309]],[[-98.182165,18.976184],[-98.182187,18.977441],[-98.183208,18.977178],[-98.182165,18.976184]],[[-98.183457,18.97808],[-98.18279,18.977874],[-98.182745,18.978116],[-98.183457,18.97808]]]}},{"type":"Feature","properties":{"name":"BANUS"},"geometry":{"type":"Polygon","coordinates":[[[-98.198565,18.983308],[-98.197251,18.983174],[-98.197344,18.982583],[-98.198565,18.983308]]]}},{"type":"Feature","properties":{"name":"QUINTA LOS CAPRICHOS"},"geometry":{"type":"Polygon","coordinates":[[[-98.196483,18.979915],[-98.196583,18.978732],[-98.197547,18.980436],[-98.196433,18.980628],[-98.196483,18.979915]]]}},{"type":"Feature","properties":{"name":"NINGUNO"},"geometry":{"type":"Polygon","coordinates":[[[-98.192461,18.981074],[-98.187759,18.978004],[-98.187291,18.978847],[-98.187646,18.975732],[-98.191158,18.972929],[-98.192167,18.973385],[-98.192908,18.975636],[-98.196583,18.978732],[-98.196334,18.982509],[-98.19327,18.983489],[-98.191596,18.982261],[-98.192461,18.981074]]]}},{"type":"Feature","properties":{"name":"LOMAS DEL VALLE"},"geometry":{"type":"Polygon","coordinates":[[[-98.187939,18.986837],[-98.18886,18.986662],[-98.187167,18.982179],[-98.187759,18.978004],[-98.192461,18.981074],[-98.191596,18.982261],[-98.19327,18.983489],[-98.196334,18.982509],[-98.190209,18.988257],[-98.187939,18.986837]]]}},{"type":"Feature","properties":{"name":"VILLA CALIFORNIA"},"geometry":{"type":"Polygon","coordinates":[[[-98.194624,18.973054],[-98.193528,18.972836],[-98.193677,18.972288],[-98.194882,18.972576],[-98.194624,18.973054]]]}},{"type":"Feature","properties":{"name":"RINCÓN VERDE LA ERA"},"geometry":{"type":"Polygon","coordinates":[[[-98.189457,18.972879],[-98.187631,18.971301],[-98.188987,18.972159],[-98.190552,18.971429],[-98.189457,18.972879]]]}},{"type":"Feature","properties":{"name":"EX-HACIENDA DEL ÁNGEL"},"geometry":{"type":"Polygon","coordinates":[[[-98.18348,18.983408],[-98.183577,18.980157],[-98.185878,18.979771],[-98.187282,18.977908],[-98.18782,18.984024],[-98.18348,18.983408]]]}},{"type":"Feature","properties":{"name":"ZAVARIOTLA II"},"geometry":{"type":"Polygon","coordinates":[[[-98.183532,18.97398],[-98.183638,18.973271],[-98.184089,18.973215],[-98.183532,18.97398]]]}},{"type":"Feature","properties":{"name":"ZAVARIOTLA"},"geometry":{"type":"Polygon","coordinates":[[[-98.182745,18.978116],[-98.18279,18.977874],[-98.183503,18.978102],[-98.182745,18.978116]]]}},{"type":"Feature","properties":{"name":"VILLAS SAN FRANCISCO"},"geometry":{"type":"Polygon","coordinates":[[[-98.182965,18.964819],[-98.183773,18.96475],[-98.18373,18.965182],[-98.182965,18.964819]]]}},{"type":"Feature","properties":{"name":"MORASTITLA"},"geometry":{"type":"Polygon","coordinates":[[[-98.182187,18.977441],[-98.182336,18.97603],[-98.183266,18.976904],[-98.182187,18.977441]]]}},{"type":"Feature","properties":{"name":"LOS PINOS"},"geometry":{"type":"Polygon","coordinates":[[[-98.180549,18.969572],[-98.180077,18.970146],[-98.180155,18.969527],[-98.180549,18.969572]]]}},{"type":"Feature","properties":{"name":"VILLAS SAN FRANCISCO"},"geometry":{"type":"Polygon","coordinates":[[[-98.177779,18.96348],[-98.178387,18.963184],[-98.178223,18.96433],[-98.177779,18.96348]]]}},{"type":"Feature","properties":{"name":"LA ASUNCIÓN"},"geometry":{"type":"Polygon","coordinates":[[[-98.177583,18.962348],[-98.175963,18.962206],[-98.175082,18.96065],[-98.177757,18.961634],[-98.177583,18.962348]]]}},{"type":"Feature","properties":{"name":"ANEXO A LA LOMA"},"geometry":{"type":"Polygon","coordinates":[[[-98.19186,19.087471],[-98.192403,19.084737],[-98.187034,19.083857],[-98.18735,19.082688],[-98.188559,19.081562],[-98.194624,19.082729],[-98.193903,19.082001],[-98.194177,19.080496],[-98.198506,19.081532],[-98.196706,19.073525],[-98.200888,19.074014],[-98.200694,19.081505],[-98.198552,19.081751],[-98.198858,19.083107],[-98.20068,19.083311],[-98.200596,19.08537],[-98.199501,19.08537],[-98.198376,19.089293],[-98.193966,19.090497],[-98.191543,19.08921],[-98.19186,19.087471]]]}},{"type":"Feature","properties":{"name":"MIRAVALLE"},"geometry":{"type":"Polygon","coordinates":[[[-98.193965,19.102414],[-98.195731,19.103882],[-98.199257,19.10388],[-98.198702,19.108036],[-98.191768,19.107734],[-98.19271,19.10573],[-98.193802,19.105524],[-98.193179,19.104736],[-98.194226,19.10456],[-98.193965,19.102414]],[[-98.194346,19.105935],[-98.193892,19.106895],[-98.194731,19.106787],[-98.19489,19.105859],[-98.194346,19.105935]]]}},{"type":"Feature","properties":{"name":"LA LOMA"},"geometry":{"type":"Polygon","coordinates":[[[-98.193443,19.081468],[-98.189294,19.078325],[-98.190415,19.078426],[-98.191017,19.077087],[-98.192846,19.07734],[-98.193344,19.074719],[-98.195888,19.075314],[-98.19684,19.074216],[-98.198506,19.081532],[-98.194177,19.080496],[-98.193926,19.081845],[-98.193443,19.081468]]]}},{"type":"Feature","properties":{"name":"COLINAS DE SAN PABLO"},"geometry":{"type":"Polygon","coordinates":[[[-98.195396,19.09638],[-98.196281,19.096662],[-98.195655,19.09783],[-98.194921,19.097579],[-98.195396,19.09638]]]}},{"type":"Feature","properties":{"name":"PARQUE INDUSTRIAL 5 DE MAYO"},"geometry":{"type":"Polygon","coordinates":[[[-98.184867,19.099818],[-98.183402,19.098278],[-98.183691,19.097324],[-98.195075,19.090267],[-98.195609,19.090998],[-98.193077,19.091605],[-98.191361,19.098005],[-98.188895,19.097621],[-98.186884,19.099606],[-98.184867,19.099818]]]}},{"type":"Feature","properties":{"name":"LA VISTA NORTE"},"geometry":{"type":"Polygon","coordinates":[[[-98.194504,19.106822],[-98.193892,19.106895],[-98.194059,19.105957],[-98.19489,19.105859],[-98.194504,19.106822]]]}},{"type":"Feature","properties":{"name":"ESTACIÓN NUEVA"},"geometry":{"type":"Polygon","coordinates":[[[-98.186114,19.081726],[-98.182023,19.07614],[-98.180548,19.076113],[-98.18281,19.074881],[-98.189294,19.078325],[-98.19479,19.082628],[-98.187052,19.081299],[-98.185719,19.082878],[-98.186114,19.081726]]]}},{"type":"Feature","properties":{"name":"AMPLIACIÓN SANTA BÁRBARA"},"geometry":{"type":"Polygon","coordinates":[[[-98.194436,19.092774],[-98.19327,19.097648],[-98.191807,19.096729],[-98.192966,19.09204],[-98.194436,19.092774]]]}},{"type":"Feature","properties":{"name":"CENTRAL DE ABASTOS"},"geometry":{"type":"Polygon","coordinates":[[[-98.193966,19.090497],[-98.191171,19.092164],[-98.188732,19.08915],[-98.185454,19.088248],[-98.18566,19.086159],[-98.187034,19.083857],[-98.192403,19.084737],[-98.191543,19.08921],[-98.193966,19.090497]]]}},{"type":"Feature","properties":{"name":"NUEVA 13 DE ABRIL"},"geometry":{"type":"Polygon","coordinates":[[[-98.190356,19.103234],[-98.190502,19.099909],[-98.191981,19.100002],[-98.191434,19.103689],[-98.190356,19.103234]]]}},{"type":"Feature","properties":{"name":"SAN JOSÉ LOS CERRITOS"},"geometry":{"type":"Polygon","coordinates":[[[-98.186298,19.102113],[-98.184513,19.099887],[-98.186884,19.099606],[-98.188895,19.097621],[-98.191476,19.09814],[-98.191778,19.099519],[-98.190502,19.099909],[-98.19045,19.103119],[-98.188382,19.10593],[-98.187572,19.105051],[-98.187925,19.104013],[-98.186298,19.102113]]]}},{"type":"Feature","properties":{"name":"LA CONDESA"},"geometry":{"type":"Polygon","coordinates":[[[-98.189022,19.105343],[-98.190356,19.103234],[-98.191434,19.103689],[-98.190983,19.106476],[-98.189022,19.105343]]]}},{"type":"Feature","properties":{"name":"CENTRAL DE ABASTOS 1RA SECCIÓN"},"geometry":{"type":"Polygon","coordinates":[[[-98.187773,19.094338],[-98.184566,19.090256],[-98.185454,19.088248],[-98.188732,19.08915],[-98.191171,19.092164],[-98.187773,19.094338]]]}},{"type":"Feature","properties":{"name":"AMPLIACIÓN VEINTE DE NOVIEMBRE DE 1910"},"geometry":{"type":"Polygon","coordinates":[[[-98.189485,19.077964],[-98.190183,19.075941],[-98.191292,19.076534],[-98.190415,19.078426],[-98.189485,19.077964]]]}},{"type":"Feature","properties":{"name":"ESTACIÓN NUEVA"},"geometry":{"type":"Polygon","coordinates":[[[-98.190546,19.076134],[-98.191158,19.07599],[-98.190928,19.076338],[-98.190546,19.076134]]]}},{"type":"Feature","properties":{"name":"VILLA FRONTERA"},"geometry":{"type":"Polygon","coordinates":[[[-98.180381,19.082805],[-98.181382,19.080821],[-98.186114,19.081726],[-98.185719,19.082878],[-98.186577,19.081509],[-98.188559,19.081562],[-98.187034,19.083857],[-98.180381,19.082805]]]}},{"type":"Feature","properties":{"name":"CENTRAL DE ABASTOS SEGUNDA SECCIÓN"},"geometry":{"type":"Polygon","coordinates":[[[-98.184102,19.093754],[-98.184055,19.091959],[-98.185542,19.091439],[-98.187773,19.094338],[-98.186743,19.095134],[-98.184102,19.093754]]]}},{"type":"Feature","properties":{"name":"SEDA MONSANTO"},"geometry":{"type":"Polygon","coordinates":[[[-98.183837,19.096439],[-98.184102,19.093754],[-98.186743,19.095134],[-98.183691,19.097324],[-98.183837,19.096439]]]}},{"type":"Feature","properties":{"name":"VILLA FRONTERA"},"geometry":{"type":"Polygon","coordinates":[[[-98.179549,19.08446],[-98.180381,19.082805],[-98.187034,19.083857],[-98.184782,19.087162],[-98.179549,19.08446]]]}},{"type":"Feature","properties":{"name":"SAN PEDRO"},"geometry":{"type":"Polygon","coordinates":[[[-98.185274,19.081554],[-98.181382,19.080821],[-98.183308,19.077891],[-98.186114,19.081726],[-98.185274,19.081554]]]}},{"type":"Feature","properties":{"name":"JORGE MURAD"},"geometry":{"type":"Polygon","coordinates":[[[-98.181467,19.094486],[-98.183038,19.092755],[-98.179446,19.090508],[-98.185472,19.086798],[-98.185896,19.087294],[-98.184065,19.093422],[-98.182594,19.095229],[-98.181467,19.094486]]]}},{"type":"Feature","properties":{"name":"CENTRAL DE ABASTOS"},"geometry":{"type":"Polygon","coordinates":[[[-98.184249,19.092296],[-98.184566,19.090256],[-98.185542,19.091439],[-98.184249,19.092296]]]}},{"type":"Feature","properties":{"name":"SAN JOSÉ EL CONDE"},"geometry":{"type":"Polygon","coordinates":[[[-98.182479,19.098522],[-98.183622,19.098295],[-98.184867,19.099818],[-98.1828,19.10017],[-98.181773,19.104248],[-98.179818,19.106616],[-98.17757,19.104603],[-98.18023,19.10169],[-98.180902,19.09967],[-98.182479,19.098522]]]}},{"type":"Feature","properties":{"name":"REAL DE SAN GREGORIO"},"geometry":{"type":"Polygon","coordinates":[[[-98.179399,19.084762],[-98.184782,19.087162],[-98.184326,19.087395],[-98.179399,19.084762]]]}},{"type":"Feature","properties":{"name":"AMPLIACIÓN SEDA MONSANTO"},"geometry":{"type":"Polygon","coordinates":[[[-98.18159,19.09658],[-98.184065,19.093422],[-98.183837,19.096439],[-98.182341,19.09586],[-98.18159,19.09658]]]}},{"type":"Feature","properties":{"name":"GUADALUPE EL CONDE"},"geometry":{"type":"Polygon","coordinates":[[[-98.182517,19.098407],[-98.180811,19.097538],[-98.182341,19.09586],[-98.183837,19.096439],[-98.183442,19.09824],[-98.182517,19.098407]]]}},{"type":"Feature","properties":{"name":"REVOLUCIÓN MEXICANA"},"geometry":{"type":"Polygon","coordinates":[[[-98.176017,19.082058],[-98.17386,19.08171],[-98.181716,19.075841],[-98.183308,19.077891],[-98.180381,19.082805],[-98.176017,19.082058]]]}},{"type":"Feature","properties":{"name":"VILLA ESCONDIDA"},"geometry":{"type":"Polygon","coordinates":[[[-98.180728,19.090051],[-98.1808,19.08925],[-98.182877,19.088818],[-98.180728,19.090051]]]}},{"type":"Feature","properties":{"name":"MONTE ALBAN"},"geometry":{"type":"Polygon","coordinates":[[[-98.180594,19.095286],[-98.181197,19.094307],[-98.182594,19.095229],[-98.181849,19.096131],[-98.180594,19.095286]]]}},{"type":"Feature","properties":{"name":"VILLAS DEL MÁRQUEZ"},"geometry":{"type":"Polygon","coordinates":[[[-98.178419,19.086681],[-98.18238,19.088689],[-98.180496,19.089473],[-98.177718,19.087936],[-98.178419,19.086681]]]}},{"type":"Feature","properties":{"name":"CONDOMINAL REAL DE GUADALUPE SECCIÓN 1"},"geometry":{"type":"Polygon","coordinates":[[[-98.179733,19.094798],[-98.177072,19.092953],[-98.177707,19.09203],[-98.178397,19.091661],[-98.181709,19.093851],[-98.18038,19.09523],[-98.179733,19.094798]]]}},{"type":"Feature","properties":{"name":"ROMA"},"geometry":{"type":"Polygon","coordinates":[[[-98.175514,19.078084],[-98.174657,19.076905],[-98.178011,19.073856],[-98.181433,19.075668],[-98.17801,19.079076],[-98.175514,19.078084]]]}},{"type":"Feature","properties":{"name":"SOLIDARIDAD NACIONAL"},"geometry":{"type":"Polygon","coordinates":[[[-98.177948,19.098749],[-98.174851,19.097212],[-98.176707,19.094643],[-98.179546,19.096242],[-98.178825,19.09833],[-98.177948,19.098749]]]}},{"type":"Feature","properties":{"name":"CONDOMINIO EMPERATRIZ"},"geometry":{"type":"Polygon","coordinates":[[[-98.177628,19.0922],[-98.175729,19.091321],[-98.175967,19.090912],[-98.177628,19.0922]]]}},{"type":"Feature","properties":{"name":"CONDOMINAL REAL DE GUADALUPE SECCIÓN 2"},"geometry":{"type":"Polygon","coordinates":[[[-98.178397,19.091661],[-98.178342,19.090816],[-98.178978,19.091197],[-98.179446,19.090508],[-98.183038,19.092755],[-98.181709,19.093851],[-98.178397,19.091661]]]}},{"type":"Feature","properties":{"name":"JORGE MURAD QUINTA SECCIÓN"},"geometry":{"type":"Polygon","coordinates":[[[-98.178419,19.086681],[-98.178548,19.086268],[-98.182653,19.088354],[-98.178419,19.086681]]]}},{"type":"Feature","properties":{"name":"JORGE MURAD SEGUNDA SECCIÓN"},"geometry":{"type":"Polygon","coordinates":[[[-98.177558,19.087325],[-98.175258,19.086216],[-98.176021,19.083524],[-98.179077,19.085295],[-98.177752,19.087859],[-98.177558,19.087325]]]}},{"type":"Feature","properties":{"name":"NINGUNO"},"geometry":{"type":"Polygon","coordinates":[[[-98.179077,19.085295],[-98.178356,19.084842],[-98.178719,19.084349],[-98.176471,19.083657],[-98.176017,19.082058],[-98.180381,19.082805],[-98.179077,19.085295]]]}},{"type":"Feature","properties":{"name":"NUEVO PARAÍSO"},"geometry":{"type":"Polygon","coordinates":[[[-98.177391,19.094912],[-98.176682,19.094571],[-98.177072,19.092953],[-98.179733,19.094798],[-98.179198,19.096148],[-98.177391,19.094912]]]}},{"type":"Feature","properties":{"name":"PARQUE INDUSTRIAL 5 DE MAYO"},"geometry":{"type":"Polygon","coordinates":[[[-98.187027,19.094915],[-98.187773,19.094338],[-98.188401,19.094731],[-98.187027,19.094915]]]}},{"type":"Feature","properties":{"name":"RANCHO GUADALUPE"},"geometry":{"type":"Polygon","coordinates":[[[-98.177948,19.098749],[-98.176822,19.100542],[-98.173824,19.098201],[-98.174502,19.096988],[-98.177948,19.098749]]]}},{"type":"Feature","properties":{"name":"REUBICADOS DE XALPATLAC"},"geometry":{"type":"Polygon","coordinates":[[[-98.179646,19.086826],[-98.183142,19.087753],[-98.182653,19.088354],[-98.179646,19.086826]]]}},{"type":"Feature","properties":{"name":"VENUSTIANO CARRANZA"},"geometry":{"type":"Polygon","coordinates":[[[-98.179399,19.084762],[-98.184326,19.087395],[-98.183081,19.088435],[-98.18234,19.087316],[-98.178548,19.086268],[-98.179399,19.084762]]]}},{"type":"Feature","properties":{"name":"VILLA GUADALUPE"},"geometry":{"type":"Polygon","coordinates":[[[-98.178801,19.091117],[-98.176577,19.089844],[-98.177718,19.087936],[-98.180851,19.089785],[-98.178801,19.091117]]]}},{"type":"Feature","properties":{"name":"VILLA MARGARITA GARCÍA"},"geometry":{"type":"Polygon","coordinates":[[[-98.180044,19.096389],[-98.179198,19.096148],[-98.179733,19.094798],[-98.180594,19.095286],[-98.180044,19.096389]]]}},{"type":"Feature","properties":{"name":"VILLAS SAN JOSÉ"},"geometry":{"type":"Polygon","coordinates":[[[-98.176898,19.083926],[-98.176927,19.083394],[-98.178719,19.084349],[-98.178356,19.084842],[-98.176898,19.083926]]]}},{"type":"Feature","properties":{"name":"JORGE MURAD"},"geometry":{"type":"Polygon","coordinates":[[[-98.176563,19.089869],[-98.178342,19.090816],[-98.178186,19.091951],[-98.175967,19.090912],[-98.176563,19.089869]]]}},{"type":"Feature","properties":{"name":"NINGUNO"},"geometry":{"type":"Polygon","coordinates":[[[-98.18433,19.115346],[-98.166231,19.105106],[-98.172381,19.097269],[-98.17127,19.098117],[-98.168928,19.09573],[-98.170366,19.093856],[-98.171402,19.093828],[-98.172575,19.091529],[-98.175058,19.092517],[-98.175729,19.091321],[-98.177552,19.092294],[-98.176788,19.09464],[-98.173824,19.098201],[-98.176822,19.100542],[-98.180594,19.095286],[-98.181849,19.096131],[-98.180811,19.097538],[-98.182493,19.09814],[-98.17757,19.104603],[-98.179818,19.106616],[-98.180592,19.106128],[-98.182273,19.103128],[-98.1828,19.10017],[-98.184513,19.099887],[-98.187925,19.104013],[-98.187572,19.105051],[-98.188382,19.10593],[-98.189022,19.105343],[-98.190983,19.106476],[-98.192263,19.100356],[-98.190583,19.09979],[-98.191778,19.099519],[-98.191871,19.097049],[-98.19327,19.097648],[-98.194436,19.092774],[-98.193077,19.091605],[-98.195609,19.090998],[-98.196927,19.092785],[-98.194853,19.097835],[-98.194585,19.101761],[-98.193541,19.10241],[-98.194226,19.10456],[-98.193179,19.104736],[-98.193802,19.105524],[-98.19271,19.10573],[-98.191768,19.107734],[-98.195565,19.108073],[-98.195992,19.111626],[-98.195316,19.115158],[-98.196912,19.116502],[-98.18433,19.115346]]]}},{"type":"Feature","properties":{"name":"SANTA MARÍA"},"geometry":{"type":"Polygon","coordinates":[[[-98.191244,19.069967],[-98.191945,19.068702],[-98.190616,19.065617],[-98.193007,19.056172],[-98.196563,19.058011],[-98.197466,19.056426],[-98.19971,19.059262],[-98.198744,19.060909],[-98.199837,19.061656],[-98.199351,19.062377],[-98.199995,19.062806],[-98.198381,19.063852],[-98.20074,19.065451],[-98.198642,19.06529],[-98.193964,19.072158],[-98.190945,19.07058],[-98.191244,19.069967]],[[-98.195023,19.066001],[-98.194197,19.065699],[-98.194213,19.066505],[-98.195171,19.066853],[-98.195023,19.066001]]]}},{"type":"Feature","properties":{"name":"LOMAS DE LORETO"},"geometry":{"type":"Polygon","coordinates":[[[-98.177954,19.062374],[-98.17485,19.059752],[-98.172958,19.056898],[-98.174046,19.0564],[-98.178532,19.060696],[-98.181354,19.058971],[-98.182611,19.061155],[-98.181089,19.062865],[-98.177954,19.062374]]]}},{"type":"Feature","properties":{"name":"MOVIMIENTO OBRERO"},"geometry":{"type":"Polygon","coordinates":[[[-98.167039,19.062884],[-98.167177,19.060646],[-98.168267,19.059104],[-98.171662,19.062083],[-98.171468,19.063525],[-98.167039,19.062884]]]}},{"type":"Feature","properties":{"name":"MOCTEZUMA"},"geometry":{"type":"Polygon","coordinates":[[[-98.186785,19.064952],[-98.185912,19.064912],[-98.186295,19.06348],[-98.185319,19.06324],[-98.186227,19.060131],[-98.19139,19.060994],[-98.190065,19.062637],[-98.188005,19.063222],[-98.187732,19.064996],[-98.186785,19.064952]]]}},{"type":"Feature","properties":{"name":"MORELOS"},"geometry":{"type":"Polygon","coordinates":[[[-98.188113,19.06339],[-98.192074,19.06077],[-98.190782,19.064703],[-98.187732,19.064996],[-98.188113,19.06339]]]}},{"type":"Feature","properties":{"name":"LOS FUERTES"},"geometry":{"type":"Polygon","coordinates":[[[-98.185721,19.061879],[-98.184181,19.062964],[-98.185217,19.061671],[-98.185721,19.061879]]]}},{"type":"Feature","properties":{"name":"ARBOLEDAS DE GUADALUPE SECCIÓN LAS FUENTES"},"geometry":{"type":"Polygon","coordinates":[[[-98.17685,19.064066],[-98.174399,19.06315],[-98.17709,19.061613],[-98.181089,19.062865],[-98.179736,19.064397],[-98.17685,19.064066]]]}},{"type":"Feature","properties":{"name":"ADOLFO LÓPEZ MATEOS"},"geometry":{"type":"Polygon","coordinates":[[[-98.183375,19.069776],[-98.179072,19.066956],[-98.178734,19.067516],[-98.177394,19.066974],[-98.180988,19.062982],[-98.18197,19.064036],[-98.186295,19.06348],[-98.186472,19.066043],[-98.183375,19.069776]]]}},{"type":"Feature","properties":{"name":"CENTRO COMERCIAL PLAZA LORETO"},"geometry":{"type":"Polygon","coordinates":[[[-98.17685,19.064066],[-98.179736,19.064397],[-98.177682,19.066655],[-98.175367,19.065756],[-98.175688,19.063926],[-98.17685,19.064066]]]}},{"type":"Feature","properties":{"name":"CUAUHTEMOC"},"geometry":{"type":"Polygon","coordinates":[[[-98.188504,19.069331],[-98.185427,19.068018],[-98.185531,19.067263],[-98.186785,19.064952],[-98.190994,19.064515],[-98.190549,19.068397],[-98.189643,19.06993],[-98.188504,19.069331]]]}},{"type":"Feature","properties":{"name":"LOS ÍDOLOS"},"geometry":{"type":"Polygon","coordinates":[[[-98.195171,19.066853],[-98.194213,19.066505],[-98.194197,19.065699],[-98.195171,19.066853]]]}},{"type":"Feature","properties":{"name":"VICENTE BUDIB"},"geometry":{"type":"Polygon","coordinates":[[[-98.175358,19.065816],[-98.175153,19.067314],[-98.173654,19.06802],[-98.172777,19.0663],[-98.175358,19.065816]]]}},{"type":"Feature","properties":{"name":"LOS PINOS"},"geometry":{"type":"Polygon","coordinates":[[[-98.176805,19.066311],[-98.178734,19.067516],[-98.175516,19.07138],[-98.174828,19.07016],[-98.176988,19.067722],[-98.175153,19.067314],[-98.175367,19.065756],[-98.176805,19.066311]]]}},{"type":"Feature","properties":{"name":"GUADALUPE VICTORIA NORTE"},"geometry":{"type":"Polygon","coordinates":[[[-98.189588,19.073909],[-98.187888,19.0728],[-98.188504,19.069331],[-98.189643,19.06993],[-98.191145,19.066712],[-98.191945,19.068702],[-98.190599,19.071328],[-98.190422,19.074136],[-98.189588,19.073909]]]}},{"type":"Feature","properties":{"name":"TEPEYAC"},"geometry":{"type":"Polygon","coordinates":[[[-98.178011,19.073856],[-98.175516,19.07138],[-98.179072,19.066956],[-98.183375,19.069776],[-98.178011,19.073856]]]}},{"type":"Feature","properties":{"name":"NACIONES UNIDAS"},"geometry":{"type":"Polygon","coordinates":[[[-98.178283,19.074001],[-98.185427,19.068018],[-98.185042,19.073926],[-98.181433,19.075668],[-98.178283,19.074001]]]}},{"type":"Feature","properties":{"name":"16 DE SEPTIEMBRE NORTE"},"geometry":{"type":"Polygon","coordinates":[[[-98.18281,19.074881],[-98.185327,19.073399],[-98.184723,19.072571],[-98.185427,19.068018],[-98.188511,19.069279],[-98.187194,19.077197],[-98.18281,19.074881]]]}},{"type":"Feature","properties":{"name":"MARAVILLAS"},"geometry":{"type":"Polygon","coordinates":[[[-98.16724,19.074854],[-98.166793,19.075341],[-98.162582,19.071893],[-98.164831,19.068188],[-98.170061,19.072622],[-98.169609,19.074235],[-98.168451,19.072822],[-98.168039,19.073665],[-98.169395,19.07546],[-98.16724,19.074854]]]}},{"type":"Feature","properties":{"name":"SAN PEDRO"},"geometry":{"type":"Polygon","coordinates":[[[-98.170933,19.074571],[-98.173559,19.071581],[-98.17468,19.072538],[-98.175542,19.071607],[-98.174455,19.072046],[-98.173712,19.071411],[-98.174828,19.07016],[-98.178011,19.073856],[-98.174419,19.077363],[-98.170933,19.074571]]]}},{"type":"Feature","properties":{"name":"VEINTE DE NOVIEMBRE DE 1910"},"geometry":{"type":"Polygon","coordinates":[[[-98.187194,19.077197],[-98.187827,19.073065],[-98.190422,19.074136],[-98.190945,19.07058],[-98.193964,19.072158],[-98.192556,19.07432],[-98.193344,19.074719],[-98.192846,19.07734],[-98.191017,19.077087],[-98.190755,19.075793],[-98.189294,19.078325],[-98.187194,19.077197]]]}},{"type":"Feature","properties":{"name":"INDEPENDENCIA"},"geometry":{"type":"Polygon","coordinates":[[[-98.175542,19.071607],[-98.17468,19.072538],[-98.173559,19.071581],[-98.175542,19.071607]]]}},{"type":"Feature","properties":{"name":"CORREDOR INDUSTRIAL LA CIÉNEGA"},"geometry":{"type":"Polygon","coordinates":[[[-98.169489,19.074768],[-98.170061,19.072622],[-98.164831,19.068188],[-98.162582,19.071893],[-98.160713,19.070347],[-98.159831,19.06207],[-98.171468,19.063525],[-98.171535,19.061551],[-98.175688,19.063926],[-98.175367,19.065756],[-98.172777,19.0663],[-98.173654,19.06802],[-98.175153,19.067314],[-98.176988,19.067722],[-98.170575,19.074989],[-98.169395,19.07546],[-98.169489,19.074768]]]}},{"type":"Feature","properties":{"name":"FAUNA MARINA"},"geometry":{"type":"Polygon","coordinates":[[[-98.166538,19.062819],[-98.166972,19.060459],[-98.167039,19.062884],[-98.166538,19.062819]]]}},{"type":"Feature","properties":{"name":"MERCADO MIGUEL HIDALGO"},"geometry":{"type":"Polygon","coordinates":[[[-98.195469,19.074932],[-98.192556,19.07432],[-98.193964,19.072158],[-98.196706,19.073525],[-98.195888,19.075314],[-98.195469,19.074932]]]}},{"type":"Feature","properties":{"name":"TIANGUIS LICENCIADO BENITO JUÁREZ"},"geometry":{"type":"Polygon","coordinates":[[[-98.195687,19.07155],[-98.195248,19.072597],[-98.195,19.072469],[-98.195687,19.07155]]]}},{"type":"Feature","properties":{"name":"LA LOMA"},"geometry":{"type":"Polygon","coordinates":[[[-98.193964,19.072158],[-98.195797,19.069469],[-98.196706,19.073525],[-98.193964,19.072158]],[[-98.1959,19.071505],[-98.195,19.072469],[-98.195248,19.072597],[-98.1959,19.071505]]]}},{"type":"Feature","properties":{"name":"BELLA VISTA"},"geometry":{"type":"Polygon","coordinates":[[[-98.193042,19.031589],[-98.18835,19.029133],[-98.190138,19.025857],[-98.19693,19.029387],[-98.195307,19.032259],[-98.193042,19.031589]]]}},{"type":"Feature","properties":{"name":"DE SAN ANTONIO"},"geometry":{"type":"Polygon","coordinates":[[[-98.193007,19.056172],[-98.192634,19.05358],[-98.190622,19.051431],[-98.191593,19.049756],[-98.196015,19.052087],[-98.193007,19.056172]]]}},{"type":"Feature","properties":{"name":"PLAZA EUROPA"},"geometry":{"type":"Polygon","coordinates":[[[-98.195383,19.027554],[-98.196553,19.027878],[-98.19613,19.028963],[-98.195239,19.028496],[-98.195383,19.027554]]]}},{"type":"Feature","properties":{"name":"MIRADOR"},"geometry":{"type":"Polygon","coordinates":[[[-98.195491,19.02493],[-98.194161,19.027929],[-98.190138,19.025857],[-98.191725,19.023654],[-98.192263,19.018485],[-98.196691,19.021145],[-98.195452,19.02275],[-98.195491,19.02493]],[[-98.195051,19.023061],[-98.195008,19.022517],[-98.194757,19.022908],[-98.195051,19.023061]]]}},{"type":"Feature","properties":{"name":"DE ANALCO"},"geometry":{"type":"Polygon","coordinates":[[[-98.190161,19.033012],[-98.1906,19.032204],[-98.191122,19.032535],[-98.192391,19.03634],[-98.196182,19.038229],[-98.192985,19.041546],[-98.187211,19.038573],[-98.190161,19.033012]]]}},{"type":"Feature","properties":{"name":"BANCO DE PUEBLA"},"geometry":{"type":"Polygon","coordinates":[[[-98.192114,19.033149],[-98.192567,19.032362],[-98.194155,19.033173],[-98.193691,19.033909],[-98.192114,19.033149]]]}},{"type":"Feature","properties":{"name":"MÁRTIRES DEL TRABAJO"},"geometry":{"type":"Polygon","coordinates":[[[-98.189492,19.056742],[-98.191813,19.052691],[-98.19308,19.05465],[-98.192819,19.057382],[-98.189492,19.056742]]]}},{"type":"Feature","properties":{"name":"HIDALGO"},"geometry":{"type":"Polygon","coordinates":[[[-98.191356,19.061158],[-98.186853,19.059819],[-98.189492,19.056742],[-98.192819,19.057382],[-98.192317,19.060799],[-98.191356,19.061158]]]}},{"type":"Feature","properties":{"name":"SAN FRANCISCO"},"geometry":{"type":"Polygon","coordinates":[[[-98.189664,19.046294],[-98.190374,19.045613],[-98.192931,19.047457],[-98.190622,19.051431],[-98.189405,19.049621],[-98.189664,19.046294]]]}},{"type":"Feature","properties":{"name":"DE LA LUZ"},"geometry":{"type":"Polygon","coordinates":[[[-98.191488,19.042364],[-98.187642,19.041721],[-98.187922,19.040955],[-98.186329,19.040465],[-98.187211,19.038573],[-98.192985,19.041546],[-98.192324,19.042663],[-98.191488,19.042364]]]}},{"type":"Feature","properties":{"name":"ÁLVARO OBREGÓN"},"geometry":{"type":"Polygon","coordinates":[[[-98.193042,19.031589],[-98.192567,19.032362],[-98.190959,19.031533],[-98.190554,19.030285],[-98.193042,19.031589]]]}},{"type":"Feature","properties":{"name":"SAN ÁNGEL"},"geometry":{"type":"Polygon","coordinates":[[[-98.1922,19.032175],[-98.192114,19.033149],[-98.192929,19.033537],[-98.192083,19.035073],[-98.1906,19.032204],[-98.190959,19.031533],[-98.1922,19.032175]]]}},{"type":"Feature","properties":{"name":"EL ALTO"},"geometry":{"type":"Polygon","coordinates":[[[-98.188151,19.049528],[-98.187694,19.049],[-98.186225,19.05013],[-98.185175,19.049143],[-98.184579,19.049587],[-98.18248,19.048711],[-98.18475,19.044433],[-98.186225,19.044548],[-98.186648,19.043896],[-98.186081,19.04369],[-98.187409,19.042652],[-98.190281,19.042386],[-98.191239,19.043218],[-98.191488,19.042364],[-98.192324,19.042663],[-98.191667,19.044858],[-98.189715,19.046128],[-98.189859,19.050666],[-98.188151,19.049528]]]}},{"type":"Feature","properties":{"name":"DOS DE ABRIL"},"geometry":{"type":"Polygon","coordinates":[[[-98.179904,19.034937],[-98.179628,19.033594],[-98.180955,19.03212],[-98.17946,19.031474],[-98.179521,19.030246],[-98.182685,19.027721],[-98.183916,19.028725],[-98.190064,19.022227],[-98.191797,19.023121],[-98.187496,19.030663],[-98.182456,19.036263],[-98.179904,19.034937]]]}},{"type":"Feature","properties":{"name":"AZCARATE"},"geometry":{"type":"Polygon","coordinates":[[[-98.187496,19.030663],[-98.18835,19.029133],[-98.190554,19.030285],[-98.190959,19.031533],[-98.187211,19.038573],[-98.182456,19.036263],[-98.187496,19.030663]]]}},{"type":"Feature","properties":{"name":"JOSÉ LÓPEZ PORTILLO (CD DE LOS NIÑOS)"},"geometry":{"type":"Polygon","coordinates":[[[-98.186985,19.025377],[-98.188012,19.023488],[-98.18719,19.023095],[-98.188091,19.021183],[-98.190064,19.022227],[-98.186985,19.025377]]]}},{"type":"Feature","properties":{"name":"LA ACOCOTA"},"geometry":{"type":"Polygon","coordinates":[[[-98.18475,19.044433],[-98.184005,19.043414],[-98.184436,19.042211],[-98.182995,19.041754],[-98.183694,19.039808],[-98.185211,19.039567],[-98.187922,19.040955],[-98.187642,19.041721],[-98.188858,19.042344],[-98.186081,19.04369],[-98.186648,19.043896],[-98.186225,19.044548],[-98.18475,19.044433]]]}},{"type":"Feature","properties":{"name":"CENTRO HISTÓRICO"},"geometry":{"type":"Polygon","coordinates":[[[-98.186225,19.05013],[-98.187694,19.049],[-98.188075,19.051379],[-98.186225,19.05013]]]}},{"type":"Feature","properties":{"name":"LOS REMEDIOS"},"geometry":{"type":"Polygon","coordinates":[[[-98.184005,19.043414],[-98.18081,19.043007],[-98.184103,19.037014],[-98.187211,19.038573],[-98.186517,19.039923],[-98.183694,19.039808],[-98.182995,19.041754],[-98.184436,19.042211],[-98.184005,19.043414]]]}},{"type":"Feature","properties":{"name":"RINCÓN DEL BOSQUE"},"geometry":{"type":"Polygon","coordinates":[[[-98.183876,19.050801],[-98.185175,19.049143],[-98.186225,19.05013],[-98.18547,19.051233],[-98.183876,19.050801]]]}},{"type":"Feature","properties":{"name":"AMPLIACIÓN POPULAR GRAL MIGUEL NEGRETE"},"geometry":{"type":"Polygon","coordinates":[[[-98.184784,19.024824],[-98.183916,19.028725],[-98.182685,19.027721],[-98.184152,19.024576],[-98.184784,19.024824]]]}},{"type":"Feature","properties":{"name":"VILLA ALEGRE"},"geometry":{"type":"Polygon","coordinates":[[[-98.182958,19.020373],[-98.181731,19.019659],[-98.184047,19.020819],[-98.183814,19.021951],[-98.18244,19.021173],[-98.182958,19.020373]]]}},{"type":"Feature","properties":{"name":"BANDINI"},"geometry":{"type":"Polygon","coordinates":[[[-98.194161,19.027929],[-98.195423,19.025212],[-98.195239,19.028496],[-98.194161,19.027929]]]}},{"type":"Feature","properties":{"name":"SEIS DE ENERO"},"geometry":{"type":"Polygon","coordinates":[[[-98.186985,19.025377],[-98.184957,19.027495],[-98.18675,19.022874],[-98.185465,19.02204],[-98.185521,19.019877],[-98.188091,19.021183],[-98.18719,19.023095],[-98.188012,19.023488],[-98.186985,19.025377]]]}},{"type":"Feature","properties":{"name":"MIGUEL NEGRETE"},"geometry":{"type":"Polygon","coordinates":[[[-98.184784,19.024824],[-98.185465,19.02204],[-98.186217,19.022965],[-98.186338,19.022301],[-98.18675,19.022874],[-98.184346,19.028216],[-98.183825,19.028003],[-98.184784,19.024824]]]}},{"type":"Feature","properties":{"name":"DE XANENETLA"},"geometry":{"type":"Polygon","coordinates":[[[-98.187004,19.052805],[-98.187802,19.052415],[-98.188151,19.049528],[-98.191813,19.052691],[-98.189883,19.055371],[-98.187148,19.054053],[-98.18641,19.053343],[-98.187004,19.052805]]]}},{"type":"Feature","properties":{"name":"MOTOLINIA"},"geometry":{"type":"Polygon","coordinates":[[[-98.192083,19.035073],[-98.192929,19.033537],[-98.195293,19.034788],[-98.193968,19.037089],[-98.192391,19.03634],[-98.192083,19.035073]]]}},{"type":"Feature","properties":{"name":"REAL DE SAN ANTONIO"},"geometry":{"type":"Polygon","coordinates":[[[-98.194525,19.056074],[-98.194343,19.057112],[-98.193796,19.056849],[-98.194525,19.056074]]]}},{"type":"Feature","properties":{"name":"CENTRO HISTÓRICO"},"geometry":{"type":"Polygon","coordinates":[[[-98.183757,19.063671],[-98.182663,19.062366],[-98.181624,19.062497],[-98.182636,19.063094],[-98.181089,19.062865],[-98.182611,19.061155],[-98.181354,19.058971],[-98.180085,19.059748],[-98.177553,19.055986],[-98.178972,19.05169],[-98.182388,19.052233],[-98.183876,19.050801],[-98.18547,19.051233],[-98.185573,19.052122],[-98.186298,19.051823],[-98.186019,19.052434],[-98.18806,19.051609],[-98.18641,19.053343],[-98.190052,19.055448],[-98.188102,19.05905],[-98.186227,19.060131],[-98.185721,19.061879],[-98.184181,19.062964],[-98.185524,19.062553],[-98.185152,19.063862],[-98.183757,19.063671]]]}},{"type":"Feature","properties":{"name":"ARBORADA DE LOS ÁNGELES"},"geometry":{"type":"Polygon","coordinates":[[[-98.183823,19.021905],[-98.184799,19.021482],[-98.185465,19.02204],[-98.185146,19.022661],[-98.183823,19.021905]]]}},{"type":"Feature","properties":{"name":"CENTRO COMERCIAL SAN FRANCISCO"},"geometry":{"type":"Polygon","coordinates":[[[-98.190281,19.042386],[-98.191488,19.042364],[-98.191239,19.043218],[-98.190281,19.042386]]]}},{"type":"Feature","properties":{"name":"PLAZA PLANETA"},"geometry":{"type":"Polygon","coordinates":[[[-98.193701,19.047539],[-98.194182,19.047125],[-98.193891,19.047633],[-98.193701,19.047539]]]}},{"type":"Feature","properties":{"name":"RINCÓN DEL BOSQUE AMPLIACIÓN DE LA PRIMERA SECCIÓN"},"geometry":{"type":"Polygon","coordinates":[[[-98.18547,19.051233],[-98.186225,19.05013],[-98.18806,19.051609],[-98.186019,19.052434],[-98.186298,19.051823],[-98.185573,19.052122],[-98.18547,19.051233]]]}},{"type":"Feature","properties":{"name":"XANENETLA"},"geometry":{"type":"Polygon","coordinates":[[[-98.187004,19.052805],[-98.187802,19.052415],[-98.187276,19.053029],[-98.187004,19.052805]]]}},{"type":"Feature","properties":{"name":"RESURGIMIENTO CIUDAD NORTE"},"geometry":{"type":"Polygon","coordinates":[[[-98.164836,19.046404],[-98.171056,19.043979],[-98.170998,19.043415],[-98.168039,19.043149],[-98.176736,19.040938],[-98.177005,19.040305],[-98.17558,19.039522],[-98.173006,19.039337],[-98.173552,19.036025],[-98.178768,19.037563],[-98.178956,19.036397],[-98.178066,19.03596],[-98.178847,19.034446],[-98.184072,19.037066],[-98.18081,19.043007],[-98.172515,19.043326],[-98.172386,19.044238],[-98.164861,19.047039],[-98.164177,19.046563],[-98.164836,19.046404]],[[-98.178499,19.039097],[-98.179458,19.039291],[-98.179548,19.038972],[-98.178499,19.039097]]]}},{"type":"Feature","properties":{"name":"LA GLORIA"},"geometry":{"type":"Polygon","coordinates":[[[-98.169248,19.038902],[-98.171326,19.035902],[-98.173552,19.036025],[-98.173006,19.039337],[-98.169248,19.038902]]]}},{"type":"Feature","properties":{"name":"EL CRISTO"},"geometry":{"type":"Polygon","coordinates":[[[-98.164979,19.042],[-98.163051,19.042719],[-98.163416,19.041691],[-98.164726,19.041715],[-98.166403,19.039573],[-98.169248,19.038902],[-98.173006,19.039337],[-98.172409,19.042497],[-98.168039,19.043149],[-98.169137,19.041106],[-98.164979,19.042]]]}},{"type":"Feature","properties":{"name":"HUMBOLDT SUR"},"geometry":{"type":"Polygon","coordinates":[[[-98.172568,19.042385],[-98.17275,19.040484],[-98.174173,19.040729],[-98.173924,19.039306],[-98.177005,19.040305],[-98.175403,19.041688],[-98.172568,19.042385]]]}},{"type":"Feature","properties":{"name":"AMÉRICA SUR"},"geometry":{"type":"Polygon","coordinates":[[[-98.164979,19.042],[-98.169137,19.041106],[-98.168075,19.043624],[-98.164533,19.043902],[-98.164979,19.042]]]}},{"type":"Feature","properties":{"name":"GREGORIO RAMOS"},"geometry":{"type":"Polygon","coordinates":[[[-98.160893,19.041178],[-98.163416,19.041691],[-98.162855,19.043897],[-98.160302,19.043968],[-98.160893,19.041178]]]}},{"type":"Feature","properties":{"name":"HUMBOLDT NORTE"},"geometry":{"type":"Polygon","coordinates":[[[-98.172386,19.044238],[-98.172515,19.043326],[-98.18081,19.043007],[-98.179896,19.044621],[-98.179947,19.04394],[-98.175915,19.044498],[-98.172979,19.046291],[-98.172386,19.044238]]]}},{"type":"Feature","properties":{"name":"XONACA"},"geometry":{"type":"Polygon","coordinates":[[[-98.175532,19.051324],[-98.175791,19.050777],[-98.174859,19.050186],[-98.173844,19.05172],[-98.172474,19.051046],[-98.174942,19.048928],[-98.174899,19.046428],[-98.179408,19.045802],[-98.18081,19.043007],[-98.184952,19.043912],[-98.182224,19.049208],[-98.184411,19.049702],[-98.182908,19.051642],[-98.182058,19.04953],[-98.180878,19.049232],[-98.181019,19.050139],[-98.179647,19.051221],[-98.179841,19.048923],[-98.178645,19.048259],[-98.177461,19.050782],[-98.17622,19.051927],[-98.175532,19.051324]],[[-98.177542,19.046873],[-98.177026,19.046191],[-98.176764,19.046822],[-98.177542,19.046873]]]}},{"type":"Feature","properties":{"name":"AMÉRICA NORTE"},"geometry":{"type":"Polygon","coordinates":[[[-98.164664,19.046177],[-98.164246,19.043927],[-98.170998,19.043415],[-98.170889,19.04415],[-98.164664,19.046177]]]}},{"type":"Feature","properties":{"name":"MIGUEL ALEMÁN"},"geometry":{"type":"Polygon","coordinates":[[[-98.174794,19.045348],[-98.175915,19.044498],[-98.179947,19.04394],[-98.179408,19.045802],[-98.174899,19.046428],[-98.174794,19.045348]],[[-98.175461,19.045208],[-98.17521,19.045263],[-98.175639,19.045942],[-98.175461,19.045208]]]}},{"type":"Feature","properties":{"name":"EL PORVENIR"},"geometry":{"type":"Polygon","coordinates":[[[-98.158277,19.049442],[-98.157643,19.047465],[-98.162744,19.043973],[-98.164246,19.043927],[-98.164177,19.046563],[-98.164861,19.047039],[-98.158917,19.05436],[-98.157658,19.053692],[-98.158277,19.049442]]]}},{"type":"Feature","properties":{"name":"SAN LUIS GONZAGA"},"geometry":{"type":"Polygon","coordinates":[[[-98.157534,19.047263],[-98.160036,19.044011],[-98.162744,19.043973],[-98.157534,19.047263]]]}},{"type":"Feature","properties":{"name":"CRISTÓBAL COLON"},"geometry":{"type":"Polygon","coordinates":[[[-98.164122,19.047709],[-98.165954,19.04627],[-98.171168,19.044323],[-98.172386,19.044238],[-98.172979,19.046291],[-98.171764,19.047333],[-98.170571,19.046345],[-98.168262,19.047031],[-98.165763,19.048742],[-98.164122,19.047709]]]}},{"type":"Feature","properties":{"name":"MIGUEL ALEMÁN"},"geometry":{"type":"Polygon","coordinates":[[[-98.17521,19.045263],[-98.175461,19.045208],[-98.175639,19.045942],[-98.17521,19.045263]]]}},{"type":"Feature","properties":{"name":"VISTA HERMOSA"},"geometry":{"type":"Polygon","coordinates":[[[-98.171869,19.047283],[-98.174794,19.045348],[-98.174928,19.047864],[-98.172554,19.050324],[-98.170934,19.049643],[-98.16961,19.051233],[-98.16799,19.050431],[-98.168716,19.049804],[-98.167211,19.047801],[-98.170571,19.046345],[-98.171869,19.047283]],[[-98.171588,19.047418],[-98.170166,19.048581],[-98.172403,19.048283],[-98.171588,19.047418]],[[-98.173979,19.046667],[-98.172511,19.047046],[-98.173055,19.047658],[-98.173979,19.046667]]]}},{"type":"Feature","properties":{"name":"ARBOLEDAS REMENTERIA"},"geometry":{"type":"Polygon","coordinates":[[[-98.171764,19.047333],[-98.172403,19.048283],[-98.170166,19.048581],[-98.171764,19.047333]]]}},{"type":"Feature","properties":{"name":"AZTECA"},"geometry":{"type":"Polygon","coordinates":[[[-98.172159,19.050307],[-98.174928,19.047864],[-98.174942,19.048928],[-98.172474,19.051046],[-98.172159,19.050307]]]}},{"type":"Feature","properties":{"name":"DIEZ DE MAYO"},"geometry":{"type":"Polygon","coordinates":[[[-98.164883,19.056058],[-98.167167,19.053631],[-98.162173,19.049881],[-98.164122,19.047709],[-98.166414,19.049612],[-98.164926,19.051],[-98.165666,19.051409],[-98.166849,19.050203],[-98.167389,19.050948],[-98.16799,19.050431],[-98.16961,19.051233],[-98.17001,19.050469],[-98.170382,19.052647],[-98.172997,19.05405],[-98.169542,19.057099],[-98.171677,19.059915],[-98.171526,19.061239],[-98.164883,19.056058]]]}},{"type":"Feature","properties":{"name":"ALDAMA"},"geometry":{"type":"Polygon","coordinates":[[[-98.178157,19.049567],[-98.178645,19.048259],[-98.179841,19.048923],[-98.178157,19.049567]]]}},{"type":"Feature","properties":{"name":"HÉROES DEL 5 DE MAYO"},"geometry":{"type":"Polygon","coordinates":[[[-98.182388,19.052233],[-98.179694,19.05162],[-98.181019,19.050139],[-98.180878,19.049232],[-98.182058,19.04953],[-98.1829,19.051382],[-98.182388,19.052233]]]}},{"type":"Feature","properties":{"name":"5 DE MAYO"},"geometry":{"type":"Polygon","coordinates":[[[-98.177536,19.05064],[-98.178082,19.049585],[-98.179432,19.04941],[-98.179694,19.05162],[-98.178626,19.05184],[-98.177536,19.05064]]]}},{"type":"Feature","properties":{"name":"ITURBIDE"},"geometry":{"type":"Polygon","coordinates":[[[-98.170228,19.050978],[-98.171872,19.049633],[-98.172474,19.051046],[-98.170782,19.052291],[-98.170228,19.050978]]]}},{"type":"Feature","properties":{"name":"PUEBLA"},"geometry":{"type":"Polygon","coordinates":[[[-98.173844,19.05172],[-98.174859,19.050186],[-98.175791,19.050777],[-98.174643,19.05192],[-98.173844,19.05172]]]}},{"type":"Feature","properties":{"name":"MÉXICO 68"},"geometry":{"type":"Polygon","coordinates":[[[-98.164883,19.056058],[-98.164168,19.056718],[-98.159088,19.05413],[-98.162173,19.049881],[-98.167167,19.053631],[-98.164883,19.056058]]]}},{"type":"Feature","properties":{"name":"LUZ DEL ALBA"},"geometry":{"type":"Polygon","coordinates":[[[-98.17622,19.051927],[-98.17777,19.050518],[-98.178626,19.05184],[-98.178238,19.054108],[-98.177021,19.053626],[-98.17622,19.051927]]]}},{"type":"Feature","properties":{"name":"LOMAS 5 DE MAYO"},"geometry":{"type":"Polygon","coordinates":[[[-98.172997,19.05405],[-98.170382,19.052647],[-98.172474,19.051046],[-98.174643,19.05192],[-98.175646,19.051424],[-98.177021,19.053626],[-98.178238,19.054108],[-98.177553,19.055986],[-98.175935,19.055369],[-98.174679,19.057491],[-98.174046,19.0564],[-98.17278,19.057166],[-98.171834,19.055819],[-98.169919,19.057596],[-98.169542,19.057099],[-98.172997,19.05405]]]}},{"type":"Feature","properties":{"name":"OBRERA CAMPESINA"},"geometry":{"type":"Polygon","coordinates":[[[-98.175688,19.063926],[-98.174146,19.063531],[-98.166812,19.05823],[-98.158917,19.05436],[-98.164168,19.056718],[-98.164883,19.056058],[-98.171526,19.061239],[-98.172568,19.061043],[-98.174257,19.063108],[-98.17685,19.064066],[-98.175688,19.063926]]]}},{"type":"Feature","properties":{"name":"ARBOLEDAS DE GUADALUPE"},"geometry":{"type":"Polygon","coordinates":[[[-98.174679,19.057491],[-98.175935,19.055369],[-98.177424,19.055912],[-98.180085,19.059748],[-98.178532,19.060696],[-98.174679,19.057491]]]}},{"type":"Feature","properties":{"name":"VILLA VERDE"},"geometry":{"type":"Polygon","coordinates":[[[-98.159539,19.059496],[-98.158563,19.055067],[-98.159639,19.055629],[-98.16003,19.054987],[-98.163471,19.057586],[-98.164745,19.057316],[-98.166725,19.058267],[-98.164978,19.059637],[-98.162452,19.058517],[-98.16074,19.060316],[-98.159539,19.059496]]]}},{"type":"Feature","properties":{"name":"LA ROSA"},"geometry":{"type":"Polygon","coordinates":[[[-98.172425,19.056643],[-98.173604,19.058156],[-98.171372,19.059528],[-98.169919,19.057596],[-98.171834,19.055819],[-98.172425,19.056643]]]}},{"type":"Feature","properties":{"name":"VILLA VERDE"},"geometry":{"type":"Polygon","coordinates":[[[-98.162492,19.057097],[-98.16286,19.056435],[-98.164745,19.057316],[-98.162492,19.057097]]]}},{"type":"Feature","properties":{"name":"PLAZAS DE GUADALUPE"},"geometry":{"type":"Polygon","coordinates":[[[-98.17709,19.061613],[-98.175713,19.062433],[-98.173825,19.059995],[-98.174257,19.063108],[-98.172568,19.061043],[-98.171526,19.061239],[-98.171372,19.059528],[-98.173604,19.058156],[-98.17709,19.061613]]]}},{"type":"Feature","properties":{"name":"ARBOLEDAS DE GUADALUPE SECCIÓN FUENTES"},"geometry":{"type":"Polygon","coordinates":[[[-98.173825,19.059995],[-98.175713,19.062433],[-98.174486,19.063134],[-98.173704,19.062129],[-98.173825,19.059995]]]}},{"type":"Feature","properties":{"name":"RENACIMIENTO"},"geometry":{"type":"Polygon","coordinates":[[[-98.180988,19.062982],[-98.18389,19.063279],[-98.183456,19.064121],[-98.18197,19.064036],[-98.180988,19.062982]]]}},{"type":"Feature","properties":{"name":"ALTOS DE SAN FRANCISCO"},"geometry":{"type":"Polygon","coordinates":[[[-98.18248,19.048711],[-98.184579,19.049587],[-98.183125,19.049596],[-98.18248,19.048711]]]}},{"type":"Feature","properties":{"name":"COSMOS"},"geometry":{"type":"Polygon","coordinates":[[[-98.17275,19.040484],[-98.173006,19.039337],[-98.174382,19.039506],[-98.174173,19.040729],[-98.17275,19.040484]]]}},{"type":"Feature","properties":{"name":"EL CAMPANARIO"},"geometry":{"type":"Polygon","coordinates":[[[-98.166414,19.049612],[-98.165763,19.048742],[-98.167211,19.047801],[-98.167938,19.048776],[-98.166414,19.049612]]]}},{"type":"Feature","properties":{"name":"EL CRISTO"},"geometry":{"type":"Polygon","coordinates":[[[-98.17852,19.038991],[-98.179548,19.038972],[-98.179458,19.039291],[-98.17852,19.038991]]]}},{"type":"Feature","properties":{"name":"GARDENIAS"},"geometry":{"type":"Polygon","coordinates":[[[-98.162382,19.056202],[-98.162492,19.057097],[-98.161998,19.056855],[-98.162382,19.056202]]]}},{"type":"Feature","properties":{"name":"HUMBOLDT"},"geometry":{"type":"Polygon","coordinates":[[[-98.173428,19.046802],[-98.173979,19.046667],[-98.173055,19.047658],[-98.172511,19.047046],[-98.173428,19.046802]]]}},{"type":"Feature","properties":{"name":"LAUREL"},"geometry":{"type":"Polygon","coordinates":[[[-98.158563,19.055067],[-98.159072,19.054471],[-98.16003,19.054987],[-98.159639,19.055629],[-98.158563,19.055067]]]}},{"type":"Feature","properties":{"name":"MERCADO JORGE MURAD MACLUF"},"geometry":{"type":"Polygon","coordinates":[[[-98.166414,19.049612],[-98.166849,19.050203],[-98.165666,19.051409],[-98.164926,19.051],[-98.166414,19.049612]]]}},{"type":"Feature","properties":{"name":"MERCADO JOSE MARÍA MORELOS LA VICTORIA"},"geometry":{"type":"Polygon","coordinates":[[[-98.166849,19.050203],[-98.166512,19.049745],[-98.167938,19.048776],[-98.168716,19.049804],[-98.167389,19.050948],[-98.166849,19.050203]]]}},{"type":"Feature","properties":{"name":"MERCADO SORIANA DOCTOR"},"geometry":{"type":"Polygon","coordinates":[[[-98.163051,19.042719],[-98.164979,19.042],[-98.164533,19.043902],[-98.162744,19.043973],[-98.163051,19.042719]]]}},{"type":"Feature","properties":{"name":"OCOTLÁN"},"geometry":{"type":"Polygon","coordinates":[[[-98.177394,19.047121],[-98.177026,19.046191],[-98.177955,19.046603],[-98.177394,19.047121]]]}},{"type":"Feature","properties":{"name":"PROVINCIA"},"geometry":{"type":"Polygon","coordinates":[[[-98.159039,19.043971],[-98.159774,19.040847],[-98.160893,19.041178],[-98.160302,19.043968],[-98.159039,19.043971]]]}},{"type":"Feature","properties":{"name":"RESIDENCIAL VISTA HERMOSA"},"geometry":{"type":"Polygon","coordinates":[[[-98.171154,19.050202],[-98.170375,19.050249],[-98.170934,19.049643],[-98.171154,19.050202]]]}},{"type":"Feature","properties":{"name":"RINCÓN DE LORETO"},"geometry":{"type":"Polygon","coordinates":[[[-98.182636,19.063094],[-98.181624,19.062497],[-98.18389,19.063279],[-98.182636,19.063094]]]}},{"type":"Feature","properties":{"name":"VILLAS REMENTERÍA"},"geometry":{"type":"Polygon","coordinates":[[[-98.161814,19.059227],[-98.163063,19.059586],[-98.162888,19.06012],[-98.161814,19.059227]]]}},{"type":"Feature","properties":{"name":"XONACA"},"geometry":{"type":"Polygon","coordinates":[[[-98.184644,19.043737],[-98.18462,19.044182],[-98.184451,19.044107],[-98.184644,19.043737]]]}},{"type":"Feature","properties":{"name":"VILLA SATÉLITE LA CALERA"},"geometry":{"type":"Polygon","coordinates":[[[-98.176173,19.012132],[-98.175356,19.011229],[-98.174275,19.01174],[-98.171714,19.008467],[-98.173056,19.00848],[-98.173969,19.007553],[-98.174447,19.008106],[-98.174129,19.007421],[-98.176717,19.005845],[-98.178759,19.006682],[-98.17913,19.005801],[-98.179937,19.005928],[-98.180118,19.006917],[-98.17843,19.008728],[-98.180373,19.009054],[-98.17974,19.011314],[-98.179174,19.012178],[-98.176173,19.012132]],[[-98.175189,19.010468],[-98.175247,19.009631],[-98.174359,19.010345],[-98.175189,19.010468]]]}},{"type":"Feature","properties":{"name":"SANTA MARÍA LA CALERA"},"geometry":{"type":"Polygon","coordinates":[[[-98.180373,19.009054],[-98.18075,19.008455],[-98.18001,19.008052],[-98.180204,19.008995],[-98.17843,19.008728],[-98.180927,19.006471],[-98.182845,19.007299],[-98.180521,19.009734],[-98.180373,19.009054]]]}},{"type":"Feature","properties":{"name":"LOMA EL MIRADOR ALTO"},"geometry":{"type":"Polygon","coordinates":[[[-98.166415,19.009826],[-98.166474,19.007362],[-98.169447,19.008624],[-98.170207,19.010934],[-98.164474,19.014377],[-98.163829,19.013653],[-98.166347,19.01199],[-98.166415,19.009826]]]}},{"type":"Feature","properties":{"name":"LA CALERA"},"geometry":{"type":"Polygon","coordinates":[[[-98.171639,19.016777],[-98.16899,19.016892],[-98.167368,19.014824],[-98.166623,19.015558],[-98.166427,19.014532],[-98.164868,19.014137],[-98.170207,19.010934],[-98.169762,19.010008],[-98.171714,19.008467],[-98.17551,19.01256],[-98.174995,19.013289],[-98.173451,19.013184],[-98.173042,19.01481],[-98.175338,19.015548],[-98.174628,19.017071],[-98.172328,19.015052],[-98.171639,19.016777]]]}},{"type":"Feature","properties":{"name":"ARBOLEDAS DEL SUR"},"geometry":{"type":"Polygon","coordinates":[[[-98.181872,19.011324],[-98.180151,19.010477],[-98.180873,19.00946],[-98.183059,19.010445],[-98.181872,19.011324]]]}},{"type":"Feature","properties":{"name":"RINCONES DE LA CALERA"},"geometry":{"type":"Polygon","coordinates":[[[-98.175338,19.015548],[-98.173743,19.014629],[-98.17551,19.01256],[-98.1748,19.011461],[-98.179174,19.012178],[-98.178253,19.01452],[-98.175338,19.015548]]]}},{"type":"Feature","properties":{"name":"VILLA LAS FLORES"},"geometry":{"type":"Polygon","coordinates":[[[-98.181338,19.017427],[-98.177663,19.014788],[-98.178803,19.013184],[-98.1824,19.015562],[-98.181338,19.017427]]]}},{"type":"Feature","properties":{"name":"NINGUNO"},"geometry":{"type":"Polygon","coordinates":[[[-98.169058,19.016914],[-98.170285,19.018466],[-98.167568,19.01874],[-98.164474,19.014377],[-98.166427,19.014532],[-98.166623,19.015558],[-98.167368,19.014824],[-98.169058,19.016914]]]}},{"type":"Feature","properties":{"name":"LA JOYA"},"geometry":{"type":"Polygon","coordinates":[[[-98.177009,19.019611],[-98.178138,19.016509],[-98.176171,19.01551],[-98.177663,19.014788],[-98.179486,19.016014],[-98.178876,19.016863],[-98.180582,19.018125],[-98.179065,19.019925],[-98.177514,19.020389],[-98.177009,19.019611]],[[-98.177846,19.01955],[-98.178055,19.019948],[-98.178178,19.019784],[-98.177846,19.01955]]]}},{"type":"Feature","properties":{"name":"LA JOYA"},"geometry":{"type":"Polygon","coordinates":[[[-98.178149,19.016902],[-98.17732,19.0182],[-98.176512,19.017806],[-98.178149,19.016902]]]}},{"type":"Feature","properties":{"name":"BOSQUES DE LA CALERA"},"geometry":{"type":"Polygon","coordinates":[[[-98.170285,19.018466],[-98.169058,19.016914],[-98.171866,19.016789],[-98.174474,19.017651],[-98.172728,19.019465],[-98.170285,19.018466]]]}},{"type":"Feature","properties":{"name":"VICENTE SUÁREZ"},"geometry":{"type":"Polygon","coordinates":[[[-98.173618,19.018983],[-98.174877,19.0173],[-98.178335,19.024049],[-98.176149,19.024963],[-98.174055,19.021364],[-98.173618,19.018983]]]}},{"type":"Feature","properties":{"name":"INSURGENTES"},"geometry":{"type":"Polygon","coordinates":[[[-98.18225,19.018318],[-98.181856,19.019094],[-98.180825,19.018316],[-98.18119,19.017672],[-98.18225,19.018318]]]}},{"type":"Feature","properties":{"name":"HÉROES DE PUEBLA"},"geometry":{"type":"Polygon","coordinates":[[[-98.17693,19.020858],[-98.176975,19.019665],[-98.177514,19.020389],[-98.179065,19.019925],[-98.180582,19.018125],[-98.182958,19.020373],[-98.18244,19.021173],[-98.183814,19.021951],[-98.183608,19.022872],[-98.181598,19.025977],[-98.179649,19.026769],[-98.17693,19.020858]]]}},{"type":"Feature","properties":{"name":"IGNACIO ZARAGOZA"},"geometry":{"type":"Polygon","coordinates":[[[-98.174546,19.030601],[-98.176731,19.026321],[-98.176149,19.024963],[-98.178335,19.024049],[-98.179649,19.026769],[-98.181731,19.025822],[-98.183823,19.021905],[-98.185146,19.022661],[-98.18283,19.027544],[-98.179521,19.030246],[-98.17946,19.031474],[-98.177925,19.032124],[-98.174546,19.030601]]]}},{"type":"Feature","properties":{"name":"SANTA BÁRBARA NORTE"},"geometry":{"type":"Polygon","coordinates":[[[-98.174066,19.036114],[-98.171367,19.035932],[-98.171281,19.035388],[-98.172066,19.034454],[-98.174866,19.033814],[-98.175357,19.03269],[-98.173812,19.032398],[-98.174546,19.030601],[-98.177925,19.032124],[-98.179149,19.031633],[-98.179257,19.033526],[-98.178066,19.03596],[-98.178956,19.036397],[-98.178768,19.037563],[-98.174066,19.036114]]]}},{"type":"Feature","properties":{"name":"CHAMIZAL"},"geometry":{"type":"Polygon","coordinates":[[[-98.174286,19.030999],[-98.173812,19.032398],[-98.175357,19.03269],[-98.174749,19.033933],[-98.172786,19.034607],[-98.171343,19.033968],[-98.174286,19.030999]]]}},{"type":"Feature","properties":{"name":"SANTA BÁRBARA SUR"},"geometry":{"type":"Polygon","coordinates":[[[-98.178847,19.034446],[-98.179149,19.031633],[-98.180955,19.03212],[-98.179628,19.033594],[-98.179904,19.034937],[-98.178847,19.034446]]]}},{"type":"Feature","properties":{"name":"LOS PINITOS"},"geometry":{"type":"Polygon","coordinates":[[[-98.180582,19.018125],[-98.178876,19.016863],[-98.179486,19.016014],[-98.181338,19.017427],[-98.180582,19.018125]]]}},{"type":"Feature","properties":{"name":"LOS SOLES"},"geometry":{"type":"Polygon","coordinates":[[[-98.17913,19.005801],[-98.178759,19.006682],[-98.178245,19.006162],[-98.17913,19.005801]]]}},{"type":"Feature","properties":{"name":"PEDREGAL DE LA CALERA"},"geometry":{"type":"Polygon","coordinates":[[[-98.167252,19.00812],[-98.167452,19.004008],[-98.170851,19.003028],[-98.174682,19.006527],[-98.169734,19.010178],[-98.169447,19.008624],[-98.167252,19.00812]]]}},{"type":"Feature","properties":{"name":"QUINTAS DEL BOSQUE"},"geometry":{"type":"Polygon","coordinates":[[[-98.173565,19.01317],[-98.17449,19.013236],[-98.173643,19.015068],[-98.173042,19.01481],[-98.173565,19.01317]]]}},{"type":"Feature","properties":{"name":"EL MIRADOR II"},"geometry":{"type":"Polygon","coordinates":[[[-98.171639,19.016777],[-98.172328,19.015052],[-98.174877,19.0173],[-98.171639,19.016777]]]}},{"type":"Feature","properties":{"name":"LA JOYA"},"geometry":{"type":"Polygon","coordinates":[[[-98.177783,19.019641],[-98.178178,19.019784],[-98.178055,19.019948],[-98.177783,19.019641]]]}},{"type":"Feature","properties":{"name":"MERCADO HÉROES DE PUEBLA"},"geometry":{"type":"Polygon","coordinates":[[[-98.175937,19.018777],[-98.176512,19.017806],[-98.177721,19.018416],[-98.176656,19.02019],[-98.175937,19.018777]]]}},{"type":"Feature","properties":{"name":"RESIDENCIAL DIAMANTE LA CALERA"},"geometry":{"type":"Polygon","coordinates":[[[-98.174804,19.010706],[-98.174359,19.010345],[-98.175247,19.009631],[-98.174804,19.010706]]]}},{"type":"Feature","properties":{"name":"SECCIÓN JARDINES DE LOMA DE VILLA SATÉLITE LA CALERA"},"geometry":{"type":"Polygon","coordinates":[[[-98.174143,19.007764],[-98.172538,19.008232],[-98.174682,19.006527],[-98.174129,19.007421],[-98.17461,19.007975],[-98.174143,19.007764]]]}},{"type":"Feature","properties":{"name":"VILLAS DE LA CALERA"},"geometry":{"type":"Polygon","coordinates":[[[-98.180204,19.008995],[-98.18001,19.008052],[-98.18075,19.008455],[-98.180204,19.008995]]]}},{"type":"Feature","properties":{"name":"HÉROES DE PUEBLA"},"geometry":{"type":"Polygon","coordinates":[[[-98.174635,19.016995],[-98.175389,19.015467],[-98.178138,19.016509],[-98.175937,19.018777],[-98.174635,19.016995]]]}},{"type":"Feature","properties":{"name":"HÉROES DE PUEBLA"},"geometry":{"type":"Polygon","coordinates":[[[-98.17735,19.018152],[-98.178046,19.017849],[-98.177721,19.018416],[-98.17735,19.018152]]]}},{"type":"Feature","properties":{"name":"SAN BALTAZAR TETELA"},"geometry":{"type":"Polygon","coordinates":[[[-98.174325,18.917467],[-98.171002,18.916421],[-98.170113,18.914201],[-98.171758,18.914305],[-98.172141,18.913304],[-98.170132,18.911599],[-98.170292,18.910954],[-98.168783,18.910813],[-98.168892,18.909706],[-98.170287,18.909517],[-98.172383,18.907515],[-98.16961,18.904176],[-98.170216,18.903532],[-98.173905,18.907617],[-98.174934,18.907774],[-98.1755,18.907001],[-98.174458,18.906288],[-98.175055,18.904126],[-98.178789,18.906162],[-98.176889,18.909111],[-98.176694,18.911719],[-98.175495,18.912981],[-98.176261,18.915235],[-98.175023,18.916424],[-98.175794,18.917488],[-98.174325,18.917467]]]}},{"type":"Feature","properties":{"name":"TECNOLÓGICO"},"geometry":{"type":"Polygon","coordinates":[[[-98.172827,19.080403],[-98.175514,19.078084],[-98.17801,19.079076],[-98.174075,19.081455],[-98.172827,19.080403]]]}},{"type":"Feature","properties":{"name":"VENUSTIANO CARRANZA"},"geometry":{"type":"Polygon","coordinates":[[[-98.175477,19.087328],[-98.175258,19.086216],[-98.177752,19.087859],[-98.177395,19.088543],[-98.175477,19.087328]]]}},{"type":"Feature","properties":{"name":"MÉXICO 83"},"geometry":{"type":"Polygon","coordinates":[[[-98.175287,19.086446],[-98.17109,19.084139],[-98.167979,19.086356],[-98.166147,19.084734],[-98.167191,19.084073],[-98.16612,19.082889],[-98.16838,19.08222],[-98.168165,19.081399],[-98.176017,19.082058],[-98.176724,19.083141],[-98.175481,19.084127],[-98.175287,19.086446]]]}},{"type":"Feature","properties":{"name":"LAS SONATAS"},"geometry":{"type":"Polygon","coordinates":[[[-98.173512,19.091387],[-98.173695,19.089794],[-98.17576,19.091265],[-98.175058,19.092517],[-98.173512,19.091387]]]}},{"type":"Feature","properties":{"name":"NUEVA SAN SALVADOR"},"geometry":{"type":"Polygon","coordinates":[[[-98.165862,19.08785],[-98.165825,19.08726],[-98.169004,19.086186],[-98.170473,19.084186],[-98.175222,19.086596],[-98.173829,19.08776],[-98.174262,19.089114],[-98.173293,19.090998],[-98.172061,19.090153],[-98.170957,19.091481],[-98.165862,19.08785]]]}},{"type":"Feature","properties":{"name":"MALINTZI"},"geometry":{"type":"Polygon","coordinates":[[[-98.168309,19.076289],[-98.170933,19.074571],[-98.174421,19.077398],[-98.171256,19.078386],[-98.16876,19.080473],[-98.168358,19.079754],[-98.167402,19.081287],[-98.164475,19.080039],[-98.168309,19.076289]]]}},{"type":"Feature","properties":{"name":"TECNOLÓGICO TERCERA SECCIÓN"},"geometry":{"type":"Polygon","coordinates":[[[-98.171699,19.081365],[-98.172827,19.080403],[-98.174075,19.081455],[-98.171699,19.081365]]]}},{"type":"Feature","properties":{"name":"SAN SEBASTIÁN DE APARICIO"},"geometry":{"type":"Polygon","coordinates":[[[-98.162261,19.091068],[-98.167388,19.094537],[-98.168385,19.093768],[-98.169595,19.09463],[-98.168655,19.093552],[-98.172061,19.090153],[-98.173686,19.091214],[-98.172433,19.091677],[-98.171402,19.093828],[-98.170366,19.093856],[-98.169159,19.095576],[-98.166232,19.097064],[-98.165321,19.097016],[-98.161652,19.092719],[-98.162261,19.091068]]]}},{"type":"Feature","properties":{"name":"UNIÓN Y LIBERTAD"},"geometry":{"type":"Polygon","coordinates":[[[-98.171442,19.078507],[-98.172263,19.078169],[-98.17396,19.079368],[-98.173365,19.079873],[-98.171442,19.078507]]]}},{"type":"Feature","properties":{"name":"TECNOLÓGICO SECCIÓN 2"},"geometry":{"type":"Polygon","coordinates":[[[-98.172687,19.080499],[-98.170003,19.079217],[-98.171285,19.078743],[-98.173146,19.080076],[-98.172687,19.080499]]]}},{"type":"Feature","properties":{"name":"EL PINAL"},"geometry":{"type":"Polygon","coordinates":[[[-98.172216,19.080777],[-98.171408,19.081348],[-98.16977,19.080027],[-98.16876,19.080473],[-98.170003,19.079217],[-98.172216,19.080777]]]}},{"type":"Feature","properties":{"name":"ESMERALDA"},"geometry":{"type":"Polygon","coordinates":[[[-98.169204,19.080769],[-98.16977,19.080027],[-98.171408,19.081348],[-98.169204,19.080769]]]}},{"type":"Feature","properties":{"name":"SAN APARICIO"},"geometry":{"type":"Polygon","coordinates":[[[-98.16374,19.089145],[-98.166127,19.087761],[-98.170957,19.091481],[-98.168968,19.09329],[-98.16374,19.089145]]]}},{"type":"Feature","properties":{"name":"VILLA MARUCA"},"geometry":{"type":"Polygon","coordinates":[[[-98.168039,19.073665],[-98.168451,19.072822],[-98.169309,19.073439],[-98.169489,19.074768],[-98.168039,19.073665]]]}},{"type":"Feature","properties":{"name":"FUENTES DE APARICIO PRIMERA SECCIÓN"},"geometry":{"type":"Polygon","coordinates":[[[-98.16362,19.089226],[-98.168968,19.09329],[-98.163078,19.089634],[-98.16362,19.089226]]]}},{"type":"Feature","properties":{"name":"SAN APARICIO LAS FUENTES"},"geometry":{"type":"Polygon","coordinates":[[[-98.162261,19.091068],[-98.163228,19.087076],[-98.165801,19.08504],[-98.167574,19.086547],[-98.163078,19.089634],[-98.168719,19.0935],[-98.167388,19.094537],[-98.162261,19.091068]]]}},{"type":"Feature","properties":{"name":"VILLA DEPORTIVA"},"geometry":{"type":"Polygon","coordinates":[[[-98.168598,19.075944],[-98.166793,19.075341],[-98.16724,19.074854],[-98.168598,19.075944]]]}},{"type":"Feature","properties":{"name":"SAN APARICIO"},"geometry":{"type":"Polygon","coordinates":[[[-98.164752,19.083724],[-98.165648,19.085176],[-98.164321,19.084421],[-98.164752,19.083724]]]}},{"type":"Feature","properties":{"name":"FUENTES DE SAN APARICIO"},"geometry":{"type":"Polygon","coordinates":[[[-98.165801,19.08504],[-98.166147,19.084734],[-98.167979,19.086356],[-98.165801,19.08504]]]}},{"type":"Feature","properties":{"name":"PORTANOVA"},"geometry":{"type":"Polygon","coordinates":[[[-98.175477,19.087328],[-98.177158,19.088953],[-98.17508,19.087652],[-98.175477,19.087328]]]}},{"type":"Feature","properties":{"name":"ROMA SEGUNDA SECCIÓN"},"geometry":{"type":"Polygon","coordinates":[[[-98.173522,19.077591],[-98.174515,19.077258],[-98.175599,19.078026],[-98.17396,19.079368],[-98.172445,19.078282],[-98.173522,19.077591]]]}},{"type":"Feature","properties":{"name":"SAN SEBASTIÁN APARICIO"},"geometry":{"type":"Polygon","coordinates":[[[-98.168385,19.093768],[-98.169822,19.094357],[-98.169595,19.09463],[-98.168385,19.093768]]]}},{"type":"Feature","properties":{"name":"VENUSTIANO CARRANZA"},"geometry":{"type":"Polygon","coordinates":[[[-98.173695,19.089794],[-98.174406,19.086974],[-98.177158,19.088953],[-98.17576,19.091265],[-98.173695,19.089794]]]}},{"type":"Feature","properties":{"name":"VILLA MARUCA"},"geometry":{"type":"Polygon","coordinates":[[[-98.16724,19.074854],[-98.167548,19.074495],[-98.169016,19.075648],[-98.16724,19.074854]]]}},{"type":"Feature","properties":{"name":"VILLAS AZUCENAS"},"geometry":{"type":"Polygon","coordinates":[[[-98.177333,19.087631],[-98.176625,19.08716],[-98.176855,19.086853],[-98.177333,19.087631]]]}},{"type":"Feature","properties":{"name":"ROMA SEGUNDA SECCIÓN"},"geometry":{"type":"Polygon","coordinates":[[[-98.171236,19.078437],[-98.173365,19.079873],[-98.173146,19.080076],[-98.171236,19.078437]]]}},{"type":"Feature","properties":{"name":"ROMA SEGUNDA SECCIÓN"},"geometry":{"type":"Polygon","coordinates":[[[-98.168165,19.079941],[-98.170046,19.081375],[-98.167402,19.081287],[-98.168165,19.079941]]]}},{"type":"Feature","properties":{"name":"LAS CRUCES"},"geometry":{"type":"Polygon","coordinates":[[[-98.161275,19.102419],[-98.162244,19.102336],[-98.160373,19.103878],[-98.161275,19.102419]]]}},{"type":"Feature","properties":{"name":"ÁNGELES DE PUEBLA"},"geometry":{"type":"Polygon","coordinates":[[[-98.16085,19.108173],[-98.160541,19.109181],[-98.156919,19.10648],[-98.157512,19.106385],[-98.157283,19.105517],[-98.162237,19.103358],[-98.166176,19.105072],[-98.16085,19.108173]]]}},{"type":"Feature","properties":{"name":"LA JOSEFINA"},"geometry":{"type":"Polygon","coordinates":[[[-98.160098,19.110478],[-98.156936,19.107791],[-98.156827,19.106483],[-98.160541,19.109181],[-98.160098,19.110478]]]}},{"type":"Feature","properties":{"name":"SAN SEBASTIÁN DE APARICIO"},"geometry":{"type":"Polygon","coordinates":[[[-98.155464,19.103762],[-98.157773,19.098714],[-98.159637,19.096523],[-98.161239,19.091147],[-98.162773,19.089421],[-98.161652,19.092719],[-98.165321,19.097016],[-98.16702,19.097055],[-98.167775,19.095837],[-98.169149,19.095917],[-98.164703,19.099494],[-98.166626,19.100592],[-98.163922,19.101062],[-98.162244,19.102336],[-98.161552,19.101926],[-98.159619,19.104676],[-98.157283,19.105517],[-98.157512,19.106385],[-98.156485,19.107145],[-98.153572,19.106211],[-98.155464,19.103762]]]}},{"type":"Feature","properties":{"name":"SANTA CRUZ"},"geometry":{"type":"Polygon","coordinates":[[[-98.166225,19.105103],[-98.163539,19.103521],[-98.161321,19.103364],[-98.163922,19.101062],[-98.166626,19.100592],[-98.164703,19.099494],[-98.167635,19.096566],[-98.169149,19.095917],[-98.17127,19.098117],[-98.172381,19.097269],[-98.166225,19.105103]]]}},{"type":"Feature","properties":{"name":"NINGUNO"},"geometry":{"type":"Polygon","coordinates":[[[-98.156089,19.102819],[-98.155464,19.103762],[-98.153859,19.102392],[-98.154588,19.101519],[-98.156089,19.102819]]]}},{"type":"Feature","properties":{"name":"PARQUE INDUSTRIAL PUEBLA"},"geometry":{"type":"Polygon","coordinates":[[[-98.16612,19.082889],[-98.1608,19.080195],[-98.147064,19.076126],[-98.149647,19.069693],[-98.150235,19.069476],[-98.151096,19.071549],[-98.153822,19.067174],[-98.154622,19.067718],[-98.155654,19.065869],[-98.153951,19.065602],[-98.154278,19.064699],[-98.157306,19.064959],[-98.158552,19.061912],[-98.159831,19.06207],[-98.160713,19.070347],[-98.168309,19.076289],[-98.164475,19.080039],[-98.168464,19.081669],[-98.167313,19.082854],[-98.16612,19.082889]]]}},{"type":"Feature","properties":{"name":"REMENTERIA"},"geometry":{"type":"Polygon","coordinates":[[[-98.159831,19.06207],[-98.159539,19.059496],[-98.16074,19.060316],[-98.161814,19.059227],[-98.162888,19.06012],[-98.161989,19.059054],[-98.162452,19.058517],[-98.164978,19.059637],[-98.166812,19.05823],[-98.168267,19.059104],[-98.166364,19.061434],[-98.166538,19.062819],[-98.159831,19.06207]]]}},{"type":"Feature","properties":{"name":"INDUSTRIAL RESURRECCIÓN"},"geometry":{"type":"Polygon","coordinates":[[[-98.145623,19.079874],[-98.147064,19.076126],[-98.161646,19.080516],[-98.167191,19.084073],[-98.165941,19.084917],[-98.164266,19.083271],[-98.163047,19.083943],[-98.161328,19.082398],[-98.156013,19.086795],[-98.154692,19.085673],[-98.153206,19.086653],[-98.151459,19.084092],[-98.146247,19.081041],[-98.145623,19.079874]]]}},{"type":"Feature","properties":{"name":"SANTA ROSA"},"geometry":{"type":"Polygon","coordinates":[[[-98.158959,19.086312],[-98.157856,19.085247],[-98.161328,19.082398],[-98.163047,19.083943],[-98.164266,19.083271],[-98.164321,19.084421],[-98.165648,19.085176],[-98.163228,19.087076],[-98.160417,19.085101],[-98.158959,19.086312]]]}},{"type":"Feature","properties":{"name":"TRES DE MAYO"},"geometry":{"type":"Polygon","coordinates":[[[-98.155192,19.090954],[-98.154016,19.088233],[-98.160329,19.085113],[-98.163208,19.086645],[-98.162773,19.089421],[-98.160094,19.090399],[-98.159381,19.089251],[-98.156665,19.091567],[-98.155192,19.090954]]]}},{"type":"Feature","properties":{"name":"CAMINO A MANZANILLA"},"geometry":{"type":"Polygon","coordinates":[[[-98.147939,19.06011],[-98.147519,19.059636],[-98.148858,19.057266],[-98.150679,19.055868],[-98.15472,19.058043],[-98.154936,19.056803],[-98.156521,19.057588],[-98.15745,19.054341],[-98.159147,19.056976],[-98.159831,19.06207],[-98.158552,19.061912],[-98.157306,19.064959],[-98.153198,19.064655],[-98.152526,19.065988],[-98.150693,19.066035],[-98.1494,19.067074],[-98.154323,19.061251],[-98.147939,19.06011]]]}},{"type":"Feature","properties":{"name":"INDIOS VERDES"},"geometry":{"type":"Polygon","coordinates":[[[-98.157242,19.085803],[-98.157856,19.085247],[-98.158959,19.086312],[-98.158123,19.0867],[-98.157242,19.085803]]]}},{"type":"Feature","properties":{"name":"NINGUNO"},"geometry":{"type":"Polygon","coordinates":[[[-98.152535,19.089152],[-98.147287,19.085484],[-98.147345,19.083758],[-98.144581,19.082629],[-98.142456,19.08397],[-98.141757,19.087175],[-98.139639,19.085104],[-98.138111,19.087235],[-98.13647,19.086003],[-98.137055,19.085238],[-98.136561,19.084695],[-98.136879,19.084199],[-98.138437,19.085093],[-98.14075,19.080664],[-98.142,19.081388],[-98.142562,19.080864],[-98.143791,19.082146],[-98.145034,19.079641],[-98.151459,19.084092],[-98.153206,19.086653],[-98.154692,19.085673],[-98.156013,19.086795],[-98.157242,19.085803],[-98.158123,19.0867],[-98.154016,19.088233],[-98.155147,19.091019],[-98.152535,19.089152]]]}},{"type":"Feature","properties":{"name":"VIVEROS DEL VALLE"},"geometry":{"type":"Polygon","coordinates":[[[-98.150235,19.069476],[-98.147766,19.074064],[-98.146695,19.073549],[-98.145705,19.074545],[-98.144777,19.073768],[-98.146056,19.072574],[-98.146927,19.073374],[-98.153198,19.064655],[-98.154278,19.064699],[-98.153951,19.065602],[-98.155654,19.065869],[-98.154622,19.067718],[-98.153822,19.067174],[-98.151096,19.071549],[-98.150235,19.069476]]]}},{"type":"Feature","properties":{"name":"BOSQUES DE MANZANILLA"},"geometry":{"type":"Polygon","coordinates":[[[-98.142631,19.070032],[-98.143496,19.067354],[-98.147939,19.06011],[-98.154323,19.061251],[-98.153021,19.063366],[-98.141715,19.074308],[-98.140722,19.073939],[-98.140828,19.07311],[-98.142631,19.070032]]]}},{"type":"Feature","properties":{"name":"JARDINES DE LA RESURRECCIÓN PRIMERA SECCIÓN"},"geometry":{"type":"Polygon","coordinates":[[[-98.145027,19.075425],[-98.146695,19.073549],[-98.147766,19.074064],[-98.147101,19.07603],[-98.145027,19.075425]]]}},{"type":"Feature","properties":{"name":"NUEVA RESURRECCIÓN"},"geometry":{"type":"Polygon","coordinates":[[[-98.142631,19.070032],[-98.142094,19.071624],[-98.142301,19.06599],[-98.144592,19.063849],[-98.146091,19.06043],[-98.147939,19.06011],[-98.143496,19.067354],[-98.142631,19.070032]]]}},{"type":"Feature","properties":{"name":"JARDINES DE LA RESURRECCIÓN SEGUNDA SECCIÓN"},"geometry":{"type":"Polygon","coordinates":[[[-98.145027,19.075425],[-98.147101,19.07603],[-98.146544,19.078045],[-98.143902,19.07669],[-98.145027,19.075425]]]}},{"type":"Feature","properties":{"name":"SAN ANTONIO ABAD"},"geometry":{"type":"Polygon","coordinates":[[[-98.141204,19.063122],[-98.138828,19.061352],[-98.142208,19.05733],[-98.14748,19.060004],[-98.146091,19.06043],[-98.144592,19.063849],[-98.143429,19.064447],[-98.14203,19.06691],[-98.142733,19.064342],[-98.141204,19.063122]]]}},{"type":"Feature","properties":{"name":"BOSQUES SANTA ANITA"},"geometry":{"type":"Polygon","coordinates":[[[-98.140719,19.08072],[-98.13714,19.0791],[-98.137865,19.077928],[-98.141715,19.074308],[-98.145028,19.075425],[-98.143902,19.07669],[-98.146559,19.078213],[-98.145623,19.079874],[-98.144404,19.079161],[-98.143732,19.079778],[-98.144656,19.08064],[-98.143791,19.082146],[-98.142562,19.080864],[-98.142,19.081388],[-98.140719,19.08072]]]}},{"type":"Feature","properties":{"name":"LA ESPERANZA"},"geometry":{"type":"Polygon","coordinates":[[[-98.144948,19.079775],[-98.144656,19.08064],[-98.143732,19.079778],[-98.144404,19.079161],[-98.144948,19.079775]]]}},{"type":"Feature","properties":{"name":"MIGUEL HIDALGO LA RESURRECCIÓN"},"geometry":{"type":"Polygon","coordinates":[[[-98.135933,19.072287],[-98.129789,19.070132],[-98.131966,19.068037],[-98.135063,19.067218],[-98.138828,19.061352],[-98.142733,19.064342],[-98.141798,19.066797],[-98.14259,19.06732],[-98.142087,19.070386],[-98.140722,19.073939],[-98.135933,19.072287]]]}},{"type":"Feature","properties":{"name":"BOSQUES DE LOS ÁNGELES"},"geometry":{"type":"Polygon","coordinates":[[[-98.13569,19.087028],[-98.13647,19.086003],[-98.138111,19.087235],[-98.139639,19.085104],[-98.141757,19.087175],[-98.141578,19.088211],[-98.139996,19.088476],[-98.137854,19.08758],[-98.137291,19.08833],[-98.13569,19.087028]]]}},{"type":"Feature","properties":{"name":"VILLAS MANZANILLA"},"geometry":{"type":"Polygon","coordinates":[[[-98.131359,19.077311],[-98.131251,19.078379],[-98.12961,19.077446],[-98.130173,19.076586],[-98.131359,19.077311]]]}},{"type":"Feature","properties":{"name":"VIVEROS DE MECOCONETLA"},"geometry":{"type":"Polygon","coordinates":[[[-98.144777,19.073768],[-98.145705,19.074545],[-98.145028,19.075425],[-98.141715,19.074308],[-98.150248,19.066258],[-98.152034,19.065966],[-98.146927,19.073374],[-98.146056,19.072574],[-98.144777,19.073768]]]}},{"type":"Feature","properties":{"name":"NINGUNO"},"geometry":{"type":"Polygon","coordinates":[[[-98.158852,19.091622],[-98.158497,19.092531],[-98.156665,19.091567],[-98.159381,19.089251],[-98.160094,19.090399],[-98.162773,19.089421],[-98.161652,19.090365],[-98.160936,19.092852],[-98.158852,19.091622]]]}},{"type":"Feature","properties":{"name":"CIUDAD SATÉLITE MAGISTERIAL"},"geometry":{"type":"Polygon","coordinates":[[[-98.152647,19.048299],[-98.152546,19.042374],[-98.160036,19.044011],[-98.157534,19.047263],[-98.153446,19.049061],[-98.152647,19.048299]]]}},{"type":"Feature","properties":{"name":"AGRÍCOLA RESURGIMIENTO"},"geometry":{"type":"Polygon","coordinates":[[[-98.159774,19.040847],[-98.159039,19.043971],[-98.156702,19.043015],[-98.157354,19.040677],[-98.159774,19.040847]]]}},{"type":"Feature","properties":{"name":"JOAQUÍN COLOMBRES"},"geometry":{"type":"Polygon","coordinates":[[[-98.150679,19.055868],[-98.152057,19.050852],[-98.153766,19.04975],[-98.153446,19.049061],[-98.157534,19.047263],[-98.158474,19.049926],[-98.157658,19.053692],[-98.159072,19.054471],[-98.158236,19.055497],[-98.15745,19.054341],[-98.156628,19.057459],[-98.154936,19.056803],[-98.15472,19.058043],[-98.150679,19.055868]]]}},{"type":"Feature","properties":{"name":"LOMAS DE CHAPULTEPEC"},"geometry":{"type":"Polygon","coordinates":[[[-98.151739,19.031716],[-98.158083,19.036152],[-98.157174,19.040488],[-98.151739,19.031716]]]}},{"type":"Feature","properties":{"name":"ÁLAMOS VISTA HERMOSA"},"geometry":{"type":"Polygon","coordinates":[[[-98.148085,19.040925],[-98.148902,19.037252],[-98.152947,19.03978],[-98.157397,19.040841],[-98.156925,19.041918],[-98.148085,19.040925]]]}},{"type":"Feature","properties":{"name":"GONZALO BAUTISTA O'FARRIL"},"geometry":{"type":"Polygon","coordinates":[[[-98.156126,19.040381],[-98.152089,19.035304],[-98.150344,19.034569],[-98.149835,19.037499],[-98.148253,19.03747],[-98.147146,19.036502],[-98.147431,19.031715],[-98.151758,19.031623],[-98.157354,19.040677],[-98.156126,19.040381]]]}},{"type":"Feature","properties":{"name":"LOS ÁLAMOS"},"geometry":{"type":"Polygon","coordinates":[[[-98.152546,19.042374],[-98.147947,19.041783],[-98.148085,19.040925],[-98.156925,19.041918],[-98.156702,19.043015],[-98.152546,19.042374]]]}},{"type":"Feature","properties":{"name":"AMPLIACIÓN VISTA HERMOSA ÁLAMOS"},"geometry":{"type":"Polygon","coordinates":[[[-98.156126,19.040381],[-98.152947,19.03978],[-98.149835,19.037499],[-98.150344,19.034569],[-98.152649,19.035558],[-98.156126,19.040381]]]}},{"type":"Feature","properties":{"name":"MANUEL RIVERA ANAYA"},"geometry":{"type":"Polygon","coordinates":[[[-98.141413,19.05546],[-98.153446,19.049061],[-98.153853,19.049619],[-98.152057,19.050852],[-98.150959,19.055458],[-98.149031,19.057015],[-98.14748,19.060004],[-98.14127,19.056869],[-98.135217,19.055761],[-98.141413,19.05546]]]}},{"type":"Feature","properties":{"name":"INFONAVIT AMALUCAN"},"geometry":{"type":"Polygon","coordinates":[[[-98.149366,19.047893],[-98.152647,19.048299],[-98.153446,19.049061],[-98.143227,19.054364],[-98.144692,19.050188],[-98.145432,19.051082],[-98.147012,19.051136],[-98.147045,19.047613],[-98.149366,19.047893]]]}},{"type":"Feature","properties":{"name":"CIUDAD SATÉLITE DE PUEBLA"},"geometry":{"type":"Polygon","coordinates":[[[-98.149366,19.047893],[-98.147045,19.047613],[-98.147094,19.041819],[-98.152546,19.042374],[-98.152647,19.048299],[-98.149366,19.047893]]]}},{"type":"Feature","properties":{"name":"EL PEDREGAL"},"geometry":{"type":"Polygon","coordinates":[[[-98.148568,19.027211],[-98.149208,19.025899],[-98.151758,19.031623],[-98.148568,19.027211]]]}},{"type":"Feature","properties":{"name":"TOLTEPEC LOS ÁLAMOS"},"geometry":{"type":"Polygon","coordinates":[[[-98.147431,19.031715],[-98.147364,19.025389],[-98.151758,19.031623],[-98.147431,19.031715]]]}},{"type":"Feature","properties":{"name":"EL SALVADOR"},"geometry":{"type":"Polygon","coordinates":[[[-98.136212,19.036446],[-98.133792,19.03555],[-98.133704,19.034246],[-98.140186,19.03396],[-98.145346,19.035121],[-98.148692,19.037313],[-98.148085,19.040925],[-98.13584,19.041134],[-98.135276,19.039612],[-98.136016,19.038592],[-98.139288,19.038238],[-98.139139,19.036712],[-98.136212,19.036446]]]}},{"type":"Feature","properties":{"name":"CHAPULTEPEC"},"geometry":{"type":"Polygon","coordinates":[[[-98.147094,19.041819],[-98.14028,19.041818],[-98.13596,19.042722],[-98.135775,19.041143],[-98.148085,19.040925],[-98.147947,19.041783],[-98.147094,19.041819]]]}},{"type":"Feature","properties":{"name":"VILLA DE REYES"},"geometry":{"type":"Polygon","coordinates":[[[-98.146555,19.03617],[-98.144334,19.031932],[-98.147527,19.032603],[-98.147669,19.035514],[-98.147146,19.036502],[-98.146555,19.03617]]]}},{"type":"Feature","properties":{"name":"CERRO DE AMALUCAN"},"geometry":{"type":"Polygon","coordinates":[[[-98.144692,19.050188],[-98.143311,19.04912],[-98.143157,19.046955],[-98.147035,19.047413],[-98.147012,19.051136],[-98.145432,19.051082],[-98.144692,19.050188]]]}},{"type":"Feature","properties":{"name":"SAN ÁNGEL"},"geometry":{"type":"Polygon","coordinates":[[[-98.144334,19.031932],[-98.142808,19.030612],[-98.141756,19.028175],[-98.143244,19.027948],[-98.143303,19.02538],[-98.147123,19.027971],[-98.147527,19.032603],[-98.144334,19.031932]]]}},{"type":"Feature","properties":{"name":"PLAZAS AMALUCAN"},"geometry":{"type":"Polygon","coordinates":[[[-98.143157,19.046955],[-98.142093,19.045583],[-98.142114,19.041764],[-98.147094,19.041819],[-98.147035,19.047413],[-98.143157,19.046955]]]}},{"type":"Feature","properties":{"name":"NINGUNO"},"geometry":{"type":"Polygon","coordinates":[[[-98.147842,19.018114],[-98.147035,19.023664],[-98.1461,19.023875],[-98.143517,19.020115],[-98.147842,19.018114]]]}},{"type":"Feature","properties":{"name":"UNIDAD Y PROGRESO"},"geometry":{"type":"Polygon","coordinates":[[[-98.145281,19.026619],[-98.143782,19.025539],[-98.147307,19.025391],[-98.147123,19.027971],[-98.145281,19.026619]]]}},{"type":"Feature","properties":{"name":"EL ENCINAR 1RA SECCIÓN"},"geometry":{"type":"Polygon","coordinates":[[[-98.143782,19.025539],[-98.136893,19.02305],[-98.135359,19.024225],[-98.133745,19.023905],[-98.132376,19.024637],[-98.131625,19.024064],[-98.132866,19.022076],[-98.140118,19.020938],[-98.140901,19.024055],[-98.145986,19.023484],[-98.147055,19.025093],[-98.143782,19.025539]]]}},{"type":"Feature","properties":{"name":"PUENTE BRAVO"},"geometry":{"type":"Polygon","coordinates":[[[-98.145271,19.035138],[-98.144006,19.033306],[-98.145359,19.033904],[-98.146555,19.03617],[-98.145271,19.035138]]]}},{"type":"Feature","properties":{"name":"HISTORIADORES"},"geometry":{"type":"Polygon","coordinates":[[[-98.139358,19.033916],[-98.138744,19.03253],[-98.1365,19.032049],[-98.13578,19.030824],[-98.13311,19.02961],[-98.141756,19.028175],[-98.145271,19.035138],[-98.139358,19.033916]]]}},{"type":"Feature","properties":{"name":"AMALUCAN CERRO"},"geometry":{"type":"Polygon","coordinates":[[[-98.132249,19.04529],[-98.132914,19.043242],[-98.138314,19.042204],[-98.137887,19.043803],[-98.141157,19.045751],[-98.142189,19.045584],[-98.143591,19.047738],[-98.143311,19.04912],[-98.144692,19.050188],[-98.143176,19.05427],[-98.143791,19.054421],[-98.140812,19.055646],[-98.136384,19.055689],[-98.136636,19.053401],[-98.134963,19.052783],[-98.134348,19.049362],[-98.135441,19.049832],[-98.137856,19.048983],[-98.138053,19.047593],[-98.136778,19.045753],[-98.13388,19.045436],[-98.129926,19.050211],[-98.127312,19.049034],[-98.131278,19.046882],[-98.132249,19.04529]]]}},{"type":"Feature","properties":{"name":"HERMOSA PROVINCIA"},"geometry":{"type":"Polygon","coordinates":[[[-98.143724,19.032743],[-98.142808,19.030612],[-98.144369,19.031424],[-98.14447,19.033201],[-98.143724,19.032743]]]}},{"type":"Feature","properties":{"name":"FRANCISCO JAVIER CLAVIJERO"},"geometry":{"type":"Polygon","coordinates":[[[-98.135213,19.025097],[-98.135312,19.023848],[-98.137685,19.023197],[-98.143303,19.02538],[-98.143244,19.027948],[-98.136792,19.028963],[-98.135464,19.027136],[-98.135213,19.025097]]]}},{"type":"Feature","properties":{"name":"SEDENA"},"geometry":{"type":"Polygon","coordinates":[[[-98.141815,19.04179],[-98.142093,19.045583],[-98.141157,19.045751],[-98.137887,19.043803],[-98.138314,19.042204],[-98.141815,19.04179]]]}},{"type":"Feature","properties":{"name":"NINGUNO"},"geometry":{"type":"Polygon","coordinates":[[[-98.130363,19.042791],[-98.133551,19.041609],[-98.133703,19.040213],[-98.131929,19.039354],[-98.132766,19.038292],[-98.131536,19.037212],[-98.132401,19.034885],[-98.133533,19.034366],[-98.13258,19.033612],[-98.133449,19.033613],[-98.133792,19.03555],[-98.136951,19.036334],[-98.136827,19.036848],[-98.139139,19.036712],[-98.139288,19.038238],[-98.136149,19.038497],[-98.135293,19.039569],[-98.13596,19.042722],[-98.130571,19.043521],[-98.130363,19.042791]]]}},{"type":"Feature","properties":{"name":"AMPLIACIÓN HISTORIADORES"},"geometry":{"type":"Polygon","coordinates":[[[-98.133449,19.033613],[-98.133131,19.029761],[-98.13578,19.030824],[-98.1365,19.032049],[-98.138744,19.03253],[-98.139358,19.033916],[-98.133704,19.034246],[-98.133449,19.033613]]]}},{"type":"Feature","properties":{"name":"BOSQUES DE AMALUCAN"},"geometry":{"type":"Polygon","coordinates":[[[-98.136576,19.05394],[-98.136384,19.055689],[-98.135124,19.05582],[-98.122852,19.054151],[-98.124723,19.052117],[-98.127675,19.053341],[-98.13388,19.045436],[-98.136778,19.045753],[-98.138053,19.047593],[-98.137369,19.049344],[-98.134348,19.049362],[-98.134963,19.052783],[-98.136576,19.05394]]]}},{"type":"Feature","properties":{"name":"BOSQUES DE SAN SEBASTIÁN I"},"geometry":{"type":"Polygon","coordinates":[[[-98.134881,19.056026],[-98.136304,19.056285],[-98.134857,19.05875],[-98.13293,19.057392],[-98.134881,19.056026]]]}},{"type":"Feature","properties":{"name":"EL ENCINAR SEGUNDA SECCIÓN"},"geometry":{"type":"Polygon","coordinates":[[[-98.131625,19.024064],[-98.132376,19.024637],[-98.133745,19.023905],[-98.135359,19.024225],[-98.135464,19.027136],[-98.136792,19.028963],[-98.130674,19.029839],[-98.132272,19.028625],[-98.130338,19.026064],[-98.131625,19.024064]]]}},{"type":"Feature","properties":{"name":"HACIENDA LOS CAPULINES"},"geometry":{"type":"Polygon","coordinates":[[[-98.130921,19.057696],[-98.129541,19.055919],[-98.130592,19.055071],[-98.133736,19.055486],[-98.130921,19.057696]]]}},{"type":"Feature","properties":{"name":"LA LAGUNILLA"},"geometry":{"type":"Polygon","coordinates":[[[-98.147307,19.025391],[-98.1461,19.023875],[-98.147035,19.023664],[-98.147842,19.018114],[-98.149492,19.016982],[-98.150478,19.024948],[-98.148568,19.027211],[-98.147307,19.025391]]]}},{"type":"Feature","properties":{"name":"RANCHO SAN DIEGO LOS ÁLAMOS"},"geometry":{"type":"Polygon","coordinates":[[[-98.132866,19.022076],[-98.135299,19.016585],[-98.137509,19.01503],[-98.139321,19.018277],[-98.1392,19.019766],[-98.143517,19.020115],[-98.145986,19.023484],[-98.140901,19.024055],[-98.140118,19.020938],[-98.132866,19.022076]]]}},{"type":"Feature","properties":{"name":"BOSQUES DE CHAPULTEPEC 3"},"geometry":{"type":"Polygon","coordinates":[[[-98.14775,19.011838],[-98.148505,19.011206],[-98.148038,19.01309],[-98.14747,19.01288],[-98.14775,19.011838]]]}},{"type":"Feature","properties":{"name":"BOSQUES DE CHAPULTEPEC 4"},"geometry":{"type":"GeometryCollection","geometries":[{"type":"Polygon","coordinates":[[[-98.142901,19.008296],[-98.143362,19.005872],[-98.145089,19.006471],[-98.145154,19.008251],[-98.142901,19.008296]]]},{"type":"Polygon","coordinates":[[[-98.140242,19.009107],[-98.137737,19.008501],[-98.138025,19.005571],[-98.140736,19.005511],[-98.139768,19.006558],[-98.140373,19.007695],[-98.141165,19.005561],[-98.142112,19.005688],[-98.141961,19.007684],[-98.140242,19.009107]]]}]}},{"type":"Feature","properties":{"name":"AMPLIACIÓN EL SALVADOR"},"geometry":{"type":"Polygon","coordinates":[[[-98.133703,19.040213],[-98.133551,19.041609],[-98.132014,19.041548],[-98.133703,19.040213]]]}},{"type":"Feature","properties":{"name":"AMALUQILLA"},"geometry":{"type":"Polygon","coordinates":[[[-98.129339,19.036834],[-98.130781,19.035769],[-98.132766,19.038292],[-98.131929,19.039354],[-98.133703,19.040213],[-98.130287,19.041587],[-98.129339,19.036834]]]}},{"type":"Feature","properties":{"name":"LOMAS FLOR DEL BOSQUE SEGUNDA SECCIÓN"},"geometry":{"type":"Polygon","coordinates":[[[-98.128272,19.031343],[-98.130672,19.030048],[-98.130668,19.032787],[-98.133533,19.034366],[-98.129339,19.036834],[-98.128272,19.031343]]]}},{"type":"Feature","properties":{"name":"SAN JUAN FLOR DEL BOSQUE"},"geometry":{"type":"Polygon","coordinates":[[[-98.130617,19.032211],[-98.130674,19.029839],[-98.13311,19.02961],[-98.133449,19.033613],[-98.131027,19.033019],[-98.130617,19.032211]]]}},{"type":"Feature","properties":{"name":"AZTECA AMALUCAN"},"geometry":{"type":"GeometryCollection","geometries":[{"type":"Polygon","coordinates":[[[-98.130571,19.043521],[-98.130571,19.043521],[-98.130745,19.0435],[-98.130571,19.043521]]]},{"type":"Polygon","coordinates":[[[-98.132914,19.043242],[-98.132914,19.043242],[-98.132901,19.043264],[-98.132914,19.043242]]]},{"type":"Polygon","coordinates":[[[-98.131652,19.046169],[-98.13196,19.045715],[-98.13162,19.046228],[-98.131652,19.046169]]]}]}},{"type":"Feature","properties":{"name":"LA PALMA"},"geometry":{"type":"Polygon","coordinates":[[[-98.130938,19.036541],[-98.130781,19.035769],[-98.132401,19.034885],[-98.131536,19.037212],[-98.130938,19.036541]]]}},{"type":"Feature","properties":{"name":"NINGUNO"},"geometry":{"type":"GeometryCollection","geometries":[{"type":"Polygon","coordinates":[[[-98.125908,19.045826],[-98.130158,19.047605],[-98.131312,19.046817],[-98.130158,19.047605],[-98.125908,19.045826]]]},{"type":"Polygon","coordinates":[[[-98.123764,19.045349],[-98.125711,19.046209],[-98.125474,19.046105],[-98.123764,19.045349]]]},{"type":"Polygon","coordinates":[[[-98.123764,19.04535],[-98.123764,19.04535],[-98.123764,19.04535],[-98.123764,19.04535]]]}]}},{"type":"Feature","properties":{"name":"BOSQUES DEL PILAR"},"geometry":{"type":"Polygon","coordinates":[[[-98.129541,19.055919],[-98.126248,19.05846],[-98.124129,19.058081],[-98.122751,19.058757],[-98.122014,19.058232],[-98.121887,19.056413],[-98.120435,19.057415],[-98.119341,19.056596],[-98.122852,19.054151],[-98.130592,19.055071],[-98.129541,19.055919]]]}},{"type":"Feature","properties":{"name":"LOMAS FLOR DEL BOSQUE"},"geometry":{"type":"Polygon","coordinates":[[[-98.121739,19.033108],[-98.122919,19.031709],[-98.128272,19.031343],[-98.129339,19.036834],[-98.127493,19.037606],[-98.124782,19.03641],[-98.122456,19.03522],[-98.121739,19.033108]]]}},{"type":"Feature","properties":{"name":"LUMBRERAS DE AMALUCAN (JARDINES)"},"geometry":{"type":"Polygon","coordinates":[[[-98.128143,19.052636],[-98.127056,19.053444],[-98.124723,19.052117],[-98.125438,19.051338],[-98.128143,19.052636]]]}},{"type":"Feature","properties":{"name":"ARBOLEDAS DE AMALUCAN SEGUNDA SECCIÓN"},"geometry":{"type":"Polygon","coordinates":[[[-98.123857,19.047359],[-98.124391,19.047576],[-98.123887,19.048467],[-98.124941,19.048912],[-98.125304,19.048164],[-98.127193,19.049249],[-98.126559,19.049813],[-98.123205,19.048423],[-98.123857,19.047359]]]}},{"type":"Feature","properties":{"name":"AZTECA SEGUNDA SECCIÓN"},"geometry":{"type":"Polygon","coordinates":[[[-98.123764,19.045349],[-98.125463,19.0461],[-98.12483,19.047754],[-98.12381,19.047341],[-98.124519,19.046051],[-98.123764,19.045349]]]}},{"type":"Feature","properties":{"name":"EL NARANJO"},"geometry":{"type":"GeometryCollection","geometries":[{"type":"Polygon","coordinates":[[[-98.123764,19.04535],[-98.123764,19.04535],[-98.12376,19.045352],[-98.123764,19.04535]]]},{"type":"Polygon","coordinates":[[[-98.123504,19.04556],[-98.123466,19.045591],[-98.123445,19.045608],[-98.123504,19.04556]]]},{"type":"Polygon","coordinates":[[[-98.123179,19.045823],[-98.123179,19.045823],[-98.123109,19.045831],[-98.123179,19.045823]]]},{"type":"Polygon","coordinates":[[[-98.123075,19.045835],[-98.121032,19.046057],[-98.121032,19.046057],[-98.123075,19.045835]]]},{"type":"Polygon","coordinates":[[[-98.121036,19.046045],[-98.121063,19.045952],[-98.121063,19.045952],[-98.121036,19.046045]]]},{"type":"Polygon","coordinates":[[[-98.119913,19.045309],[-98.119709,19.046023],[-98.121078,19.0459],[-98.119709,19.046023],[-98.119913,19.045309],[-98.119358,19.04539],[-98.119913,19.045309]]]},{"type":"Polygon","coordinates":[[[-98.118818,19.045674],[-98.119236,19.045446],[-98.118671,19.045809],[-98.118818,19.045674]]]},{"type":"Polygon","coordinates":[[[-98.115634,19.054116],[-98.115634,19.054116],[-98.115119,19.054085],[-98.115634,19.054116]]]},{"type":"Polygon","coordinates":[[[-98.114253,19.054032],[-98.115114,19.054085],[-98.114254,19.054032],[-98.114253,19.054032]]]}]}},{"type":"Feature","properties":{"name":"BOSQUES DE AMALUCAN 1RA. SECCIÓN"},"geometry":{"type":"Polygon","coordinates":[[[-98.115634,19.054116],[-98.122852,19.054151],[-98.115728,19.059411],[-98.114632,19.058599],[-98.115634,19.054116]]]}},{"type":"Feature","properties":{"name":"NUEVO MÉXICO"},"geometry":{"type":"Polygon","coordinates":[[[-98.118174,19.036844],[-98.118012,19.037013],[-98.118012,19.037013],[-98.118174,19.036844]]]}},{"type":"Feature","properties":{"name":"BOSQUES DE AMALUCAN SEGUNDA SECCIÓN"},"geometry":{"type":"Polygon","coordinates":[[[-98.115119,19.054085],[-98.115634,19.054116],[-98.114632,19.058599],[-98.11238,19.057194],[-98.114253,19.054032],[-98.115119,19.054085]]]}},{"type":"Feature","properties":{"name":"CASA BLANCA"},"geometry":{"type":"Polygon","coordinates":[[[-98.130353,19.042756],[-98.125789,19.040623],[-98.127384,19.037586],[-98.129339,19.036834],[-98.130287,19.041587],[-98.132169,19.04083],[-98.132014,19.041548],[-98.133551,19.041609],[-98.130353,19.042756]]]}},{"type":"Feature","properties":{"name":"CASA BLANCA (SECTOR PARAÍSO)"},"geometry":{"type":"Polygon","coordinates":[[[-98.121553,19.033302],[-98.122456,19.03522],[-98.127384,19.037586],[-98.125789,19.040623],[-98.117805,19.03723],[-98.121553,19.033302]]]}},{"type":"Feature","properties":{"name":"DEL ALBA"},"geometry":{"type":"Polygon","coordinates":[[[-98.130609,19.031624],[-98.130614,19.032006],[-98.130258,19.032],[-98.130609,19.031624]]]}},{"type":"Feature","properties":{"name":"JARDINES DE AMALUCAN"},"geometry":{"type":"Polygon","coordinates":[[[-98.128143,19.052636],[-98.125438,19.051338],[-98.127312,19.049034],[-98.129926,19.050211],[-98.128143,19.052636]]]}},{"type":"Feature","properties":{"name":"LA AZTECA"},"geometry":{"type":"Polygon","coordinates":[[[-98.125711,19.046209],[-98.129886,19.047492],[-98.127193,19.049249],[-98.125304,19.048164],[-98.124941,19.048912],[-98.123887,19.048467],[-98.125711,19.046209]]]}},{"type":"Feature","properties":{"name":"SANTA MARGARITA"},"geometry":{"type":"Polygon","coordinates":[[[-98.123179,19.045823],[-98.124519,19.046051],[-98.123205,19.048423],[-98.126559,19.049813],[-98.125709,19.051096],[-98.122852,19.054151],[-98.115639,19.05408],[-98.115869,19.052337],[-98.123179,19.045823]]]}},{"type":"Feature","properties":{"name":"SENDERO DEL BOSQUE"},"geometry":{"type":"Polygon","coordinates":[[[-98.11837,19.057318],[-98.119341,19.056596],[-98.120858,19.057874],[-98.119853,19.058726],[-98.11837,19.057318]]]}},{"type":"Feature","properties":{"name":"VEREDA RESIDENCIAL"},"geometry":{"type":"Polygon","coordinates":[[[-98.121589,19.058692],[-98.120475,19.057381],[-98.121887,19.056413],[-98.122014,19.058232],[-98.122751,19.058757],[-98.122063,19.059256],[-98.121589,19.058692]]]}},{"type":"Feature","properties":{"name":"VILLAS REAL CAMPESTRE"},"geometry":{"type":"Polygon","coordinates":[[[-98.12513,19.058434],[-98.126272,19.058735],[-98.125578,19.059241],[-98.12513,19.058434]]]}},{"type":"Feature","properties":{"name":"NINGUNO"},"geometry":{"type":"Polygon","coordinates":[[[-98.120858,19.057874],[-98.121589,19.058692],[-98.120707,19.05948],[-98.119853,19.058726],[-98.120858,19.057874]]]}},{"type":"Feature","properties":{"name":"SECCIÓN PRIMERA"},"geometry":{"type":"Polygon","coordinates":[[[-98.104565,19.141039],[-98.108612,19.139464],[-98.110496,19.139491],[-98.109636,19.14235],[-98.106447,19.145314],[-98.103491,19.144016],[-98.104565,19.141039]]]}},{"type":"Feature","properties":{"name":"SECCIÓN SEGUNDA"},"geometry":{"type":"Polygon","coordinates":[[[-98.103491,19.144016],[-98.106447,19.145314],[-98.106193,19.146035],[-98.105425,19.14593],[-98.103952,19.147635],[-98.100413,19.146458],[-98.102818,19.143826],[-98.103491,19.144016]]]}},{"type":"Feature","properties":{"name":"SECCIÓN TERCERA"},"geometry":{"type":"Polygon","coordinates":[[[-98.097687,19.150151],[-98.100413,19.146458],[-98.103612,19.147493],[-98.102568,19.147964],[-98.101997,19.149905],[-98.100857,19.149133],[-98.097116,19.152824],[-98.096333,19.152251],[-98.095507,19.152706],[-98.097687,19.150151]]]}},{"type":"Feature","properties":{"name":"SECCIÓN CUARTA"},"geometry":{"type":"Polygon","coordinates":[[[-98.097116,19.152824],[-98.100289,19.149413],[-98.101118,19.149051],[-98.101997,19.149905],[-98.100291,19.153844],[-98.095702,19.155236],[-98.097116,19.152824]]]}},{"type":"Feature","properties":{"name":"SECCIÓN QUINTA"},"geometry":{"type":"Polygon","coordinates":[[[-98.108438,19.145226],[-98.106029,19.149359],[-98.10391,19.149592],[-98.112165,19.140865],[-98.112647,19.141465],[-98.108438,19.145226]]]}},{"type":"Feature","properties":{"name":"SECCIÓN SEXTA"},"geometry":{"type":"Polygon","coordinates":[[[-98.110496,19.139491],[-98.112454,19.140625],[-98.10391,19.149592],[-98.102556,19.149444],[-98.102568,19.147964],[-98.106193,19.146035],[-98.107912,19.143285],[-98.109636,19.14235],[-98.110496,19.139491]]]}},{"type":"Feature","properties":{"name":"SECCIÓN SÉPTIMA"},"geometry":{"type":"Polygon","coordinates":[[[-98.099964,19.153854],[-98.102199,19.149702],[-98.105463,19.149877],[-98.102485,19.154383],[-98.101764,19.153974],[-98.100855,19.155322],[-98.099964,19.153854]]]}},{"type":"Feature","properties":{"name":"SECCIÓN OCTAVA"},"geometry":{"type":"Polygon","coordinates":[[[-98.097698,19.157342],[-98.099193,19.155472],[-98.098744,19.154361],[-98.099605,19.153752],[-98.100582,19.154334],[-98.099841,19.158386],[-98.097698,19.157342]]]}},{"type":"Feature","properties":{"name":"SECCIÓN NOVENA"},"geometry":{"type":"Polygon","coordinates":[[[-98.101164,19.159677],[-98.099841,19.158386],[-98.100065,19.156685],[-98.101764,19.153974],[-98.102485,19.154383],[-98.103626,19.153461],[-98.102697,19.15752],[-98.101164,19.159677]]]}},{"type":"Feature","properties":{"name":"SECCIÓN DÉCIMA"},"geometry":{"type":"Polygon","coordinates":[[[-98.097415,19.161916],[-98.098041,19.159917],[-98.09656,19.159798],[-98.097698,19.157342],[-98.101136,19.159698],[-98.099358,19.161395],[-98.100319,19.163367],[-98.097341,19.164734],[-98.096792,19.163497],[-98.097415,19.161916]]]}},{"type":"Feature","properties":{"name":"SAN MIGUEL XONACATEPEC"},"geometry":{"type":"Polygon","coordinates":[[[-98.117385,19.081754],[-98.11114,19.078319],[-98.1127,19.075957],[-98.113995,19.076348],[-98.11298,19.075525],[-98.113366,19.074927],[-98.119776,19.07887],[-98.118587,19.081784],[-98.117385,19.081754]]]}},{"type":"Feature","properties":{"name":"BOSQUES DE MANZANILLA"},"geometry":{"type":"Polygon","coordinates":[[[-98.116585,19.076877],[-98.116919,19.076341],[-98.118739,19.078285],[-98.116585,19.076877]]]}},{"type":"Feature","properties":{"name":"XONACATEPEC"},"geometry":{"type":"Polygon","coordinates":[[[-98.1127,19.075957],[-98.11298,19.075525],[-98.113995,19.076348],[-98.1127,19.075957]]]}},{"type":"Feature","properties":{"name":"SAN JOSÉ"},"geometry":{"type":"Polygon","coordinates":[[[-98.117805,19.03723],[-98.118012,19.037013],[-98.117805,19.03723],[-98.117805,19.03723]]]}},{"type":"Feature","properties":{"name":"TLILOSTOC"},"geometry":{"type":"Polygon","coordinates":[[[-98.134528,19.088428],[-98.135422,19.086869],[-98.137291,19.08833],[-98.137854,19.08758],[-98.139996,19.088476],[-98.141578,19.088211],[-98.140155,19.089274],[-98.140046,19.091508],[-98.138389,19.092779],[-98.134528,19.088428]]]}},{"type":"Feature","properties":{"name":"SAN BALTAZAR LA RESURRECCIÓN"},"geometry":{"type":"Polygon","coordinates":[[[-98.128623,19.069748],[-98.127349,19.069311],[-98.127761,19.068654],[-98.131159,19.066532],[-98.133474,19.066778],[-98.135659,19.065079],[-98.138449,19.059852],[-98.14127,19.056869],[-98.142208,19.05733],[-98.135063,19.067218],[-98.131966,19.068037],[-98.129789,19.070132],[-98.128623,19.069748]]]}},{"type":"Feature","properties":{"name":"ALCANFORES"},"geometry":{"type":"Polygon","coordinates":[[[-98.139807,19.074532],[-98.141715,19.074308],[-98.140568,19.075381],[-98.139807,19.074532]]]}},{"type":"Feature","properties":{"name":"SUBESTACIÓN ELÉCTRICA"},"geometry":{"type":"Polygon","coordinates":[[[-98.136879,19.084199],[-98.13493,19.083263],[-98.13714,19.0791],[-98.140719,19.08072],[-98.138437,19.085093],[-98.136879,19.084199]]]}},{"type":"Feature","properties":{"name":"BOSQUES DE SAN SEBASTIÁN"},"geometry":{"type":"Polygon","coordinates":[[[-98.122942,19.064244],[-98.126437,19.061929],[-98.126966,19.063924],[-98.128069,19.064109],[-98.128055,19.065737],[-98.129373,19.065858],[-98.134083,19.063029],[-98.132641,19.062614],[-98.131248,19.058571],[-98.128449,19.060598],[-98.127848,19.059932],[-98.133736,19.055486],[-98.14127,19.056869],[-98.137385,19.061118],[-98.136063,19.064649],[-98.133166,19.066917],[-98.131291,19.066506],[-98.1299,19.067511],[-98.128387,19.066152],[-98.122942,19.064244]],[[-98.135823,19.05617],[-98.134969,19.055957],[-98.13293,19.057392],[-98.134857,19.05875],[-98.135948,19.057642],[-98.135823,19.05617]],[[-98.135279,19.062736],[-98.136971,19.061285],[-98.135222,19.061438],[-98.134492,19.062647],[-98.135279,19.062736]]]}},{"type":"Feature","properties":{"name":"SAN DIEGO MANZANILLA SEGUNDA SECCIÓN"},"geometry":{"type":"Polygon","coordinates":[[[-98.135304,19.076482],[-98.133279,19.075852],[-98.135933,19.072287],[-98.140722,19.073939],[-98.136539,19.076822],[-98.135304,19.076482]]]}},{"type":"Feature","properties":{"name":"BOSQUES DE MANZANILLA"},"geometry":{"type":"Polygon","coordinates":[[[-98.132077,19.077734],[-98.132893,19.075936],[-98.136539,19.076822],[-98.139807,19.074532],[-98.140568,19.075381],[-98.138005,19.077788],[-98.135349,19.077159],[-98.132533,19.079797],[-98.131451,19.079323],[-98.132077,19.077734]]]}},{"type":"Feature","properties":{"name":"CERRO DEL MÁRQUEZ"},"geometry":{"type":"Polygon","coordinates":[[[-98.130133,19.091679],[-98.130988,19.089751],[-98.134528,19.088428],[-98.138389,19.092779],[-98.139204,19.092351],[-98.139182,19.093158],[-98.137514,19.096235],[-98.134629,19.097184],[-98.130587,19.093128],[-98.130133,19.091679]]]}},{"type":"Feature","properties":{"name":"AMPLIACIÓN BOSQUES DE SANTA ANITA"},"geometry":{"type":"Polygon","coordinates":[[[-98.137632,19.077891],[-98.135829,19.081595],[-98.136271,19.079238],[-98.137632,19.077891]]]}},{"type":"Feature","properties":{"name":"NINGUNO"},"geometry":{"type":"Polygon","coordinates":[[[-98.120892,19.096263],[-98.124742,19.090023],[-98.128134,19.087562],[-98.124632,19.085605],[-98.119594,19.084119],[-98.12068,19.078927],[-98.119776,19.07887],[-98.121325,19.078654],[-98.122007,19.077293],[-98.11779,19.074896],[-98.119865,19.074957],[-98.12074,19.073688],[-98.121905,19.074619],[-98.121126,19.07334],[-98.12154,19.072626],[-98.123755,19.073357],[-98.125197,19.071186],[-98.127053,19.07198],[-98.125676,19.072798],[-98.126565,19.073728],[-98.132905,19.075662],[-98.132419,19.076828],[-98.131886,19.076517],[-98.131359,19.077311],[-98.130173,19.076586],[-98.12961,19.077446],[-98.131251,19.078379],[-98.132077,19.077734],[-98.131451,19.079323],[-98.133069,19.080048],[-98.134044,19.082361],[-98.134956,19.081016],[-98.134051,19.080074],[-98.13528,19.07953],[-98.134263,19.078634],[-98.134707,19.077981],[-98.135932,19.078319],[-98.136256,19.077181],[-98.137632,19.077891],[-98.136271,19.079238],[-98.135253,19.082666],[-98.132956,19.083087],[-98.130479,19.085661],[-98.128758,19.088858],[-98.128491,19.09184],[-98.126136,19.094631],[-98.121627,19.098105],[-98.120543,19.096879],[-98.120892,19.096263]],[[-98.12893,19.075818],[-98.126689,19.074478],[-98.125275,19.076502],[-98.127701,19.077585],[-98.12893,19.075818]]]}},{"type":"Feature","properties":{"name":"NOCHE BUENA"},"geometry":{"type":"Polygon","coordinates":[[[-98.128691,19.091123],[-98.128758,19.088858],[-98.13221,19.083606],[-98.134511,19.082391],[-98.136879,19.084199],[-98.137055,19.085238],[-98.134528,19.088428],[-98.130988,19.089751],[-98.130133,19.091679],[-98.128691,19.091123]]]}},{"type":"Feature","properties":{"name":"FRESCURA VI"},"geometry":{"type":"Polygon","coordinates":[[[-98.135279,19.062736],[-98.134492,19.062647],[-98.135222,19.061438],[-98.136971,19.061285],[-98.135279,19.062736]]]}},{"type":"Feature","properties":{"name":"HACIENDA DE MANZANILLA"},"geometry":{"type":"Polygon","coordinates":[[[-98.136201,19.077455],[-98.135932,19.078319],[-98.134972,19.07779],[-98.134263,19.078634],[-98.13528,19.07953],[-98.134051,19.080074],[-98.134956,19.081016],[-98.134044,19.082361],[-98.132485,19.079353],[-98.135349,19.077159],[-98.136201,19.077455]]]}},{"type":"Feature","properties":{"name":"SAN DIEGO MANZANILLA"},"geometry":{"type":"Polygon","coordinates":[[[-98.132991,19.075937],[-98.130357,19.070319],[-98.135933,19.072287],[-98.132991,19.075937]]]}},{"type":"Feature","properties":{"name":"INFONAVIT BOSQUES DE SAN SEBASTIÁN"},"geometry":{"type":"Polygon","coordinates":[[[-98.134234,19.062771],[-98.129373,19.065858],[-98.128055,19.065737],[-98.128069,19.064109],[-98.126966,19.063924],[-98.126437,19.061996],[-98.134234,19.062771]]]}},{"type":"Feature","properties":{"name":"AMPLIACIÓN VALLE DE LAS FLORES"},"geometry":{"type":"Polygon","coordinates":[[[-98.127053,19.07198],[-98.128623,19.069748],[-98.130357,19.070319],[-98.131447,19.071944],[-98.129237,19.071047],[-98.127771,19.072837],[-98.132134,19.073652],[-98.132905,19.075662],[-98.125618,19.073072],[-98.127053,19.07198]]]}},{"type":"Feature","properties":{"name":"RANCHO SAN DIEGO MANZANILLA"},"geometry":{"type":"Polygon","coordinates":[[[-98.131765,19.07756],[-98.131886,19.076517],[-98.132419,19.076828],[-98.131765,19.07756]]]}},{"type":"Feature","properties":{"name":"BOSQUES DE SAN SEBASTIÁN II"},"geometry":{"type":"Polygon","coordinates":[[[-98.126437,19.061996],[-98.131248,19.058571],[-98.132687,19.06247],[-98.126437,19.061996]]]}},{"type":"Feature","properties":{"name":"HACIENDA LOS CAPULINES II"},"geometry":{"type":"Polygon","coordinates":[[[-98.127848,19.059932],[-98.126581,19.058217],[-98.129541,19.055919],[-98.130921,19.057696],[-98.127848,19.059932]]]}},{"type":"Feature","properties":{"name":"COLÓN"},"geometry":{"type":"Polygon","coordinates":[[[-98.118718,19.067454],[-98.122825,19.064349],[-98.128387,19.066152],[-98.1299,19.067511],[-98.127349,19.069311],[-98.118718,19.067454]]]}},{"type":"Feature","properties":{"name":"LA BARRANCA"},"geometry":{"type":"Polygon","coordinates":[[[-98.125681,19.076563],[-98.127002,19.074664],[-98.12893,19.075818],[-98.127701,19.077585],[-98.125681,19.076563]]]}},{"type":"Feature","properties":{"name":"2 DE MARZO"},"geometry":{"type":"Polygon","coordinates":[[[-98.120736,19.08435],[-98.128134,19.087562],[-98.124774,19.089987],[-98.118374,19.087394],[-98.118344,19.086552],[-98.11969,19.087115],[-98.120736,19.08435]]]}},{"type":"Feature","properties":{"name":"SAN ESTEBAN LAS AVES"},"geometry":{"type":"Polygon","coordinates":[[[-98.125197,19.071186],[-98.127349,19.069311],[-98.128623,19.069748],[-98.127053,19.07198],[-98.125197,19.071186]]]}},{"type":"Feature","properties":{"name":"REAL CAMPESTRE"},"geometry":{"type":"Polygon","coordinates":[[[-98.124032,19.061609],[-98.124648,19.06117],[-98.124007,19.060377],[-98.122721,19.061292],[-98.121369,19.059768],[-98.123686,19.05815],[-98.126581,19.058217],[-98.128449,19.060598],[-98.126437,19.061929],[-98.124032,19.061609]],[[-98.12513,19.058434],[-98.125578,19.059241],[-98.126272,19.058735],[-98.12513,19.058434]]]}},{"type":"Feature","properties":{"name":"GUADALUPE XONACATEPEC"},"geometry":{"type":"Polygon","coordinates":[[[-98.12154,19.072626],[-98.115779,19.071034],[-98.118718,19.067454],[-98.127349,19.069311],[-98.123755,19.073357],[-98.12154,19.072626]]]}},{"type":"Feature","properties":{"name":"NINGUNO"},"geometry":{"type":"Polygon","coordinates":[[[-98.121009,19.062907],[-98.12263,19.061634],[-98.126147,19.061994],[-98.122942,19.064244],[-98.121009,19.062907]]]}},{"type":"Feature","properties":{"name":"DEL VALLE"},"geometry":{"type":"Polygon","coordinates":[[[-98.115914,19.059496],[-98.122942,19.064244],[-98.118851,19.06734],[-98.112052,19.062678],[-98.115914,19.059496]]]}},{"type":"Feature","properties":{"name":"BOSQUES DE MANZANILLA"},"geometry":{"type":"Polygon","coordinates":[[[-98.118739,19.078285],[-98.116919,19.076341],[-98.11779,19.074896],[-98.122007,19.077293],[-98.121267,19.078695],[-98.118739,19.078285]]]}},{"type":"Feature","properties":{"name":"REAL DEL BOSQUE"},"geometry":{"type":"Polygon","coordinates":[[[-98.120883,19.05931],[-98.121589,19.058692],[-98.122063,19.059256],[-98.120883,19.05931]]]}},{"type":"Feature","properties":{"name":"PASEO DE LOS ENCINOS"},"geometry":{"type":"Polygon","coordinates":[[[-98.116971,19.058251],[-98.11837,19.057318],[-98.119853,19.058726],[-98.118636,19.059829],[-98.116971,19.058251]]]}},{"type":"Feature","properties":{"name":"AMPLIACIÓN JARDINES DE SAN JOSÉ XONACATEPEC"},"geometry":{"type":"Polygon","coordinates":[[[-98.111345,19.063125],[-98.118851,19.06734],[-98.109128,19.065541],[-98.111345,19.063125]]]}},{"type":"Feature","properties":{"name":"JARDINES DE SAN JOSÉ XONACATEPEC"},"geometry":{"type":"Polygon","coordinates":[[[-98.114035,19.066497],[-98.118718,19.067454],[-98.115238,19.071915],[-98.112253,19.069554],[-98.114035,19.066497]]]}},{"type":"Feature","properties":{"name":"CONCEPCIÓN CAPULAC (LA EX-HACIENDA)"},"geometry":{"type":"Polygon","coordinates":[[[-98.059273,19.09874],[-98.064536,19.094553],[-98.065612,19.094615],[-98.065592,19.093867],[-98.065101,19.095866],[-98.060686,19.099554],[-98.05955,19.099585],[-98.059273,19.09874]]]}},{"type":"Feature","properties":{"name":"REAL DIAMANTE"},"geometry":{"type":"Polygon","coordinates":[[[-98.118641,19.061287],[-98.117757,19.060674],[-98.119853,19.058726],[-98.122041,19.060424],[-98.120673,19.061433],[-98.118641,19.061287]]]}},{"type":"Feature","properties":{"name":"RINCÓN DE SAN SEBASTIÁN"},"geometry":{"type":"Polygon","coordinates":[[[-98.11175,19.062869],[-98.11571,19.065053],[-98.112406,19.063798],[-98.11175,19.062869]]]}},{"type":"Feature","properties":{"name":"SAN MIGUEL XONACATEPEC SEGUNDA SECCIÓN"},"geometry":{"type":"Polygon","coordinates":[[[-98.117523,19.075246],[-98.114204,19.073601],[-98.115779,19.071034],[-98.12154,19.072626],[-98.121126,19.07334],[-98.121905,19.074619],[-98.12074,19.073688],[-98.119865,19.074957],[-98.117523,19.075246]]]}},{"type":"Feature","properties":{"name":"TORRES BOSQUES"},"geometry":{"type":"Polygon","coordinates":[[[-98.119806,19.062085],[-98.120673,19.061433],[-98.12263,19.061634],[-98.121009,19.062907],[-98.119806,19.062085]]]}},{"type":"Feature","properties":{"name":"VALLE DE LAS FLORES"},"geometry":{"type":"Polygon","coordinates":[[[-98.131447,19.071944],[-98.132134,19.073652],[-98.127771,19.072837],[-98.129237,19.071047],[-98.131447,19.071944]]]}},{"type":"Feature","properties":{"name":"VILLAS MANZANILLA"},"geometry":{"type":"Polygon","coordinates":[[[-98.125275,19.076502],[-98.127002,19.074664],[-98.125596,19.076681],[-98.125275,19.076502]]]}},{"type":"Feature","properties":{"name":"VILLAS REAL CAMPESTRE II"},"geometry":{"type":"Polygon","coordinates":[[[-98.120673,19.061433],[-98.122041,19.060424],[-98.122721,19.061292],[-98.120673,19.061433]]]}},{"type":"Feature","properties":{"name":"VILLAS REAL CAMPESTRE III"},"geometry":{"type":"Polygon","coordinates":[[[-98.12263,19.061634],[-98.124007,19.060377],[-98.124648,19.06117],[-98.12263,19.061634]]]}},{"type":"Feature","properties":{"name":"NINGUNO"},"geometry":{"type":"Polygon","coordinates":[[[-98.10893,19.0659],[-98.114035,19.066497],[-98.112253,19.069554],[-98.115238,19.071915],[-98.114204,19.073601],[-98.117552,19.075273],[-98.116585,19.076877],[-98.113366,19.074927],[-98.109754,19.080025],[-98.101788,19.075898],[-98.102234,19.074811],[-98.105008,19.074034],[-98.105338,19.071672],[-98.10893,19.0659]]]}},{"type":"Feature","properties":{"name":"NINGUNO"},"geometry":{"type":"Polygon","coordinates":[[[-98.115914,19.059496],[-98.116971,19.058251],[-98.118636,19.059829],[-98.117757,19.060674],[-98.115914,19.059496]]]}},{"type":"Feature","properties":{"name":"NINGUNO"},"geometry":{"type":"Polygon","coordinates":[[[-98.118707,19.06133],[-98.120673,19.061433],[-98.119806,19.062085],[-98.118707,19.06133]]]}},{"type":"Feature","properties":{"name":"LA RESURRECCIÓN"},"geometry":{"type":"Polygon","coordinates":[[[-98.128491,19.09184],[-98.128988,19.091048],[-98.130133,19.091679],[-98.132923,19.095632],[-98.138417,19.098889],[-98.1376,19.099673],[-98.138172,19.100698],[-98.141159,19.102397],[-98.133442,19.106188],[-98.131815,19.108914],[-98.130349,19.109809],[-98.125573,19.110057],[-98.123965,19.113424],[-98.123255,19.113511],[-98.120917,19.112139],[-98.119665,19.109416],[-98.121098,19.107305],[-98.118128,19.10592],[-98.120133,19.104162],[-98.122259,19.099176],[-98.123788,19.101154],[-98.125791,19.098612],[-98.128491,19.09184]]]}},{"type":"Feature","properties":{"name":"SANTA MARÍA XONACATEPEC"},"geometry":{"type":"Polygon","coordinates":[[[-98.096096,19.083571],[-98.098967,19.081386],[-98.101,19.075818],[-98.109754,19.080025],[-98.11114,19.078319],[-98.117385,19.081754],[-98.116013,19.086552],[-98.10423,19.099708],[-98.102179,19.104224],[-98.091511,19.104896],[-98.087733,19.10355],[-98.089158,19.100985],[-98.088346,19.100535],[-98.089216,19.099057],[-98.083447,19.094663],[-98.084221,19.093189],[-98.091421,19.086759],[-98.092479,19.087509],[-98.093703,19.085007],[-98.096096,19.083571]]]}},{"type":"Feature","properties":{"name":"EJIDAL SAN MIGUEL ESPEJO"},"geometry":{"type":"Polygon","coordinates":[[[-98.066595,19.092098],[-98.071281,19.093137],[-98.071344,19.094783],[-98.070081,19.095863],[-98.069555,19.098154],[-98.068155,19.099384],[-98.06705,19.099216],[-98.066803,19.100026],[-98.065593,19.099896],[-98.065255,19.097772],[-98.063557,19.097668],[-98.065645,19.094601],[-98.065787,19.091919],[-98.066595,19.092098]]]}},{"type":"Feature","properties":{"name":"PRIMERO DE MAYO"},"geometry":{"type":"Polygon","coordinates":[[[-98.098938,19.075674],[-98.09979,19.075259],[-98.098734,19.076846],[-98.100572,19.077617],[-98.098967,19.081386],[-98.096096,19.083571],[-98.094425,19.081942],[-98.098938,19.075674]]]}},{"type":"Feature","properties":{"name":"NINGUNO"},"geometry":{"type":"Polygon","coordinates":[[[-98.1669,18.96059],[-98.167384,18.959768],[-98.165323,18.959313],[-98.167001,18.954635],[-98.164433,18.950965],[-98.164958,18.950608],[-98.17159,18.953121],[-98.172533,18.954183],[-98.172762,18.956574],[-98.176507,18.957203],[-98.176175,18.959563],[-98.175082,18.96065],[-98.173776,18.960244],[-98.174198,18.958752],[-98.171053,18.958434],[-98.169943,18.960613],[-98.168987,18.96031],[-98.167384,18.965185],[-98.162272,18.964483],[-98.162686,18.962547],[-98.162007,18.959866],[-98.1651,18.962363],[-98.165373,18.960878],[-98.1669,18.96059]],[[-98.166862,18.960893],[-98.167798,18.960888],[-98.167163,18.960524],[-98.166862,18.960893]],[[-98.167457,18.95281],[-98.167323,18.953538],[-98.169502,18.954562],[-98.169796,18.953932],[-98.167457,18.95281]]]}},{"type":"Feature","properties":{"name":"LA GUADALUPANA CIUDAD DE PUEBLA"},"geometry":{"type":"Polygon","coordinates":[[[-98.168352,18.976027],[-98.168498,18.972746],[-98.16982,18.972951],[-98.170014,18.972068],[-98.168718,18.97141],[-98.170192,18.969874],[-98.175851,18.970764],[-98.174739,18.979277],[-98.170284,18.978435],[-98.17081,18.976517],[-98.168352,18.976027]]]}},{"type":"Feature","properties":{"name":"GUADALUPE"},"geometry":{"type":"Polygon","coordinates":[[[-98.174077,18.964574],[-98.173665,18.965553],[-98.171499,18.96474],[-98.171808,18.964111],[-98.173124,18.964672],[-98.173768,18.963741],[-98.174077,18.964574]]]}},{"type":"Feature","properties":{"name":"SANTA CATARINA"},"geometry":{"type":"Polygon","coordinates":[[[-98.170813,18.959563],[-98.171053,18.958434],[-98.174198,18.958752],[-98.173776,18.960244],[-98.170813,18.959563]]]}},{"type":"Feature","properties":{"name":"GUADALUPE (SAN FRANCISCO)"},"geometry":{"type":"Polygon","coordinates":[[[-98.172995,18.962849],[-98.173865,18.963056],[-98.172219,18.963233],[-98.172995,18.962849]]]}},{"type":"Feature","properties":{"name":"LA GUADALUPANA II"},"geometry":{"type":"Polygon","coordinates":[[[-98.168498,18.972746],[-98.168636,18.971908],[-98.170014,18.972068],[-98.16982,18.972951],[-98.168498,18.972746]]]}},{"type":"Feature","properties":{"name":"SAN PEDRO ZACACHIMALPA"},"geometry":{"type":"Polygon","coordinates":[[[-98.159813,18.937739],[-98.163697,18.941447],[-98.167081,18.935162],[-98.168301,18.935947],[-98.169106,18.938644],[-98.170264,18.938911],[-98.166208,18.943304],[-98.165208,18.946545],[-98.163426,18.947115],[-98.161484,18.949009],[-98.161026,18.948193],[-98.160297,18.949803],[-98.153079,18.946482],[-98.151124,18.946398],[-98.146935,18.941524],[-98.14691,18.939087],[-98.150469,18.937492],[-98.159813,18.937739]],[[-98.152044,18.94143],[-98.154411,18.94157],[-98.154662,18.940878],[-98.151603,18.939706],[-98.151151,18.940873],[-98.152044,18.94143]]]}},{"type":"Feature","properties":{"name":"AMPLIACIÓN COATEPEC SEGUNDA SECCIÓN"},"geometry":{"type":"Polygon","coordinates":[[[-98.167323,18.95293],[-98.169796,18.953932],[-98.169502,18.954562],[-98.167323,18.95293]]]}},{"type":"Feature","properties":{"name":"SANTA CATARINA"},"geometry":{"type":"Polygon","coordinates":[[[-98.158718,18.980897],[-98.161732,18.980104],[-98.161668,18.980735],[-98.163253,18.980683],[-98.163972,18.979797],[-98.158526,18.980312],[-98.159097,18.97956],[-98.155373,18.979715],[-98.159478,18.977381],[-98.159251,18.97655],[-98.159949,18.976299],[-98.15901,18.975283],[-98.159266,18.974612],[-98.159534,18.975352],[-98.160626,18.975049],[-98.160813,18.972346],[-98.164231,18.971604],[-98.164426,18.970715],[-98.166537,18.969931],[-98.166923,18.971028],[-98.165814,18.972728],[-98.167613,18.972974],[-98.165222,18.974152],[-98.166403,18.974298],[-98.165501,18.976084],[-98.168263,18.975524],[-98.168832,18.978951],[-98.166293,18.979394],[-98.16085,18.983221],[-98.157345,18.981317],[-98.158718,18.980897]]]}},{"type":"Feature","properties":{"name":"CONJUNTO SAN LORENZO"},"geometry":{"type":"Polygon","coordinates":[[[-98.166862,18.960893],[-98.167163,18.960524],[-98.167798,18.960888],[-98.166862,18.960893]]]}},{"type":"Feature","properties":{"name":"PATRIA NUEVA"},"geometry":{"type":"Polygon","coordinates":[[[-98.164996,18.960743],[-98.164916,18.95937],[-98.167384,18.959768],[-98.166889,18.960784],[-98.165038,18.961273],[-98.164996,18.960743]]]}},{"type":"Feature","properties":{"name":"QUETZALCÓATL SEGUNDA SECCIÓN"},"geometry":{"type":"Polygon","coordinates":[[[-98.162968,18.95622],[-98.164813,18.958026],[-98.164526,18.954372],[-98.162766,18.953383],[-98.164322,18.950804],[-98.167001,18.954635],[-98.165323,18.959313],[-98.163061,18.959695],[-98.162968,18.95622]]]}},{"type":"Feature","properties":{"name":"QUETZALCÓATL PRIMERA SECCIÓN"},"geometry":{"type":"Polygon","coordinates":[[[-98.163647,18.959593],[-98.164916,18.95937],[-98.1651,18.962363],[-98.162334,18.959829],[-98.163647,18.959593]]]}},{"type":"Feature","properties":{"name":"NINGUNO"},"geometry":{"type":"Polygon","coordinates":[[[-98.159783,18.937711],[-98.1654,18.938258],[-98.163697,18.941447],[-98.159783,18.937711]]]}},{"type":"Feature","properties":{"name":"ARENILLAS COATEPEC"},"geometry":{"type":"Polygon","coordinates":[[[-98.163261,18.956504],[-98.161723,18.954968],[-98.162766,18.953383],[-98.164526,18.954372],[-98.164813,18.958026],[-98.163261,18.956504]]]}},{"type":"Feature","properties":{"name":"VILLAS DEL LAGO"},"geometry":{"type":"Polygon","coordinates":[[[-98.164322,18.950804],[-98.163244,18.952587],[-98.162407,18.952085],[-98.162253,18.951416],[-98.164958,18.950608],[-98.164322,18.950804]]]}},{"type":"Feature","properties":{"name":"PATRIA NUEVA"},"geometry":{"type":"Polygon","coordinates":[[[-98.161616,18.959443],[-98.159921,18.957656],[-98.161723,18.954968],[-98.162954,18.956153],[-98.163061,18.959695],[-98.161616,18.959443]]]}},{"type":"Feature","properties":{"name":"ACACÍA"},"geometry":{"type":"Polygon","coordinates":[[[-98.162997,18.95302],[-98.161693,18.950583],[-98.163244,18.952587],[-98.162997,18.95302]]]}},{"type":"Feature","properties":{"name":"NINGUNO"},"geometry":{"type":"Polygon","coordinates":[[[-98.162007,18.959866],[-98.159037,18.95787],[-98.159807,18.950779],[-98.16113,18.951578],[-98.161693,18.950583],[-98.162997,18.95302],[-98.162582,18.953631],[-98.160647,18.953302],[-98.162183,18.954251],[-98.159921,18.957656],[-98.162007,18.959866]]]}},{"type":"Feature","properties":{"name":"NINGUNO"},"geometry":{"type":"Polygon","coordinates":[[[-98.162582,18.953631],[-98.162183,18.954251],[-98.160559,18.953815],[-98.161242,18.953099],[-98.162582,18.953631]]]}},{"type":"Feature","properties":{"name":"RINCÓN DEL LAGO"},"geometry":{"type":"Polygon","coordinates":[[[-98.160168,18.950059],[-98.161693,18.950583],[-98.16113,18.951578],[-98.159807,18.950779],[-98.160168,18.950059]]]}},{"type":"Feature","properties":{"name":"18 DE MARZO"},"geometry":{"type":"Polygon","coordinates":[[[-98.159839,18.972402],[-98.159608,18.971158],[-98.158026,18.970969],[-98.157984,18.969735],[-98.159909,18.970428],[-98.159839,18.972402]]]}},{"type":"Feature","properties":{"name":"BARRIO SAN JUAN TEPEPA"},"geometry":{"type":"Polygon","coordinates":[[[-98.156665,18.972635],[-98.155113,18.97224],[-98.15384,18.973011],[-98.153019,18.967387],[-98.154371,18.967358],[-98.158923,18.96482],[-98.159846,18.966173],[-98.157974,18.96801],[-98.159392,18.970037],[-98.157984,18.969735],[-98.158026,18.970969],[-98.159608,18.971158],[-98.15966,18.972411],[-98.156665,18.972635]]]}},{"type":"Feature","properties":{"name":"SANTO TOMAS CHAUTLA"},"geometry":{"type":"Polygon","coordinates":[[[-98.153788,18.964948],[-98.152874,18.964369],[-98.153242,18.963463],[-98.150554,18.964163],[-98.151939,18.962965],[-98.152604,18.960266],[-98.155264,18.95894],[-98.15946,18.96453],[-98.158287,18.964911],[-98.155603,18.963668],[-98.155119,18.965004],[-98.153788,18.964948]]]}},{"type":"Feature","properties":{"name":"BARRIO CAÑADA CHICA"},"geometry":{"type":"Polygon","coordinates":[[[-98.153788,18.964948],[-98.155119,18.965004],[-98.155603,18.963668],[-98.158209,18.964836],[-98.153894,18.967438],[-98.153106,18.967254],[-98.153788,18.964948]]]}},{"type":"Feature","properties":{"name":"BARRIO COATEPEC EL GRANDE"},"geometry":{"type":"Polygon","coordinates":[[[-98.155264,18.95894],[-98.156597,18.958774],[-98.157539,18.960003],[-98.157923,18.960787],[-98.157172,18.961706],[-98.155264,18.95894]]]}},{"type":"Feature","properties":{"name":"BARRIO TLACALACA"},"geometry":{"type":"Polygon","coordinates":[[[-98.153159,18.971349],[-98.15384,18.973011],[-98.15141,18.973685],[-98.153159,18.971349]]]}},{"type":"Feature","properties":{"name":"RESIDENCIAL SANTA CRUZ"},"geometry":{"type":"Polygon","coordinates":[[[-98.15209,18.941364],[-98.151151,18.940873],[-98.151603,18.939706],[-98.154662,18.940878],[-98.154411,18.94157],[-98.15209,18.941364]]]}},{"type":"Feature","properties":{"name":"BARRIO SAN JOSÉ"},"geometry":{"type":"Polygon","coordinates":[[[-98.153565,18.966469],[-98.153159,18.971349],[-98.148411,18.976356],[-98.148416,18.972526],[-98.145846,18.967251],[-98.146084,18.965848],[-98.147341,18.964814],[-98.153242,18.963463],[-98.153565,18.966469]]]}},{"type":"Feature","properties":{"name":"BARRIO CONCEPCIÓN"},"geometry":{"type":"Polygon","coordinates":[[[-98.147901,18.958524],[-98.149061,18.957736],[-98.152039,18.959622],[-98.152765,18.961089],[-98.150554,18.964163],[-98.146689,18.965162],[-98.145785,18.967065],[-98.146586,18.968332],[-98.144951,18.968854],[-98.144153,18.967561],[-98.143085,18.967919],[-98.142992,18.967004],[-98.143868,18.964337],[-98.146925,18.960729],[-98.146787,18.959191],[-98.147901,18.958524]]]}},{"type":"Feature","properties":{"name":"18 DE MARZO"},"geometry":{"type":"Polygon","coordinates":[[[-98.16246,18.969511],[-98.162805,18.970249],[-98.162279,18.971501],[-98.16246,18.969511]]]}},{"type":"Feature","properties":{"name":"AMPLIACIÓN DE SANTA CATARINA"},"geometry":{"type":"Polygon","coordinates":[[[-98.163405,18.9713],[-98.164271,18.970128],[-98.16467,18.971142],[-98.163164,18.972038],[-98.163405,18.9713]]]}},{"type":"Feature","properties":{"name":"ARTÍCULO PRIMERO"},"geometry":{"type":"Polygon","coordinates":[[[-98.159697,18.974709],[-98.160813,18.972346],[-98.160626,18.975049],[-98.159534,18.975352],[-98.159697,18.974709]]]}},{"type":"Feature","properties":{"name":"BELEM"},"geometry":{"type":"Polygon","coordinates":[[[-98.156022,18.980354],[-98.155373,18.979715],[-98.161732,18.980104],[-98.157345,18.981317],[-98.156022,18.980354]]]}},{"type":"Feature","properties":{"name":"CATARINA"},"geometry":{"type":"Polygon","coordinates":[[[-98.162342,18.971998],[-98.162616,18.971076],[-98.163405,18.9713],[-98.162342,18.971998]]]}},{"type":"Feature","properties":{"name":"LOMAS DEL PEDREGAL"},"geometry":{"type":"Polygon","coordinates":[[[-98.158817,18.977221],[-98.158941,18.975794],[-98.159949,18.976299],[-98.159251,18.97655],[-98.159478,18.977381],[-98.158817,18.977221]]]}},{"type":"Feature","properties":{"name":"SAN DIEGO"},"geometry":{"type":"Polygon","coordinates":[[[-98.163809,18.970032],[-98.165071,18.968492],[-98.166494,18.969294],[-98.165377,18.970633],[-98.163809,18.970032]]]}},{"type":"Feature","properties":{"name":"SAN FRANCISCO TOTIMEHUACAN"},"geometry":{"type":"Polygon","coordinates":[[[-98.167613,18.972974],[-98.165814,18.972728],[-98.166923,18.971028],[-98.166417,18.969519],[-98.168634,18.968255],[-98.170224,18.969166],[-98.168499,18.970473],[-98.169231,18.970797],[-98.168136,18.974806],[-98.167613,18.972974]]]}},{"type":"Feature","properties":{"name":"SANTA ANA"},"geometry":{"type":"Polygon","coordinates":[[[-98.1633,18.980218],[-98.161668,18.980735],[-98.161684,18.97997],[-98.163864,18.979383],[-98.1633,18.980218]]]}},{"type":"Feature","properties":{"name":"SEGUNDA AMPLIACIÓN DE SANTA CATARINA"},"geometry":{"type":"Polygon","coordinates":[[[-98.167613,18.972974],[-98.168263,18.975524],[-98.165501,18.976084],[-98.166403,18.974298],[-98.165222,18.974152],[-98.167613,18.972974]]]}},{"type":"Feature","properties":{"name":"SANTA CATARINA"},"geometry":{"type":"Polygon","coordinates":[[[-98.162522,18.969341],[-98.163969,18.969321],[-98.163405,18.9713],[-98.162616,18.971076],[-98.162522,18.969341]]]}}]}