{"type":"FeatureCollection","features":[{"type":"Feature","properties":{"name":"21DPR3555B"},"geometry":{"type":"Point","coordinates":[-98.123511,19.037619]}},{"type":"Feature","properties":{"name":"21DCC1066T"},"geometry":{"type":"Point","coordinates":[-98.118171,19.047405]}},{"type":"Feature","properties":{"name":"21KPR0705H"},"geometry":{"type":"Point","coordinates":[-98.123028,19.053373]}},{"type":"Feature","properties":{"name":"21PPR0779U"},"geometry":{"type":"Point","coordinates":[-98.130633,19.038056]}},{"type":"Feature","properties":{"name":"21EJN0782L"},"geometry":{"type":"Point","coordinates":[-98.122046,19.05366]}},{"type":"Feature","properties":{"name":"21EJN1324F"},"geometry":{"type":"Point","coordinates":[-98.121248,19.047419]}},{"type":"Feature","properties":{"name":"21EJN1025H"},"geometry":{"type":"Point","coordinates":[-98.121248,19.047419]}},{"type":"Feature","properties":{"name":"21EPR1501J"},"geometry":{"type":"Point","coordinates":[-98.121248,19.047419]}},{"type":"Feature","properties":{"name":"21EJN0427V"},"geometry":{"type":"Point","coordinates":[-98.122696,19.037343]}},{"type":"Feature","properties":{"name":"21PJN1260R"},"geometry":{"type":"Point","coordinates":[-98.124082,19.049624]}},{"type":"Feature","properties":{"name":"21PJN1330W"},"geometry":{"type":"Point","coordinates":[-98.129057,19.041304]}},{"type":"Feature","properties":{"name":"21PJN0989I"},"geometry":{"type":"Point","coordinates":[-98.130633,19.038056]}},{"type":"Feature","properties":{"name":"21EPR1576Z"},"geometry":{"type":"Point","coordinates":[-98.121318,19.047347]}},{"type":"Feature","properties":{"name":"21EES0303W"},"geometry":{"type":"Point","coordinates":[-98.121248,19.047419]}},{"type":"Feature","properties":{"name":"21EES0337M"},"geometry":{"type":"Point","coordinates":[-98.121248,19.047419]}},{"type":"Feature","properties":{"name":"21DTV0193N"},"geometry":{"type":"Point","coordinates":[-98.130716,19.038267]}},{"type":"Feature","properties":{"name":"21EST0010A"},"geometry":{"type":"Point","coordinates":[-98.11772,19.05064]}},{"type":"Feature","properties":{"name":"21DPB0804X"},"geometry":{"type":"Point","coordinates":[-98.118171,19.047405]}},{"type":"Feature","properties":{"name":"21PPR1116V"},"geometry":{"type":"Point","coordinates":[-98.249536,19.085493]}},{"type":"Feature","properties":{"name":"21DPR3499Z"},"geometry":{"type":"Point","coordinates":[-98.239583,19.09772]}},{"type":"Feature","properties":{"name":"21DPR2642Q"},"geometry":{"type":"Point","coordinates":[-98.237088,19.102816]}},{"type":"Feature","properties":{"name":"21DJN1007T"},"geometry":{"type":"Point","coordinates":[-98.239584,19.100082]}},{"type":"Feature","properties":{"name":"21EJN0795P"},"geometry":{"type":"Point","coordinates":[-98.244063,19.086244]}},{"type":"Feature","properties":{"name":"21PJN0398W"},"geometry":{"type":"Point","coordinates":[-98.237546,19.103149]}},{"type":"Feature","properties":{"name":"21PJN0731K"},"geometry":{"type":"Point","coordinates":[-98.239924,19.098375]}},{"type":"Feature","properties":{"name":"21DPR0044G"},"geometry":{"type":"Point","coordinates":[-98.239583,19.09772]}},{"type":"Feature","properties":{"name":"21PJN1516A"},"geometry":{"type":"Point","coordinates":[-98.249439,19.085531]}},{"type":"Feature","properties":{"name":"21EES0299Z"},"geometry":{"type":"Point","coordinates":[-98.243447,19.088693]}},{"type":"Feature","properties":{"name":"21PBH0247X"},"geometry":{"type":"Point","coordinates":[-98.254764,19.073913]}},{"type":"Feature","properties":{"name":"21PBH0486X"},"geometry":{"type":"Point","coordinates":[-98.255053,19.071566]}},{"type":"Feature","properties":{"name":"21DST0056X"},"geometry":{"type":"Point","coordinates":[-98.23968,19.100123]}},{"type":"Feature","properties":{"name":"21EBH0074Q"},"geometry":{"type":"Point","coordinates":[-98.23959,19.100142]}},{"type":"Feature","properties":{"name":"21EBH0279J"},"geometry":{"type":"Point","coordinates":[-98.245041,19.088186]}},{"type":"Feature","properties":{"name":"21PBH3704O"},"geometry":{"type":"Point","coordinates":[-98.263779,19.066384]}},{"type":"Feature","properties":{"name":"21DCC0694C"},"geometry":{"type":"Point","coordinates":[-98.189003,19.102217]}},{"type":"Feature","properties":{"name":"21DCC0695B"},"geometry":{"type":"Point","coordinates":[-98.158482,19.101863]}},{"type":"Feature","properties":{"name":"21DCC0696A"},"geometry":{"type":"Point","coordinates":[-98.18924,18.854892]}},{"type":"Feature","properties":{"name":"21DPR2966X"},"geometry":{"type":"Point","coordinates":[-98.166469,19.072706]}},{"type":"Feature","properties":{"name":"21DPR2968V"},"geometry":{"type":"Point","coordinates":[-98.208845,19.0171]}},{"type":"Feature","properties":{"name":"21DPR2978B"},"geometry":{"type":"Point","coordinates":[-98.145657,19.04811]}},{"type":"Feature","properties":{"name":"21DPR2980Q"},"geometry":{"type":"Point","coordinates":[-98.151651,19.032765]}},{"type":"Feature","properties":{"name":"21DPR2984M"},"geometry":{"type":"Point","coordinates":[-98.173781,19.035144]}},{"type":"Feature","properties":{"name":"21DPR2985L"},"geometry":{"type":"Point","coordinates":[-98.211055,19.063743]}},{"type":"Feature","properties":{"name":"21KJN1175Z"},"geometry":{"type":"Point","coordinates":[-98.276138,18.920707]}},{"type":"Feature","properties":{"name":"21KJN1287C"},"geometry":{"type":"Point","coordinates":[-98.252473,18.918694]}},{"type":"Feature","properties":{"name":"21KJN0409Q"},"geometry":{"type":"Point","coordinates":[-98.136703,18.927403]}},{"type":"Feature","properties":{"name":"21DPR3632Q"},"geometry":{"type":"Point","coordinates":[-98.238502,18.965598]}},{"type":"Feature","properties":{"name":"21PPR1078I"},"geometry":{"type":"Point","coordinates":[-98.198089,19.086069]}},{"type":"Feature","properties":{"name":"21PPR1080X"},"geometry":{"type":"Point","coordinates":[-98.177156,19.06208]}},{"type":"Feature","properties":{"name":"21PPR1083U"},"geometry":{"type":"Point","coordinates":[-98.24508,18.968091]}},{"type":"Feature","properties":{"name":"21PPR1086R"},"geometry":{"type":"Point","coordinates":[-98.125575,19.058605]}},{"type":"Feature","properties":{"name":"21PPR1087Q"},"geometry":{"type":"Point","coordinates":[-98.250877,18.98298]}},{"type":"Feature","properties":{"name":"21PPR1091C"},"geometry":{"type":"Point","coordinates":[-98.215216,19.020437]}},{"type":"Feature","properties":{"name":"21PPR1092B"},"geometry":{"type":"Point","coordinates":[-98.24722,18.998695]}},{"type":"Feature","properties":{"name":"21PPR1094Z"},"geometry":{"type":"Point","coordinates":[-98.246493,19.074389]}},{"type":"Feature","properties":{"name":"21EPR1587F"},"geometry":{"type":"Point","coordinates":[-98.274992,18.984434]}},{"type":"Feature","properties":{"name":"21EPR1588E"},"geometry":{"type":"Point","coordinates":[-98.12936,19.052481]}},{"type":"Feature","properties":{"name":"21PPR1096Y"},"geometry":{"type":"Point","coordinates":[-98.220654,19.008453]}},{"type":"Feature","properties":{"name":"21PPR1097X"},"geometry":{"type":"Point","coordinates":[-98.202769,19.079484]}},{"type":"Feature","properties":{"name":"21PPR1098W"},"geometry":{"type":"Point","coordinates":[-98.197671,19.026931]}},{"type":"Feature","properties":{"name":"21EPR1592R"},"geometry":{"type":"Point","coordinates":[-98.256856,18.960052]}},{"type":"Feature","properties":{"name":"21PPR1101T"},"geometry":{"type":"Point","coordinates":[-98.205162,18.975447]}},{"type":"Feature","properties":{"name":"21PPR1103R"},"geometry":{"type":"Point","coordinates":[-98.17943,19.043955]}},{"type":"Feature","properties":{"name":"21PPR1104Q"},"geometry":{"type":"Point","coordinates":[-98.252724,19.056068]}},{"type":"Feature","properties":{"name":"21PPR1106O"},"geometry":{"type":"Point","coordinates":[-98.139214,19.027681]}},{"type":"Feature","properties":{"name":"21PPR1108M"},"geometry":{"type":"Point","coordinates":[-98.243085,18.970077]}},{"type":"Feature","properties":{"name":"21DPR3724G"},"geometry":{"type":"Point","coordinates":[-98.150211,19.068658]}},{"type":"Feature","properties":{"name":"21DPR3725F"},"geometry":{"type":"Point","coordinates":[-98.174243,18.966338]}},{"type":"Feature","properties":{"name":"21DPR3722I"},"geometry":{"type":"Point","coordinates":[-98.142733,19.056919]}},{"type":"Feature","properties":{"name":"21PPR1111Z"},"geometry":{"type":"Point","coordinates":[-98.267844,18.978116]}},{"type":"Feature","properties":{"name":"21DPR3728C"},"geometry":{"type":"Point","coordinates":[-98.245368,18.961235]}},{"type":"Feature","properties":{"name":"21PPR1115W"},"geometry":{"type":"Point","coordinates":[-98.209604,18.998885]}},{"type":"Feature","properties":{"name":"21DPR3729B"},"geometry":{"type":"Point","coordinates":[-98.270242,18.955158]}},{"type":"Feature","properties":{"name":"21PPR1117U"},"geometry":{"type":"Point","coordinates":[-98.175705,18.970778]}},{"type":"Feature","properties":{"name":"21PPR1118T"},"geometry":{"type":"Point","coordinates":[-98.225248,19.015415]}},{"type":"Feature","properties":{"name":"21PPR1120H"},"geometry":{"type":"Point","coordinates":[-98.226651,19.017744]}},{"type":"Feature","properties":{"name":"21PPR1121G"},"geometry":{"type":"Point","coordinates":[-98.223334,19.123222]}},{"type":"Feature","properties":{"name":"21PPR1122F"},"geometry":{"type":"Point","coordinates":[-98.246387,19.070295]}},{"type":"Feature","properties":{"name":"21PPR1127A"},"geometry":{"type":"Point","coordinates":[-98.234132,19.074705]}},{"type":"Feature","properties":{"name":"21EPR1611P"},"geometry":{"type":"Point","coordinates":[-98.22307,18.975075]}},{"type":"Feature","properties":{"name":"21PPR1130O"},"geometry":{"type":"Point","coordinates":[-98.193325,19.029761]}},{"type":"Feature","properties":{"name":"21PPR1131N"},"geometry":{"type":"Point","coordinates":[-98.210718,18.975202]}},{"type":"Feature","properties":{"name":"21PPR1132M"},"geometry":{"type":"Point","coordinates":[-98.249155,19.046466]}},{"type":"Feature","properties":{"name":"21PPR1134K"},"geometry":{"type":"Point","coordinates":[-98.197806,19.009116]}},{"type":"Feature","properties":{"name":"21PPR1137H"},"geometry":{"type":"Point","coordinates":[-98.204138,18.978322]}},{"type":"Feature","properties":{"name":"21PPR1138G"},"geometry":{"type":"Point","coordinates":[-98.215611,19.013972]}},{"type":"Feature","properties":{"name":"21PPR1139F"},"geometry":{"type":"Point","coordinates":[-98.128538,19.049997]}},{"type":"Feature","properties":{"name":"21PPR1140V"},"geometry":{"type":"Point","coordinates":[-98.210131,19.045438]}},{"type":"Feature","properties":{"name":"21PPR1141U"},"geometry":{"type":"Point","coordinates":[-98.211132,19.008424]}},{"type":"Feature","properties":{"name":"21PPR1143S"},"geometry":{"type":"Point","coordinates":[-98.239604,18.957548]}},{"type":"Feature","properties":{"name":"21PPR1145Q"},"geometry":{"type":"Point","coordinates":[-98.230203,19.00866]}},{"type":"Feature","properties":{"name":"21PPR1147O"},"geometry":{"type":"Point","coordinates":[-98.24398,19.05199]}},{"type":"Feature","properties":{"name":"21PPR1148N"},"geometry":{"type":"Point","coordinates":[-98.250329,19.080525]}},{"type":"Feature","properties":{"name":"21EPR1615L"},"geometry":{"type":"Point","coordinates":[-98.167664,19.090918]}},{"type":"Feature","properties":{"name":"21PPR1149M"},"geometry":{"type":"Point","coordinates":[-98.197495,19.04399]}},{"type":"Feature","properties":{"name":"21DPR3730R"},"geometry":{"type":"Point","coordinates":[-98.197495,19.04399]}},{"type":"Feature","properties":{"name":"21PPR1152Z"},"geometry":{"type":"Point","coordinates":[-98.197495,19.04399]}},{"type":"Feature","properties":{"name":"21PPR1153Z"},"geometry":{"type":"Point","coordinates":[-98.103601,19.149505]}},{"type":"Feature","properties":{"name":"21PPR1159T"},"geometry":{"type":"Point","coordinates":[-98.197495,19.04399]}},{"type":"Feature","properties":{"name":"21PPR1160I"},"geometry":{"type":"Point","coordinates":[-98.197495,19.04399]}},{"type":"Feature","properties":{"name":"21PPR1161H"},"geometry":{"type":"Point","coordinates":[-98.197495,19.04399]}},{"type":"Feature","properties":{"name":"21PPR1162G"},"geometry":{"type":"Point","coordinates":[-98.197495,19.04399]}},{"type":"Feature","properties":{"name":"21PPR1163F"},"geometry":{"type":"Point","coordinates":[-98.197495,19.04399]}},{"type":"Feature","properties":{"name":"21PPR1167B"},"geometry":{"type":"Point","coordinates":[-98.197495,19.04399]}},{"type":"Feature","properties":{"name":"21PPR1166C"},"geometry":{"type":"Point","coordinates":[-98.139587,19.078785]}},{"type":"Feature","properties":{"name":"21PPR1168A"},"geometry":{"type":"Point","coordinates":[-98.197495,19.04399]}},{"type":"Feature","properties":{"name":"21PPR1170P"},"geometry":{"type":"Point","coordinates":[-98.197495,19.04399]}},{"type":"Feature","properties":{"name":"21PPR1171O"},"geometry":{"type":"Point","coordinates":[-98.197495,19.04399]}},{"type":"Feature","properties":{"name":"21EPR1619H"},"geometry":{"type":"Point","coordinates":[-98.197495,19.04399]}},{"type":"Feature","properties":{"name":"21PPR1172N"},"geometry":{"type":"Point","coordinates":[-98.197495,19.04399]}},{"type":"Feature","properties":{"name":"21KJN0529C"},"geometry":{"type":"Point","coordinates":[-98.241667,18.932778]}},{"type":"Feature","properties":{"name":"21DPR2994T"},"geometry":{"type":"Point","coordinates":[-98.177761,19.069594]}},{"type":"Feature","properties":{"name":"21DPR2995S"},"geometry":{"type":"Point","coordinates":[-98.211764,19.054218]}},{"type":"Feature","properties":{"name":"21KJN0624G"},"geometry":{"type":"Point","coordinates":[-98.232737,18.941667]}},{"type":"Feature","properties":{"name":"21DCC0841W"},"geometry":{"type":"Point","coordinates":[-98.099442,19.158552]}},{"type":"Feature","properties":{"name":"21DPR3020R"},"geometry":{"type":"Point","coordinates":[-98.169227,19.056072]}},{"type":"Feature","properties":{"name":"21DCC0877K"},"geometry":{"type":"Point","coordinates":[-98.134299,19.067552]}},{"type":"Feature","properties":{"name":"21KJN0788Q"},"geometry":{"type":"Point","coordinates":[-98.265467,18.854939]}},{"type":"Feature","properties":{"name":"21DPR3045Z"},"geometry":{"type":"Point","coordinates":[-98.249638,19.079534]}},{"type":"Feature","properties":{"name":"21DPR3047Y"},"geometry":{"type":"Point","coordinates":[-98.251795,19.072003]}},{"type":"Feature","properties":{"name":"21DPR3402Y"},"geometry":{"type":"Point","coordinates":[-98.1356,19.057363]}},{"type":"Feature","properties":{"name":"21DPR3409R"},"geometry":{"type":"Point","coordinates":[-98.214303,18.993882]}},{"type":"Feature","properties":{"name":"21DCC0968B"},"geometry":{"type":"Point","coordinates":[-98.236059,18.973061]}},{"type":"Feature","properties":{"name":"21DPR3415B"},"geometry":{"type":"Point","coordinates":[-98.237768,18.946778]}},{"type":"Feature","properties":{"name":"21DPR3417Z"},"geometry":{"type":"Point","coordinates":[-98.262808,18.963251]}},{"type":"Feature","properties":{"name":"21DPR3427G"},"geometry":{"type":"Point","coordinates":[-98.147976,19.063062]}},{"type":"Feature","properties":{"name":"21DCC0697Z"},"geometry":{"type":"Point","coordinates":[-98.145479,19.065502]}},{"type":"Feature","properties":{"name":"21DCC0698Z"},"geometry":{"type":"Point","coordinates":[-98.20406,18.85016]}},{"type":"Feature","properties":{"name":"21DPR3439L"},"geometry":{"type":"Point","coordinates":[-98.181803,19.073502]}},{"type":"Feature","properties":{"name":"21DPR3440A"},"geometry":{"type":"Point","coordinates":[-98.238502,18.965598]}},{"type":"Feature","properties":{"name":"21DPR3450H"},"geometry":{"type":"Point","coordinates":[-98.169929,19.039728]}},{"type":"Feature","properties":{"name":"21DPR3451G"},"geometry":{"type":"Point","coordinates":[-98.209369,18.995347]}},{"type":"Feature","properties":{"name":"21DPR3458Z"},"geometry":{"type":"Point","coordinates":[-98.13195,19.060953]}},{"type":"Feature","properties":{"name":"21DPR3464K"},"geometry":{"type":"Point","coordinates":[-98.214413,19.113305]}},{"type":"Feature","properties":{"name":"21DPR3472T"},"geometry":{"type":"Point","coordinates":[-98.138881,19.022307]}},{"type":"Feature","properties":{"name":"21DPR3478N"},"geometry":{"type":"Point","coordinates":[-98.197393,18.991646]}},{"type":"Feature","properties":{"name":"21DPR3481A"},"geometry":{"type":"Point","coordinates":[-98.204537,18.986023]}},{"type":"Feature","properties":{"name":"21DPR3488U"},"geometry":{"type":"Point","coordinates":[-98.140291,19.035462]}},{"type":"Feature","properties":{"name":"21DPR3495D"},"geometry":{"type":"Point","coordinates":[-98.163766,18.891896]}},{"type":"Feature","properties":{"name":"21DCC0732P"},"geometry":{"type":"Point","coordinates":[-98.233813,18.975464]}},{"type":"Feature","properties":{"name":"21DCC0734N"},"geometry":{"type":"Point","coordinates":[-98.135192,19.088099]}},{"type":"Feature","properties":{"name":"21DPR3504V"},"geometry":{"type":"Point","coordinates":[-98.154901,18.96015]}},{"type":"Feature","properties":{"name":"21DPR3505U"},"geometry":{"type":"Point","coordinates":[-98.163749,18.9725]}},{"type":"Feature","properties":{"name":"21DCC0741X"},"geometry":{"type":"Point","coordinates":[-98.213654,18.992254]}},{"type":"Feature","properties":{"name":"21DPR0772W"},"geometry":{"type":"Point","coordinates":[-98.230077,18.993519]}},{"type":"Feature","properties":{"name":"21DPR0773V"},"geometry":{"type":"Point","coordinates":[-98.230077,18.993519]}},{"type":"Feature","properties":{"name":"21DPR3509Q"},"geometry":{"type":"Point","coordinates":[-98.185403,19.085155]}},{"type":"Feature","properties":{"name":"21DCC0748Q"},"geometry":{"type":"Point","coordinates":[-98.2084,18.981701]}},{"type":"Feature","properties":{"name":"21DCC0762J"},"geometry":{"type":"Point","coordinates":[-98.274981,18.96174]}},{"type":"Feature","properties":{"name":"21DPR3518Y"},"geometry":{"type":"Point","coordinates":[-98.141002,19.068906]}},{"type":"Feature","properties":{"name":"21DPR3531S"},"geometry":{"type":"Point","coordinates":[-98.246988,19.007652]}},{"type":"Feature","properties":{"name":"21DPR3533Q"},"geometry":{"type":"Point","coordinates":[-98.245954,18.954124]}},{"type":"Feature","properties":{"name":"21DPR3538L"},"geometry":{"type":"Point","coordinates":[-98.189064,18.994777]}},{"type":"Feature","properties":{"name":"21DPR3549R"},"geometry":{"type":"Point","coordinates":[-98.223869,19.086466]}},{"type":"Feature","properties":{"name":"21DCC0777L"},"geometry":{"type":"Point","coordinates":[-98.163039,18.958756]}},{"type":"Feature","properties":{"name":"21DPR3556A"},"geometry":{"type":"Point","coordinates":[-98.255114,18.989242]}},{"type":"Feature","properties":{"name":"21DPR3558Z"},"geometry":{"type":"Point","coordinates":[-98.125302,19.032416]}},{"type":"Feature","properties":{"name":"21DPR3567G"},"geometry":{"type":"Point","coordinates":[-98.136728,18.92698]}},{"type":"Feature","properties":{"name":"21DPR3594D"},"geometry":{"type":"Point","coordinates":[-98.13195,19.060953]}},{"type":"Feature","properties":{"name":"21DPR3595C"},"geometry":{"type":"Point","coordinates":[-98.24086,18.944802]}},{"type":"Feature","properties":{"name":"21DPR3598Z"},"geometry":{"type":"Point","coordinates":[-98.234437,18.953553]}},{"type":"Feature","properties":{"name":"21DPR3601X"},"geometry":{"type":"Point","coordinates":[-98.197393,18.991646]}},{"type":"Feature","properties":{"name":"21DPR0877Q"},"geometry":{"type":"Point","coordinates":[-98.234769,19.054726]}},{"type":"Feature","properties":{"name":"21DPR0930V"},"geometry":{"type":"Point","coordinates":[-98.174481,19.050738]}},{"type":"Feature","properties":{"name":"21DPR0931U"},"geometry":{"type":"Point","coordinates":[-98.162885,19.046086]}},{"type":"Feature","properties":{"name":"21DPR0932T"},"geometry":{"type":"Point","coordinates":[-98.174156,19.051211]}},{"type":"Feature","properties":{"name":"21DPR0933S"},"geometry":{"type":"Point","coordinates":[-98.226214,19.049561]}},{"type":"Feature","properties":{"name":"21DPR0935Q"},"geometry":{"type":"Point","coordinates":[-98.251781,19.072075]}},{"type":"Feature","properties":{"name":"21DPR0937O"},"geometry":{"type":"Point","coordinates":[-98.229554,19.077656]}},{"type":"Feature","properties":{"name":"21DPR0938N"},"geometry":{"type":"Point","coordinates":[-98.20891,19.071772]}},{"type":"Feature","properties":{"name":"21DPR0953F"},"geometry":{"type":"Point","coordinates":[-98.200112,19.005463]}},{"type":"Feature","properties":{"name":"21DPR0955D"},"geometry":{"type":"Point","coordinates":[-98.234296,18.999379]}},{"type":"Feature","properties":{"name":"21DPR0957B"},"geometry":{"type":"Point","coordinates":[-98.241633,19.009096]}},{"type":"Feature","properties":{"name":"21DPR0958A"},"geometry":{"type":"Point","coordinates":[-98.197224,19.102055]}},{"type":"Feature","properties":{"name":"21DPR0959Z"},"geometry":{"type":"Point","coordinates":[-98.170221,19.078099]}},{"type":"Feature","properties":{"name":"21DPR0961O"},"geometry":{"type":"Point","coordinates":[-98.19518,19.078087]}},{"type":"Feature","properties":{"name":"21DPR0962N"},"geometry":{"type":"Point","coordinates":[-98.177596,19.069492]}},{"type":"Feature","properties":{"name":"21DPR3607R"},"geometry":{"type":"Point","coordinates":[-98.254759,18.901612]}},{"type":"Feature","properties":{"name":"21DPR0826J"},"geometry":{"type":"Point","coordinates":[-98.178134,18.994989]}},{"type":"Feature","properties":{"name":"21KPR0637A"},"geometry":{"type":"Point","coordinates":[-98.267084,18.853986]}},{"type":"Feature","properties":{"name":"21DPR1000Q"},"geometry":{"type":"Point","coordinates":[-98.202539,19.061212]}},{"type":"Feature","properties":{"name":"21DCC1113N"},"geometry":{"type":"Point","coordinates":[-98.17382,18.949951]}},{"type":"Feature","properties":{"name":"21DPR1314Q"},"geometry":{"type":"Point","coordinates":[-98.112005,18.923209]}},{"type":"Feature","properties":{"name":"21DPR1320A"},"geometry":{"type":"Point","coordinates":[-98.231898,18.940198]}},{"type":"Feature","properties":{"name":"21DPR1323Y"},"geometry":{"type":"Point","coordinates":[-98.178134,18.994989]}},{"type":"Feature","properties":{"name":"21DPR1496P"},"geometry":{"type":"Point","coordinates":[-98.23717,19.046204]}},{"type":"Feature","properties":{"name":"21DPR1501K"},"geometry":{"type":"Point","coordinates":[-98.199508,19.091699]}},{"type":"Feature","properties":{"name":"21DPR1012V"},"geometry":{"type":"Point","coordinates":[-98.218026,18.976674]}},{"type":"Feature","properties":{"name":"21DPR1014T"},"geometry":{"type":"Point","coordinates":[-98.225818,19.017905]}},{"type":"Feature","properties":{"name":"21DPR1015S"},"geometry":{"type":"Point","coordinates":[-98.154802,19.052232]}},{"type":"Feature","properties":{"name":"21DPR1017Q"},"geometry":{"type":"Point","coordinates":[-98.138881,19.022307]}},{"type":"Feature","properties":{"name":"21DPR1022B"},"geometry":{"type":"Point","coordinates":[-98.182136,19.013317]}},{"type":"Feature","properties":{"name":"21DPR1024Z"},"geometry":{"type":"Point","coordinates":[-98.173827,19.035058]}},{"type":"Feature","properties":{"name":"21DPR1029V"},"geometry":{"type":"Point","coordinates":[-98.160148,19.08586]}},{"type":"Feature","properties":{"name":"21DCC1147D"},"geometry":{"type":"Point","coordinates":[-98.242804,18.948791]}},{"type":"Feature","properties":{"name":"21DPR1064A"},"geometry":{"type":"Point","coordinates":[-98.164409,19.052867]}},{"type":"Feature","properties":{"name":"21DCC1179W"},"geometry":{"type":"Point","coordinates":[-98.241617,18.910361]}},{"type":"Feature","properties":{"name":"21DCC1184H"},"geometry":{"type":"Point","coordinates":[-98.206268,18.951237]}},{"type":"Feature","properties":{"name":"21DPR1557M"},"geometry":{"type":"Point","coordinates":[-98.164968,18.86268]}},{"type":"Feature","properties":{"name":"21DPR1558L"},"geometry":{"type":"Point","coordinates":[-98.154649,18.960507]}},{"type":"Feature","properties":{"name":"21DPR1561Z"},"geometry":{"type":"Point","coordinates":[-98.175507,18.91083]}},{"type":"Feature","properties":{"name":"21DPR1563X"},"geometry":{"type":"Point","coordinates":[-98.159117,18.945968]}},{"type":"Feature","properties":{"name":"21DPR1564W"},"geometry":{"type":"Point","coordinates":[-98.18924,18.854892]}},{"type":"Feature","properties":{"name":"21DPR1565V"},"geometry":{"type":"Point","coordinates":[-98.192284,18.904101]}},{"type":"Feature","properties":{"name":"21DPR1566U"},"geometry":{"type":"Point","coordinates":[-98.197685,18.965653]}},{"type":"Feature","properties":{"name":"21DPR1567T"},"geometry":{"type":"Point","coordinates":[-98.174227,18.921418]}},{"type":"Feature","properties":{"name":"21DPR1568S"},"geometry":{"type":"Point","coordinates":[-98.224305,18.903754]}},{"type":"Feature","properties":{"name":"21DPR1569R"},"geometry":{"type":"Point","coordinates":[-98.254576,18.901502]}},{"type":"Feature","properties":{"name":"21DPR1570G"},"geometry":{"type":"Point","coordinates":[-98.203631,18.849139]}},{"type":"Feature","properties":{"name":"21DPR1090Z"},"geometry":{"type":"Point","coordinates":[-98.135148,19.057801]}},{"type":"Feature","properties":{"name":"21DPR1123Z"},"geometry":{"type":"Point","coordinates":[-98.196087,18.884364]}},{"type":"Feature","properties":{"name":"21DPR1125Y"},"geometry":{"type":"Point","coordinates":[-98.260764,18.888888]}},{"type":"Feature","properties":{"name":"21DPR1197R"},"geometry":{"type":"Point","coordinates":[-98.185392,19.024954]}},{"type":"Feature","properties":{"name":"21DPR1222Z"},"geometry":{"type":"Point","coordinates":[-98.19518,19.078087]}},{"type":"Feature","properties":{"name":"21DPR1227V"},"geometry":{"type":"Point","coordinates":[-98.227064,19.013409]}},{"type":"Feature","properties":{"name":"21DPR1249G"},"geometry":{"type":"Point","coordinates":[-98.184809,19.046596]}},{"type":"Feature","properties":{"name":"21DPR1261B"},"geometry":{"type":"Point","coordinates":[-98.178468,19.07941]}},{"type":"Feature","properties":{"name":"21DPR1262A"},"geometry":{"type":"Point","coordinates":[-98.17663,19.079056]}},{"type":"Feature","properties":{"name":"21DPR1263Z"},"geometry":{"type":"Point","coordinates":[-98.167448,19.084579]}},{"type":"Feature","properties":{"name":"21DPR1264Z"},"geometry":{"type":"Point","coordinates":[-98.224977,19.003863]}},{"type":"Feature","properties":{"name":"21DPR1269U"},"geometry":{"type":"Point","coordinates":[-98.154649,18.960507]}},{"type":"Feature","properties":{"name":"21DPR1270J"},"geometry":{"type":"Point","coordinates":[-98.155701,18.971121]}},{"type":"Feature","properties":{"name":"21DPR1271I"},"geometry":{"type":"Point","coordinates":[-98.148668,19.030578]}},{"type":"Feature","properties":{"name":"21DPR1272H"},"geometry":{"type":"Point","coordinates":[-98.164409,19.052867]}},{"type":"Feature","properties":{"name":"21DPR1273G"},"geometry":{"type":"Point","coordinates":[-98.114852,19.078967]}},{"type":"Feature","properties":{"name":"21KPR0131L"},"geometry":{"type":"Point","coordinates":[-98.241667,18.932778]}},{"type":"Feature","properties":{"name":"21KPR0709D"},"geometry":{"type":"Point","coordinates":[-98.26111,18.890343]}},{"type":"Feature","properties":{"name":"21KPR0892S"},"geometry":{"type":"Point","coordinates":[-98.276138,18.920707]}},{"type":"Feature","properties":{"name":"21DPR0699D"},"geometry":{"type":"Point","coordinates":[-98.218557,19.106688]}},{"type":"Feature","properties":{"name":"21DPR2641R"},"geometry":{"type":"Point","coordinates":[-98.222001,19.020832]}},{"type":"Feature","properties":{"name":"21DPR3672R"},"geometry":{"type":"Point","coordinates":[-98.263992,18.978611]}},{"type":"Feature","properties":{"name":"21KPB0145N"},"geometry":{"type":"Point","coordinates":[-98.059722,19.133889]}},{"type":"Feature","properties":{"name":"21DPR1778X"},"geometry":{"type":"Point","coordinates":[-98.208845,19.0171]}},{"type":"Feature","properties":{"name":"21DPR1661Y"},"geometry":{"type":"Point","coordinates":[-98.244217,19.080501]}},{"type":"Feature","properties":{"name":"21DPR1663W"},"geometry":{"type":"Point","coordinates":[-98.181031,19.018995]}},{"type":"Feature","properties":{"name":"21DPR1664V"},"geometry":{"type":"Point","coordinates":[-98.223133,19.011728]}},{"type":"Feature","properties":{"name":"21DPR1665U"},"geometry":{"type":"Point","coordinates":[-98.192755,19.005074]}},{"type":"Feature","properties":{"name":"21DPR1666T"},"geometry":{"type":"Point","coordinates":[-98.152721,19.041143]}},{"type":"Feature","properties":{"name":"21DPR1667S"},"geometry":{"type":"Point","coordinates":[-98.152721,19.041143]}},{"type":"Feature","properties":{"name":"21DPR1792Q"},"geometry":{"type":"Point","coordinates":[-98.180017,19.027375]}},{"type":"Feature","properties":{"name":"21DPR1815K"},"geometry":{"type":"Point","coordinates":[-98.184181,18.883319]}},{"type":"Feature","properties":{"name":"21DPR1668R"},"geometry":{"type":"Point","coordinates":[-98.203554,19.067524]}},{"type":"Feature","properties":{"name":"21DPR1893O"},"geometry":{"type":"Point","coordinates":[-98.213654,19.011579]}},{"type":"Feature","properties":{"name":"21DPR1897K"},"geometry":{"type":"Point","coordinates":[-98.23434,18.999303]}},{"type":"Feature","properties":{"name":"21DPR1899I"},"geometry":{"type":"Point","coordinates":[-98.237647,19.002105]}},{"type":"Feature","properties":{"name":"21DPR1905C"},"geometry":{"type":"Point","coordinates":[-98.172753,19.073839]}},{"type":"Feature","properties":{"name":"21DPR1907A"},"geometry":{"type":"Point","coordinates":[-98.234769,19.054726]}},{"type":"Feature","properties":{"name":"21DPR1908Z"},"geometry":{"type":"Point","coordinates":[-98.237126,18.997725]}},{"type":"Feature","properties":{"name":"21DPR1909Z"},"geometry":{"type":"Point","coordinates":[-98.219511,19.034225]}},{"type":"Feature","properties":{"name":"21DPR1915J"},"geometry":{"type":"Point","coordinates":[-98.169227,19.056072]}},{"type":"Feature","properties":{"name":"21DPR1927O"},"geometry":{"type":"Point","coordinates":[-98.237126,18.997725]}},{"type":"Feature","properties":{"name":"21DPR1947B"},"geometry":{"type":"Point","coordinates":[-98.204537,18.986023]}},{"type":"Feature","properties":{"name":"21DPR1994M"},"geometry":{"type":"Point","coordinates":[-98.174029,19.051396]}},{"type":"Feature","properties":{"name":"21DPR1995L"},"geometry":{"type":"Point","coordinates":[-98.187265,19.047892]}},{"type":"Feature","properties":{"name":"21DPR1996K"},"geometry":{"type":"Point","coordinates":[-98.146987,19.047916]}},{"type":"Feature","properties":{"name":"21DPR1999H"},"geometry":{"type":"Point","coordinates":[-98.146987,19.047916]}},{"type":"Feature","properties":{"name":"21DPR2004T"},"geometry":{"type":"Point","coordinates":[-98.21007,19.061596]}},{"type":"Feature","properties":{"name":"21DPR2037K"},"geometry":{"type":"Point","coordinates":[-98.232342,19.011378]}},{"type":"Feature","properties":{"name":"21DJN0075J"},"geometry":{"type":"Point","coordinates":[-98.200307,19.004706]}},{"type":"Feature","properties":{"name":"21DJN0076I"},"geometry":{"type":"Point","coordinates":[-98.227983,19.009278]}},{"type":"Feature","properties":{"name":"21DJN0161F"},"geometry":{"type":"Point","coordinates":[-98.208479,19.018964]}},{"type":"Feature","properties":{"name":"21DJN0163D"},"geometry":{"type":"Point","coordinates":[-98.240199,19.009739]}},{"type":"Feature","properties":{"name":"21DJN0165B"},"geometry":{"type":"Point","coordinates":[-98.146946,19.03653]}},{"type":"Feature","properties":{"name":"21DJN0168Z"},"geometry":{"type":"Point","coordinates":[-98.169564,19.055416]}},{"type":"Feature","properties":{"name":"21PPR0650Q"},"geometry":{"type":"Point","coordinates":[-98.153048,19.042417]}},{"type":"Feature","properties":{"name":"21PPR0655L"},"geometry":{"type":"Point","coordinates":[-98.221427,19.012578]}},{"type":"Feature","properties":{"name":"21PPR0657J"},"geometry":{"type":"Point","coordinates":[-98.251618,18.988861]}},{"type":"Feature","properties":{"name":"21PPR0660X"},"geometry":{"type":"Point","coordinates":[-98.180891,19.014401]}},{"type":"Feature","properties":{"name":"21PPR0670D"},"geometry":{"type":"Point","coordinates":[-98.134793,19.063208]}},{"type":"Feature","properties":{"name":"21PPR0675Z"},"geometry":{"type":"Point","coordinates":[-98.194097,19.010957]}},{"type":"Feature","properties":{"name":"21PPR0681J"},"geometry":{"type":"Point","coordinates":[-98.18463,19.002498]}},{"type":"Feature","properties":{"name":"21PPR0684G"},"geometry":{"type":"Point","coordinates":[-98.214096,19.032581]}},{"type":"Feature","properties":{"name":"21PPR0686E"},"geometry":{"type":"Point","coordinates":[-98.230134,19.009655]}},{"type":"Feature","properties":{"name":"21PPR0687D"},"geometry":{"type":"Point","coordinates":[-98.167006,19.057431]}},{"type":"Feature","properties":{"name":"21PPR0689B"},"geometry":{"type":"Point","coordinates":[-98.208006,19.067364]}},{"type":"Feature","properties":{"name":"21PPR0694N"},"geometry":{"type":"Point","coordinates":[-98.248827,19.071165]}},{"type":"Feature","properties":{"name":"21PPR0700H"},"geometry":{"type":"Point","coordinates":[-98.194394,19.013931]}},{"type":"Feature","properties":{"name":"21EPR0086E"},"geometry":{"type":"Point","coordinates":[-98.131565,19.100427]}},{"type":"Feature","properties":{"name":"21PPR0701G"},"geometry":{"type":"Point","coordinates":[-98.221271,19.066153]}},{"type":"Feature","properties":{"name":"21PPR0703E"},"geometry":{"type":"Point","coordinates":[-98.144495,19.046557]}},{"type":"Feature","properties":{"name":"21PPR0704D"},"geometry":{"type":"Point","coordinates":[-98.192326,19.027725]}},{"type":"Feature","properties":{"name":"21PPR0711N"},"geometry":{"type":"Point","coordinates":[-98.210024,19.009914]}},{"type":"Feature","properties":{"name":"21PPR0714K"},"geometry":{"type":"Point","coordinates":[-98.204758,19.025315]}},{"type":"Feature","properties":{"name":"21PPR0715J"},"geometry":{"type":"Point","coordinates":[-98.20238,19.013556]}},{"type":"Feature","properties":{"name":"21PPR0716I"},"geometry":{"type":"Point","coordinates":[-98.229079,19.085699]}},{"type":"Feature","properties":{"name":"21PPR0717H"},"geometry":{"type":"Point","coordinates":[-98.23688,19.071642]}},{"type":"Feature","properties":{"name":"21PPR0719F"},"geometry":{"type":"Point","coordinates":[-98.204334,18.996181]}},{"type":"Feature","properties":{"name":"21PPR0721U"},"geometry":{"type":"Point","coordinates":[-98.203917,19.007945]}},{"type":"Feature","properties":{"name":"21PPR0730B"},"geometry":{"type":"Point","coordinates":[-98.148556,19.044433]}},{"type":"Feature","properties":{"name":"21PPR0731A"},"geometry":{"type":"Point","coordinates":[-98.225145,19.058821]}},{"type":"Feature","properties":{"name":"21PPR0733Z"},"geometry":{"type":"Point","coordinates":[-98.220858,19.015535]}},{"type":"Feature","properties":{"name":"21PPR0734Y"},"geometry":{"type":"Point","coordinates":[-98.231337,19.014729]}},{"type":"Feature","properties":{"name":"21PPR0740I"},"geometry":{"type":"Point","coordinates":[-98.258066,18.966442]}},{"type":"Feature","properties":{"name":"21PPR0741H"},"geometry":{"type":"Point","coordinates":[-98.225356,19.059817]}},{"type":"Feature","properties":{"name":"21PPR0743F"},"geometry":{"type":"Point","coordinates":[-98.221549,19.058312]}},{"type":"Feature","properties":{"name":"21PPR0744E"},"geometry":{"type":"Point","coordinates":[-98.167142,19.070201]}},{"type":"Feature","properties":{"name":"21PPR0745D"},"geometry":{"type":"Point","coordinates":[-98.240413,19.064651]}},{"type":"Feature","properties":{"name":"21PPR0747B"},"geometry":{"type":"Point","coordinates":[-98.185444,19.041063]}},{"type":"Feature","properties":{"name":"21PPR0753M"},"geometry":{"type":"Point","coordinates":[-98.182829,18.971336]}},{"type":"Feature","properties":{"name":"21PPR0757I"},"geometry":{"type":"Point","coordinates":[-98.203457,18.993602]}},{"type":"Feature","properties":{"name":"21PPR0760W"},"geometry":{"type":"Point","coordinates":[-98.13883,19.057131]}},{"type":"Feature","properties":{"name":"21PPR0761V"},"geometry":{"type":"Point","coordinates":[-98.135972,19.059466]}},{"type":"Feature","properties":{"name":"21PPR0763T"},"geometry":{"type":"Point","coordinates":[-98.205466,19.002513]}},{"type":"Feature","properties":{"name":"21PPR0765R"},"geometry":{"type":"Point","coordinates":[-98.182355,19.081221]}},{"type":"Feature","properties":{"name":"21PPR0766Q"},"geometry":{"type":"Point","coordinates":[-98.237745,18.973307]}},{"type":"Feature","properties":{"name":"21PPR0767P"},"geometry":{"type":"Point","coordinates":[-98.187184,18.969908]}},{"type":"Feature","properties":{"name":"21PPR0768O"},"geometry":{"type":"Point","coordinates":[-98.223572,18.999547]}},{"type":"Feature","properties":{"name":"21PPR0769N"},"geometry":{"type":"Point","coordinates":[-98.251443,19.073172]}},{"type":"Feature","properties":{"name":"21PPR0771B"},"geometry":{"type":"Point","coordinates":[-98.182252,19.014728]}},{"type":"Feature","properties":{"name":"21PPR0772A"},"geometry":{"type":"Point","coordinates":[-98.204569,19.017182]}},{"type":"Feature","properties":{"name":"21PPR0773Z"},"geometry":{"type":"Point","coordinates":[-98.236723,19.075826]}},{"type":"Feature","properties":{"name":"21PPR0776X"},"geometry":{"type":"Point","coordinates":[-98.205168,19.017184]}},{"type":"Feature","properties":{"name":"21PPR0777W"},"geometry":{"type":"Point","coordinates":[-98.201469,18.974618]}},{"type":"Feature","properties":{"name":"21PPR0778V"},"geometry":{"type":"Point","coordinates":[-98.152983,19.038936]}},{"type":"Feature","properties":{"name":"21PPR0791P"},"geometry":{"type":"Point","coordinates":[-98.20406,19.059839]}},{"type":"Feature","properties":{"name":"21PPR0794M"},"geometry":{"type":"Point","coordinates":[-98.23297,19.049129]}},{"type":"Feature","properties":{"name":"21PPR0795L"},"geometry":{"type":"Point","coordinates":[-98.163273,19.052949]}},{"type":"Feature","properties":{"name":"21PPR0796K"},"geometry":{"type":"Point","coordinates":[-98.241111,19.009757]}},{"type":"Feature","properties":{"name":"21PPR0797J"},"geometry":{"type":"Point","coordinates":[-98.242388,19.012167]}},{"type":"Feature","properties":{"name":"21PPR0798I"},"geometry":{"type":"Point","coordinates":[-98.243525,18.994202]}},{"type":"Feature","properties":{"name":"21PPR0800G"},"geometry":{"type":"Point","coordinates":[-98.254811,18.985575]}},{"type":"Feature","properties":{"name":"21PPR0802E"},"geometry":{"type":"Point","coordinates":[-98.230958,19.016774]}},{"type":"Feature","properties":{"name":"21PPR0807Z"},"geometry":{"type":"Point","coordinates":[-98.246817,19.051079]}},{"type":"Feature","properties":{"name":"21PPR0808Z"},"geometry":{"type":"Point","coordinates":[-98.185457,18.971479]}},{"type":"Feature","properties":{"name":"21EPR0148A"},"geometry":{"type":"Point","coordinates":[-98.220669,19.044429]}},{"type":"Feature","properties":{"name":"21DJN0030N"},"geometry":{"type":"Point","coordinates":[-98.213377,19.114366]}},{"type":"Feature","properties":{"name":"21DJN0031M"},"geometry":{"type":"Point","coordinates":[-98.162732,19.054555]}},{"type":"Feature","properties":{"name":"21PPR0814J"},"geometry":{"type":"Point","coordinates":[-98.213312,19.016695]}},{"type":"Feature","properties":{"name":"21PPR0824Q"},"geometry":{"type":"Point","coordinates":[-98.179434,19.006004]}},{"type":"Feature","properties":{"name":"21EPR0168O"},"geometry":{"type":"Point","coordinates":[-98.128773,19.102313]}},{"type":"Feature","properties":{"name":"21EPR0183G"},"geometry":{"type":"Point","coordinates":[-98.208511,19.044077]}},{"type":"Feature","properties":{"name":"21EPR0184F"},"geometry":{"type":"Point","coordinates":[-98.190481,19.057811]}},{"type":"Feature","properties":{"name":"21EPR0189A"},"geometry":{"type":"Point","coordinates":[-98.228258,19.046355]}},{"type":"Feature","properties":{"name":"21PPR0825P"},"geometry":{"type":"Point","coordinates":[-98.233496,19.060059]}},{"type":"Feature","properties":{"name":"21PPR0832Z"},"geometry":{"type":"Point","coordinates":[-98.253684,19.073425]}},{"type":"Feature","properties":{"name":"21DJN0039E"},"geometry":{"type":"Point","coordinates":[-98.187252,19.023092]}},{"type":"Feature","properties":{"name":"21DJN0045P"},"geometry":{"type":"Point","coordinates":[-98.221671,19.020278]}},{"type":"Feature","properties":{"name":"21PPR0835W"},"geometry":{"type":"Point","coordinates":[-98.19712,19.040209]}},{"type":"Feature","properties":{"name":"21PPR0836V"},"geometry":{"type":"Point","coordinates":[-98.2547,19.075715]}},{"type":"Feature","properties":{"name":"21PPR0838T"},"geometry":{"type":"Point","coordinates":[-98.175086,19.021694]}},{"type":"Feature","properties":{"name":"21PPR0852M"},"geometry":{"type":"Point","coordinates":[-98.166445,19.045278]}},{"type":"Feature","properties":{"name":"21PPR0853L"},"geometry":{"type":"Point","coordinates":[-98.119319,19.069355]}},{"type":"Feature","properties":{"name":"21PPR0855J"},"geometry":{"type":"Point","coordinates":[-98.216514,18.995292]}},{"type":"Feature","properties":{"name":"21PPR0856I"},"geometry":{"type":"Point","coordinates":[-98.222858,18.996012]}},{"type":"Feature","properties":{"name":"21PPR0857H"},"geometry":{"type":"Point","coordinates":[-98.112488,19.076096]}},{"type":"Feature","properties":{"name":"21PPR0859F"},"geometry":{"type":"Point","coordinates":[-98.141413,19.027065]}},{"type":"Feature","properties":{"name":"21PPR0860V"},"geometry":{"type":"Point","coordinates":[-98.121404,19.058567]}},{"type":"Feature","properties":{"name":"21PPR0861U"},"geometry":{"type":"Point","coordinates":[-98.213822,19.057094]}},{"type":"Feature","properties":{"name":"21PPR0865Q"},"geometry":{"type":"Point","coordinates":[-98.215721,19.003549]}},{"type":"Feature","properties":{"name":"21PPR0866P"},"geometry":{"type":"Point","coordinates":[-98.219024,19.049403]}},{"type":"Feature","properties":{"name":"21PPR0867O"},"geometry":{"type":"Point","coordinates":[-98.21255,19.020768]}},{"type":"Feature","properties":{"name":"21PPR0868N"},"geometry":{"type":"Point","coordinates":[-98.179351,19.06251]}},{"type":"Feature","properties":{"name":"21PPR0873Z"},"geometry":{"type":"Point","coordinates":[-98.208326,19.021993]}},{"type":"Feature","properties":{"name":"21PPR0880I"},"geometry":{"type":"Point","coordinates":[-98.204926,19.019743]}},{"type":"Feature","properties":{"name":"21PPR0884E"},"geometry":{"type":"Point","coordinates":[-98.182125,19.091832]}},{"type":"Feature","properties":{"name":"21PPR0887B"},"geometry":{"type":"Point","coordinates":[-98.132562,19.060411]}},{"type":"Feature","properties":{"name":"21PPR0897I"},"geometry":{"type":"Point","coordinates":[-98.18635,19.020214]}},{"type":"Feature","properties":{"name":"21PPR0898H"},"geometry":{"type":"Point","coordinates":[-98.210202,18.98589]}},{"type":"Feature","properties":{"name":"21PPR0900F"},"geometry":{"type":"Point","coordinates":[-98.185364,19.071805]}},{"type":"Feature","properties":{"name":"21EPR0230A"},"geometry":{"type":"Point","coordinates":[-98.150702,19.052991]}},{"type":"Feature","properties":{"name":"21DPR3642X"},"geometry":{"type":"Point","coordinates":[-98.142819,19.056811]}},{"type":"Feature","properties":{"name":"21DPR3643W"},"geometry":{"type":"Point","coordinates":[-98.217272,18.985365]}},{"type":"Feature","properties":{"name":"21DPR3650F"},"geometry":{"type":"Point","coordinates":[-98.26259,18.966039]}},{"type":"Feature","properties":{"name":"21DPR3661L"},"geometry":{"type":"Point","coordinates":[-98.185045,19.085279]}},{"type":"Feature","properties":{"name":"21DPR3663J"},"geometry":{"type":"Point","coordinates":[-98.234243,19.100016]}},{"type":"Feature","properties":{"name":"21EPR0240H"},"geometry":{"type":"Point","coordinates":[-98.203254,19.093186]}},{"type":"Feature","properties":{"name":"21EPR0241G"},"geometry":{"type":"Point","coordinates":[-98.106479,19.144052]}},{"type":"Feature","properties":{"name":"21EPR0243E"},"geometry":{"type":"Point","coordinates":[-98.208339,19.085349]}},{"type":"Feature","properties":{"name":"21EPR0247A"},"geometry":{"type":"Point","coordinates":[-98.09946,19.158544]}},{"type":"Feature","properties":{"name":"21EPR0248Z"},"geometry":{"type":"Point","coordinates":[-98.103479,19.150843]}},{"type":"Feature","properties":{"name":"21EPR0249Z"},"geometry":{"type":"Point","coordinates":[-98.16809,18.891234]}},{"type":"Feature","properties":{"name":"21EPR0253L"},"geometry":{"type":"Point","coordinates":[-98.175215,19.043094]}},{"type":"Feature","properties":{"name":"21EPR0257H"},"geometry":{"type":"Point","coordinates":[-98.201824,19.047177]}},{"type":"Feature","properties":{"name":"21EPR0258G"},"geometry":{"type":"Point","coordinates":[-98.211309,19.0767]}},{"type":"Feature","properties":{"name":"21EPR0259F"},"geometry":{"type":"Point","coordinates":[-98.203925,19.047208]}},{"type":"Feature","properties":{"name":"21EPR0260V"},"geometry":{"type":"Point","coordinates":[-98.190481,19.057811]}},{"type":"Feature","properties":{"name":"21EPR0261U"},"geometry":{"type":"Point","coordinates":[-98.211309,19.0767]}},{"type":"Feature","properties":{"name":"21EPR0263S"},"geometry":{"type":"Point","coordinates":[-98.212949,19.070246]}},{"type":"Feature","properties":{"name":"21DPR3664I"},"geometry":{"type":"Point","coordinates":[-98.12361,19.086663]}},{"type":"Feature","properties":{"name":"21DPR3684W"},"geometry":{"type":"Point","coordinates":[-98.205023,18.952049]}},{"type":"Feature","properties":{"name":"21EPR0271A"},"geometry":{"type":"Point","coordinates":[-98.215097,19.077485]}},{"type":"Feature","properties":{"name":"21EPR0274Y"},"geometry":{"type":"Point","coordinates":[-98.185626,19.032869]}},{"type":"Feature","properties":{"name":"21EPR0278U"},"geometry":{"type":"Point","coordinates":[-98.201443,19.047964]}},{"type":"Feature","properties":{"name":"21EPR0280I"},"geometry":{"type":"Point","coordinates":[-98.168095,19.044771]}},{"type":"Feature","properties":{"name":"21EPR0281H"},"geometry":{"type":"Point","coordinates":[-98.19066,19.076575]}},{"type":"Feature","properties":{"name":"21EPR0283F"},"geometry":{"type":"Point","coordinates":[-98.192526,19.045354]}},{"type":"Feature","properties":{"name":"21DJN0078G"},"geometry":{"type":"Point","coordinates":[-98.244613,19.081029]}},{"type":"Feature","properties":{"name":"21DPR3688S"},"geometry":{"type":"Point","coordinates":[-98.24876,18.90138]}},{"type":"Feature","properties":{"name":"21DPR3693D"},"geometry":{"type":"Point","coordinates":[-98.197224,19.102055]}},{"type":"Feature","properties":{"name":"21DPR3694C"},"geometry":{"type":"Point","coordinates":[-98.245957,18.954132]}},{"type":"Feature","properties":{"name":"21EPR0284E"},"geometry":{"type":"Point","coordinates":[-98.200027,19.051062]}},{"type":"Feature","properties":{"name":"21EPR0288A"},"geometry":{"type":"Point","coordinates":[-98.197927,19.071455]}},{"type":"Feature","properties":{"name":"21EPR0290P"},"geometry":{"type":"Point","coordinates":[-98.201824,19.047177]}},{"type":"Feature","properties":{"name":"21EPR0293M"},"geometry":{"type":"Point","coordinates":[-98.197088,19.061979]}},{"type":"Feature","properties":{"name":"21EPR0294L"},"geometry":{"type":"Point","coordinates":[-98.206372,19.04634]}},{"type":"Feature","properties":{"name":"21EPR0297I"},"geometry":{"type":"Point","coordinates":[-98.167951,19.04474]}},{"type":"Feature","properties":{"name":"21DJN0084R"},"geometry":{"type":"Point","coordinates":[-98.195494,19.010892]}},{"type":"Feature","properties":{"name":"21DJN0085Q"},"geometry":{"type":"Point","coordinates":[-98.200387,19.091613]}},{"type":"Feature","properties":{"name":"21DJN0093Z"},"geometry":{"type":"Point","coordinates":[-98.188936,19.06206]}},{"type":"Feature","properties":{"name":"21DPR3697Z"},"geometry":{"type":"Point","coordinates":[-98.233681,18.952095]}},{"type":"Feature","properties":{"name":"21DPR3698Z"},"geometry":{"type":"Point","coordinates":[-98.216214,18.974041]}},{"type":"Feature","properties":{"name":"21DJN0332I"},"geometry":{"type":"Point","coordinates":[-98.234,19.092824]}},{"type":"Feature","properties":{"name":"21DJN0335F"},"geometry":{"type":"Point","coordinates":[-98.251483,18.979089]}},{"type":"Feature","properties":{"name":"21DJN0337D"},"geometry":{"type":"Point","coordinates":[-98.134517,19.104491]}},{"type":"Feature","properties":{"name":"21EPR0301E"},"geometry":{"type":"Point","coordinates":[-98.206692,19.046495]}},{"type":"Feature","properties":{"name":"21EPR0303C"},"geometry":{"type":"Point","coordinates":[-98.194784,19.051954]}},{"type":"Feature","properties":{"name":"21EPR0304B"},"geometry":{"type":"Point","coordinates":[-98.182573,19.048432]}},{"type":"Feature","properties":{"name":"21EPR0305A"},"geometry":{"type":"Point","coordinates":[-98.192526,19.045354]}},{"type":"Feature","properties":{"name":"21EPR0306Z"},"geometry":{"type":"Point","coordinates":[-98.198258,19.041491]}},{"type":"Feature","properties":{"name":"21EPR0307Z"},"geometry":{"type":"Point","coordinates":[-98.199646,19.050869]}},{"type":"Feature","properties":{"name":"21EPR0308Y"},"geometry":{"type":"Point","coordinates":[-98.229099,19.06274]}},{"type":"Feature","properties":{"name":"21DPR3704T"},"geometry":{"type":"Point","coordinates":[-98.125302,19.032416]}},{"type":"Feature","properties":{"name":"21DPR3715Z"},"geometry":{"type":"Point","coordinates":[-98.103782,19.149254]}},{"type":"Feature","properties":{"name":"21DPR3716Y"},"geometry":{"type":"Point","coordinates":[-98.098381,19.078614]}},{"type":"Feature","properties":{"name":"21DJN0101R"},"geometry":{"type":"Point","coordinates":[-98.167407,19.061453]}},{"type":"Feature","properties":{"name":"21DJN0114V"},"geometry":{"type":"Point","coordinates":[-98.195011,19.059536]}},{"type":"Feature","properties":{"name":"21DJN0116T"},"geometry":{"type":"Point","coordinates":[-98.175231,19.030267]}},{"type":"Feature","properties":{"name":"21DJN0117S"},"geometry":{"type":"Point","coordinates":[-98.227181,19.018964]}},{"type":"Feature","properties":{"name":"21EPR0309X"},"geometry":{"type":"Point","coordinates":[-98.202851,19.063716]}},{"type":"Feature","properties":{"name":"21EPR0311L"},"geometry":{"type":"Point","coordinates":[-98.176609,19.042262]}},{"type":"Feature","properties":{"name":"21EPR0321S"},"geometry":{"type":"Point","coordinates":[-98.194118,19.04554]}},{"type":"Feature","properties":{"name":"21EPR0324P"},"geometry":{"type":"Point","coordinates":[-98.194361,19.051847]}},{"type":"Feature","properties":{"name":"21EPR0325O"},"geometry":{"type":"Point","coordinates":[-98.212648,19.040637]}},{"type":"Feature","properties":{"name":"21EPR0326N"},"geometry":{"type":"Point","coordinates":[-98.194361,19.051847]}},{"type":"Feature","properties":{"name":"21EPR0327M"},"geometry":{"type":"Point","coordinates":[-98.194361,19.051847]}},{"type":"Feature","properties":{"name":"21EPR0329K"},"geometry":{"type":"Point","coordinates":[-98.198258,19.041491]}},{"type":"Feature","properties":{"name":"21EPR0330Z"},"geometry":{"type":"Point","coordinates":[-98.202185,19.041603]}},{"type":"Feature","properties":{"name":"21EPR0335V"},"geometry":{"type":"Point","coordinates":[-98.199646,19.050869]}},{"type":"Feature","properties":{"name":"21EPR0337T"},"geometry":{"type":"Point","coordinates":[-98.255534,18.975422]}},{"type":"Feature","properties":{"name":"21EPR0338S"},"geometry":{"type":"Point","coordinates":[-98.19023,19.068818]}},{"type":"Feature","properties":{"name":"21EPR0339R"},"geometry":{"type":"Point","coordinates":[-98.202851,19.063716]}},{"type":"Feature","properties":{"name":"21EPR0346A"},"geometry":{"type":"Point","coordinates":[-98.185354,18.966258]}},{"type":"Feature","properties":{"name":"21EPR0354J"},"geometry":{"type":"Point","coordinates":[-98.234996,19.070189]}},{"type":"Feature","properties":{"name":"21EPR0355I"},"geometry":{"type":"Point","coordinates":[-98.206982,19.023675]}},{"type":"Feature","properties":{"name":"21EPR0356H"},"geometry":{"type":"Point","coordinates":[-98.211803,19.092448]}},{"type":"Feature","properties":{"name":"21EPR0357G"},"geometry":{"type":"Point","coordinates":[-98.110207,19.090791]}},{"type":"Feature","properties":{"name":"21EPR0358F"},"geometry":{"type":"Point","coordinates":[-98.185354,18.966258]}},{"type":"Feature","properties":{"name":"21DJN0124B"},"geometry":{"type":"Point","coordinates":[-98.233856,19.060903]}},{"type":"Feature","properties":{"name":"21DJN0125A"},"geometry":{"type":"Point","coordinates":[-98.173157,19.050524]}},{"type":"Feature","properties":{"name":"21DJN0338C"},"geometry":{"type":"Point","coordinates":[-98.103404,19.146911]}},{"type":"Feature","properties":{"name":"21DJN0339B"},"geometry":{"type":"Point","coordinates":[-98.177888,18.996243]}},{"type":"Feature","properties":{"name":"21DJN0340R"},"geometry":{"type":"Point","coordinates":[-98.222432,19.003491]}},{"type":"Feature","properties":{"name":"21DJN0341Q"},"geometry":{"type":"Point","coordinates":[-98.25612,18.974422]}},{"type":"Feature","properties":{"name":"21DJN0342P"},"geometry":{"type":"Point","coordinates":[-98.224484,19.013151]}},{"type":"Feature","properties":{"name":"21DJN0353V"},"geometry":{"type":"Point","coordinates":[-98.225775,19.013485]}},{"type":"Feature","properties":{"name":"21DJN0359P"},"geometry":{"type":"Point","coordinates":[-98.2405,18.996171]}},{"type":"Feature","properties":{"name":"21DJN0140T"},"geometry":{"type":"Point","coordinates":[-98.236265,19.065003]}},{"type":"Feature","properties":{"name":"21DJN0151Z"},"geometry":{"type":"Point","coordinates":[-98.208875,19.062308]}},{"type":"Feature","properties":{"name":"21DJN0360E"},"geometry":{"type":"Point","coordinates":[-98.146987,19.047916]}},{"type":"Feature","properties":{"name":"21DJN0158S"},"geometry":{"type":"Point","coordinates":[-98.231666,19.011432]}},{"type":"Feature","properties":{"name":"21EPR0070D"},"geometry":{"type":"Point","coordinates":[-98.245718,19.054469]}},{"type":"Feature","properties":{"name":"21DJN0865V"},"geometry":{"type":"Point","coordinates":[-98.191111,18.992075]}},{"type":"Feature","properties":{"name":"21DJN0871F"},"geometry":{"type":"Point","coordinates":[-98.228935,19.100537]}},{"type":"Feature","properties":{"name":"21DJN0882L"},"geometry":{"type":"Point","coordinates":[-98.263275,18.962474]}},{"type":"Feature","properties":{"name":"21DJN0883K"},"geometry":{"type":"Point","coordinates":[-98.253078,18.991285]}},{"type":"Feature","properties":{"name":"21DJN0642M"},"geometry":{"type":"Point","coordinates":[-98.192082,18.905745]}},{"type":"Feature","properties":{"name":"21DJN0895P"},"geometry":{"type":"Point","coordinates":[-98.238692,18.948334]}},{"type":"Feature","properties":{"name":"21DJN0896O"},"geometry":{"type":"Point","coordinates":[-98.183459,19.018322]}},{"type":"Feature","properties":{"name":"21DJN0901J"},"geometry":{"type":"Point","coordinates":[-98.221327,19.039762]}},{"type":"Feature","properties":{"name":"21DJN0962X"},"geometry":{"type":"Point","coordinates":[-98.214705,19.094636]}},{"type":"Feature","properties":{"name":"21DJN0963W"},"geometry":{"type":"Point","coordinates":[-98.110552,19.091005]}},{"type":"Feature","properties":{"name":"21DJN0964V"},"geometry":{"type":"Point","coordinates":[-98.263056,18.888333]}},{"type":"Feature","properties":{"name":"21DJN0977Z"},"geometry":{"type":"Point","coordinates":[-98.238883,18.965551]}},{"type":"Feature","properties":{"name":"21DJN0998L"},"geometry":{"type":"Point","coordinates":[-98.200404,18.966392]}},{"type":"Feature","properties":{"name":"21EPR0497G"},"geometry":{"type":"Point","coordinates":[-98.171928,19.056951]}},{"type":"Feature","properties":{"name":"21DJN2026O"},"geometry":{"type":"Point","coordinates":[-98.259111,18.901497]}},{"type":"Feature","properties":{"name":"21EPR0788W"},"geometry":{"type":"Point","coordinates":[-98.245061,18.987672]}},{"type":"Feature","properties":{"name":"21EPR0789V"},"geometry":{"type":"Point","coordinates":[-98.241376,18.992995]}},{"type":"Feature","properties":{"name":"21PPR0630C"},"geometry":{"type":"Point","coordinates":[-98.246011,19.064418]}},{"type":"Feature","properties":{"name":"21DJN1011F"},"geometry":{"type":"Point","coordinates":[-98.139515,19.065061]}},{"type":"Feature","properties":{"name":"21DJN1015B"},"geometry":{"type":"Point","coordinates":[-98.169093,19.039907]}},{"type":"Feature","properties":{"name":"21DJN2033Y"},"geometry":{"type":"Point","coordinates":[-98.171245,18.96661]}},{"type":"Feature","properties":{"name":"21DJN2039S"},"geometry":{"type":"Point","coordinates":[-98.148195,19.071449]}},{"type":"Feature","properties":{"name":"21DJN0535D"},"geometry":{"type":"Point","coordinates":[-98.253931,18.995869]}},{"type":"Feature","properties":{"name":"21DJN0536C"},"geometry":{"type":"Point","coordinates":[-98.223921,19.086465]}},{"type":"Feature","properties":{"name":"21DJN0537B"},"geometry":{"type":"Point","coordinates":[-98.186494,18.970727]}},{"type":"Feature","properties":{"name":"21DJN0538A"},"geometry":{"type":"Point","coordinates":[-98.155349,18.960761]}},{"type":"Feature","properties":{"name":"21DJN0539Z"},"geometry":{"type":"Point","coordinates":[-98.175835,18.910137]}},{"type":"Feature","properties":{"name":"21DJN0540P"},"geometry":{"type":"Point","coordinates":[-98.200924,18.885325]}},{"type":"Feature","properties":{"name":"21DJN0542N"},"geometry":{"type":"Point","coordinates":[-98.19705,19.077669]}},{"type":"Feature","properties":{"name":"21DJN1043Y"},"geometry":{"type":"Point","coordinates":[-98.139783,19.035068]}},{"type":"Feature","properties":{"name":"21DJN2057H"},"geometry":{"type":"Point","coordinates":[-98.234496,18.953543]}},{"type":"Feature","properties":{"name":"21DJN2058G"},"geometry":{"type":"Point","coordinates":[-98.272822,18.967432]}},{"type":"Feature","properties":{"name":"21DJN2064R"},"geometry":{"type":"Point","coordinates":[-98.233372,18.950889]}},{"type":"Feature","properties":{"name":"21DJN2065Q"},"geometry":{"type":"Point","coordinates":[-98.116299,19.064439]}},{"type":"Feature","properties":{"name":"21DJN2068N"},"geometry":{"type":"Point","coordinates":[-98.229936,19.076822]}},{"type":"Feature","properties":{"name":"21DJN1090I"},"geometry":{"type":"Point","coordinates":[-98.109458,18.921317]}},{"type":"Feature","properties":{"name":"21DJN2069M"},"geometry":{"type":"Point","coordinates":[-98.218487,19.106057]}},{"type":"Feature","properties":{"name":"21DJN2073Z"},"geometry":{"type":"Point","coordinates":[-98.24664,19.007501]}},{"type":"Feature","properties":{"name":"21DJN1098A"},"geometry":{"type":"Point","coordinates":[-98.159445,18.973489]}},{"type":"Feature","properties":{"name":"21DJN1101Y"},"geometry":{"type":"Point","coordinates":[-98.185581,19.085008]}},{"type":"Feature","properties":{"name":"21DJN1115A"},"geometry":{"type":"Point","coordinates":[-98.166315,19.07524]}},{"type":"Feature","properties":{"name":"21DJN1118Y"},"geometry":{"type":"Point","coordinates":[-98.145977,19.026254]}},{"type":"Feature","properties":{"name":"21DJN1123J"},"geometry":{"type":"Point","coordinates":[-98.232995,18.998583]}},{"type":"Feature","properties":{"name":"21PPR0633Z"},"geometry":{"type":"Point","coordinates":[-98.196242,19.050091]}},{"type":"Feature","properties":{"name":"21PPR0634Z"},"geometry":{"type":"Point","coordinates":[-98.235433,18.988499]}},{"type":"Feature","properties":{"name":"21PPR0888A"},"geometry":{"type":"Point","coordinates":[-98.262866,18.96463]}},{"type":"Feature","properties":{"name":"21PPR0892N"},"geometry":{"type":"Point","coordinates":[-98.218819,19.098721]}},{"type":"Feature","properties":{"name":"21PPR0893M"},"geometry":{"type":"Point","coordinates":[-98.167323,19.092149]}},{"type":"Feature","properties":{"name":"21EPR0511J"},"geometry":{"type":"Point","coordinates":[-98.185752,19.032931]}},{"type":"Feature","properties":{"name":"21EPR0515F"},"geometry":{"type":"Point","coordinates":[-98.223729,19.066103]}},{"type":"Feature","properties":{"name":"21EPR0517D"},"geometry":{"type":"Point","coordinates":[-98.211342,19.057956]}},{"type":"Feature","properties":{"name":"21EPR0518C"},"geometry":{"type":"Point","coordinates":[-98.208042,19.085253]}},{"type":"Feature","properties":{"name":"21DJN0630H"},"geometry":{"type":"Point","coordinates":[-98.158234,18.945498]}},{"type":"Feature","properties":{"name":"21DJN0632F"},"geometry":{"type":"Point","coordinates":[-98.164412,18.862683]}},{"type":"Feature","properties":{"name":"21DJN0633E"},"geometry":{"type":"Point","coordinates":[-98.155188,19.037661]}},{"type":"Feature","properties":{"name":"21DJN0634D"},"geometry":{"type":"Point","coordinates":[-98.066391,19.09396]}},{"type":"Feature","properties":{"name":"21DJN0635C"},"geometry":{"type":"Point","coordinates":[-98.254576,18.901502]}},{"type":"Feature","properties":{"name":"21DJN1164J"},"geometry":{"type":"Point","coordinates":[-98.181178,19.074045]}},{"type":"Feature","properties":{"name":"21DJN0636B"},"geometry":{"type":"Point","coordinates":[-98.184302,18.883759]}},{"type":"Feature","properties":{"name":"21DJN1165I"},"geometry":{"type":"Point","coordinates":[-98.174566,18.922555]}},{"type":"Feature","properties":{"name":"21DJN1166H"},"geometry":{"type":"Point","coordinates":[-98.16524,18.976761]}},{"type":"Feature","properties":{"name":"21DJN1170U"},"geometry":{"type":"Point","coordinates":[-98.178413,19.098067]}},{"type":"Feature","properties":{"name":"21DJN1180A"},"geometry":{"type":"Point","coordinates":[-98.245952,18.954452]}},{"type":"Feature","properties":{"name":"21DJN1190H"},"geometry":{"type":"Point","coordinates":[-98.163812,19.058209]}},{"type":"Feature","properties":{"name":"21DJN1191G"},"geometry":{"type":"Point","coordinates":[-98.223579,19.091322]}},{"type":"Feature","properties":{"name":"21DJN1192F"},"geometry":{"type":"Point","coordinates":[-98.255709,18.989245]}},{"type":"Feature","properties":{"name":"21DJN1194D"},"geometry":{"type":"Point","coordinates":[-98.180523,19.015099]}},{"type":"Feature","properties":{"name":"21DJN0651U"},"geometry":{"type":"Point","coordinates":[-98.222417,18.904646]}},{"type":"Feature","properties":{"name":"21EPR0551K"},"geometry":{"type":"Point","coordinates":[-98.234996,19.070189]}},{"type":"Feature","properties":{"name":"21EPR0552J"},"geometry":{"type":"Point","coordinates":[-98.194964,19.035535]}},{"type":"Feature","properties":{"name":"21EPR0565N"},"geometry":{"type":"Point","coordinates":[-98.184872,19.006264]}},{"type":"Feature","properties":{"name":"21EPR0581E"},"geometry":{"type":"Point","coordinates":[-98.174222,19.066899]}},{"type":"Feature","properties":{"name":"21EPR0593J"},"geometry":{"type":"Point","coordinates":[-98.194964,19.035535]}},{"type":"Feature","properties":{"name":"21EPR0609U"},"geometry":{"type":"Point","coordinates":[-98.150702,19.052991]}},{"type":"Feature","properties":{"name":"21EPR0610J"},"geometry":{"type":"Point","coordinates":[-98.234996,19.070189]}},{"type":"Feature","properties":{"name":"21DJN2131Z"},"geometry":{"type":"Point","coordinates":[-98.13742,19.075674]}},{"type":"Feature","properties":{"name":"21EPR0611I"},"geometry":{"type":"Point","coordinates":[-98.207071,19.023493]}},{"type":"Feature","properties":{"name":"21EPR0615E"},"geometry":{"type":"Point","coordinates":[-98.211803,19.092448]}},{"type":"Feature","properties":{"name":"21EPR0622O"},"geometry":{"type":"Point","coordinates":[-98.186958,18.999045]}},{"type":"Feature","properties":{"name":"21DJN0686J"},"geometry":{"type":"Point","coordinates":[-98.180853,19.070298]}},{"type":"Feature","properties":{"name":"21DJN0687I"},"geometry":{"type":"Point","coordinates":[-98.163853,18.891758]}},{"type":"Feature","properties":{"name":"21EPR0636R"},"geometry":{"type":"Point","coordinates":[-98.183459,19.018322]}},{"type":"Feature","properties":{"name":"21EPR0642B"},"geometry":{"type":"Point","coordinates":[-98.237261,18.982099]}},{"type":"Feature","properties":{"name":"21EPR0643A"},"geometry":{"type":"Point","coordinates":[-98.194964,19.035535]}},{"type":"Feature","properties":{"name":"21DJN2013K"},"geometry":{"type":"Point","coordinates":[-98.144043,19.051887]}},{"type":"Feature","properties":{"name":"21EPR0649V"},"geometry":{"type":"Point","coordinates":[-98.103529,19.15043]}},{"type":"Feature","properties":{"name":"21EPR0650K"},"geometry":{"type":"Point","coordinates":[-98.237261,18.982099]}},{"type":"Feature","properties":{"name":"21EPR0651J"},"geometry":{"type":"Point","coordinates":[-98.201487,19.112837]}},{"type":"Feature","properties":{"name":"21EPR0694H"},"geometry":{"type":"Point","coordinates":[-98.183377,19.080477]}},{"type":"Feature","properties":{"name":"21EPR0696F"},"geometry":{"type":"Point","coordinates":[-98.185235,19.010688]}},{"type":"Feature","properties":{"name":"21EPR0697E"},"geometry":{"type":"Point","coordinates":[-98.128925,19.102661]}},{"type":"Feature","properties":{"name":"21DJN2177U"},"geometry":{"type":"Point","coordinates":[-98.122301,19.085427]}},{"type":"Feature","properties":{"name":"21EPR0702Z"},"geometry":{"type":"Point","coordinates":[-98.239298,18.991936]}},{"type":"Feature","properties":{"name":"21DJN2175W"},"geometry":{"type":"Point","coordinates":[-98.263779,18.959915]}},{"type":"Feature","properties":{"name":"21DJN2176V"},"geometry":{"type":"Point","coordinates":[-98.232976,18.946902]}},{"type":"Feature","properties":{"name":"21DJN0717M"},"geometry":{"type":"Point","coordinates":[-98.231659,18.993278]}},{"type":"Feature","properties":{"name":"21DJN0718L"},"geometry":{"type":"Point","coordinates":[-98.266827,18.975938]}},{"type":"Feature","properties":{"name":"21DJN0719K"},"geometry":{"type":"Point","coordinates":[-98.261171,19.048219]}},{"type":"Feature","properties":{"name":"21DJN2203B"},"geometry":{"type":"Point","coordinates":[-98.197163,18.9935]}},{"type":"Feature","properties":{"name":"21DJN2215G"},"geometry":{"type":"Point","coordinates":[-98.249159,18.901259]}},{"type":"Feature","properties":{"name":"21DJN2217E"},"geometry":{"type":"Point","coordinates":[-98.153726,18.97262]}},{"type":"Feature","properties":{"name":"21DJN0761Z"},"geometry":{"type":"Point","coordinates":[-98.134523,19.057277]}},{"type":"Feature","properties":{"name":"21EPR0709T"},"geometry":{"type":"Point","coordinates":[-98.103479,19.150843]}},{"type":"Feature","properties":{"name":"21EPR0710I"},"geometry":{"type":"Point","coordinates":[-98.110207,19.090791]}},{"type":"Feature","properties":{"name":"21EPR0713F"},"geometry":{"type":"Point","coordinates":[-98.168042,19.090353]}},{"type":"Feature","properties":{"name":"21DJN0777A"},"geometry":{"type":"Point","coordinates":[-98.222221,19.126841]}},{"type":"Feature","properties":{"name":"21DJN2246Z"},"geometry":{"type":"Point","coordinates":[-98.158279,19.086986]}},{"type":"Feature","properties":{"name":"21DJN2249X"},"geometry":{"type":"Point","coordinates":[-98.216777,18.973977]}},{"type":"Feature","properties":{"name":"21DJN2253J"},"geometry":{"type":"Point","coordinates":[-98.163661,19.053373]}},{"type":"Feature","properties":{"name":"21DJN2255H"},"geometry":{"type":"Point","coordinates":[-98.208977,19.074687]}},{"type":"Feature","properties":{"name":"21EPR0723M"},"geometry":{"type":"Point","coordinates":[-98.245061,18.987672]}},{"type":"Feature","properties":{"name":"21DJN0815N"},"geometry":{"type":"Point","coordinates":[-98.142831,19.056411]}},{"type":"Feature","properties":{"name":"21DJN0816M"},"geometry":{"type":"Point","coordinates":[-98.220852,19.071088]}},{"type":"Feature","properties":{"name":"21DJN2280G"},"geometry":{"type":"Point","coordinates":[-98.200387,19.091613]}},{"type":"Feature","properties":{"name":"21EPR0734S"},"geometry":{"type":"Point","coordinates":[-98.114721,19.065683]}},{"type":"Feature","properties":{"name":"21DJN2286A"},"geometry":{"type":"Point","coordinates":[-98.16687,19.091543]}},{"type":"Feature","properties":{"name":"21EJN0792S"},"geometry":{"type":"Point","coordinates":[-98.184036,19.025574]}},{"type":"Feature","properties":{"name":"21EJN0807D"},"geometry":{"type":"Point","coordinates":[-98.211923,19.116637]}},{"type":"Feature","properties":{"name":"21EJN0813O"},"geometry":{"type":"Point","coordinates":[-98.136132,19.035947]}},{"type":"Feature","properties":{"name":"21EJN0817K"},"geometry":{"type":"Point","coordinates":[-98.114885,19.062301]}},{"type":"Feature","properties":{"name":"21EJN0819I"},"geometry":{"type":"Point","coordinates":[-98.188335,19.06704]}},{"type":"Feature","properties":{"name":"21EJN0833B"},"geometry":{"type":"Point","coordinates":[-98.265085,18.966667]}},{"type":"Feature","properties":{"name":"21EJN0838X"},"geometry":{"type":"Point","coordinates":[-98.233718,19.001507]}},{"type":"Feature","properties":{"name":"21EJN0841K"},"geometry":{"type":"Point","coordinates":[-98.219289,18.995822]}},{"type":"Feature","properties":{"name":"21DJN2289Y"},"geometry":{"type":"Point","coordinates":[-98.103207,19.150256]}},{"type":"Feature","properties":{"name":"21DJN2290N"},"geometry":{"type":"Point","coordinates":[-98.24613,18.960358]}},{"type":"Feature","properties":{"name":"21DJN2291M"},"geometry":{"type":"Point","coordinates":[-98.098625,19.078706]}},{"type":"Feature","properties":{"name":"21DJN2292L"},"geometry":{"type":"Point","coordinates":[-98.175748,18.99465]}},{"type":"Feature","properties":{"name":"21DJN2293K"},"geometry":{"type":"Point","coordinates":[-98.146459,19.059481]}},{"type":"Feature","properties":{"name":"21DJN2294J"},"geometry":{"type":"Point","coordinates":[-98.251455,18.979806]}},{"type":"Feature","properties":{"name":"21EPR0738O"},"geometry":{"type":"Point","coordinates":[-98.19066,19.076575]}},{"type":"Feature","properties":{"name":"21EJN0858K"},"geometry":{"type":"Point","coordinates":[-98.211803,19.092448]}},{"type":"Feature","properties":{"name":"21EJN0001R"},"geometry":{"type":"Point","coordinates":[-98.211501,19.078429]}},{"type":"Feature","properties":{"name":"21PJN1212H"},"geometry":{"type":"Point","coordinates":[-98.147503,19.061219]}},{"type":"Feature","properties":{"name":"21EJN0874B"},"geometry":{"type":"Point","coordinates":[-98.263402,18.962266]}},{"type":"Feature","properties":{"name":"21EJN0875A"},"geometry":{"type":"Point","coordinates":[-98.216526,19.110143]}},{"type":"Feature","properties":{"name":"21EJN0878Y"},"geometry":{"type":"Point","coordinates":[-98.217226,18.985093]}},{"type":"Feature","properties":{"name":"21PJN1213G"},"geometry":{"type":"Point","coordinates":[-98.217926,18.991479]}},{"type":"Feature","properties":{"name":"21EJN1374N"},"geometry":{"type":"Point","coordinates":[-98.131929,19.050593]}},{"type":"Feature","properties":{"name":"21PJN1430V"},"geometry":{"type":"Point","coordinates":[-98.250877,18.98298]}},{"type":"Feature","properties":{"name":"21PJN1433S"},"geometry":{"type":"Point","coordinates":[-98.246581,19.051049]}},{"type":"Feature","properties":{"name":"21EJN1251D"},"geometry":{"type":"Point","coordinates":[-98.227075,19.104314]}},{"type":"Feature","properties":{"name":"21EJN1267E"},"geometry":{"type":"Point","coordinates":[-98.104143,19.08797]}},{"type":"Feature","properties":{"name":"21EJN0005N"},"geometry":{"type":"Point","coordinates":[-98.184324,19.005268]}},{"type":"Feature","properties":{"name":"21EJN0006M"},"geometry":{"type":"Point","coordinates":[-98.211803,19.092448]}},{"type":"Feature","properties":{"name":"21EJN0008K"},"geometry":{"type":"Point","coordinates":[-98.207298,19.043156]}},{"type":"Feature","properties":{"name":"21EJN0009J"},"geometry":{"type":"Point","coordinates":[-98.192862,19.034493]}},{"type":"Feature","properties":{"name":"21EJN0887F"},"geometry":{"type":"Point","coordinates":[-98.214849,19.099551]}},{"type":"Feature","properties":{"name":"21EJN0891S"},"geometry":{"type":"Point","coordinates":[-98.192019,18.97878]}},{"type":"Feature","properties":{"name":"21EJN1268D"},"geometry":{"type":"Point","coordinates":[-98.251071,18.997278]}},{"type":"Feature","properties":{"name":"21EJN1269C"},"geometry":{"type":"Point","coordinates":[-98.217231,18.985079]}},{"type":"Feature","properties":{"name":"21EJN1272Q"},"geometry":{"type":"Point","coordinates":[-98.181939,19.096723]}},{"type":"Feature","properties":{"name":"21EJN0019Q"},"geometry":{"type":"Point","coordinates":[-98.200376,19.098728]}},{"type":"Feature","properties":{"name":"21EJN0020F"},"geometry":{"type":"Point","coordinates":[-98.250062,19.078505]}},{"type":"Feature","properties":{"name":"21EJN0022D"},"geometry":{"type":"Point","coordinates":[-98.258481,18.987981]}},{"type":"Feature","properties":{"name":"21EJN0024B"},"geometry":{"type":"Point","coordinates":[-98.114871,19.078978]}},{"type":"Feature","properties":{"name":"21EJN0026Z"},"geometry":{"type":"Point","coordinates":[-98.228737,18.965614]}},{"type":"Feature","properties":{"name":"21EJN0027Z"},"geometry":{"type":"Point","coordinates":[-98.187563,19.041564]}},{"type":"Feature","properties":{"name":"21EJN0028Y"},"geometry":{"type":"Point","coordinates":[-98.189869,19.003488]}},{"type":"Feature","properties":{"name":"21EJN0031L"},"geometry":{"type":"Point","coordinates":[-98.172093,19.057564]}},{"type":"Feature","properties":{"name":"21EJN0931C"},"geometry":{"type":"Point","coordinates":[-98.183108,19.080334]}},{"type":"Feature","properties":{"name":"21EJN0933A"},"geometry":{"type":"Point","coordinates":[-98.224619,19.005133]}},{"type":"Feature","properties":{"name":"21EJN0940K"},"geometry":{"type":"Point","coordinates":[-98.269163,18.975248]}},{"type":"Feature","properties":{"name":"21EJN1283W"},"geometry":{"type":"Point","coordinates":[-98.149818,18.969037]}},{"type":"Feature","properties":{"name":"21EJN1284V"},"geometry":{"type":"Point","coordinates":[-98.256105,18.963032]}},{"type":"Feature","properties":{"name":"21EJN1286T"},"geometry":{"type":"Point","coordinates":[-98.21591,18.965914]}},{"type":"Feature","properties":{"name":"21EJN1291E"},"geometry":{"type":"Point","coordinates":[-98.21404,19.123864]}},{"type":"Feature","properties":{"name":"21EJN0035H"},"geometry":{"type":"Point","coordinates":[-98.200232,19.051166]}},{"type":"Feature","properties":{"name":"21EJN0036G"},"geometry":{"type":"Point","coordinates":[-98.227055,19.046149]}},{"type":"Feature","properties":{"name":"21EJN0037F"},"geometry":{"type":"Point","coordinates":[-98.185309,19.033616]}},{"type":"Feature","properties":{"name":"21EJN0038E"},"geometry":{"type":"Point","coordinates":[-98.166519,19.046354]}},{"type":"Feature","properties":{"name":"21EJN0039D"},"geometry":{"type":"Point","coordinates":[-98.194385,19.051804]}},{"type":"Feature","properties":{"name":"21EJN0040T"},"geometry":{"type":"Point","coordinates":[-98.212634,19.040032]}},{"type":"Feature","properties":{"name":"21EJN0941J"},"geometry":{"type":"Point","coordinates":[-98.272527,18.976959]}},{"type":"Feature","properties":{"name":"21EJN0943H"},"geometry":{"type":"Point","coordinates":[-98.234503,18.967733]}},{"type":"Feature","properties":{"name":"21EPR0746X"},"geometry":{"type":"Point","coordinates":[-98.223729,19.066103]}},{"type":"Feature","properties":{"name":"21EPR0747W"},"geometry":{"type":"Point","coordinates":[-98.221781,19.040023]}},{"type":"Feature","properties":{"name":"21EPR0748V"},"geometry":{"type":"Point","coordinates":[-98.186957,18.99904]}},{"type":"Feature","properties":{"name":"21EPR0749U"},"geometry":{"type":"Point","coordinates":[-98.255534,18.975422]}},{"type":"Feature","properties":{"name":"21EPR0752H"},"geometry":{"type":"Point","coordinates":[-98.263402,18.962266]}},{"type":"Feature","properties":{"name":"21EJN0041S"},"geometry":{"type":"Point","coordinates":[-98.223436,19.065581]}},{"type":"Feature","properties":{"name":"21EJN0042R"},"geometry":{"type":"Point","coordinates":[-98.229222,19.047782]}},{"type":"Feature","properties":{"name":"21EJN0043Q"},"geometry":{"type":"Point","coordinates":[-98.204242,19.048081]}},{"type":"Feature","properties":{"name":"21EJN0044P"},"geometry":{"type":"Point","coordinates":[-98.204162,19.044853]}},{"type":"Feature","properties":{"name":"21EJN0045O"},"geometry":{"type":"Point","coordinates":[-98.174662,19.042206]}},{"type":"Feature","properties":{"name":"21EJN0048L"},"geometry":{"type":"Point","coordinates":[-98.190211,19.040656]}},{"type":"Feature","properties":{"name":"21EJN0049K"},"geometry":{"type":"Point","coordinates":[-98.167585,19.043625]}},{"type":"Feature","properties":{"name":"21EJN0966S"},"geometry":{"type":"Point","coordinates":[-98.143329,19.063652]}},{"type":"Feature","properties":{"name":"21EJN0967R"},"geometry":{"type":"Point","coordinates":[-98.143919,18.964313]}},{"type":"Feature","properties":{"name":"21EJN0050Z"},"geometry":{"type":"Point","coordinates":[-98.215058,19.077712]}},{"type":"Feature","properties":{"name":"21EJN0051Z"},"geometry":{"type":"Point","coordinates":[-98.190916,19.0764]}},{"type":"Feature","properties":{"name":"21EJN0052Y"},"geometry":{"type":"Point","coordinates":[-98.234885,19.069701]}},{"type":"Feature","properties":{"name":"21EJN0053X"},"geometry":{"type":"Point","coordinates":[-98.208875,19.085026]}},{"type":"Feature","properties":{"name":"21EJN0054W"},"geometry":{"type":"Point","coordinates":[-98.215508,19.091466]}},{"type":"Feature","properties":{"name":"21EJN1302U"},"geometry":{"type":"Point","coordinates":[-98.265253,18.987904]}},{"type":"Feature","properties":{"name":"21EJN1304S"},"geometry":{"type":"Point","coordinates":[-98.235181,18.987636]}},{"type":"Feature","properties":{"name":"21EJN1309N"},"geometry":{"type":"Point","coordinates":[-98.234436,18.980432]}},{"type":"Feature","properties":{"name":"21EJN1012D"},"geometry":{"type":"Point","coordinates":[-98.227075,19.104314]}},{"type":"Feature","properties":{"name":"21EJN1015A"},"geometry":{"type":"Point","coordinates":[-98.242759,18.952933]}},{"type":"Feature","properties":{"name":"21EJN1016Z"},"geometry":{"type":"Point","coordinates":[-98.230207,18.952988]}},{"type":"Feature","properties":{"name":"21EJN1319U"},"geometry":{"type":"Point","coordinates":[-98.171331,18.972285]}},{"type":"Feature","properties":{"name":"21EJN1019X"},"geometry":{"type":"Point","coordinates":[-98.190138,19.104865]}},{"type":"Feature","properties":{"name":"21EJN0065B"},"geometry":{"type":"Point","coordinates":[-98.194964,19.035535]}},{"type":"Feature","properties":{"name":"21EJN0079E"},"geometry":{"type":"Point","coordinates":[-98.248903,19.05814]}},{"type":"Feature","properties":{"name":"21EJN1326D"},"geometry":{"type":"Point","coordinates":[-98.217222,18.9853]}},{"type":"Feature","properties":{"name":"21EJN1334M"},"geometry":{"type":"Point","coordinates":[-98.121254,19.088161]}},{"type":"Feature","properties":{"name":"21EJN1341W"},"geometry":{"type":"Point","coordinates":[-98.20947,18.998844]}},{"type":"Feature","properties":{"name":"21EJN1345S"},"geometry":{"type":"Point","coordinates":[-98.255276,19.077119]}},{"type":"Feature","properties":{"name":"21EJN1355Z"},"geometry":{"type":"Point","coordinates":[-98.250062,19.078505]}},{"type":"Feature","properties":{"name":"21EJN0100R"},"geometry":{"type":"Point","coordinates":[-98.174222,19.066899]}},{"type":"Feature","properties":{"name":"21EPR0814D"},"geometry":{"type":"Point","coordinates":[-98.132224,19.063189]}},{"type":"Feature","properties":{"name":"21EPR0815C"},"geometry":{"type":"Point","coordinates":[-98.265279,18.971568]}},{"type":"Feature","properties":{"name":"21EPR1500K"},"geometry":{"type":"Point","coordinates":[-98.250821,18.994355]}},{"type":"Feature","properties":{"name":"21EPR1502I"},"geometry":{"type":"Point","coordinates":[-98.131565,19.100427]}},{"type":"Feature","properties":{"name":"21EPR1510R"},"geometry":{"type":"Point","coordinates":[-98.23635,18.970889]}},{"type":"Feature","properties":{"name":"21EPR1511Q"},"geometry":{"type":"Point","coordinates":[-98.24333,18.949356]}},{"type":"Feature","properties":{"name":"21NJN0047U"},"geometry":{"type":"Point","coordinates":[-98.20597,19.069325]}},{"type":"Feature","properties":{"name":"21NJN0048T"},"geometry":{"type":"Point","coordinates":[-98.199133,19.035913]}},{"type":"Feature","properties":{"name":"21PJN0004U"},"geometry":{"type":"Point","coordinates":[-98.191953,19.074867]}},{"type":"Feature","properties":{"name":"21PJN0009P"},"geometry":{"type":"Point","coordinates":[-98.208056,19.038283]}},{"type":"Feature","properties":{"name":"21EJN1067G"},"geometry":{"type":"Point","coordinates":[-98.182939,19.073063]}},{"type":"Feature","properties":{"name":"21EJN1068F"},"geometry":{"type":"Point","coordinates":[-98.199007,19.110341]}},{"type":"Feature","properties":{"name":"21EJN1069E"},"geometry":{"type":"Point","coordinates":[-98.131213,19.072114]}},{"type":"Feature","properties":{"name":"21EJN1070U"},"geometry":{"type":"Point","coordinates":[-98.117807,19.06918]}},{"type":"Feature","properties":{"name":"21EJN1071T"},"geometry":{"type":"Point","coordinates":[-98.227441,18.984039]}},{"type":"Feature","properties":{"name":"21EJN1072S"},"geometry":{"type":"Point","coordinates":[-98.233822,18.957579]}},{"type":"Feature","properties":{"name":"21PJN0010E"},"geometry":{"type":"Point","coordinates":[-98.211143,19.039835]}},{"type":"Feature","properties":{"name":"21PJN0012C"},"geometry":{"type":"Point","coordinates":[-98.236665,19.067023]}},{"type":"Feature","properties":{"name":"21PJN0021K"},"geometry":{"type":"Point","coordinates":[-98.163704,19.072366]}},{"type":"Feature","properties":{"name":"21PJN0024H"},"geometry":{"type":"Point","coordinates":[-98.21378,19.016922]}},{"type":"Feature","properties":{"name":"21PJN0026F"},"geometry":{"type":"Point","coordinates":[-98.204184,18.996299]}},{"type":"Feature","properties":{"name":"21PJN0028D"},"geometry":{"type":"Point","coordinates":[-98.225161,19.098704]}},{"type":"Feature","properties":{"name":"21EJN0123B"},"geometry":{"type":"Point","coordinates":[-98.189167,19.005861]}},{"type":"Feature","properties":{"name":"21EPR1534A"},"geometry":{"type":"Point","coordinates":[-98.168131,19.091098]}},{"type":"Feature","properties":{"name":"21EJN1111D"},"geometry":{"type":"Point","coordinates":[-98.223957,19.066479]}},{"type":"Feature","properties":{"name":"21EJN1114A"},"geometry":{"type":"Point","coordinates":[-98.116499,19.07009]}},{"type":"Feature","properties":{"name":"21EJN1116Z"},"geometry":{"type":"Point","coordinates":[-98.170062,19.087979]}},{"type":"Feature","properties":{"name":"21EJN1118X"},"geometry":{"type":"Point","coordinates":[-98.244804,18.97448]}},{"type":"Feature","properties":{"name":"21EJN1119W"},"geometry":{"type":"Point","coordinates":[-98.245452,18.989344]}},{"type":"Feature","properties":{"name":"21EJN1120L"},"geometry":{"type":"Point","coordinates":[-98.130864,19.087263]}},{"type":"Feature","properties":{"name":"21PJN0560H"},"geometry":{"type":"Point","coordinates":[-98.205168,19.017184]}},{"type":"Feature","properties":{"name":"21PJN0561G"},"geometry":{"type":"Point","coordinates":[-98.225145,19.058821]}},{"type":"Feature","properties":{"name":"21PJN0562F"},"geometry":{"type":"Point","coordinates":[-98.174733,19.044963]}},{"type":"Feature","properties":{"name":"21PJN0029C"},"geometry":{"type":"Point","coordinates":[-98.173465,19.058435]}},{"type":"Feature","properties":{"name":"21PJN0032Q"},"geometry":{"type":"Point","coordinates":[-98.207954,19.067323]}},{"type":"Feature","properties":{"name":"21PJN0033P"},"geometry":{"type":"Point","coordinates":[-98.223988,18.999321]}},{"type":"Feature","properties":{"name":"21PJN0041Y"},"geometry":{"type":"Point","coordinates":[-98.214096,19.032581]}},{"type":"Feature","properties":{"name":"21PJN0050F"},"geometry":{"type":"Point","coordinates":[-98.196242,19.050091]}},{"type":"Feature","properties":{"name":"21PJN0565C"},"geometry":{"type":"Point","coordinates":[-98.146555,19.047074]}},{"type":"Feature","properties":{"name":"21PJN0584R"},"geometry":{"type":"Point","coordinates":[-98.121404,19.058567]}},{"type":"Feature","properties":{"name":"21PJN0588N"},"geometry":{"type":"Point","coordinates":[-98.148876,19.046215]}},{"type":"Feature","properties":{"name":"21PJN0589M"},"geometry":{"type":"Point","coordinates":[-98.151245,19.062359]}},{"type":"Feature","properties":{"name":"21PJN0590B"},"geometry":{"type":"Point","coordinates":[-98.208054,19.021866]}},{"type":"Feature","properties":{"name":"21PJN0591A"},"geometry":{"type":"Point","coordinates":[-98.119601,19.069197]}},{"type":"Feature","properties":{"name":"21PJN0592Z"},"geometry":{"type":"Point","coordinates":[-98.233076,19.049697]}},{"type":"Feature","properties":{"name":"21EJN1123I"},"geometry":{"type":"Point","coordinates":[-98.174568,18.993551]}},{"type":"Feature","properties":{"name":"21EJN1124H"},"geometry":{"type":"Point","coordinates":[-98.166488,19.092255]}},{"type":"Feature","properties":{"name":"21EJN1125G"},"geometry":{"type":"Point","coordinates":[-98.245669,18.986835]}},{"type":"Feature","properties":{"name":"21EJN1126F"},"geometry":{"type":"Point","coordinates":[-98.086121,19.096006]}},{"type":"Feature","properties":{"name":"21PJN0072R"},"geometry":{"type":"Point","coordinates":[-98.219741,19.074273]}},{"type":"Feature","properties":{"name":"21PJN0073Q"},"geometry":{"type":"Point","coordinates":[-98.207552,19.032857]}},{"type":"Feature","properties":{"name":"21PJN0074P"},"geometry":{"type":"Point","coordinates":[-98.194097,19.010957]}},{"type":"Feature","properties":{"name":"21PJN0075O"},"geometry":{"type":"Point","coordinates":[-98.198018,19.03719]}},{"type":"Feature","properties":{"name":"21PJN0076N"},"geometry":{"type":"Point","coordinates":[-98.208867,19.037637]}},{"type":"Feature","properties":{"name":"21PJN0077M"},"geometry":{"type":"Point","coordinates":[-98.194938,19.047253]}},{"type":"Feature","properties":{"name":"21PJN0080Z"},"geometry":{"type":"Point","coordinates":[-98.208512,19.009287]}},{"type":"Feature","properties":{"name":"21PJN0616T"},"geometry":{"type":"Point","coordinates":[-98.262114,18.965158]}},{"type":"Feature","properties":{"name":"21PJN0622D"},"geometry":{"type":"Point","coordinates":[-98.218821,19.098729]}},{"type":"Feature","properties":{"name":"21PJN0623C"},"geometry":{"type":"Point","coordinates":[-98.16736,19.092179]}},{"type":"Feature","properties":{"name":"21EJN1132Q"},"geometry":{"type":"Point","coordinates":[-98.237381,18.981907]}},{"type":"Feature","properties":{"name":"21PJN0084W"},"geometry":{"type":"Point","coordinates":[-98.181434,19.061766]}},{"type":"Feature","properties":{"name":"21PJN0090G"},"geometry":{"type":"Point","coordinates":[-98.192681,19.026252]}},{"type":"Feature","properties":{"name":"21PJN0625A"},"geometry":{"type":"Point","coordinates":[-98.225047,19.084819]}},{"type":"Feature","properties":{"name":"21PJN0631L"},"geometry":{"type":"Point","coordinates":[-98.207871,19.031832]}},{"type":"Feature","properties":{"name":"21EJN1150F"},"geometry":{"type":"Point","coordinates":[-98.190138,19.104865]}},{"type":"Feature","properties":{"name":"21EJN1162K"},"geometry":{"type":"Point","coordinates":[-98.181939,19.096723]}},{"type":"Feature","properties":{"name":"21EJN1164I"},"geometry":{"type":"Point","coordinates":[-98.146995,19.047584]}},{"type":"Feature","properties":{"name":"21PJN0636G"},"geometry":{"type":"Point","coordinates":[-98.238469,19.009999]}},{"type":"Feature","properties":{"name":"21PJN0641S"},"geometry":{"type":"Point","coordinates":[-98.178458,19.026238]}},{"type":"Feature","properties":{"name":"21PJN0646N"},"geometry":{"type":"Point","coordinates":[-98.228244,19.073459]}},{"type":"Feature","properties":{"name":"21PJN0095B"},"geometry":{"type":"Point","coordinates":[-98.206324,18.951757]}},{"type":"Feature","properties":{"name":"21PJN0097Z"},"geometry":{"type":"Point","coordinates":[-98.226142,18.982884]}},{"type":"Feature","properties":{"name":"21PJN0099Y"},"geometry":{"type":"Point","coordinates":[-98.181343,18.989176]}},{"type":"Feature","properties":{"name":"21PJN0101W"},"geometry":{"type":"Point","coordinates":[-98.192561,19.035956]}},{"type":"Feature","properties":{"name":"21PJN0107Q"},"geometry":{"type":"Point","coordinates":[-98.221527,19.044644]}},{"type":"Feature","properties":{"name":"21PJN0108P"},"geometry":{"type":"Point","coordinates":[-98.202356,19.059136]}},{"type":"Feature","properties":{"name":"21EJN1175O"},"geometry":{"type":"Point","coordinates":[-98.094832,19.152725]}},{"type":"Feature","properties":{"name":"21PJN0647M"},"geometry":{"type":"Point","coordinates":[-98.112488,19.076096]}},{"type":"Feature","properties":{"name":"21PJN0650Z"},"geometry":{"type":"Point","coordinates":[-98.160032,19.085557]}},{"type":"Feature","properties":{"name":"21PJN0652Y"},"geometry":{"type":"Point","coordinates":[-98.130827,19.040645]}},{"type":"Feature","properties":{"name":"21PJN0654W"},"geometry":{"type":"Point","coordinates":[-98.185364,19.071805]}},{"type":"Feature","properties":{"name":"21PJN0109O"},"geometry":{"type":"Point","coordinates":[-98.190756,19.069511]}},{"type":"Feature","properties":{"name":"21PJN0113A"},"geometry":{"type":"Point","coordinates":[-98.234272,19.064303]}},{"type":"Feature","properties":{"name":"21PJN0160L"},"geometry":{"type":"Point","coordinates":[-98.197333,19.031337]}},{"type":"Feature","properties":{"name":"21PJN0245S"},"geometry":{"type":"Point","coordinates":[-98.179349,19.062512]}},{"type":"Feature","properties":{"name":"21PJN0257X"},"geometry":{"type":"Point","coordinates":[-98.222999,19.039656]}},{"type":"Feature","properties":{"name":"21EJN1185V"},"geometry":{"type":"Point","coordinates":[-98.182939,19.073063]}},{"type":"Feature","properties":{"name":"21PJN0657T"},"geometry":{"type":"Point","coordinates":[-98.255058,19.071567]}},{"type":"Feature","properties":{"name":"21PJN0658S"},"geometry":{"type":"Point","coordinates":[-98.190634,19.073338]}},{"type":"Feature","properties":{"name":"21PJN0660G"},"geometry":{"type":"Point","coordinates":[-98.203078,19.037743]}},{"type":"Feature","properties":{"name":"21PJN0665B"},"geometry":{"type":"Point","coordinates":[-98.220766,19.001799]}},{"type":"Feature","properties":{"name":"21PJN0259V"},"geometry":{"type":"Point","coordinates":[-98.178566,19.092516]}},{"type":"Feature","properties":{"name":"21PJN0300V"},"geometry":{"type":"Point","coordinates":[-98.166841,19.07388]}},{"type":"Feature","properties":{"name":"21PJN0304R"},"geometry":{"type":"Point","coordinates":[-98.231768,18.990779]}},{"type":"Feature","properties":{"name":"21PJN0310B"},"geometry":{"type":"Point","coordinates":[-98.217155,19.049159]}},{"type":"Feature","properties":{"name":"21PJN0314Y"},"geometry":{"type":"Point","coordinates":[-98.193953,19.052305]}},{"type":"Feature","properties":{"name":"21PJN0317V"},"geometry":{"type":"Point","coordinates":[-98.251618,18.988861]}},{"type":"Feature","properties":{"name":"21EJN1192E"},"geometry":{"type":"Point","coordinates":[-98.276064,18.974294]}},{"type":"Feature","properties":{"name":"21EJN1194C"},"geometry":{"type":"Point","coordinates":[-98.130055,19.061212]}},{"type":"Feature","properties":{"name":"21PJN0666A"},"geometry":{"type":"Point","coordinates":[-98.180834,19.070745]}},{"type":"Feature","properties":{"name":"21PJN0667Z"},"geometry":{"type":"Point","coordinates":[-98.203858,19.06246]}},{"type":"Feature","properties":{"name":"21PJN0669Y"},"geometry":{"type":"Point","coordinates":[-98.164213,19.085931]}},{"type":"Feature","properties":{"name":"21PJN0670N"},"geometry":{"type":"Point","coordinates":[-98.179817,19.008358]}},{"type":"Feature","properties":{"name":"21EJN0241Q"},"geometry":{"type":"Point","coordinates":[-98.151133,19.053378]}},{"type":"Feature","properties":{"name":"21EJN0242P"},"geometry":{"type":"Point","coordinates":[-98.221781,19.040023]}},{"type":"Feature","properties":{"name":"21EJN0258Q"},"geometry":{"type":"Point","coordinates":[-98.184244,19.006682]}},{"type":"Feature","properties":{"name":"21EJNJ0264A"},"geometry":{"type":"Point","coordinates":[-98.20844,19.024181]}},{"type":"Feature","properties":{"name":"21EJN0265Z"},"geometry":{"type":"Point","coordinates":[-98.233225,19.06899]}},{"type":"Feature","properties":{"name":"21EJN0266Z"},"geometry":{"type":"Point","coordinates":[-98.188951,19.053502]}},{"type":"Feature","properties":{"name":"21EJN0268X"},"geometry":{"type":"Point","coordinates":[-98.250825,19.071983]}},{"type":"Feature","properties":{"name":"21PJN0318U"},"geometry":{"type":"Point","coordinates":[-98.197744,19.009415]}},{"type":"Feature","properties":{"name":"21PJN0319T"},"geometry":{"type":"Point","coordinates":[-98.18822,19.075538]}},{"type":"Feature","properties":{"name":"21PJN0320I"},"geometry":{"type":"Point","coordinates":[-98.172876,19.074806]}},{"type":"Feature","properties":{"name":"21PJN0329Z"},"geometry":{"type":"Point","coordinates":[-98.23688,19.071642]}},{"type":"Feature","properties":{"name":"21PJN0359U"},"geometry":{"type":"Point","coordinates":[-98.203569,19.040986]}},{"type":"Feature","properties":{"name":"21PJN0361I"},"geometry":{"type":"Point","coordinates":[-98.192326,19.027725]}},{"type":"Feature","properties":{"name":"21EJN1196A"},"geometry":{"type":"Point","coordinates":[-98.233225,19.06899]}},{"type":"Feature","properties":{"name":"21EJN1197Z"},"geometry":{"type":"Point","coordinates":[-98.141056,19.077252]}},{"type":"Feature","properties":{"name":"21PJN0672L"},"geometry":{"type":"Point","coordinates":[-98.21439,19.087202]}},{"type":"Feature","properties":{"name":"21PJN0678F"},"geometry":{"type":"Point","coordinates":[-98.143119,19.063726]}},{"type":"Feature","properties":{"name":"21PJN0680U"},"geometry":{"type":"Point","coordinates":[-98.196164,18.98359]}},{"type":"Feature","properties":{"name":"21PJN0376K"},"geometry":{"type":"Point","coordinates":[-98.20385,19.008976]}},{"type":"Feature","properties":{"name":"21PJN0387Q"},"geometry":{"type":"Point","coordinates":[-98.199108,19.060145]}},{"type":"Feature","properties":{"name":"21EJN1215Z"},"geometry":{"type":"Point","coordinates":[-98.128623,19.101858]}},{"type":"Feature","properties":{"name":"21EJN1218W"},"geometry":{"type":"Point","coordinates":[-98.211704,19.086751]}},{"type":"Feature","properties":{"name":"21PJN0400U"},"geometry":{"type":"Point","coordinates":[-98.196151,19.018936]}},{"type":"Feature","properties":{"name":"21PJN0424D"},"geometry":{"type":"Point","coordinates":[-98.200721,19.050934]}},{"type":"Feature","properties":{"name":"21PJN0425C"},"geometry":{"type":"Point","coordinates":[-98.20888,19.065289]}},{"type":"Feature","properties":{"name":"21PJN0430O"},"geometry":{"type":"Point","coordinates":[-98.179434,19.006004]}},{"type":"Feature","properties":{"name":"21PJN0432M"},"geometry":{"type":"Point","coordinates":[-98.182355,19.081221]}},{"type":"Feature","properties":{"name":"21PJN0681T"},"geometry":{"type":"Point","coordinates":[-98.130194,19.05019]}},{"type":"Feature","properties":{"name":"21PJN0685P"},"geometry":{"type":"Point","coordinates":[-98.242261,19.077616]}},{"type":"Feature","properties":{"name":"21PJN0687N"},"geometry":{"type":"Point","coordinates":[-98.165325,19.055731]}},{"type":"Feature","properties":{"name":"21PJN0436I"},"geometry":{"type":"Point","coordinates":[-98.139296,19.022256]}},{"type":"Feature","properties":{"name":"21PJN0701Q"},"geometry":{"type":"Point","coordinates":[-98.166734,19.074795]}},{"type":"Feature","properties":{"name":"21EJN1221J"},"geometry":{"type":"Point","coordinates":[-98.21097,19.057919]}},{"type":"Feature","properties":{"name":"21EJN1222I"},"geometry":{"type":"Point","coordinates":[-98.226929,18.994048]}},{"type":"Feature","properties":{"name":"21PJN0711X"},"geometry":{"type":"Point","coordinates":[-98.128936,19.063324]}},{"type":"Feature","properties":{"name":"21PJN0457V"},"geometry":{"type":"Point","coordinates":[-98.216145,19.010879]}},{"type":"Feature","properties":{"name":"21PJN0458U"},"geometry":{"type":"Point","coordinates":[-98.185448,19.041065]}},{"type":"Feature","properties":{"name":"21PJN0459T"},"geometry":{"type":"Point","coordinates":[-98.164826,19.102701]}},{"type":"Feature","properties":{"name":"21PJN0460I"},"geometry":{"type":"Point","coordinates":[-98.144743,19.047113]}},{"type":"Feature","properties":{"name":"21PJN0461H"},"geometry":{"type":"Point","coordinates":[-98.214023,18.996336]}},{"type":"Feature","properties":{"name":"21PJN0463F"},"geometry":{"type":"Point","coordinates":[-98.191325,19.040999]}},{"type":"Feature","properties":{"name":"21EJN0324Z"},"geometry":{"type":"Point","coordinates":[-98.194964,19.035535]}},{"type":"Feature","properties":{"name":"21EJN1230R"},"geometry":{"type":"Point","coordinates":[-98.265995,18.970585]}},{"type":"Feature","properties":{"name":"21EJN1238J"},"geometry":{"type":"Point","coordinates":[-98.265085,18.966667]}},{"type":"Feature","properties":{"name":"21PJN0714U"},"geometry":{"type":"Point","coordinates":[-98.219036,19.057279]}},{"type":"Feature","properties":{"name":"21PJN0717R"},"geometry":{"type":"Point","coordinates":[-98.239461,19.001663]}},{"type":"Feature","properties":{"name":"21PJN0719P"},"geometry":{"type":"Point","coordinates":[-98.149362,19.045019]}},{"type":"Feature","properties":{"name":"21PJN0724A"},"geometry":{"type":"Point","coordinates":[-98.234764,19.055745]}},{"type":"Feature","properties":{"name":"21PJN0466C"},"geometry":{"type":"Point","coordinates":[-98.21958,19.087282]}},{"type":"Feature","properties":{"name":"21PJN0467B"},"geometry":{"type":"Point","coordinates":[-98.221905,19.087217]}},{"type":"Feature","properties":{"name":"21PJN0469Z"},"geometry":{"type":"Point","coordinates":[-98.152983,19.038936]}},{"type":"Feature","properties":{"name":"21PJN0472N"},"geometry":{"type":"Point","coordinates":[-98.162786,19.052949]}},{"type":"Feature","properties":{"name":"21PJN0473M"},"geometry":{"type":"Point","coordinates":[-98.233496,19.060059]}},{"type":"Feature","properties":{"name":"21PJN0474L"},"geometry":{"type":"Point","coordinates":[-98.175122,19.022077]}},{"type":"Feature","properties":{"name":"21EJN0338B"},"geometry":{"type":"Point","coordinates":[-98.234986,18.996742]}},{"type":"Feature","properties":{"name":"21EJN0343N"},"geometry":{"type":"Point","coordinates":[-98.182357,19.020592]}},{"type":"Feature","properties":{"name":"21EJN0345L"},"geometry":{"type":"Point","coordinates":[-98.238064,18.994768]}},{"type":"Feature","properties":{"name":"21EJN0354T"},"geometry":{"type":"Point","coordinates":[-98.187133,19.063159]}},{"type":"Feature","properties":{"name":"21EJN0356R"},"geometry":{"type":"Point","coordinates":[-98.156402,19.039033]}},{"type":"Feature","properties":{"name":"21EJN0364Z"},"geometry":{"type":"Point","coordinates":[-98.146995,19.047584]}},{"type":"Feature","properties":{"name":"21EJN0367X"},"geometry":{"type":"Point","coordinates":[-98.245162,19.080797]}},{"type":"Feature","properties":{"name":"21PJN0475K"},"geometry":{"type":"Point","coordinates":[-98.23297,19.049129]}},{"type":"Feature","properties":{"name":"21PJN0476J"},"geometry":{"type":"Point","coordinates":[-98.168134,19.0455]}},{"type":"Feature","properties":{"name":"21PJN0477I"},"geometry":{"type":"Point","coordinates":[-98.180891,19.014401]}},{"type":"Feature","properties":{"name":"21PJN0495Y"},"geometry":{"type":"Point","coordinates":[-98.251443,19.073172]}},{"type":"Feature","properties":{"name":"21PJN0497W"},"geometry":{"type":"Point","coordinates":[-98.217396,19.068009]}},{"type":"Feature","properties":{"name":"21PJN0500T"},"geometry":{"type":"Point","coordinates":[-98.211357,19.022126]}},{"type":"Feature","properties":{"name":"21PJN0501S"},"geometry":{"type":"Point","coordinates":[-98.20406,19.059839]}},{"type":"Feature","properties":{"name":"21PJN0506N"},"geometry":{"type":"Point","coordinates":[-98.205466,19.002513]}},{"type":"Feature","properties":{"name":"21PJN0507M"},"geometry":{"type":"Point","coordinates":[-98.187184,18.969908]}},{"type":"Feature","properties":{"name":"21PJN0510Z"},"geometry":{"type":"Point","coordinates":[-98.254811,18.985575]}},{"type":"Feature","properties":{"name":"21PJN0725Z"},"geometry":{"type":"Point","coordinates":[-98.198566,19.070369]}},{"type":"Feature","properties":{"name":"21PJN0728X"},"geometry":{"type":"Point","coordinates":[-98.237278,18.963938]}},{"type":"Feature","properties":{"name":"21PJN0729W"},"geometry":{"type":"Point","coordinates":[-98.228392,18.996112]}},{"type":"Feature","properties":{"name":"21PJN0596W"},"geometry":{"type":"Point","coordinates":[-98.178332,19.021765]}},{"type":"Feature","properties":{"name":"21PJN0598U"},"geometry":{"type":"Point","coordinates":[-98.241106,19.009762]}},{"type":"Feature","properties":{"name":"21PJN0600S"},"geometry":{"type":"Point","coordinates":[-98.175381,19.062662]}},{"type":"Feature","properties":{"name":"21PJN0601R"},"geometry":{"type":"Point","coordinates":[-98.227504,19.066067]}},{"type":"Feature","properties":{"name":"21PJN0512Y"},"geometry":{"type":"Point","coordinates":[-98.240413,19.064651]}},{"type":"Feature","properties":{"name":"21PJN0514W"},"geometry":{"type":"Point","coordinates":[-98.213496,19.061525]}},{"type":"Feature","properties":{"name":"21PJN0515V"},"geometry":{"type":"Point","coordinates":[-98.243467,18.994278]}},{"type":"Feature","properties":{"name":"21PJN0516U"},"geometry":{"type":"Point","coordinates":[-98.183054,19.066967]}},{"type":"Feature","properties":{"name":"21PJN0519R"},"geometry":{"type":"Point","coordinates":[-98.189006,19.066431]}},{"type":"Feature","properties":{"name":"21PJN0526A"},"geometry":{"type":"Point","coordinates":[-98.18405,19.065976]}},{"type":"Feature","properties":{"name":"21EJN0371J"},"geometry":{"type":"Point","coordinates":[-98.192674,19.076622]}},{"type":"Feature","properties":{"name":"21EJN0373H"},"geometry":{"type":"Point","coordinates":[-98.128623,19.101858]}},{"type":"Feature","properties":{"name":"21EJN0376E"},"geometry":{"type":"Point","coordinates":[-98.20324,19.083873]}},{"type":"Feature","properties":{"name":"21EJN0377D"},"geometry":{"type":"Point","coordinates":[-98.211704,19.086751]}},{"type":"Feature","properties":{"name":"21EJN0378C"},"geometry":{"type":"Point","coordinates":[-98.215798,19.091177]}},{"type":"Feature","properties":{"name":"21EJN0387K"},"geometry":{"type":"Point","coordinates":[-98.144944,19.040931]}},{"type":"Feature","properties":{"name":"21EJN0389I"},"geometry":{"type":"Point","coordinates":[-98.152918,19.040384]}},{"type":"Feature","properties":{"name":"21PJN0606M"},"geometry":{"type":"Point","coordinates":[-98.183633,19.089595]}},{"type":"Feature","properties":{"name":"21PJN0607L"},"geometry":{"type":"Point","coordinates":[-98.261228,18.969882]}},{"type":"Feature","properties":{"name":"21PJN0614V"},"geometry":{"type":"Point","coordinates":[-98.186901,19.020512]}},{"type":"Feature","properties":{"name":"21PJN0615U"},"geometry":{"type":"Point","coordinates":[-98.132562,19.060411]}},{"type":"Feature","properties":{"name":"21PJN0855T"},"geometry":{"type":"Point","coordinates":[-98.177211,19.056192]}},{"type":"Feature","properties":{"name":"21PJN0857R"},"geometry":{"type":"Point","coordinates":[-98.236516,19.039453]}},{"type":"Feature","properties":{"name":"21PJN0858Q"},"geometry":{"type":"Point","coordinates":[-98.194249,19.063128]}},{"type":"Feature","properties":{"name":"21PJN0860E"},"geometry":{"type":"Point","coordinates":[-98.215312,18.984023]}},{"type":"Feature","properties":{"name":"21PJN0527Z"},"geometry":{"type":"Point","coordinates":[-98.217877,19.006391]}},{"type":"Feature","properties":{"name":"21PJN0528Z"},"geometry":{"type":"Point","coordinates":[-98.242388,19.012167]}},{"type":"Feature","properties":{"name":"21PJN0530N"},"geometry":{"type":"Point","coordinates":[-98.253684,19.073425]}},{"type":"Feature","properties":{"name":"21PJN0533K"},"geometry":{"type":"Point","coordinates":[-98.25488,19.075374]}},{"type":"Feature","properties":{"name":"21PJN0534J"},"geometry":{"type":"Point","coordinates":[-98.221427,19.012578]}},{"type":"Feature","properties":{"name":"21PJN0734H"},"geometry":{"type":"Point","coordinates":[-98.215362,19.01646]}},{"type":"Feature","properties":{"name":"21PJN0736F"},"geometry":{"type":"Point","coordinates":[-98.155514,19.047994]}},{"type":"Feature","properties":{"name":"21PJN0738D"},"geometry":{"type":"Point","coordinates":[-98.203447,19.038935]}},{"type":"Feature","properties":{"name":"21EJN0391X"},"geometry":{"type":"Point","coordinates":[-98.174297,19.05353]}},{"type":"Feature","properties":{"name":"21EJN0398Q"},"geometry":{"type":"Point","coordinates":[-98.226902,18.993483]}},{"type":"Feature","properties":{"name":"21EJN0401N"},"geometry":{"type":"Point","coordinates":[-98.141056,19.077252]}},{"type":"Feature","properties":{"name":"21EJN0413S"},"geometry":{"type":"Point","coordinates":[-98.235181,18.987636]}},{"type":"Feature","properties":{"name":"21EJN0415Q"},"geometry":{"type":"Point","coordinates":[-98.192103,19.073174]}},{"type":"Feature","properties":{"name":"21EJN0423Z"},"geometry":{"type":"Point","coordinates":[-98.14684,19.059107]}},{"type":"Feature","properties":{"name":"21EJN0426W"},"geometry":{"type":"Point","coordinates":[-98.2099,19.07157]}},{"type":"Feature","properties":{"name":"21PJN0535I"},"geometry":{"type":"Point","coordinates":[-98.214205,19.020753]}},{"type":"Feature","properties":{"name":"21PJN0537G"},"geometry":{"type":"Point","coordinates":[-98.200664,19.028399]}},{"type":"Feature","properties":{"name":"21PJN0544Q"},"geometry":{"type":"Point","coordinates":[-98.229079,19.085699]}},{"type":"Feature","properties":{"name":"21PJN1123O"},"geometry":{"type":"Point","coordinates":[-98.192236,19.031679]}},{"type":"Feature","properties":{"name":"21PJN1124N"},"geometry":{"type":"Point","coordinates":[-98.197856,19.05931]}},{"type":"Feature","properties":{"name":"21PJN1125M"},"geometry":{"type":"Point","coordinates":[-98.195555,19.053816]}},{"type":"Feature","properties":{"name":"21PJN1126L"},"geometry":{"type":"Point","coordinates":[-98.230192,19.008654]}},{"type":"Feature","properties":{"name":"21PJN1127K"},"geometry":{"type":"Point","coordinates":[-98.225622,19.080773]}},{"type":"Feature","properties":{"name":"21PJN1128J"},"geometry":{"type":"Point","coordinates":[-98.250828,19.075984]}},{"type":"Feature","properties":{"name":"21EJN0449G"},"geometry":{"type":"Point","coordinates":[-98.203337,19.092354]}},{"type":"Feature","properties":{"name":"21EJN0453T"},"geometry":{"type":"Point","coordinates":[-98.244487,18.971685]}},{"type":"Feature","properties":{"name":"21EJN0457P"},"geometry":{"type":"Point","coordinates":[-98.184466,19.010608]}},{"type":"Feature","properties":{"name":"21EJN0470J"},"geometry":{"type":"Point","coordinates":[-98.237261,18.982099]}},{"type":"Feature","properties":{"name":"21PJN0743P"},"geometry":{"type":"Point","coordinates":[-98.179459,19.080749]}},{"type":"Feature","properties":{"name":"21PJN0744O"},"geometry":{"type":"Point","coordinates":[-98.246924,19.075062]}},{"type":"Feature","properties":{"name":"21PJN0746M"},"geometry":{"type":"Point","coordinates":[-98.186364,19.075412]}},{"type":"Feature","properties":{"name":"21PJN0554X"},"geometry":{"type":"Point","coordinates":[-98.237029,18.992156]}},{"type":"Feature","properties":{"name":"21PJN0555W"},"geometry":{"type":"Point","coordinates":[-98.204926,19.019743]}},{"type":"Feature","properties":{"name":"21PJN0557U"},"geometry":{"type":"Point","coordinates":[-98.14907,19.039899]}},{"type":"Feature","properties":{"name":"21EJN0477C"},"geometry":{"type":"Point","coordinates":[-98.183108,19.080334]}},{"type":"Feature","properties":{"name":"21PJN1129I"},"geometry":{"type":"Point","coordinates":[-98.16545,18.958885]}},{"type":"Feature","properties":{"name":"21PJN1130Y"},"geometry":{"type":"Point","coordinates":[-98.24508,18.968091]}},{"type":"Feature","properties":{"name":"21PJN1132W"},"geometry":{"type":"Point","coordinates":[-98.170676,19.062106]}},{"type":"Feature","properties":{"name":"21PJN1135T"},"geometry":{"type":"Point","coordinates":[-98.194082,19.055486]}},{"type":"Feature","properties":{"name":"21PJN1137R"},"geometry":{"type":"Point","coordinates":[-98.231337,19.014729]}},{"type":"Feature","properties":{"name":"21EJN0484M"},"geometry":{"type":"Point","coordinates":[-98.140171,19.059955]}},{"type":"Feature","properties":{"name":"21EJN0486K"},"geometry":{"type":"Point","coordinates":[-98.104143,19.08797]}},{"type":"Feature","properties":{"name":"21EJN0491W"},"geometry":{"type":"Point","coordinates":[-98.240564,18.991339]}},{"type":"Feature","properties":{"name":"21PJN0748K"},"geometry":{"type":"Point","coordinates":[-98.211554,19.034165]}},{"type":"Feature","properties":{"name":"21PJN0752X"},"geometry":{"type":"Point","coordinates":[-98.185857,19.072615]}},{"type":"Feature","properties":{"name":"21PJN0753W"},"geometry":{"type":"Point","coordinates":[-98.236926,18.992328]}},{"type":"Feature","properties":{"name":"21PJN0754V"},"geometry":{"type":"Point","coordinates":[-98.194495,19.02353]}},{"type":"Feature","properties":{"name":"21PJN0756T"},"geometry":{"type":"Point","coordinates":[-98.171798,19.086051]}},{"type":"Feature","properties":{"name":"21PJN1138Q"},"geometry":{"type":"Point","coordinates":[-98.126023,19.032007]}},{"type":"Feature","properties":{"name":"21PJN1141D"},"geometry":{"type":"Point","coordinates":[-98.215126,19.031886]}},{"type":"Feature","properties":{"name":"21PJN1144A"},"geometry":{"type":"Point","coordinates":[-98.249159,18.990011]}},{"type":"Feature","properties":{"name":"21PJN1145Z"},"geometry":{"type":"Point","coordinates":[-98.136049,19.059702]}},{"type":"Feature","properties":{"name":"21EJN0512S"},"geometry":{"type":"Point","coordinates":[-98.135149,19.02708]}},{"type":"Feature","properties":{"name":"21EJN0513R"},"geometry":{"type":"Point","coordinates":[-98.197306,19.062124]}},{"type":"Feature","properties":{"name":"21EJN0520A"},"geometry":{"type":"Point","coordinates":[-98.235363,18.948121]}},{"type":"Feature","properties":{"name":"21PJN0757S"},"geometry":{"type":"Point","coordinates":[-98.272406,18.976276]}},{"type":"Feature","properties":{"name":"21PJN0759Q"},"geometry":{"type":"Point","coordinates":[-98.235263,19.008912]}},{"type":"Feature","properties":{"name":"21DPR0021W"},"geometry":{"type":"Point","coordinates":[-98.232342,19.011378]}},{"type":"Feature","properties":{"name":"21PJN1153I"},"geometry":{"type":"Point","coordinates":[-98.190766,19.020743]}},{"type":"Feature","properties":{"name":"21PJN1158D"},"geometry":{"type":"Point","coordinates":[-98.254285,18.985995]}},{"type":"Feature","properties":{"name":"21PJN1159C"},"geometry":{"type":"Point","coordinates":[-98.203294,19.060024]}},{"type":"Feature","properties":{"name":"21PJN1161R"},"geometry":{"type":"Point","coordinates":[-98.243554,18.967462]}},{"type":"Feature","properties":{"name":"21EJN0548G"},"geometry":{"type":"Point","coordinates":[-98.182573,19.048432]}},{"type":"Feature","properties":{"name":"21EJN0552T"},"geometry":{"type":"Point","coordinates":[-98.220795,19.06805]}},{"type":"Feature","properties":{"name":"21PJN1164O"},"geometry":{"type":"Point","coordinates":[-98.13463,19.059341]}},{"type":"Feature","properties":{"name":"21PJN1165N"},"geometry":{"type":"Point","coordinates":[-98.199961,19.072077]}},{"type":"Feature","properties":{"name":"21PJN1172X"},"geometry":{"type":"Point","coordinates":[-98.20609,19.034192]}},{"type":"Feature","properties":{"name":"21PJN1173W"},"geometry":{"type":"Point","coordinates":[-98.203001,18.993749]}},{"type":"Feature","properties":{"name":"21PJN0763C"},"geometry":{"type":"Point","coordinates":[-98.239499,18.959972]}},{"type":"Feature","properties":{"name":"21PJN0767Z"},"geometry":{"type":"Point","coordinates":[-98.188039,19.0657]}},{"type":"Feature","properties":{"name":"21PJN0769X"},"geometry":{"type":"Point","coordinates":[-98.190579,19.048806]}},{"type":"Feature","properties":{"name":"21PJN0770M"},"geometry":{"type":"Point","coordinates":[-98.199525,19.011263]}},{"type":"Feature","properties":{"name":"21DPR0022V"},"geometry":{"type":"Point","coordinates":[-98.220128,19.03459]}},{"type":"Feature","properties":{"name":"21EJN0557O"},"geometry":{"type":"Point","coordinates":[-98.248561,18.978861]}},{"type":"Feature","properties":{"name":"21EJN0558N"},"geometry":{"type":"Point","coordinates":[-98.245254,18.987594]}},{"type":"Feature","properties":{"name":"21PJN1174V"},"geometry":{"type":"Point","coordinates":[-98.204678,19.041546]}},{"type":"Feature","properties":{"name":"21PJN1177S"},"geometry":{"type":"Point","coordinates":[-98.181125,18.992136]}},{"type":"Feature","properties":{"name":"21PJN1178R"},"geometry":{"type":"Point","coordinates":[-98.240296,18.958741]}},{"type":"Feature","properties":{"name":"21PJN0773J"},"geometry":{"type":"Point","coordinates":[-98.204095,19.041906]}},{"type":"Feature","properties":{"name":"21PJN0775H"},"geometry":{"type":"Point","coordinates":[-98.225029,19.102039]}},{"type":"Feature","properties":{"name":"21PJN0776G"},"geometry":{"type":"Point","coordinates":[-98.264301,18.978464]}},{"type":"Feature","properties":{"name":"21EJN0562Z"},"geometry":{"type":"Point","coordinates":[-98.139193,19.031967]}},{"type":"Feature","properties":{"name":"21EJN0565X"},"geometry":{"type":"Point","coordinates":[-98.192721,18.994242]}},{"type":"Feature","properties":{"name":"21PJN1181E"},"geometry":{"type":"Point","coordinates":[-98.237217,19.057036]}},{"type":"Feature","properties":{"name":"21PJN1182D"},"geometry":{"type":"Point","coordinates":[-98.152034,19.043287]}},{"type":"Feature","properties":{"name":"21PJN1183C"},"geometry":{"type":"Point","coordinates":[-98.119674,19.070973]}},{"type":"Feature","properties":{"name":"21PJN1187Z"},"geometry":{"type":"Point","coordinates":[-98.191805,19.059578]}},{"type":"Feature","properties":{"name":"21PJN1188Y"},"geometry":{"type":"Point","coordinates":[-98.152805,19.041267]}},{"type":"Feature","properties":{"name":"21PJN0782R"},"geometry":{"type":"Point","coordinates":[-98.177401,19.050984]}},{"type":"Feature","properties":{"name":"21PJN0783Q"},"geometry":{"type":"Point","coordinates":[-98.139669,19.037664]}},{"type":"Feature","properties":{"name":"21PJN0789K"},"geometry":{"type":"Point","coordinates":[-98.270132,18.96609]}},{"type":"Feature","properties":{"name":"21DPR0040K"},"geometry":{"type":"Point","coordinates":[-98.248561,18.978861]}},{"type":"Feature","properties":{"name":"21DPR0041J"},"geometry":{"type":"Point","coordinates":[-98.238507,18.99575]}},{"type":"Feature","properties":{"name":"21DPR0042I"},"geometry":{"type":"Point","coordinates":[-98.215432,19.091438]}},{"type":"Feature","properties":{"name":"21DPR0043H"},"geometry":{"type":"Point","coordinates":[-98.158682,19.100679]}},{"type":"Feature","properties":{"name":"21PJN1191L"},"geometry":{"type":"Point","coordinates":[-98.257451,18.964448]}},{"type":"Feature","properties":{"name":"21PJN1192K"},"geometry":{"type":"Point","coordinates":[-98.128029,19.034582]}},{"type":"Feature","properties":{"name":"21PJN1194I"},"geometry":{"type":"Point","coordinates":[-98.200674,19.034187]}},{"type":"Feature","properties":{"name":"21PJN1197F"},"geometry":{"type":"Point","coordinates":[-98.194655,19.01107]}},{"type":"Feature","properties":{"name":"21PJN1199D"},"geometry":{"type":"Point","coordinates":[-98.22945,19.088839]}},{"type":"Feature","properties":{"name":"21PJN0792Y"},"geometry":{"type":"Point","coordinates":[-98.241744,19.07939]}},{"type":"Feature","properties":{"name":"21PJN0795V"},"geometry":{"type":"Point","coordinates":[-98.138796,19.057259]}},{"type":"Feature","properties":{"name":"21PJN0796U"},"geometry":{"type":"Point","coordinates":[-98.251514,18.974805]}},{"type":"Feature","properties":{"name":"21PJN0798S"},"geometry":{"type":"Point","coordinates":[-98.145687,19.050639]}},{"type":"Feature","properties":{"name":"21DPR0049B"},"geometry":{"type":"Point","coordinates":[-98.213654,19.011579]}},{"type":"Feature","properties":{"name":"21PJN1200C"},"geometry":{"type":"Point","coordinates":[-98.136747,19.038849]}},{"type":"Feature","properties":{"name":"21PJN1203Z"},"geometry":{"type":"Point","coordinates":[-98.208114,18.983058]}},{"type":"Feature","properties":{"name":"21DPR0060Y"},"geometry":{"type":"Point","coordinates":[-98.164501,18.955941]}},{"type":"Feature","properties":{"name":"21PJN0800Q"},"geometry":{"type":"Point","coordinates":[-98.195023,18.993044]}},{"type":"Feature","properties":{"name":"21PJN0801P"},"geometry":{"type":"Point","coordinates":[-98.228718,19.068838]}},{"type":"Feature","properties":{"name":"21PJN0802O"},"geometry":{"type":"Point","coordinates":[-98.144096,19.038422]}},{"type":"Feature","properties":{"name":"21PJN0803N"},"geometry":{"type":"Point","coordinates":[-98.21336,19.00562]}},{"type":"Feature","properties":{"name":"21PJN1225L"},"geometry":{"type":"Point","coordinates":[-98.219554,19.006596]}},{"type":"Feature","properties":{"name":"21PJN1226K"},"geometry":{"type":"Point","coordinates":[-98.222858,18.996012]}},{"type":"Feature","properties":{"name":"21PJN1228I"},"geometry":{"type":"Point","coordinates":[-98.197806,19.009116]}},{"type":"Feature","properties":{"name":"21PJN1230X"},"geometry":{"type":"Point","coordinates":[-98.217463,18.987129]}},{"type":"Feature","properties":{"name":"21PJN1234T"},"geometry":{"type":"Point","coordinates":[-98.173231,18.971011]}},{"type":"Feature","properties":{"name":"21PJN1235S"},"geometry":{"type":"Point","coordinates":[-98.177056,19.0883]}},{"type":"Feature","properties":{"name":"21PJN1236R"},"geometry":{"type":"Point","coordinates":[-98.197169,19.009375]}},{"type":"Feature","properties":{"name":"21PJN1238P"},"geometry":{"type":"Point","coordinates":[-98.215535,18.994234]}},{"type":"Feature","properties":{"name":"21PJN1239O"},"geometry":{"type":"Point","coordinates":[-98.223334,19.123222]}},{"type":"Feature","properties":{"name":"21PJN1240D"},"geometry":{"type":"Point","coordinates":[-98.212082,19.004196]}},{"type":"Feature","properties":{"name":"21PJN0807J"},"geometry":{"type":"Point","coordinates":[-98.114592,19.069497]}},{"type":"Feature","properties":{"name":"21PJN0808I"},"geometry":{"type":"Point","coordinates":[-98.228474,18.990447]}},{"type":"Feature","properties":{"name":"21PJN0812V"},"geometry":{"type":"Point","coordinates":[-98.202681,19.058335]}},{"type":"Feature","properties":{"name":"21PJN0816R"},"geometry":{"type":"Point","coordinates":[-98.171254,19.08628]}},{"type":"Feature","properties":{"name":"21PJN0818P"},"geometry":{"type":"Point","coordinates":[-98.194573,19.025939]}},{"type":"Feature","properties":{"name":"21PJN0822B"},"geometry":{"type":"Point","coordinates":[-98.183251,19.046411]}},{"type":"Feature","properties":{"name":"21PJN0824Z"},"geometry":{"type":"Point","coordinates":[-98.194126,19.065448]}},{"type":"Feature","properties":{"name":"21PJN0826Y"},"geometry":{"type":"Point","coordinates":[-98.209816,19.044435]}},{"type":"Feature","properties":{"name":"21PJN1242B"},"geometry":{"type":"Point","coordinates":[-98.213324,19.072531]}},{"type":"Feature","properties":{"name":"21PJN1248W"},"geometry":{"type":"Point","coordinates":[-98.223811,19.07099]}},{"type":"Feature","properties":{"name":"21PJN1249V"},"geometry":{"type":"Point","coordinates":[-98.205153,18.975488]}},{"type":"Feature","properties":{"name":"21PJN1250K"},"geometry":{"type":"Point","coordinates":[-98.199097,19.040665]}},{"type":"Feature","properties":{"name":"21DPR0191Q"},"geometry":{"type":"Point","coordinates":[-98.202619,19.101295]}},{"type":"Feature","properties":{"name":"21DPR0195M"},"geometry":{"type":"Point","coordinates":[-98.233871,19.092589]}},{"type":"Feature","properties":{"name":"21DPR0196L"},"geometry":{"type":"Point","coordinates":[-98.227041,19.126127]}},{"type":"Feature","properties":{"name":"21DPR0198J"},"geometry":{"type":"Point","coordinates":[-98.207233,19.015961]}},{"type":"Feature","properties":{"name":"21PJN0827X"},"geometry":{"type":"Point","coordinates":[-98.221549,19.058312]}},{"type":"Feature","properties":{"name":"21PJN0828W"},"geometry":{"type":"Point","coordinates":[-98.24209,19.010288]}},{"type":"Feature","properties":{"name":"21PJN0829V"},"geometry":{"type":"Point","coordinates":[-98.215073,18.989676]}},{"type":"Feature","properties":{"name":"21PJN0830K"},"geometry":{"type":"Point","coordinates":[-98.210174,19.061878]}},{"type":"Feature","properties":{"name":"21PJN0834G"},"geometry":{"type":"Point","coordinates":[-98.181506,19.012355]}},{"type":"Feature","properties":{"name":"21PJN0836E"},"geometry":{"type":"Point","coordinates":[-98.139898,19.068724]}},{"type":"Feature","properties":{"name":"21PJN0837D"},"geometry":{"type":"Point","coordinates":[-98.19712,19.040209]}},{"type":"Feature","properties":{"name":"21PJN1251J"},"geometry":{"type":"Point","coordinates":[-98.198771,19.035583]}},{"type":"Feature","properties":{"name":"21PJN1256E"},"geometry":{"type":"Point","coordinates":[-98.204581,19.029228]}},{"type":"Feature","properties":{"name":"21PJN1257D"},"geometry":{"type":"Point","coordinates":[-98.228994,19.088529]}},{"type":"Feature","properties":{"name":"21DPR0416G"},"geometry":{"type":"Point","coordinates":[-98.223216,19.089271]}},{"type":"Feature","properties":{"name":"21DPR0208Z"},"geometry":{"type":"Point","coordinates":[-98.144994,19.046301]}},{"type":"Feature","properties":{"name":"21PJN0842P"},"geometry":{"type":"Point","coordinates":[-98.211169,18.995201]}},{"type":"Feature","properties":{"name":"21PJN0843O"},"geometry":{"type":"Point","coordinates":[-98.217833,19.072197]}},{"type":"Feature","properties":{"name":"21PJN0845M"},"geometry":{"type":"Point","coordinates":[-98.190774,19.044893]}},{"type":"Feature","properties":{"name":"21PJN0848J"},"geometry":{"type":"Point","coordinates":[-98.243276,19.040256]}},{"type":"Feature","properties":{"name":"21PJN0849I"},"geometry":{"type":"Point","coordinates":[-98.209114,19.049841]}},{"type":"Feature","properties":{"name":"21PJN0851X"},"geometry":{"type":"Point","coordinates":[-98.200646,19.014693]}},{"type":"Feature","properties":{"name":"21PJN0862C"},"geometry":{"type":"Point","coordinates":[-98.204736,19.011512]}},{"type":"Feature","properties":{"name":"21PJN1258C"},"geometry":{"type":"Point","coordinates":[-98.218979,19.062031]}},{"type":"Feature","properties":{"name":"21PJN1261Q"},"geometry":{"type":"Point","coordinates":[-98.203917,19.03627]}},{"type":"Feature","properties":{"name":"21PJN0867Y"},"geometry":{"type":"Point","coordinates":[-98.166369,19.089372]}},{"type":"Feature","properties":{"name":"21PJN0869W"},"geometry":{"type":"Point","coordinates":[-98.189009,19.0335]}},{"type":"Feature","properties":{"name":"21PJN0870L"},"geometry":{"type":"Point","coordinates":[-98.221971,19.000394]}},{"type":"Feature","properties":{"name":"21PJN0871K"},"geometry":{"type":"Point","coordinates":[-98.1968,19.064372]}},{"type":"Feature","properties":{"name":"21DPR0211N"},"geometry":{"type":"Point","coordinates":[-98.151651,19.032765]}},{"type":"Feature","properties":{"name":"21DPR0216I"},"geometry":{"type":"Point","coordinates":[-98.202539,19.061212]}},{"type":"Feature","properties":{"name":"21DPR0217H"},"geometry":{"type":"Point","coordinates":[-98.202539,19.061212]}},{"type":"Feature","properties":{"name":"21DPR0219F"},"geometry":{"type":"Point","coordinates":[-98.182313,19.012921]}},{"type":"Feature","properties":{"name":"21PJN1268J"},"geometry":{"type":"Point","coordinates":[-98.160364,19.096282]}},{"type":"Feature","properties":{"name":"21PJN1269I"},"geometry":{"type":"Point","coordinates":[-98.257786,18.964357]}},{"type":"Feature","properties":{"name":"21PJN1270Y"},"geometry":{"type":"Point","coordinates":[-98.201174,19.033554]}},{"type":"Feature","properties":{"name":"21PJN1271X"},"geometry":{"type":"Point","coordinates":[-98.113333,18.914167]}},{"type":"Feature","properties":{"name":"21PJN1272W"},"geometry":{"type":"Point","coordinates":[-98.101386,19.081994]}},{"type":"Feature","properties":{"name":"21PJN1274U"},"geometry":{"type":"Point","coordinates":[-98.184858,19.036452]}},{"type":"Feature","properties":{"name":"21PJN0874H"},"geometry":{"type":"Point","coordinates":[-98.196084,19.022039]}},{"type":"Feature","properties":{"name":"21PJN0876F"},"geometry":{"type":"Point","coordinates":[-98.246011,19.064418]}},{"type":"Feature","properties":{"name":"21PJN0878D"},"geometry":{"type":"Point","coordinates":[-98.196681,19.010496]}},{"type":"Feature","properties":{"name":"21PJN0880S"},"geometry":{"type":"Point","coordinates":[-98.201704,19.025089]}},{"type":"Feature","properties":{"name":"21DPR0221U"},"geometry":{"type":"Point","coordinates":[-98.142524,19.04166]}},{"type":"Feature","properties":{"name":"21DPR0222T"},"geometry":{"type":"Point","coordinates":[-98.188644,19.071789]}},{"type":"Feature","properties":{"name":"21DPR0223S"},"geometry":{"type":"Point","coordinates":[-98.188644,19.071789]}},{"type":"Feature","properties":{"name":"21DPR0224R"},"geometry":{"type":"Point","coordinates":[-98.211764,19.054218]}},{"type":"Feature","properties":{"name":"21DPR0227O"},"geometry":{"type":"Point","coordinates":[-98.187327,19.048832]}},{"type":"Feature","properties":{"name":"21PJN1279P"},"geometry":{"type":"Point","coordinates":[-98.24722,18.998695]}},{"type":"Feature","properties":{"name":"21PJN1280E"},"geometry":{"type":"Point","coordinates":[-98.261527,18.972713]}},{"type":"Feature","properties":{"name":"21PJN0882Q"},"geometry":{"type":"Point","coordinates":[-98.223376,19.032161]}},{"type":"Feature","properties":{"name":"21PJN0884O"},"geometry":{"type":"Point","coordinates":[-98.235614,19.073995]}},{"type":"Feature","properties":{"name":"21PJN0885N"},"geometry":{"type":"Point","coordinates":[-98.131433,19.072385]}},{"type":"Feature","properties":{"name":"21PJN0887L"},"geometry":{"type":"Point","coordinates":[-98.195403,19.016653]}},{"type":"Feature","properties":{"name":"21PJN0888K"},"geometry":{"type":"Point","coordinates":[-98.239683,18.970367]}},{"type":"Feature","properties":{"name":"21DPR0229M"},"geometry":{"type":"Point","coordinates":[-98.211055,19.063743]}},{"type":"Feature","properties":{"name":"21DPR0232Z"},"geometry":{"type":"Point","coordinates":[-98.187271,19.047881]}},{"type":"Feature","properties":{"name":"21DPR0233Z"},"geometry":{"type":"Point","coordinates":[-98.22281,19.061114]}},{"type":"Feature","properties":{"name":"21DPR0234Y"},"geometry":{"type":"Point","coordinates":[-98.179875,19.066699]}},{"type":"Feature","properties":{"name":"21DPR0245D"},"geometry":{"type":"Point","coordinates":[-98.214413,19.113305]}},{"type":"Feature","properties":{"name":"21PJN0890Z"},"geometry":{"type":"Point","coordinates":[-98.213348,19.068519]}},{"type":"Feature","properties":{"name":"21PJN0892X"},"geometry":{"type":"Point","coordinates":[-98.216932,19.096635]}},{"type":"Feature","properties":{"name":"21PJN1283B"},"geometry":{"type":"Point","coordinates":[-98.216514,18.995292]}},{"type":"Feature","properties":{"name":"21PJN1287Y"},"geometry":{"type":"Point","coordinates":[-98.258198,18.967428]}},{"type":"Feature","properties":{"name":"21DPR0248A"},"geometry":{"type":"Point","coordinates":[-98.221923,19.020479]}},{"type":"Feature","properties":{"name":"21DPR0249Z"},"geometry":{"type":"Point","coordinates":[-98.223216,19.089271]}},{"type":"Feature","properties":{"name":"21DPR0250P"},"geometry":{"type":"Point","coordinates":[-98.225509,19.003554]}},{"type":"Feature","properties":{"name":"21DPR0251O"},"geometry":{"type":"Point","coordinates":[-98.248561,18.978861]}},{"type":"Feature","properties":{"name":"21DPR0252N"},"geometry":{"type":"Point","coordinates":[-98.244321,19.080339]}},{"type":"Feature","properties":{"name":"21DPR0253M"},"geometry":{"type":"Point","coordinates":[-98.226777,19.121442]}},{"type":"Feature","properties":{"name":"21PJN0895U"},"geometry":{"type":"Point","coordinates":[-98.204758,19.025315]}},{"type":"Feature","properties":{"name":"21PJN0896T"},"geometry":{"type":"Point","coordinates":[-98.226165,19.062667]}},{"type":"Feature","properties":{"name":"21PJN0899Q"},"geometry":{"type":"Point","coordinates":[-98.182829,18.971336]}},{"type":"Feature","properties":{"name":"21PJN0901O"},"geometry":{"type":"Point","coordinates":[-98.207511,19.042017]}},{"type":"Feature","properties":{"name":"21PJN0902N"},"geometry":{"type":"Point","coordinates":[-98.217897,19.009998]}},{"type":"Feature","properties":{"name":"21PJN1301A"},"geometry":{"type":"Point","coordinates":[-98.220654,19.008453]}},{"type":"Feature","properties":{"name":"21DPR0254L"},"geometry":{"type":"Point","coordinates":[-98.253752,18.984905]}},{"type":"Feature","properties":{"name":"21DPR0255K"},"geometry":{"type":"Point","coordinates":[-98.228279,19.018709]}},{"type":"Feature","properties":{"name":"21DPR0256J"},"geometry":{"type":"Point","coordinates":[-98.158682,19.100679]}},{"type":"Feature","properties":{"name":"21DPR0257I"},"geometry":{"type":"Point","coordinates":[-98.263998,18.978606]}},{"type":"Feature","properties":{"name":"21DPR0258H"},"geometry":{"type":"Point","coordinates":[-98.06801,19.094893]}},{"type":"Feature","properties":{"name":"21DPR0259G"},"geometry":{"type":"Point","coordinates":[-98.199419,19.091827]}},{"type":"Feature","properties":{"name":"21PJN0916Q"},"geometry":{"type":"Point","coordinates":[-98.258066,18.966442]}},{"type":"Feature","properties":{"name":"21PJN0920C"},"geometry":{"type":"Point","coordinates":[-98.183085,19.081446]}},{"type":"Feature","properties":{"name":"21PJN0921B"},"geometry":{"type":"Point","coordinates":[-98.228221,19.063784]}},{"type":"Feature","properties":{"name":"21PJN0922A"},"geometry":{"type":"Point","coordinates":[-98.207376,19.025726]}},{"type":"Feature","properties":{"name":"21PJN0924Z"},"geometry":{"type":"Point","coordinates":[-98.12076,19.064653]}},{"type":"Feature","properties":{"name":"21PJN0926X"},"geometry":{"type":"Point","coordinates":[-98.107726,19.086442]}},{"type":"Feature","properties":{"name":"21PJN0927W"},"geometry":{"type":"Point","coordinates":[-98.222805,19.10139]}},{"type":"Feature","properties":{"name":"21PJN1302Z"},"geometry":{"type":"Point","coordinates":[-98.22367,19.002825]}},{"type":"Feature","properties":{"name":"21PJN1304Y"},"geometry":{"type":"Point","coordinates":[-98.193209,19.06705]}},{"type":"Feature","properties":{"name":"21PJN1306W"},"geometry":{"type":"Point","coordinates":[-98.128111,19.071684]}},{"type":"Feature","properties":{"name":"21PJN1307V"},"geometry":{"type":"Point","coordinates":[-98.195106,18.981004]}},{"type":"Feature","properties":{"name":"21PJN1308U"},"geometry":{"type":"Point","coordinates":[-98.229961,19.04228]}},{"type":"Feature","properties":{"name":"21PJN1310I"},"geometry":{"type":"Point","coordinates":[-98.127594,19.032511]}},{"type":"Feature","properties":{"name":"21PJN1312G"},"geometry":{"type":"Point","coordinates":[-98.193635,19.016476]}},{"type":"Feature","properties":{"name":"21PJN1313F"},"geometry":{"type":"Point","coordinates":[-98.198594,19.009683]}},{"type":"Feature","properties":{"name":"21PJN1314E"},"geometry":{"type":"Point","coordinates":[-98.21949,19.065386]}},{"type":"Feature","properties":{"name":"21PJN0934F"},"geometry":{"type":"Point","coordinates":[-98.192,19.010275]}},{"type":"Feature","properties":{"name":"21PJN0935E"},"geometry":{"type":"Point","coordinates":[-98.150008,19.06761]}},{"type":"Feature","properties":{"name":"21PJN0936D"},"geometry":{"type":"Point","coordinates":[-98.206331,19.03957]}},{"type":"Feature","properties":{"name":"21PJN0938B"},"geometry":{"type":"Point","coordinates":[-98.219209,19.041765]}},{"type":"Feature","properties":{"name":"21PJN0940Q"},"geometry":{"type":"Point","coordinates":[-98.216844,18.991994]}},{"type":"Feature","properties":{"name":"21PJN0942O"},"geometry":{"type":"Point","coordinates":[-98.143598,19.068459]}},{"type":"Feature","properties":{"name":"21PJN0946K"},"geometry":{"type":"Point","coordinates":[-98.198111,19.032539]}},{"type":"Feature","properties":{"name":"21PJN1315D"},"geometry":{"type":"Point","coordinates":[-98.235188,19.046255]}},{"type":"Feature","properties":{"name":"21PJN1317B"},"geometry":{"type":"Point","coordinates":[-98.211893,18.997581]}},{"type":"Feature","properties":{"name":"21PJN1318A"},"geometry":{"type":"Point","coordinates":[-98.136243,19.060431]}},{"type":"Feature","properties":{"name":"21PJN1322N"},"geometry":{"type":"Point","coordinates":[-98.166921,19.055588]}},{"type":"Feature","properties":{"name":"21PJN0950X"},"geometry":{"type":"Point","coordinates":[-98.195869,18.988208]}},{"type":"Feature","properties":{"name":"21PJN0951W"},"geometry":{"type":"Point","coordinates":[-98.21814,19.048508]}},{"type":"Feature","properties":{"name":"21PJN0952V"},"geometry":{"type":"Point","coordinates":[-98.196254,18.9857]}},{"type":"Feature","properties":{"name":"21PJN0955S"},"geometry":{"type":"Point","coordinates":[-98.121019,19.064446]}},{"type":"Feature","properties":{"name":"21PJN0956R"},"geometry":{"type":"Point","coordinates":[-98.191325,19.026413]}},{"type":"Feature","properties":{"name":"21PJN0957Q"},"geometry":{"type":"Point","coordinates":[-98.116685,19.059998]}},{"type":"Feature","properties":{"name":"21PJN0958P"},"geometry":{"type":"Point","coordinates":[-98.209522,19.012349]}},{"type":"Feature","properties":{"name":"21PJN0959O"},"geometry":{"type":"Point","coordinates":[-98.215721,19.003549]}},{"type":"Feature","properties":{"name":"21PJN0960D"},"geometry":{"type":"Point","coordinates":[-98.199882,18.989214]}},{"type":"Feature","properties":{"name":"21PJN0962B"},"geometry":{"type":"Point","coordinates":[-98.18974,19.021999]}},{"type":"Feature","properties":{"name":"21DPR0539Q"},"geometry":{"type":"Point","coordinates":[-98.188858,19.066931]}},{"type":"Feature","properties":{"name":"21PJN1324L"},"geometry":{"type":"Point","coordinates":[-98.243085,18.970077]}},{"type":"Feature","properties":{"name":"21PJN1325K"},"geometry":{"type":"Point","coordinates":[-98.23803,19.050088]}},{"type":"Feature","properties":{"name":"21PJN1333T"},"geometry":{"type":"Point","coordinates":[-98.200603,19.092911]}},{"type":"Feature","properties":{"name":"21PJN1334S"},"geometry":{"type":"Point","coordinates":[-98.210904,19.037702]}},{"type":"Feature","properties":{"name":"21PJN1335R"},"geometry":{"type":"Point","coordinates":[-98.131978,19.093983]}},{"type":"Feature","properties":{"name":"21PJN1337P"},"geometry":{"type":"Point","coordinates":[-98.141604,19.025184]}},{"type":"Feature","properties":{"name":"21PJN1338O"},"geometry":{"type":"Point","coordinates":[-98.239759,18.981625]}},{"type":"Feature","properties":{"name":"21PJN0965Z"},"geometry":{"type":"Point","coordinates":[-98.233419,19.054524]}},{"type":"Feature","properties":{"name":"21PJN0966Y"},"geometry":{"type":"Point","coordinates":[-98.145237,19.073421]}},{"type":"Feature","properties":{"name":"21PJN0969V"},"geometry":{"type":"Point","coordinates":[-98.167006,19.057431]}},{"type":"Feature","properties":{"name":"21PJN1339N"},"geometry":{"type":"Point","coordinates":[-98.152621,19.055983]}},{"type":"Feature","properties":{"name":"21PJN1342A"},"geometry":{"type":"Point","coordinates":[-98.136613,19.075187]}},{"type":"Feature","properties":{"name":"21PJN1343Z"},"geometry":{"type":"Point","coordinates":[-98.1442,19.068431]}},{"type":"Feature","properties":{"name":"21PJN1345Y"},"geometry":{"type":"Point","coordinates":[-98.146775,19.029799]}},{"type":"Feature","properties":{"name":"21PJN1349U"},"geometry":{"type":"Point","coordinates":[-98.233911,19.007815]}},{"type":"Feature","properties":{"name":"21PJN1350J"},"geometry":{"type":"Point","coordinates":[-98.189739,19.036109]}},{"type":"Feature","properties":{"name":"21PJN1351I"},"geometry":{"type":"Point","coordinates":[-98.148532,19.070114]}},{"type":"Feature","properties":{"name":"21PJN0972I"},"geometry":{"type":"Point","coordinates":[-98.222949,19.013735]}},{"type":"Feature","properties":{"name":"21PJN0974G"},"geometry":{"type":"Point","coordinates":[-98.225356,19.059817]}},{"type":"Feature","properties":{"name":"21PJN0975F"},"geometry":{"type":"Point","coordinates":[-98.212155,18.996914]}},{"type":"Feature","properties":{"name":"21PJN0976E"},"geometry":{"type":"Point","coordinates":[-98.24883,19.054301]}},{"type":"Feature","properties":{"name":"21PJN0979B"},"geometry":{"type":"Point","coordinates":[-98.146523,19.042731]}},{"type":"Feature","properties":{"name":"21PJN1352H"},"geometry":{"type":"Point","coordinates":[-98.139214,19.027681]}},{"type":"Feature","properties":{"name":"21PJN1356D"},"geometry":{"type":"Point","coordinates":[-98.130333,19.052573]}},{"type":"Feature","properties":{"name":"21PJN1358B"},"geometry":{"type":"Point","coordinates":[-98.18026,19.077573]}},{"type":"Feature","properties":{"name":"21DPR0340H"},"geometry":{"type":"Point","coordinates":[-98.236265,19.065003]}},{"type":"Feature","properties":{"name":"21PJN0981Q"},"geometry":{"type":"Point","coordinates":[-98.242506,18.970189]}},{"type":"Feature","properties":{"name":"21PJN0983O"},"geometry":{"type":"Point","coordinates":[-98.200443,19.047311]}},{"type":"Feature","properties":{"name":"21PJN0984N"},"geometry":{"type":"Point","coordinates":[-98.200585,18.990678]}},{"type":"Feature","properties":{"name":"21PJN0985M"},"geometry":{"type":"Point","coordinates":[-98.125141,19.052667]}},{"type":"Feature","properties":{"name":"21PJN0986L"},"geometry":{"type":"Point","coordinates":[-98.176108,19.058385]}},{"type":"Feature","properties":{"name":"21PJN0988J"},"geometry":{"type":"Point","coordinates":[-98.127767,19.052683]}},{"type":"Feature","properties":{"name":"21DPR0352M"},"geometry":{"type":"Point","coordinates":[-98.187133,19.063159]}},{"type":"Feature","properties":{"name":"21PJN0990Y"},"geometry":{"type":"Point","coordinates":[-98.206824,19.045256]}},{"type":"Feature","properties":{"name":"21PJN0993V"},"geometry":{"type":"Point","coordinates":[-98.139553,19.066757]}},{"type":"Feature","properties":{"name":"21PJN0996S"},"geometry":{"type":"Point","coordinates":[-98.220858,19.015535]}},{"type":"Feature","properties":{"name":"21PJN0997R"},"geometry":{"type":"Point","coordinates":[-98.219024,19.049403]}},{"type":"Feature","properties":{"name":"21DPR0575V"},"geometry":{"type":"Point","coordinates":[-98.142524,19.04166]}},{"type":"Feature","properties":{"name":"21DPR0576U"},"geometry":{"type":"Point","coordinates":[-98.133263,19.057304]}},{"type":"Feature","properties":{"name":"21DPR0580G"},"geometry":{"type":"Point","coordinates":[-98.254576,18.901502]}},{"type":"Feature","properties":{"name":"21DPR0585B"},"geometry":{"type":"Point","coordinates":[-98.170278,18.953365]}},{"type":"Feature","properties":{"name":"21DPR0587Z"},"geometry":{"type":"Point","coordinates":[-98.114852,19.078967]}},{"type":"Feature","properties":{"name":"21DPR0355J"},"geometry":{"type":"Point","coordinates":[-98.229661,19.070672]}},{"type":"Feature","properties":{"name":"21DPR0362T"},"geometry":{"type":"Point","coordinates":[-98.180017,19.027375]}},{"type":"Feature","properties":{"name":"21PJN0998Q"},"geometry":{"type":"Point","coordinates":[-98.228988,19.038749]}},{"type":"Feature","properties":{"name":"21PJN1000E"},"geometry":{"type":"Point","coordinates":[-98.214186,19.018559]}},{"type":"Feature","properties":{"name":"21PJN1003B"},"geometry":{"type":"Point","coordinates":[-98.213309,19.061111]}},{"type":"Feature","properties":{"name":"21PJN1005Z"},"geometry":{"type":"Point","coordinates":[-98.246733,19.042471]}},{"type":"Feature","properties":{"name":"21PJN1007Y"},"geometry":{"type":"Point","coordinates":[-98.259167,19.073816]}},{"type":"Feature","properties":{"name":"21PJN1008X"},"geometry":{"type":"Point","coordinates":[-98.14661,19.043347]}},{"type":"Feature","properties":{"name":"21PJN1011K"},"geometry":{"type":"Point","coordinates":[-98.136167,19.056966]}},{"type":"Feature","properties":{"name":"21PJN1013I"},"geometry":{"type":"Point","coordinates":[-98.207375,18.981932]}},{"type":"Feature","properties":{"name":"21PJN1018D"},"geometry":{"type":"Point","coordinates":[-98.188362,19.019026]}},{"type":"Feature","properties":{"name":"21PJN1021R"},"geometry":{"type":"Point","coordinates":[-98.206639,19.02927]}},{"type":"Feature","properties":{"name":"21PJN1022Q"},"geometry":{"type":"Point","coordinates":[-98.234446,19.004154]}},{"type":"Feature","properties":{"name":"21PJN1026M"},"geometry":{"type":"Point","coordinates":[-98.139587,19.078785]}},{"type":"Feature","properties":{"name":"21PJN1360Q"},"geometry":{"type":"Point","coordinates":[-98.197394,19.104394]}},{"type":"Feature","properties":{"name":"21PJN1361P"},"geometry":{"type":"Point","coordinates":[-98.193069,18.995246]}},{"type":"Feature","properties":{"name":"21PJN1363N"},"geometry":{"type":"Point","coordinates":[-98.261232,19.048992]}},{"type":"Feature","properties":{"name":"21PJN1364M"},"geometry":{"type":"Point","coordinates":[-98.177979,19.077775]}},{"type":"Feature","properties":{"name":"21PJN1365L"},"geometry":{"type":"Point","coordinates":[-98.181686,19.100462]}},{"type":"Feature","properties":{"name":"21PJN1368I"},"geometry":{"type":"Point","coordinates":[-98.231833,19.045921]}},{"type":"Feature","properties":{"name":"21PJN1369H"},"geometry":{"type":"Point","coordinates":[-98.193325,19.029761]}},{"type":"Feature","properties":{"name":"21PJN1373U"},"geometry":{"type":"Point","coordinates":[-98.212063,19.001043]}},{"type":"Feature","properties":{"name":"21PJN1027L"},"geometry":{"type":"Point","coordinates":[-98.179171,19.044278]}},{"type":"Feature","properties":{"name":"21PJN1032X"},"geometry":{"type":"Point","coordinates":[-98.146447,19.044369]}},{"type":"Feature","properties":{"name":"21PJN1034V"},"geometry":{"type":"Point","coordinates":[-98.153048,19.042417]}},{"type":"Feature","properties":{"name":"21PJN1035U"},"geometry":{"type":"Point","coordinates":[-98.179779,19.070883]}},{"type":"Feature","properties":{"name":"21PJN1036T"},"geometry":{"type":"Point","coordinates":[-98.166445,19.045278]}},{"type":"Feature","properties":{"name":"21PJN1381C"},"geometry":{"type":"Point","coordinates":[-98.17618,18.905985]}},{"type":"Feature","properties":{"name":"21PJN1382B"},"geometry":{"type":"Point","coordinates":[-98.198079,19.086067]}},{"type":"Feature","properties":{"name":"21PJN1041E"},"geometry":{"type":"Point","coordinates":[-98.233899,19.050302]}},{"type":"Feature","properties":{"name":"21PJN1042D"},"geometry":{"type":"Point","coordinates":[-98.222572,19.032894]}},{"type":"Feature","properties":{"name":"21PJN1043C"},"geometry":{"type":"Point","coordinates":[-98.205782,19.037379]}},{"type":"Feature","properties":{"name":"21PJN1044B"},"geometry":{"type":"Point","coordinates":[-98.177635,19.047118]}},{"type":"Feature","properties":{"name":"21PJN1047Z"},"geometry":{"type":"Point","coordinates":[-98.211858,19.043263]}},{"type":"Feature","properties":{"name":"21PJN1388W"},"geometry":{"type":"Point","coordinates":[-98.197245,18.979863]}},{"type":"Feature","properties":{"name":"21PJN1389V"},"geometry":{"type":"Point","coordinates":[-98.202227,19.009637]}},{"type":"Feature","properties":{"name":"21PJN1390K"},"geometry":{"type":"Point","coordinates":[-98.225248,19.015415]}},{"type":"Feature","properties":{"name":"21PJN1051L"},"geometry":{"type":"Point","coordinates":[-98.147034,19.043923]}},{"type":"Feature","properties":{"name":"21PJN1054I"},"geometry":{"type":"Point","coordinates":[-98.187044,19.014364]}},{"type":"Feature","properties":{"name":"21PJN1055H"},"geometry":{"type":"Point","coordinates":[-98.221253,19.034689]}},{"type":"Feature","properties":{"name":"21EPR1546F"},"geometry":{"type":"Point","coordinates":[-98.094832,19.152725]}},{"type":"Feature","properties":{"name":"21EPR1555N"},"geometry":{"type":"Point","coordinates":[-98.275194,18.978826]}},{"type":"Feature","properties":{"name":"21PJN1391J"},"geometry":{"type":"Point","coordinates":[-98.234132,19.074705]}},{"type":"Feature","properties":{"name":"21PJN1392I"},"geometry":{"type":"Point","coordinates":[-98.236823,18.960054]}},{"type":"Feature","properties":{"name":"21PJN1395F"},"geometry":{"type":"Point","coordinates":[-98.135027,19.042765]}},{"type":"Feature","properties":{"name":"21PJN1398C"},"geometry":{"type":"Point","coordinates":[-98.17943,19.043955]}},{"type":"Feature","properties":{"name":"21EPR1562X"},"geometry":{"type":"Point","coordinates":[-98.23635,18.970889]}},{"type":"Feature","properties":{"name":"21EPR1566T"},"geometry":{"type":"Point","coordinates":[-98.256856,18.960052]}},{"type":"Feature","properties":{"name":"21PJN1399B"},"geometry":{"type":"Point","coordinates":[-98.137224,19.028926]}},{"type":"Feature","properties":{"name":"21PJN1402Z"},"geometry":{"type":"Point","coordinates":[-98.125575,19.058605]}},{"type":"Feature","properties":{"name":"21PJN1403Y"},"geometry":{"type":"Point","coordinates":[-98.210202,18.98589]}},{"type":"Feature","properties":{"name":"21PJN1404X"},"geometry":{"type":"Point","coordinates":[-98.232404,18.981949]}},{"type":"Feature","properties":{"name":"21PJN1056G"},"geometry":{"type":"Point","coordinates":[-98.22724,19.070039]}},{"type":"Feature","properties":{"name":"21PJN1060T"},"geometry":{"type":"Point","coordinates":[-98.179629,19.035714]}},{"type":"Feature","properties":{"name":"21EPR1569Q"},"geometry":{"type":"Point","coordinates":[-98.1716,18.972614]}},{"type":"Feature","properties":{"name":"21EPR1570F"},"geometry":{"type":"Point","coordinates":[-98.215124,18.965296]}},{"type":"Feature","properties":{"name":"21PJN1068L"},"geometry":{"type":"Point","coordinates":[-98.174254,19.037907]}},{"type":"Feature","properties":{"name":"21PJN1070Z"},"geometry":{"type":"Point","coordinates":[-98.230958,19.016774]}},{"type":"Feature","properties":{"name":"21PJN1072Y"},"geometry":{"type":"Point","coordinates":[-98.177156,19.06208]}},{"type":"Feature","properties":{"name":"21PJN1073X"},"geometry":{"type":"Point","coordinates":[-98.242127,19.083878]}},{"type":"Feature","properties":{"name":"21PJN1074W"},"geometry":{"type":"Point","coordinates":[-98.16032,19.087095]}},{"type":"Feature","properties":{"name":"21PJN1079R"},"geometry":{"type":"Point","coordinates":[-98.131992,19.077075]}},{"type":"Feature","properties":{"name":"21PJN1080G"},"geometry":{"type":"Point","coordinates":[-98.196279,19.061436]}},{"type":"Feature","properties":{"name":"21PJN1081F"},"geometry":{"type":"Point","coordinates":[-98.214294,19.024463]}},{"type":"Feature","properties":{"name":"21PJN1406V"},"geometry":{"type":"Point","coordinates":[-98.255287,18.979936]}},{"type":"Feature","properties":{"name":"21PJN1407U"},"geometry":{"type":"Point","coordinates":[-98.238888,18.996113]}},{"type":"Feature","properties":{"name":"21PJN1087Z"},"geometry":{"type":"Point","coordinates":[-98.224897,18.986013]}},{"type":"Feature","properties":{"name":"21PJN1089Y"},"geometry":{"type":"Point","coordinates":[-98.197506,19.006541]}},{"type":"Feature","properties":{"name":"21PJN1414D"},"geometry":{"type":"Point","coordinates":[-98.245141,19.083211]}},{"type":"Feature","properties":{"name":"21PJN1417A"},"geometry":{"type":"Point","coordinates":[-98.258118,18.973169]}},{"type":"Feature","properties":{"name":"21PJN1419Z"},"geometry":{"type":"Point","coordinates":[-98.246945,18.971741]}},{"type":"Feature","properties":{"name":"21PJN1420O"},"geometry":{"type":"Point","coordinates":[-98.207915,18.991827]}},{"type":"Feature","properties":{"name":"21PJN1091M"},"geometry":{"type":"Point","coordinates":[-98.172617,19.055367]}},{"type":"Feature","properties":{"name":"21PJN1093K"},"geometry":{"type":"Point","coordinates":[-98.128232,19.05284]}},{"type":"Feature","properties":{"name":"21PJN1095I"},"geometry":{"type":"Point","coordinates":[-98.220431,19.010443]}},{"type":"Feature","properties":{"name":"21PJN1100D"},"geometry":{"type":"Point","coordinates":[-98.201499,18.974466]}},{"type":"Feature","properties":{"name":"21PJN1102B"},"geometry":{"type":"Point","coordinates":[-98.134793,19.063208]}},{"type":"Feature","properties":{"name":"21PJN1108W"},"geometry":{"type":"Point","coordinates":[-98.182497,19.07532]}},{"type":"Feature","properties":{"name":"21PJN1109V"},"geometry":{"type":"Point","coordinates":[-98.254477,19.073296]}},{"type":"Feature","properties":{"name":"21PJN1112I"},"geometry":{"type":"Point","coordinates":[-98.127985,19.053444]}},{"type":"Feature","properties":{"name":"21PJN1423L"},"geometry":{"type":"Point","coordinates":[-98.19102,19.014786]}},{"type":"Feature","properties":{"name":"21PJN1424K"},"geometry":{"type":"Point","coordinates":[-98.207401,19.085043]}},{"type":"Feature","properties":{"name":"21PJN1427H"},"geometry":{"type":"Point","coordinates":[-98.212465,19.044567]}},{"type":"Feature","properties":{"name":"21UJN0001I"},"geometry":{"type":"Point","coordinates":[-98.214426,19.039469]}},{"type":"Feature","properties":{"name":"21EPR1579X"},"geometry":{"type":"Point","coordinates":[-98.149675,18.968953]}},{"type":"Feature","properties":{"name":"21EPR1581L"},"geometry":{"type":"Point","coordinates":[-98.235369,18.966389]}},{"type":"Feature","properties":{"name":"21EPR1582K"},"geometry":{"type":"Point","coordinates":[-98.275194,18.978826]}},{"type":"Feature","properties":{"name":"21EJN1373O"},"geometry":{"type":"Point","coordinates":[-98.275269,18.983048]}},{"type":"Feature","properties":{"name":"21EPR1583J"},"geometry":{"type":"Point","coordinates":[-98.215124,18.965296]}},{"type":"Feature","properties":{"name":"21PPR0001N"},"geometry":{"type":"Point","coordinates":[-98.190579,19.048806]}},{"type":"Feature","properties":{"name":"21PPR0002M"},"geometry":{"type":"Point","coordinates":[-98.238011,19.037943]}},{"type":"Feature","properties":{"name":"21PPR0007H"},"geometry":{"type":"Point","coordinates":[-98.207375,18.981932]}},{"type":"Feature","properties":{"name":"21PJN1434R"},"geometry":{"type":"Point","coordinates":[-98.269621,18.979221]}},{"type":"Feature","properties":{"name":"21PJN1435Q"},"geometry":{"type":"Point","coordinates":[-98.194738,19.028771]}},{"type":"Feature","properties":{"name":"21PJN1436P"},"geometry":{"type":"Point","coordinates":[-98.202769,19.079484]}},{"type":"Feature","properties":{"name":"21PJN1113H"},"geometry":{"type":"Point","coordinates":[-98.216228,18.987554]}},{"type":"Feature","properties":{"name":"21PJN1114G"},"geometry":{"type":"Point","coordinates":[-98.228891,19.037745]}},{"type":"Feature","properties":{"name":"21PJN1118C"},"geometry":{"type":"Point","coordinates":[-98.231863,19.061517]}},{"type":"Feature","properties":{"name":"21PJN1120R"},"geometry":{"type":"Point","coordinates":[-98.220657,19.000832]}},{"type":"Feature","properties":{"name":"21PPR0013S"},"geometry":{"type":"Point","coordinates":[-98.205982,19.032971]}},{"type":"Feature","properties":{"name":"21PPR0016P"},"geometry":{"type":"Point","coordinates":[-98.229237,19.086916]}},{"type":"Feature","properties":{"name":"21PPR0020B"},"geometry":{"type":"Point","coordinates":[-98.261317,18.970316]}},{"type":"Feature","properties":{"name":"21PPR0031H"},"geometry":{"type":"Point","coordinates":[-98.22945,19.088839]}},{"type":"Feature","properties":{"name":"21PPR0089H"},"geometry":{"type":"Point","coordinates":[-98.173389,19.058485]}},{"type":"Feature","properties":{"name":"21PPR0097Q"},"geometry":{"type":"Point","coordinates":[-98.207614,19.011292]}},{"type":"Feature","properties":{"name":"21PJN1439M"},"geometry":{"type":"Point","coordinates":[-98.206411,19.02864]}},{"type":"Feature","properties":{"name":"21EJN1386S"},"geometry":{"type":"Point","coordinates":[-98.211501,19.078429]}},{"type":"Feature","properties":{"name":"21PPR0590S"},"geometry":{"type":"Point","coordinates":[-98.198018,19.03719]}},{"type":"Feature","properties":{"name":"21PPR0597L"},"geometry":{"type":"Point","coordinates":[-98.192561,19.035956]}},{"type":"Feature","properties":{"name":"21PPR0598K"},"geometry":{"type":"Point","coordinates":[-98.202356,19.059136]}},{"type":"Feature","properties":{"name":"21PPR0607B"},"geometry":{"type":"Point","coordinates":[-98.20019,18.98952]}},{"type":"Feature","properties":{"name":"21PPR0613M"},"geometry":{"type":"Point","coordinates":[-98.168134,19.0455]}},{"type":"Feature","properties":{"name":"21PPR0617I"},"geometry":{"type":"Point","coordinates":[-98.234272,19.064303]}},{"type":"Feature","properties":{"name":"21PPR0098P"},"geometry":{"type":"Point","coordinates":[-98.199525,19.011263]}},{"type":"Feature","properties":{"name":"21PPR0103K"},"geometry":{"type":"Point","coordinates":[-98.211357,19.022126]}},{"type":"Feature","properties":{"name":"21PPR0246H"},"geometry":{"type":"Point","coordinates":[-98.208867,19.037637]}},{"type":"Feature","properties":{"name":"21PPR0256O"},"geometry":{"type":"Point","coordinates":[-98.211606,19.035475]}},{"type":"Feature","properties":{"name":"21PPR0261Z"},"geometry":{"type":"Point","coordinates":[-98.188781,19.01985]}},{"type":"Feature","properties":{"name":"21PPR0266V"},"geometry":{"type":"Point","coordinates":[-98.209478,19.04903]}},{"type":"Feature","properties":{"name":"21PPR0621V"},"geometry":{"type":"Point","coordinates":[-98.231768,18.990779]}},{"type":"Feature","properties":{"name":"21PPR0623T"},"geometry":{"type":"Point","coordinates":[-98.191953,19.074867]}},{"type":"Feature","properties":{"name":"21PPR0624S"},"geometry":{"type":"Point","coordinates":[-98.16545,18.958885]}},{"type":"Feature","properties":{"name":"21PPR0625R"},"geometry":{"type":"Point","coordinates":[-98.220619,19.04385]}},{"type":"Feature","properties":{"name":"21PPR0626Q"},"geometry":{"type":"Point","coordinates":[-98.215362,19.01646]}},{"type":"Feature","properties":{"name":"21PPR0628O"},"geometry":{"type":"Point","coordinates":[-98.220657,19.000832]}},{"type":"Feature","properties":{"name":"21PJN1441A"},"geometry":{"type":"Point","coordinates":[-98.251645,18.984838]}},{"type":"Feature","properties":{"name":"21PPR0267U"},"geometry":{"type":"Point","coordinates":[-98.191325,19.040999]}},{"type":"Feature","properties":{"name":"21PPR0269S"},"geometry":{"type":"Point","coordinates":[-98.191078,19.014818]}},{"type":"Feature","properties":{"name":"21PPR0270H"},"geometry":{"type":"Point","coordinates":[-98.205486,18.950994]}},{"type":"Feature","properties":{"name":"21PPR0275C"},"geometry":{"type":"Point","coordinates":[-98.225036,18.985679]}},{"type":"Feature","properties":{"name":"21PPR0276B"},"geometry":{"type":"Point","coordinates":[-98.209114,19.049841]}},{"type":"Feature","properties":{"name":"21PPR0277A"},"geometry":{"type":"Point","coordinates":[-98.194082,19.055486]}},{"type":"Feature","properties":{"name":"21PPR0282M"},"geometry":{"type":"Point","coordinates":[-98.234221,19.067306]}},{"type":"Feature","properties":{"name":"21PJN1445X"},"geometry":{"type":"Point","coordinates":[-98.233929,18.974915]}},{"type":"Feature","properties":{"name":"21PPR0285J"},"geometry":{"type":"Point","coordinates":[-98.205782,19.037379]}},{"type":"Feature","properties":{"name":"21PPR0286I"},"geometry":{"type":"Point","coordinates":[-98.193595,19.053616]}},{"type":"Feature","properties":{"name":"21PPR0287H"},"geometry":{"type":"Point","coordinates":[-98.228988,19.038749]}},{"type":"Feature","properties":{"name":"21PPR0289F"},"geometry":{"type":"Point","coordinates":[-98.207552,19.032857]}},{"type":"Feature","properties":{"name":"21PPR0292T"},"geometry":{"type":"Point","coordinates":[-98.206824,19.045256]}},{"type":"Feature","properties":{"name":"21PPR0295Q"},"geometry":{"type":"Point","coordinates":[-98.194938,19.047253]}},{"type":"Feature","properties":{"name":"21PPR0296P"},"geometry":{"type":"Point","coordinates":[-98.196447,19.011633]}},{"type":"Feature","properties":{"name":"21PPR0298N"},"geometry":{"type":"Point","coordinates":[-98.236665,19.067023]}},{"type":"Feature","properties":{"name":"21PPR0299M"},"geometry":{"type":"Point","coordinates":[-98.219741,19.074273]}},{"type":"Feature","properties":{"name":"21PPR0300L"},"geometry":{"type":"Point","coordinates":[-98.204678,19.041546]}},{"type":"Feature","properties":{"name":"21PPR0310S"},"geometry":{"type":"Point","coordinates":[-98.193953,19.052305]}},{"type":"Feature","properties":{"name":"21PPR0312Q"},"geometry":{"type":"Point","coordinates":[-98.203447,19.038935]}},{"type":"Feature","properties":{"name":"21PPR0313P"},"geometry":{"type":"Point","coordinates":[-98.194249,19.063128]}},{"type":"Feature","properties":{"name":"21PPR0315N"},"geometry":{"type":"Point","coordinates":[-98.200829,19.011542]}},{"type":"Feature","properties":{"name":"21PPR0629N"},"geometry":{"type":"Point","coordinates":[-98.203569,19.040986]}},{"type":"Feature","properties":{"name":"21PPR0642H"},"geometry":{"type":"Point","coordinates":[-98.217979,19.062846]}},{"type":"Feature","properties":{"name":"21PPR0649A"},"geometry":{"type":"Point","coordinates":[-98.217155,19.049159]}},{"type":"Feature","properties":{"name":"21PPR0316M"},"geometry":{"type":"Point","coordinates":[-98.207376,19.025726]}},{"type":"Feature","properties":{"name":"21PPR0317L"},"geometry":{"type":"Point","coordinates":[-98.204525,19.042475]}},{"type":"Feature","properties":{"name":"21PPR0328R"},"geometry":{"type":"Point","coordinates":[-98.215099,19.031929]}},{"type":"Feature","properties":{"name":"21PPR0333C"},"geometry":{"type":"Point","coordinates":[-98.225644,18.984219]}},{"type":"Feature","properties":{"name":"21PPR0336Z"},"geometry":{"type":"Point","coordinates":[-98.210192,19.009303]}},{"type":"Feature","properties":{"name":"21PPR0340M"},"geometry":{"type":"Point","coordinates":[-98.197926,19.032865]}},{"type":"Feature","properties":{"name":"21PPR0341L"},"geometry":{"type":"Point","coordinates":[-98.211858,19.043263]}},{"type":"Feature","properties":{"name":"21PPR0345H"},"geometry":{"type":"Point","coordinates":[-98.190776,19.044888]}},{"type":"Feature","properties":{"name":"21PPR0347F"},"geometry":{"type":"Point","coordinates":[-98.197333,19.031337]}},{"type":"Feature","properties":{"name":"21PPR0348E"},"geometry":{"type":"Point","coordinates":[-98.190543,19.021121]}},{"type":"Feature","properties":{"name":"21PPR0350T"},"geometry":{"type":"Point","coordinates":[-98.193259,19.03877]}},{"type":"Feature","properties":{"name":"21PPR0351S"},"geometry":{"type":"Point","coordinates":[-98.246733,19.042471]}},{"type":"Feature","properties":{"name":"21PJN1448U"},"geometry":{"type":"Point","coordinates":[-98.194804,19.016719]}},{"type":"Feature","properties":{"name":"21PJN1449T"},"geometry":{"type":"Point","coordinates":[-98.193977,18.994852]}},{"type":"Feature","properties":{"name":"21DPR0731W"},"geometry":{"type":"Point","coordinates":[-98.14695,18.962656]}},{"type":"Feature","properties":{"name":"21DPR0735S"},"geometry":{"type":"Point","coordinates":[-98.148666,19.030537]}},{"type":"Feature","properties":{"name":"21PPR0352R"},"geometry":{"type":"Point","coordinates":[-98.235188,19.046255]}},{"type":"Feature","properties":{"name":"21PPR0353Q"},"geometry":{"type":"Point","coordinates":[-98.230846,19.045735]}},{"type":"Feature","properties":{"name":"21PPR0503G"},"geometry":{"type":"Point","coordinates":[-98.200514,19.047348]}},{"type":"Feature","properties":{"name":"21EJN1396Z"},"geometry":{"type":"Point","coordinates":[-98.243231,18.979942]}},{"type":"Feature","properties":{"name":"21EJN1397Y"},"geometry":{"type":"Point","coordinates":[-98.239428,18.973002]}},{"type":"Feature","properties":{"name":"21EJN1399W"},"geometry":{"type":"Point","coordinates":[-98.143414,19.076518]}},{"type":"Feature","properties":{"name":"21PPR0504F"},"geometry":{"type":"Point","coordinates":[-98.206331,19.03957]}},{"type":"Feature","properties":{"name":"21PJN1451H"},"geometry":{"type":"Point","coordinates":[-98.220533,19.093841]}},{"type":"Feature","properties":{"name":"21DJN2334U"},"geometry":{"type":"Point","coordinates":[-98.095806,19.160908]}},{"type":"Feature","properties":{"name":"21PPR1032N"},"geometry":{"type":"Point","coordinates":[-98.147034,19.043923]}},{"type":"Feature","properties":{"name":"21PPR1033M"},"geometry":{"type":"Point","coordinates":[-98.116685,19.059998]}},{"type":"Feature","properties":{"name":"21PPR1034L"},"geometry":{"type":"Point","coordinates":[-98.21814,19.048508]}},{"type":"Feature","properties":{"name":"21PPR0904B"},"geometry":{"type":"Point","coordinates":[-98.228244,19.073459]}},{"type":"Feature","properties":{"name":"21PPR0907Z"},"geometry":{"type":"Point","coordinates":[-98.23958,19.053865]}},{"type":"Feature","properties":{"name":"21PPR0912K"},"geometry":{"type":"Point","coordinates":[-98.190634,19.073338]}},{"type":"Feature","properties":{"name":"21PPR0913J"},"geometry":{"type":"Point","coordinates":[-98.175392,19.062656]}},{"type":"Feature","properties":{"name":"21PPR0914I"},"geometry":{"type":"Point","coordinates":[-98.178075,19.021676]}},{"type":"Feature","properties":{"name":"21PPR0915H"},"geometry":{"type":"Point","coordinates":[-98.261101,18.970109]}},{"type":"Feature","properties":{"name":"21PPR0919D"},"geometry":{"type":"Point","coordinates":[-98.221905,19.087217]}},{"type":"Feature","properties":{"name":"21PPR0921S"},"geometry":{"type":"Point","coordinates":[-98.207404,19.005528]}},{"type":"Feature","properties":{"name":"21PPR0561X"},"geometry":{"type":"Point","coordinates":[-98.20609,19.034192]}},{"type":"Feature","properties":{"name":"21PPR0562W"},"geometry":{"type":"Point","coordinates":[-98.181434,19.061766]}},{"type":"Feature","properties":{"name":"21PPR0570E"},"geometry":{"type":"Point","coordinates":[-98.213348,19.068519]}},{"type":"Feature","properties":{"name":"21PPR0572C"},"geometry":{"type":"Point","coordinates":[-98.208476,19.030271]}},{"type":"Feature","properties":{"name":"21DJN2339P"},"geometry":{"type":"Point","coordinates":[-98.231265,18.95826]}},{"type":"Feature","properties":{"name":"21PPR1037I"},"geometry":{"type":"Point","coordinates":[-98.234576,19.038082]}},{"type":"Feature","properties":{"name":"21PPR1038H"},"geometry":{"type":"Point","coordinates":[-98.228647,19.068802]}},{"type":"Feature","properties":{"name":"21PJN1459Z"},"geometry":{"type":"Point","coordinates":[-98.226651,19.017744]}},{"type":"Feature","properties":{"name":"21PPR1043T"},"geometry":{"type":"Point","coordinates":[-98.202681,19.058335]}},{"type":"Feature","properties":{"name":"21PPR1044S"},"geometry":{"type":"Point","coordinates":[-98.239683,18.970367]}},{"type":"Feature","properties":{"name":"21PPR1047P"},"geometry":{"type":"Point","coordinates":[-98.177635,19.047118]}},{"type":"Feature","properties":{"name":"21PPR0922R"},"geometry":{"type":"Point","coordinates":[-98.186914,19.013947]}},{"type":"Feature","properties":{"name":"21PPR0923Q"},"geometry":{"type":"Point","coordinates":[-98.217396,19.068009]}},{"type":"Feature","properties":{"name":"21PPR0924P"},"geometry":{"type":"Point","coordinates":[-98.203078,19.037743]}},{"type":"Feature","properties":{"name":"21PPR0925O"},"geometry":{"type":"Point","coordinates":[-98.180834,19.070745]}},{"type":"Feature","properties":{"name":"21PPR0926N"},"geometry":{"type":"Point","coordinates":[-98.164213,19.085931]}},{"type":"Feature","properties":{"name":"21PPR0929K"},"geometry":{"type":"Point","coordinates":[-98.136747,19.038849]}},{"type":"Feature","properties":{"name":"21PPR0930Z"},"geometry":{"type":"Point","coordinates":[-98.233899,19.050302]}},{"type":"Feature","properties":{"name":"21PPR0935V"},"geometry":{"type":"Point","coordinates":[-98.148876,19.046215]}},{"type":"Feature","properties":{"name":"21PJN1467I"},"geometry":{"type":"Point","coordinates":[-98.248201,19.066078]}},{"type":"Feature","properties":{"name":"21PJN1468H"},"geometry":{"type":"Point","coordinates":[-98.243643,19.07089]}},{"type":"Feature","properties":{"name":"21PJN1470W"},"geometry":{"type":"Point","coordinates":[-98.197495,19.04399]}},{"type":"Feature","properties":{"name":"21EJN1410B"},"geometry":{"type":"Point","coordinates":[-98.2231,18.975014]}},{"type":"Feature","properties":{"name":"21PPR1049N"},"geometry":{"type":"Point","coordinates":[-98.223811,19.07099]}},{"type":"Feature","properties":{"name":"21PPR1050C"},"geometry":{"type":"Point","coordinates":[-98.232948,19.012273]}},{"type":"Feature","properties":{"name":"21PPR1051B"},"geometry":{"type":"Point","coordinates":[-98.160364,19.096282]}},{"type":"Feature","properties":{"name":"21PJN1473T"},"geometry":{"type":"Point","coordinates":[-98.232934,19.060546]}},{"type":"Feature","properties":{"name":"21PJN1475R"},"geometry":{"type":"Point","coordinates":[-98.210708,18.975193]}},{"type":"Feature","properties":{"name":"21PPR1057W"},"geometry":{"type":"Point","coordinates":[-98.160032,19.085557]}},{"type":"Feature","properties":{"name":"21PPR1059U"},"geometry":{"type":"Point","coordinates":[-98.207714,19.04421]}},{"type":"Feature","properties":{"name":"21EJN1411A"},"geometry":{"type":"Point","coordinates":[-98.200934,19.093484]}},{"type":"Feature","properties":{"name":"21PJN1477P"},"geometry":{"type":"Point","coordinates":[-98.240744,18.9605]}},{"type":"Feature","properties":{"name":"21PJN1478O"},"geometry":{"type":"Point","coordinates":[-98.239604,18.957548]}},{"type":"Feature","properties":{"name":"21PPR0937T"},"geometry":{"type":"Point","coordinates":[-98.210171,19.061882]}},{"type":"Feature","properties":{"name":"21PPR0938S"},"geometry":{"type":"Point","coordinates":[-98.143119,19.063726]}},{"type":"Feature","properties":{"name":"21PPR0940G"},"geometry":{"type":"Point","coordinates":[-98.145237,19.073421]}},{"type":"Feature","properties":{"name":"21PPR0941F"},"geometry":{"type":"Point","coordinates":[-98.130194,19.05019]}},{"type":"Feature","properties":{"name":"21PPR0942E"},"geometry":{"type":"Point","coordinates":[-98.251246,19.076164]}},{"type":"Feature","properties":{"name":"21PPR0944C"},"geometry":{"type":"Point","coordinates":[-98.242261,19.077616]}},{"type":"Feature","properties":{"name":"21PPR0946A"},"geometry":{"type":"Point","coordinates":[-98.148109,19.051729]}},{"type":"Feature","properties":{"name":"21PPR0588D"},"geometry":{"type":"Point","coordinates":[-98.224493,19.001974]}},{"type":"Feature","properties":{"name":"21PPR0589C"},"geometry":{"type":"Point","coordinates":[-98.216844,18.991994]}},{"type":"Feature","properties":{"name":"21PPR0954J"},"geometry":{"type":"Point","coordinates":[-98.128936,19.063324]}},{"type":"Feature","properties":{"name":"21PPR0959E"},"geometry":{"type":"Point","coordinates":[-98.239461,19.001663]}},{"type":"Feature","properties":{"name":"21PPR0960U"},"geometry":{"type":"Point","coordinates":[-98.219554,19.087344]}},{"type":"Feature","properties":{"name":"21PJN1481B"},"geometry":{"type":"Point","coordinates":[-98.20473,19.020984]}},{"type":"Feature","properties":{"name":"21PJN1482A"},"geometry":{"type":"Point","coordinates":[-98.247559,19.05029]}},{"type":"Feature","properties":{"name":"21PPR1066D"},"geometry":{"type":"Point","coordinates":[-98.209522,19.012349]}},{"type":"Feature","properties":{"name":"21PPR1067C"},"geometry":{"type":"Point","coordinates":[-98.12076,19.064653]}},{"type":"Feature","properties":{"name":"21PPR1069A"},"geometry":{"type":"Point","coordinates":[-98.210904,19.037702]}},{"type":"Feature","properties":{"name":"21PPR1071P"},"geometry":{"type":"Point","coordinates":[-98.190123,19.031017]}},{"type":"Feature","properties":{"name":"21PPR0962S"},"geometry":{"type":"Point","coordinates":[-98.216033,19.098388]}},{"type":"Feature","properties":{"name":"21PPR0963R"},"geometry":{"type":"Point","coordinates":[-98.21439,19.087202]}},{"type":"Feature","properties":{"name":"21PPR0967N"},"geometry":{"type":"Point","coordinates":[-98.234764,19.055745]}},{"type":"Feature","properties":{"name":"21PJN1483Z"},"geometry":{"type":"Point","coordinates":[-98.173395,18.968475]}},{"type":"Feature","properties":{"name":"21NJN0408O"},"geometry":{"type":"Point","coordinates":[-98.201374,19.02302]}},{"type":"Feature","properties":{"name":"21PJN1486X"},"geometry":{"type":"Point","coordinates":[-98.200019,19.101038]}},{"type":"Feature","properties":{"name":"21PJN1487W"},"geometry":{"type":"Point","coordinates":[-98.222477,18.979168]}},{"type":"Feature","properties":{"name":"21PPR1077J"},"geometry":{"type":"Point","coordinates":[-98.127507,19.032462]}},{"type":"Feature","properties":{"name":"21PPR0969L"},"geometry":{"type":"Point","coordinates":[-98.237286,18.963934]}},{"type":"Feature","properties":{"name":"21PPR0970A"},"geometry":{"type":"Point","coordinates":[-98.131992,19.077075]}},{"type":"Feature","properties":{"name":"21PPR0972Z"},"geometry":{"type":"Point","coordinates":[-98.272406,18.976276]}},{"type":"Feature","properties":{"name":"21PPR0973Y"},"geometry":{"type":"Point","coordinates":[-98.228392,18.996112]}},{"type":"Feature","properties":{"name":"21PJN1488V"},"geometry":{"type":"Point","coordinates":[-98.182321,19.039252]}},{"type":"Feature","properties":{"name":"21PJN1489U"},"geometry":{"type":"Point","coordinates":[-98.200785,19.032966]}},{"type":"Feature","properties":{"name":"21PPR0978T"},"geometry":{"type":"Point","coordinates":[-98.21336,19.00562]}},{"type":"Feature","properties":{"name":"21PPR0980H"},"geometry":{"type":"Point","coordinates":[-98.22472,19.12324]}},{"type":"Feature","properties":{"name":"21PPR0982F"},"geometry":{"type":"Point","coordinates":[-98.155514,19.047994]}},{"type":"Feature","properties":{"name":"21PJN1496D"},"geometry":{"type":"Point","coordinates":[-98.179387,19.067785]}},{"type":"Feature","properties":{"name":"21PJN1497C"},"geometry":{"type":"Point","coordinates":[-98.204138,18.978322]}},{"type":"Feature","properties":{"name":"21PJN1498B"},"geometry":{"type":"Point","coordinates":[-98.241179,18.96101]}},{"type":"Feature","properties":{"name":"21PJN1500Z"},"geometry":{"type":"Point","coordinates":[-98.258739,18.965458]}},{"type":"Feature","properties":{"name":"21PJN1502Y"},"geometry":{"type":"Point","coordinates":[-98.215202,19.021399]}},{"type":"Feature","properties":{"name":"21PPR0984D"},"geometry":{"type":"Point","coordinates":[-98.209816,19.044435]}},{"type":"Feature","properties":{"name":"21PPR0986B"},"geometry":{"type":"Point","coordinates":[-98.18405,19.065976]}},{"type":"Feature","properties":{"name":"21PPR0987A"},"geometry":{"type":"Point","coordinates":[-98.189006,19.066431]}},{"type":"Feature","properties":{"name":"21PPR0989Z"},"geometry":{"type":"Point","coordinates":[-98.239499,18.959972]}},{"type":"Feature","properties":{"name":"21PPR0992M"},"geometry":{"type":"Point","coordinates":[-98.18413,19.023056]}},{"type":"Feature","properties":{"name":"21PPR0994K"},"geometry":{"type":"Point","coordinates":[-98.225049,19.102048]}},{"type":"Feature","properties":{"name":"21PJN1506U"},"geometry":{"type":"Point","coordinates":[-98.182878,18.962777]}},{"type":"Feature","properties":{"name":"21PJN1507T"},"geometry":{"type":"Point","coordinates":[-98.21769,19.013369]}},{"type":"Feature","properties":{"name":"21PJN1510G"},"geometry":{"type":"Point","coordinates":[-98.215736,19.107466]}},{"type":"Feature","properties":{"name":"21PPR0995J"},"geometry":{"type":"Point","coordinates":[-98.14975,19.045238]}},{"type":"Feature","properties":{"name":"21PPR0996I"},"geometry":{"type":"Point","coordinates":[-98.215312,18.984023]}},{"type":"Feature","properties":{"name":"21PPR0997H"},"geometry":{"type":"Point","coordinates":[-98.19617,19.018902]}},{"type":"Feature","properties":{"name":"21PPR0998G"},"geometry":{"type":"Point","coordinates":[-98.131057,19.088073]}},{"type":"Feature","properties":{"name":"21PPR1002T"},"geometry":{"type":"Point","coordinates":[-98.138796,19.057259]}},{"type":"Feature","properties":{"name":"21PJN1511F"},"geometry":{"type":"Point","coordinates":[-98.228827,19.043162]}},{"type":"Feature","properties":{"name":"21PJN1514C"},"geometry":{"type":"Point","coordinates":[-98.201943,19.110932]}},{"type":"Feature","properties":{"name":"21PJN1515B"},"geometry":{"type":"Point","coordinates":[-98.131852,19.048166]}},{"type":"Feature","properties":{"name":"21DPR2232N"},"geometry":{"type":"Point","coordinates":[-98.188858,19.066931]}},{"type":"Feature","properties":{"name":"21PPR1008N"},"geometry":{"type":"Point","coordinates":[-98.101386,19.081994]}},{"type":"Feature","properties":{"name":"21PPR1010B"},"geometry":{"type":"Point","coordinates":[-98.238717,19.069499]}},{"type":"Feature","properties":{"name":"21PJN1522L"},"geometry":{"type":"Point","coordinates":[-98.197495,19.04399]}},{"type":"Feature","properties":{"name":"21DPR2246Q"},"geometry":{"type":"Point","coordinates":[-98.166469,19.072706]}},{"type":"Feature","properties":{"name":"21PPR1017V"},"geometry":{"type":"Point","coordinates":[-98.223376,19.032161]}},{"type":"Feature","properties":{"name":"21PPR1021H"},"geometry":{"type":"Point","coordinates":[-98.218119,19.009586]}},{"type":"Feature","properties":{"name":"21PPR1023F"},"geometry":{"type":"Point","coordinates":[-98.131433,19.072385]}},{"type":"Feature","properties":{"name":"21PPR1024E"},"geometry":{"type":"Point","coordinates":[-98.235263,19.008912]}},{"type":"Feature","properties":{"name":"21PPR1027B"},"geometry":{"type":"Point","coordinates":[-98.127947,19.052771]}},{"type":"Feature","properties":{"name":"21SJN0002T"},"geometry":{"type":"Point","coordinates":[-98.197495,19.04399]}},{"type":"Feature","properties":{"name":"21DPR2264F"},"geometry":{"type":"Point","coordinates":[-98.154802,19.052232]}},{"type":"Feature","properties":{"name":"21DPR2266D"},"geometry":{"type":"Point","coordinates":[-98.181031,19.018995]}},{"type":"Feature","properties":{"name":"21DPR2267C"},"geometry":{"type":"Point","coordinates":[-98.22281,19.061114]}},{"type":"Feature","properties":{"name":"21PJN1525I"},"geometry":{"type":"Point","coordinates":[-98.197495,19.04399]}},{"type":"Feature","properties":{"name":"21DPR2275L"},"geometry":{"type":"Point","coordinates":[-98.179875,19.066699]}},{"type":"Feature","properties":{"name":"21PJN1528F"},"geometry":{"type":"Point","coordinates":[-98.252724,19.056068]}},{"type":"Feature","properties":{"name":"21EJN1424E"},"geometry":{"type":"Point","coordinates":[-98.197495,19.04399]}},{"type":"Feature","properties":{"name":"21EJN1425D"},"geometry":{"type":"Point","coordinates":[-98.197495,19.04399]}},{"type":"Feature","properties":{"name":"21EJN1427B"},"geometry":{"type":"Point","coordinates":[-98.197495,19.04399]}},{"type":"Feature","properties":{"name":"21EJN1428A"},"geometry":{"type":"Point","coordinates":[-98.197495,19.04399]}},{"type":"Feature","properties":{"name":"21EJN1429Z"},"geometry":{"type":"Point","coordinates":[-98.258481,18.987981]}},{"type":"Feature","properties":{"name":"21PJN1533R"},"geometry":{"type":"Point","coordinates":[-98.197495,19.04399]}},{"type":"Feature","properties":{"name":"21DPR2370P"},"geometry":{"type":"Point","coordinates":[-98.169227,19.056072]}},{"type":"Feature","properties":{"name":"21PJN1545W"},"geometry":{"type":"Point","coordinates":[-98.197495,19.04399]}},{"type":"Feature","properties":{"name":"21PJN1540A"},"geometry":{"type":"Point","coordinates":[-98.197495,19.04399]}},{"type":"Feature","properties":{"name":"21PJN1541Z"},"geometry":{"type":"Point","coordinates":[-98.197495,19.04399]}},{"type":"Feature","properties":{"name":"21EJN1435K"},"geometry":{"type":"Point","coordinates":[-98.139193,19.031967]}},{"type":"Feature","properties":{"name":"21EJN1431O"},"geometry":{"type":"Point","coordinates":[-98.215508,19.091466]}},{"type":"Feature","properties":{"name":"21DPR2384S"},"geometry":{"type":"Point","coordinates":[-98.133263,19.057304]}},{"type":"Feature","properties":{"name":"21DPR2387P"},"geometry":{"type":"Point","coordinates":[-98.174029,19.051396]}},{"type":"Feature","properties":{"name":"21DPR2393Z"},"geometry":{"type":"Point","coordinates":[-98.169505,19.062965]}},{"type":"Feature","properties":{"name":"21PJN1543Y"},"geometry":{"type":"Point","coordinates":[-98.197495,19.04399]}},{"type":"Feature","properties":{"name":"21PJN1549S"},"geometry":{"type":"Point","coordinates":[-98.197495,19.04399]}},{"type":"Feature","properties":{"name":"21EJN1423F"},"geometry":{"type":"Point","coordinates":[-98.197495,19.04399]}},{"type":"Feature","properties":{"name":"21EJN1430P"},"geometry":{"type":"Point","coordinates":[-98.197495,19.04399]}},{"type":"Feature","properties":{"name":"21EJN1441V"},"geometry":{"type":"Point","coordinates":[-98.197495,19.04399]}},{"type":"Feature","properties":{"name":"21EJN1443T"},"geometry":{"type":"Point","coordinates":[-98.197495,19.04399]}},{"type":"Feature","properties":{"name":"21EJN1445R"},"geometry":{"type":"Point","coordinates":[-98.197495,19.04399]}},{"type":"Feature","properties":{"name":"21EJN1449N"},"geometry":{"type":"Point","coordinates":[-98.197495,19.04399]}},{"type":"Feature","properties":{"name":"21EJN1459U"},"geometry":{"type":"Point","coordinates":[-98.197495,19.04399]}},{"type":"Feature","properties":{"name":"21EJN1460J"},"geometry":{"type":"Point","coordinates":[-98.143329,19.063652]}},{"type":"Feature","properties":{"name":"21EJN1461I"},"geometry":{"type":"Point","coordinates":[-98.197495,19.04399]}},{"type":"Feature","properties":{"name":"21DJN2388Y"},"geometry":{"type":"Point","coordinates":[-98.146987,19.047916]}},{"type":"Feature","properties":{"name":"21DJN2389X"},"geometry":{"type":"Point","coordinates":[-98.185581,19.085008]}},{"type":"Feature","properties":{"name":"21EJN1476K"},"geometry":{"type":"Point","coordinates":[-98.197495,19.04399]}},{"type":"Feature","properties":{"name":"21DJN1846N"},"geometry":{"type":"Point","coordinates":[-98.25612,18.974422]}},{"type":"Feature","properties":{"name":"21DJN1847M"},"geometry":{"type":"Point","coordinates":[-98.197495,19.04399]}},{"type":"Feature","properties":{"name":"21DJN2368K"},"geometry":{"type":"Point","coordinates":[-98.223921,19.086465]}},{"type":"Feature","properties":{"name":"21DJN2372X"},"geometry":{"type":"Point","coordinates":[-98.214705,19.094636]}},{"type":"Feature","properties":{"name":"21DJN2373W"},"geometry":{"type":"Point","coordinates":[-98.197495,19.04399]}},{"type":"Feature","properties":{"name":"21DJN2397F"},"geometry":{"type":"Point","coordinates":[-98.139783,19.035068]}},{"type":"Feature","properties":{"name":"21DJN2398E"},"geometry":{"type":"Point","coordinates":[-98.155188,19.037661]}},{"type":"Feature","properties":{"name":"21DJN2421P"},"geometry":{"type":"Point","coordinates":[-98.197495,19.04399]}},{"type":"Feature","properties":{"name":"21DJN2431W"},"geometry":{"type":"Point","coordinates":[-98.197495,19.04399]}},{"type":"Feature","properties":{"name":"21DJN2435S"},"geometry":{"type":"Point","coordinates":[-98.158333,18.973889]}},{"type":"Feature","properties":{"name":"21DJN2449V"},"geometry":{"type":"Point","coordinates":[-98.252778,18.904167]}},{"type":"Feature","properties":{"name":"21DJN2502Z"},"geometry":{"type":"Point","coordinates":[-98.197495,19.04399]}},{"type":"Feature","properties":{"name":"21DJN2446Y"},"geometry":{"type":"Point","coordinates":[-98.197495,19.04399]}},{"type":"Feature","properties":{"name":"21DJN2422O"},"geometry":{"type":"Point","coordinates":[-98.197495,19.04399]}},{"type":"Feature","properties":{"name":"21DJN2423N"},"geometry":{"type":"Point","coordinates":[-98.110552,19.091005]}},{"type":"Feature","properties":{"name":"21DJN2424M"},"geometry":{"type":"Point","coordinates":[-98.161389,18.977222]}},{"type":"Feature","properties":{"name":"21DJN2427J"},"geometry":{"type":"Point","coordinates":[-98.197495,19.04399]}},{"type":"Feature","properties":{"name":"21DPR2625Z"},"geometry":{"type":"Point","coordinates":[-98.238507,18.99575]}},{"type":"Feature","properties":{"name":"21DPR2627Y"},"geometry":{"type":"Point","coordinates":[-98.172753,19.073839]}},{"type":"Feature","properties":{"name":"21DJN2428I"},"geometry":{"type":"Point","coordinates":[-98.197495,19.04399]}},{"type":"Feature","properties":{"name":"21DJN2437Q"},"geometry":{"type":"Point","coordinates":[-98.197495,19.04399]}},{"type":"Feature","properties":{"name":"21DPR2634H"},"geometry":{"type":"Point","coordinates":[-98.174243,18.966338]}},{"type":"Feature","properties":{"name":"21DPR2645N"},"geometry":{"type":"Point","coordinates":[-98.231454,19.004094]}},{"type":"Feature","properties":{"name":"21PJN1556B"},"geometry":{"type":"Point","coordinates":[-98.197495,19.04399]}},{"type":"Feature","properties":{"name":"21DJN2415E"},"geometry":{"type":"Point","coordinates":[-98.197495,19.04399]}},{"type":"Feature","properties":{"name":"21EJN1477J"},"geometry":{"type":"Point","coordinates":[-98.197495,19.04399]}},{"type":"Feature","properties":{"name":"21DPR2703N"},"geometry":{"type":"Point","coordinates":[-98.223843,19.086466]}},{"type":"Feature","properties":{"name":"21DPR2750Y"},"geometry":{"type":"Point","coordinates":[-98.228279,19.018709]}},{"type":"Feature","properties":{"name":"21DPR2773I"},"geometry":{"type":"Point","coordinates":[-98.232034,18.9785]}},{"type":"Feature","properties":{"name":"21DPR2774H"},"geometry":{"type":"Point","coordinates":[-98.252679,18.996928]}},{"type":"Feature","properties":{"name":"21DPR2806J"},"geometry":{"type":"Point","coordinates":[-98.200112,19.005463]}},{"type":"Feature","properties":{"name":"21DPR2807I"},"geometry":{"type":"Point","coordinates":[-98.181803,19.073502]}},{"type":"Feature","properties":{"name":"21DPR2808H"},"geometry":{"type":"Point","coordinates":[-98.183357,18.972838]}},{"type":"Feature","properties":{"name":"21DPR2811V"},"geometry":{"type":"Point","coordinates":[-98.216547,19.019683]}},{"type":"Feature","properties":{"name":"21DES0117B"},"geometry":{"type":"Point","coordinates":[-98.164424,18.890786]}},{"type":"Feature","properties":{"name":"21DJN2509T"},"geometry":{"type":"Point","coordinates":[-98.197495,19.04399]}},{"type":"Feature","properties":{"name":"21PES0361S"},"geometry":{"type":"Point","coordinates":[-98.240413,19.064651]}},{"type":"Feature","properties":{"name":"21PES0363Q"},"geometry":{"type":"Point","coordinates":[-98.185654,19.041078]}},{"type":"Feature","properties":{"name":"21PES0368L"},"geometry":{"type":"Point","coordinates":[-98.191078,19.014818]}},{"type":"Feature","properties":{"name":"21PES0370Z"},"geometry":{"type":"Point","coordinates":[-98.18413,19.023056]}},{"type":"Feature","properties":{"name":"21PES0373X"},"geometry":{"type":"Point","coordinates":[-98.230958,19.016774]}},{"type":"Feature","properties":{"name":"21PES0374W"},"geometry":{"type":"Point","coordinates":[-98.220234,19.000843]}},{"type":"Feature","properties":{"name":"21PES0378S"},"geometry":{"type":"Point","coordinates":[-98.204468,19.046485]}},{"type":"Feature","properties":{"name":"21PES0379R"},"geometry":{"type":"Point","coordinates":[-98.229079,19.085699]}},{"type":"Feature","properties":{"name":"21PES0380G"},"geometry":{"type":"Point","coordinates":[-98.218819,19.098721]}},{"type":"Feature","properties":{"name":"21DES0016D"},"geometry":{"type":"Point","coordinates":[-98.178511,19.041801]}},{"type":"Feature","properties":{"name":"21DES0016D"},"geometry":{"type":"Point","coordinates":[-98.178511,19.041801]}},{"type":"Feature","properties":{"name":"21DES0021P"},"geometry":{"type":"Point","coordinates":[-98.207713,19.015078]}},{"type":"Feature","properties":{"name":"21PES0386A"},"geometry":{"type":"Point","coordinates":[-98.19712,19.040209]}},{"type":"Feature","properties":{"name":"21PES0387Z"},"geometry":{"type":"Point","coordinates":[-98.207404,19.005528]}},{"type":"Feature","properties":{"name":"21PES0392L"},"geometry":{"type":"Point","coordinates":[-98.220731,19.044556]}},{"type":"Feature","properties":{"name":"21PES0394J"},"geometry":{"type":"Point","coordinates":[-98.23435,19.064348]}},{"type":"Feature","properties":{"name":"21PES0397G"},"geometry":{"type":"Point","coordinates":[-98.217979,19.062846]}},{"type":"Feature","properties":{"name":"21PES0399E"},"geometry":{"type":"Point","coordinates":[-98.22945,19.088839]}},{"type":"Feature","properties":{"name":"21PES0400D"},"geometry":{"type":"Point","coordinates":[-98.203917,19.007945]}},{"type":"Feature","properties":{"name":"21DES0027J"},"geometry":{"type":"Point","coordinates":[-98.189893,18.997929]}},{"type":"Feature","properties":{"name":"21PES0405Z"},"geometry":{"type":"Point","coordinates":[-98.194394,19.013931]}},{"type":"Feature","properties":{"name":"21PES0406Y"},"geometry":{"type":"Point","coordinates":[-98.221427,19.012578]}},{"type":"Feature","properties":{"name":"21PES0410K"},"geometry":{"type":"Point","coordinates":[-98.136998,19.039487]}},{"type":"Feature","properties":{"name":"21PES0411J"},"geometry":{"type":"Point","coordinates":[-98.214096,19.032581]}},{"type":"Feature","properties":{"name":"21DES0041C"},"geometry":{"type":"Point","coordinates":[-98.232595,19.071601]}},{"type":"Feature","properties":{"name":"21DES0041C"},"geometry":{"type":"Point","coordinates":[-98.232595,19.071601]}},{"type":"Feature","properties":{"name":"21DES0049V"},"geometry":{"type":"Point","coordinates":[-98.207798,19.02295]}},{"type":"Feature","properties":{"name":"21DES0049V"},"geometry":{"type":"Point","coordinates":[-98.207798,19.02295]}},{"type":"Feature","properties":{"name":"21DES0067K"},"geometry":{"type":"Point","coordinates":[-98.207512,19.080016]}},{"type":"Feature","properties":{"name":"21DES0067K"},"geometry":{"type":"Point","coordinates":[-98.207512,19.080016]}},{"type":"Feature","properties":{"name":"21DES0088X"},"geometry":{"type":"Point","coordinates":[-98.230024,19.020643]}},{"type":"Feature","properties":{"name":"21DES0094H"},"geometry":{"type":"Point","coordinates":[-98.16363,19.053703]}},{"type":"Feature","properties":{"name":"21DES0094H"},"geometry":{"type":"Point","coordinates":[-98.16363,19.053703]}},{"type":"Feature","properties":{"name":"21DES0105X"},"geometry":{"type":"Point","coordinates":[-98.183279,19.014086]}},{"type":"Feature","properties":{"name":"21DES0105X"},"geometry":{"type":"Point","coordinates":[-98.183279,19.014086]}},{"type":"Feature","properties":{"name":"21DES0107V"},"geometry":{"type":"Point","coordinates":[-98.224722,19.086653]}},{"type":"Feature","properties":{"name":"21DES0119Z"},"geometry":{"type":"Point","coordinates":[-98.209501,19.061148]}},{"type":"Feature","properties":{"name":"21DES0134S"},"geometry":{"type":"Point","coordinates":[-98.160076,18.979772]}},{"type":"Feature","properties":{"name":"21EES0090K"},"geometry":{"type":"Point","coordinates":[-98.223591,19.065864]}},{"type":"Feature","properties":{"name":"21EES0091J"},"geometry":{"type":"Point","coordinates":[-98.215488,19.040993]}},{"type":"Feature","properties":{"name":"21EES0092I"},"geometry":{"type":"Point","coordinates":[-98.215488,19.040993]}},{"type":"Feature","properties":{"name":"21EES0094G"},"geometry":{"type":"Point","coordinates":[-98.203925,19.047208]}},{"type":"Feature","properties":{"name":"21EES0095F"},"geometry":{"type":"Point","coordinates":[-98.176609,19.042262]}},{"type":"Feature","properties":{"name":"21EES0096E"},"geometry":{"type":"Point","coordinates":[-98.207911,19.043364]}},{"type":"Feature","properties":{"name":"21EES0109S"},"geometry":{"type":"Point","coordinates":[-98.194964,19.035535]}},{"type":"Feature","properties":{"name":"21EES0111G"},"geometry":{"type":"Point","coordinates":[-98.237261,18.982099]}},{"type":"Feature","properties":{"name":"21EES0174S"},"geometry":{"type":"Point","coordinates":[-98.208511,19.044077]}},{"type":"Feature","properties":{"name":"21EES0200Z"},"geometry":{"type":"Point","coordinates":[-98.211803,19.092448]}},{"type":"Feature","properties":{"name":"21EES0238M"},"geometry":{"type":"Point","coordinates":[-98.204669,19.046586]}},{"type":"Feature","properties":{"name":"21EES0242Z"},"geometry":{"type":"Point","coordinates":[-98.2103,19.078792]}},{"type":"Feature","properties":{"name":"21EES0248T"},"geometry":{"type":"Point","coordinates":[-98.194964,19.035535]}},{"type":"Feature","properties":{"name":"21EES0251G"},"geometry":{"type":"Point","coordinates":[-98.19793,19.071451]}},{"type":"Feature","properties":{"name":"21EES0252F"},"geometry":{"type":"Point","coordinates":[-98.172116,19.057661]}},{"type":"Feature","properties":{"name":"21EES0254D"},"geometry":{"type":"Point","coordinates":[-98.237261,18.982099]}},{"type":"Feature","properties":{"name":"21EES0257A"},"geometry":{"type":"Point","coordinates":[-98.219481,19.034206]}},{"type":"Feature","properties":{"name":"21EES0258Z"},"geometry":{"type":"Point","coordinates":[-98.260375,18.96903]}},{"type":"Feature","properties":{"name":"21EES0260O"},"geometry":{"type":"Point","coordinates":[-98.214156,18.993042]}},{"type":"Feature","properties":{"name":"21EES0266I"},"geometry":{"type":"Point","coordinates":[-98.182573,19.048432]}},{"type":"Feature","properties":{"name":"21EES0268G"},"geometry":{"type":"Point","coordinates":[-98.192526,19.045354]}},{"type":"Feature","properties":{"name":"21EES0270V"},"geometry":{"type":"Point","coordinates":[-98.215097,19.077485]}},{"type":"Feature","properties":{"name":"21EES0274R"},"geometry":{"type":"Point","coordinates":[-98.202185,19.041603]}},{"type":"Feature","properties":{"name":"21EES0275Q"},"geometry":{"type":"Point","coordinates":[-98.180458,18.957979]}},{"type":"Feature","properties":{"name":"21PES0500C"},"geometry":{"type":"Point","coordinates":[-98.214943,19.021272]}},{"type":"Feature","properties":{"name":"21PES0504Z"},"geometry":{"type":"Point","coordinates":[-98.243467,18.994278]}},{"type":"Feature","properties":{"name":"21PES0505Y"},"geometry":{"type":"Point","coordinates":[-98.213457,19.056906]}},{"type":"Feature","properties":{"name":"21PES0412I"},"geometry":{"type":"Point","coordinates":[-98.207954,19.067323]}},{"type":"Feature","properties":{"name":"21PES0492K"},"geometry":{"type":"Point","coordinates":[-98.23297,19.049129]}},{"type":"Feature","properties":{"name":"21PES0496G"},"geometry":{"type":"Point","coordinates":[-98.261228,18.969882]}},{"type":"Feature","properties":{"name":"21PES0498E"},"geometry":{"type":"Point","coordinates":[-98.143119,19.063726]}},{"type":"Feature","properties":{"name":"21EES0276P"},"geometry":{"type":"Point","coordinates":[-98.228098,19.046276]}},{"type":"Feature","properties":{"name":"21EES0277O"},"geometry":{"type":"Point","coordinates":[-98.142386,19.057128]}},{"type":"Feature","properties":{"name":"21EES0278N"},"geometry":{"type":"Point","coordinates":[-98.207911,19.043364]}},{"type":"Feature","properties":{"name":"21EES0279M"},"geometry":{"type":"Point","coordinates":[-98.200027,19.051062]}},{"type":"Feature","properties":{"name":"21EES0280B"},"geometry":{"type":"Point","coordinates":[-98.206259,19.046285]}},{"type":"Feature","properties":{"name":"21EES0281A"},"geometry":{"type":"Point","coordinates":[-98.221781,19.040023]}},{"type":"Feature","properties":{"name":"21EES0282Z"},"geometry":{"type":"Point","coordinates":[-98.19023,19.068818]}},{"type":"Feature","properties":{"name":"21EES0283Z"},"geometry":{"type":"Point","coordinates":[-98.211206,19.057889]}},{"type":"Feature","properties":{"name":"21EES0284Y"},"geometry":{"type":"Point","coordinates":[-98.169515,19.074244]}},{"type":"Feature","properties":{"name":"21EES0285X"},"geometry":{"type":"Point","coordinates":[-98.185391,19.084828]}},{"type":"Feature","properties":{"name":"21EES0287V"},"geometry":{"type":"Point","coordinates":[-98.196732,19.062673]}},{"type":"Feature","properties":{"name":"21PES0417D"},"geometry":{"type":"Point","coordinates":[-98.182159,19.081183]}},{"type":"Feature","properties":{"name":"21PES0418C"},"geometry":{"type":"Point","coordinates":[-98.180891,19.014401]}},{"type":"Feature","properties":{"name":"21PES0421Q"},"geometry":{"type":"Point","coordinates":[-98.209408,19.04199]}},{"type":"Feature","properties":{"name":"21PES0422P"},"geometry":{"type":"Point","coordinates":[-98.210024,19.009914]}},{"type":"Feature","properties":{"name":"21PES0423O"},"geometry":{"type":"Point","coordinates":[-98.211164,19.008363]}},{"type":"Feature","properties":{"name":"21EES0293F"},"geometry":{"type":"Point","coordinates":[-98.263433,18.962215]}},{"type":"Feature","properties":{"name":"21EES0300Z"},"geometry":{"type":"Point","coordinates":[-98.166907,19.089577]}},{"type":"Feature","properties":{"name":"21EES0309Q"},"geometry":{"type":"Point","coordinates":[-98.223591,19.065864]}},{"type":"Feature","properties":{"name":"21EES0324I"},"geometry":{"type":"Point","coordinates":[-98.094833,19.152727]}},{"type":"Feature","properties":{"name":"21PES0424N"},"geometry":{"type":"Point","coordinates":[-98.210131,19.045438]}},{"type":"Feature","properties":{"name":"21PES0427K"},"geometry":{"type":"Point","coordinates":[-98.112488,19.076096]}},{"type":"Feature","properties":{"name":"21PES0436S"},"geometry":{"type":"Point","coordinates":[-98.191772,19.040951]}},{"type":"Feature","properties":{"name":"21EES0331S"},"geometry":{"type":"Point","coordinates":[-98.216341,18.972949]}},{"type":"Feature","properties":{"name":"21EES0336N"},"geometry":{"type":"Point","coordinates":[-98.211803,19.092448]}},{"type":"Feature","properties":{"name":"21EES0338L"},"geometry":{"type":"Point","coordinates":[-98.232639,19.072821]}},{"type":"Feature","properties":{"name":"21PES0508V"},"geometry":{"type":"Point","coordinates":[-98.175381,19.062662]}},{"type":"Feature","properties":{"name":"21PES0509U"},"geometry":{"type":"Point","coordinates":[-98.208054,19.021866]}},{"type":"Feature","properties":{"name":"21PES0512H"},"geometry":{"type":"Point","coordinates":[-98.179349,19.062512]}},{"type":"Feature","properties":{"name":"21PES0516D"},"geometry":{"type":"Point","coordinates":[-98.251246,19.076164]}},{"type":"Feature","properties":{"name":"21DBT0008N"},"geometry":{"type":"Point","coordinates":[-98.208803,19.058325]}},{"type":"Feature","properties":{"name":"21DBT0018U"},"geometry":{"type":"Point","coordinates":[-98.178737,19.065922]}},{"type":"Feature","properties":{"name":"21EBT0004Q"},"geometry":{"type":"Point","coordinates":[-98.19296,19.045571]}},{"type":"Feature","properties":{"name":"21EBT0020H"},"geometry":{"type":"Point","coordinates":[-98.194964,19.035535]}},{"type":"Feature","properties":{"name":"21EBT0029Z"},"geometry":{"type":"Point","coordinates":[-98.19296,19.045571]}},{"type":"Feature","properties":{"name":"21EBT0080W"},"geometry":{"type":"Point","coordinates":[-98.201824,19.047177]}},{"type":"Feature","properties":{"name":"21EBT0089N"},"geometry":{"type":"Point","coordinates":[-98.207848,19.049054]}},{"type":"Feature","properties":{"name":"21PES0439P"},"geometry":{"type":"Point","coordinates":[-98.20946,19.062716]}},{"type":"Feature","properties":{"name":"21PES0440E"},"geometry":{"type":"Point","coordinates":[-98.204758,19.025315]}},{"type":"Feature","properties":{"name":"21PES0441D"},"geometry":{"type":"Point","coordinates":[-98.201911,18.975261]}},{"type":"Feature","properties":{"name":"21PES0442C"},"geometry":{"type":"Point","coordinates":[-98.203001,18.993749]}},{"type":"Feature","properties":{"name":"21PES0446Z"},"geometry":{"type":"Point","coordinates":[-98.251618,18.988861]}},{"type":"Feature","properties":{"name":"21PES0449W"},"geometry":{"type":"Point","coordinates":[-98.209816,19.044435]}},{"type":"Feature","properties":{"name":"21PES0454H"},"geometry":{"type":"Point","coordinates":[-98.188362,19.019026]}},{"type":"Feature","properties":{"name":"21PES0456F"},"geometry":{"type":"Point","coordinates":[-98.220858,19.015535]}},{"type":"Feature","properties":{"name":"21PES0460S"},"geometry":{"type":"Point","coordinates":[-98.205168,19.017184]}},{"type":"Feature","properties":{"name":"21PES0462Q"},"geometry":{"type":"Point","coordinates":[-98.232617,19.012084]}},{"type":"Feature","properties":{"name":"21PES0465N"},"geometry":{"type":"Point","coordinates":[-98.242388,19.012167]}},{"type":"Feature","properties":{"name":"21PES0467L"},"geometry":{"type":"Point","coordinates":[-98.203434,19.037921]}},{"type":"Feature","properties":{"name":"21PES0469J"},"geometry":{"type":"Point","coordinates":[-98.254808,19.073688]}},{"type":"Feature","properties":{"name":"21PES0470Z"},"geometry":{"type":"Point","coordinates":[-98.219181,19.051016]}},{"type":"Feature","properties":{"name":"21PES0471Y"},"geometry":{"type":"Point","coordinates":[-98.163671,19.051765]}},{"type":"Feature","properties":{"name":"21PES0479Q"},"geometry":{"type":"Point","coordinates":[-98.179732,19.006406]}},{"type":"Feature","properties":{"name":"21PES0481E"},"geometry":{"type":"Point","coordinates":[-98.197616,19.010386]}},{"type":"Feature","properties":{"name":"21PES0487Z"},"geometry":{"type":"Point","coordinates":[-98.236749,19.071628]}},{"type":"Feature","properties":{"name":"21PBT0328C"},"geometry":{"type":"Point","coordinates":[-98.232442,19.014145]}},{"type":"Feature","properties":{"name":"21PBT0331Q"},"geometry":{"type":"Point","coordinates":[-98.204093,19.040286]}},{"type":"Feature","properties":{"name":"21PBT0333O"},"geometry":{"type":"Point","coordinates":[-98.238862,18.999329]}},{"type":"Feature","properties":{"name":"21PBT0336L"},"geometry":{"type":"Point","coordinates":[-98.207663,19.049102]}},{"type":"Feature","properties":{"name":"21PBT0337K"},"geometry":{"type":"Point","coordinates":[-98.23092,19.059578]}},{"type":"Feature","properties":{"name":"21PBT0337K"},"geometry":{"type":"Point","coordinates":[-98.23092,19.059578]}},{"type":"Feature","properties":{"name":"21PBT0356Z"},"geometry":{"type":"Point","coordinates":[-98.206667,19.048416]}},{"type":"Feature","properties":{"name":"21PBT0360L"},"geometry":{"type":"Point","coordinates":[-98.197495,19.04399]}},{"type":"Feature","properties":{"name":"21PBT0365G"},"geometry":{"type":"Point","coordinates":[-98.196799,19.049537]}},{"type":"Feature","properties":{"name":"21PBT0384V"},"geometry":{"type":"Point","coordinates":[-98.248859,19.050114]}},{"type":"Feature","properties":{"name":"21PBT0389Q"},"geometry":{"type":"Point","coordinates":[-98.197495,19.04399]}},{"type":"Feature","properties":{"name":"21PBT0399X"},"geometry":{"type":"Point","coordinates":[-98.197495,19.04399]}},{"type":"Feature","properties":{"name":"21PBT0401V"},"geometry":{"type":"Point","coordinates":[-98.204674,19.043689]}},{"type":"Feature","properties":{"name":"21PBT0402U"},"geometry":{"type":"Point","coordinates":[-98.227961,19.048159]}},{"type":"Feature","properties":{"name":"21PBT0407P"},"geometry":{"type":"Point","coordinates":[-98.156864,19.053142]}},{"type":"Feature","properties":{"name":"21PBT0413Z"},"geometry":{"type":"Point","coordinates":[-98.208074,19.043236]}},{"type":"Feature","properties":{"name":"21PBT0427C"},"geometry":{"type":"Point","coordinates":[-98.200245,19.045109]}},{"type":"Feature","properties":{"name":"21PBT0428B"},"geometry":{"type":"Point","coordinates":[-98.199289,19.045989]}},{"type":"Feature","properties":{"name":"21PBT0430Q"},"geometry":{"type":"Point","coordinates":[-98.233344,18.981412]}},{"type":"Feature","properties":{"name":"21PBT0437J"},"geometry":{"type":"Point","coordinates":[-98.197495,19.04399]}},{"type":"Feature","properties":{"name":"21PBT0438I"},"geometry":{"type":"Point","coordinates":[-98.197495,19.04399]}},{"type":"Feature","properties":{"name":"21PBT0454Z"},"geometry":{"type":"Point","coordinates":[-98.197871,19.051106]}},{"type":"Feature","properties":{"name":"21PBT0463H"},"geometry":{"type":"Point","coordinates":[-98.196732,19.047357]}},{"type":"Feature","properties":{"name":"21PBT0465F"},"geometry":{"type":"Point","coordinates":[-98.206523,19.04173]}},{"type":"Feature","properties":{"name":"21PBT0472P"},"geometry":{"type":"Point","coordinates":[-98.197495,19.04399]}},{"type":"Feature","properties":{"name":"21PBT0474N"},"geometry":{"type":"Point","coordinates":[-98.197495,19.04399]}},{"type":"Feature","properties":{"name":"21PBT0477K"},"geometry":{"type":"Point","coordinates":[-98.197495,19.04399]}},{"type":"Feature","properties":{"name":"21PBT0479I"},"geometry":{"type":"Point","coordinates":[-98.197495,19.04399]}},{"type":"Feature","properties":{"name":"21PBT0484U"},"geometry":{"type":"Point","coordinates":[-98.197495,19.04399]}},{"type":"Feature","properties":{"name":"21PBT0486S"},"geometry":{"type":"Point","coordinates":[-98.197495,19.04399]}},{"type":"Feature","properties":{"name":"21PBT0489P"},"geometry":{"type":"Point","coordinates":[-98.197495,19.04399]}},{"type":"Feature","properties":{"name":"21RBT0062K"},"geometry":{"type":"Point","coordinates":[-98.208666,19.023828]}},{"type":"Feature","properties":{"name":"21XBT0008A"},"geometry":{"type":"Point","coordinates":[-98.197495,19.04399]}},{"type":"Feature","properties":{"name":"21XBT0018H"},"geometry":{"type":"Point","coordinates":[-98.197495,19.04399]}},{"type":"Feature","properties":{"name":"21XBT5002O"},"geometry":{"type":"Point","coordinates":[-98.197495,19.04399]}},{"type":"Feature","properties":{"name":"21EES0346U"},"geometry":{"type":"Point","coordinates":[-98.260362,18.969022]}},{"type":"Feature","properties":{"name":"21EES0348S"},"geometry":{"type":"Point","coordinates":[-98.216341,18.972949]}},{"type":"Feature","properties":{"name":"21EES0351F"},"geometry":{"type":"Point","coordinates":[-98.274806,18.984614]}},{"type":"Feature","properties":{"name":"21EES0358Z"},"geometry":{"type":"Point","coordinates":[-98.223053,18.97511]}},{"type":"Feature","properties":{"name":"21EES0360N"},"geometry":{"type":"Point","coordinates":[-98.17549,19.097561]}},{"type":"Feature","properties":{"name":"21PES0013L"},"geometry":{"type":"Point","coordinates":[-98.206103,19.040269]}},{"type":"Feature","properties":{"name":"21PES0015J"},"geometry":{"type":"Point","coordinates":[-98.236015,19.071551]}},{"type":"Feature","properties":{"name":"21PES0019F"},"geometry":{"type":"Point","coordinates":[-98.213348,19.068519]}},{"type":"Feature","properties":{"name":"21PES0020V"},"geometry":{"type":"Point","coordinates":[-98.20322,19.034731]}},{"type":"Feature","properties":{"name":"21PES0024R"},"geometry":{"type":"Point","coordinates":[-98.212963,19.028043]}},{"type":"Feature","properties":{"name":"21PES0041H"},"geometry":{"type":"Point","coordinates":[-98.19652,19.011277]}},{"type":"Feature","properties":{"name":"21PES0042G"},"geometry":{"type":"Point","coordinates":[-98.246733,19.042471]}},{"type":"Feature","properties":{"name":"21PES0054L"},"geometry":{"type":"Point","coordinates":[-98.207436,19.041124]}},{"type":"Feature","properties":{"name":"21PES0055K"},"geometry":{"type":"Point","coordinates":[-98.197333,19.031337]}},{"type":"Feature","properties":{"name":"21PES0076X"},"geometry":{"type":"Point","coordinates":[-98.181434,19.061766]}},{"type":"Feature","properties":{"name":"21PES0132Z"},"geometry":{"type":"Point","coordinates":[-98.204095,19.041906]}},{"type":"Feature","properties":{"name":"21PES0133Y"},"geometry":{"type":"Point","coordinates":[-98.190774,19.044893]}},{"type":"Feature","properties":{"name":"21PES0135W"},"geometry":{"type":"Point","coordinates":[-98.207376,19.025726]}},{"type":"Feature","properties":{"name":"21PES0137U"},"geometry":{"type":"Point","coordinates":[-98.226142,18.982884]}},{"type":"Feature","properties":{"name":"21PES0138T"},"geometry":{"type":"Point","coordinates":[-98.202216,19.040289]}},{"type":"Feature","properties":{"name":"21PES0139S"},"geometry":{"type":"Point","coordinates":[-98.199484,19.031655]}},{"type":"Feature","properties":{"name":"21PES0140H"},"geometry":{"type":"Point","coordinates":[-98.203447,19.038935]}},{"type":"Feature","properties":{"name":"21PES0141G"},"geometry":{"type":"Point","coordinates":[-98.22881,19.03906]}},{"type":"Feature","properties":{"name":"21PES0142F"},"geometry":{"type":"Point","coordinates":[-98.211606,19.035475]}},{"type":"Feature","properties":{"name":"21PES0143E"},"geometry":{"type":"Point","coordinates":[-98.200829,19.011542]}},{"type":"Feature","properties":{"name":"21PES0145C"},"geometry":{"type":"Point","coordinates":[-98.234621,19.046284]}},{"type":"Feature","properties":{"name":"21PES0146B"},"geometry":{"type":"Point","coordinates":[-98.194082,19.055486]}},{"type":"Feature","properties":{"name":"21PES0153L"},"geometry":{"type":"Point","coordinates":[-98.225145,19.058821]}},{"type":"Feature","properties":{"name":"21PES0155J"},"geometry":{"type":"Point","coordinates":[-98.184156,19.050857]}},{"type":"Feature","properties":{"name":"21PES0156I"},"geometry":{"type":"Point","coordinates":[-98.194249,19.063128]}},{"type":"Feature","properties":{"name":"21PES0159F"},"geometry":{"type":"Point","coordinates":[-98.209884,19.049233]}},{"type":"Feature","properties":{"name":"21DSN0001J"},"geometry":{"type":"Point","coordinates":[-98.209501,19.061148]}},{"type":"Feature","properties":{"name":"21PES0165Q"},"geometry":{"type":"Point","coordinates":[-98.213745,19.042273]}},{"type":"Feature","properties":{"name":"21PES0167O"},"geometry":{"type":"Point","coordinates":[-98.103601,19.149505]}},{"type":"Feature","properties":{"name":"21PES0181H"},"geometry":{"type":"Point","coordinates":[-98.210192,19.009303]}},{"type":"Feature","properties":{"name":"21PES0197I"},"geometry":{"type":"Point","coordinates":[-98.219741,19.074273]}},{"type":"Feature","properties":{"name":"21DSN0008C"},"geometry":{"type":"Point","coordinates":[-98.188631,19.071219]}},{"type":"Feature","properties":{"name":"21DSN0024U"},"geometry":{"type":"Point","coordinates":[-98.206692,19.046495]}},{"type":"Feature","properties":{"name":"21PES0199G"},"geometry":{"type":"Point","coordinates":[-98.215099,19.031929]}},{"type":"Feature","properties":{"name":"21PES0245B"},"geometry":{"type":"Point","coordinates":[-98.20609,19.034192]}},{"type":"Feature","properties":{"name":"21PES0247Z"},"geometry":{"type":"Point","coordinates":[-98.20238,19.013556]}},{"type":"Feature","properties":{"name":"21PES0248Z"},"geometry":{"type":"Point","coordinates":[-98.19432,19.053795]}},{"type":"Feature","properties":{"name":"21PES0253K"},"geometry":{"type":"Point","coordinates":[-98.199882,18.989214]}},{"type":"Feature","properties":{"name":"21PES0260U"},"geometry":{"type":"Point","coordinates":[-98.205982,19.032971]}},{"type":"Feature","properties":{"name":"21PES0262S"},"geometry":{"type":"Point","coordinates":[-98.206219,19.012717]}},{"type":"Feature","properties":{"name":"21PES0264Q"},"geometry":{"type":"Point","coordinates":[-98.194541,19.049212]}},{"type":"Feature","properties":{"name":"21PES0268M"},"geometry":{"type":"Point","coordinates":[-98.238011,19.037943]}},{"type":"Feature","properties":{"name":"21PES0269L"},"geometry":{"type":"Point","coordinates":[-98.207552,19.032857]}},{"type":"Feature","properties":{"name":"21PES0270A"},"geometry":{"type":"Point","coordinates":[-98.207094,18.981327]}},{"type":"Feature","properties":{"name":"21PES0271Z"},"geometry":{"type":"Point","coordinates":[-98.194938,19.047253]}},{"type":"Feature","properties":{"name":"21PES0275W"},"geometry":{"type":"Point","coordinates":[-98.229237,19.086916]}},{"type":"Feature","properties":{"name":"21PES0280H"},"geometry":{"type":"Point","coordinates":[-98.236665,19.067023]}},{"type":"Feature","properties":{"name":"21PES0281G"},"geometry":{"type":"Point","coordinates":[-98.191953,19.074867]}},{"type":"Feature","properties":{"name":"21PES0297H"},"geometry":{"type":"Point","coordinates":[-98.221549,19.058312]}},{"type":"Feature","properties":{"name":"21PES0298G"},"geometry":{"type":"Point","coordinates":[-98.211357,19.022126]}},{"type":"Feature","properties":{"name":"21PES0299F"},"geometry":{"type":"Point","coordinates":[-98.205782,19.037379]}},{"type":"Feature","properties":{"name":"21PES0302C"},"geometry":{"type":"Point","coordinates":[-98.235433,18.988499]}},{"type":"Feature","properties":{"name":"21PES0307Y"},"geometry":{"type":"Point","coordinates":[-98.211455,19.044054]}},{"type":"Feature","properties":{"name":"21PES0308X"},"geometry":{"type":"Point","coordinates":[-98.209114,19.049841]}},{"type":"Feature","properties":{"name":"21PES0309W"},"geometry":{"type":"Point","coordinates":[-98.203569,19.040986]}},{"type":"Feature","properties":{"name":"21PES0310L"},"geometry":{"type":"Point","coordinates":[-98.207986,19.047796]}},{"type":"Feature","properties":{"name":"21PES0316F"},"geometry":{"type":"Point","coordinates":[-98.199525,19.011263]}},{"type":"Feature","properties":{"name":"21PES0333W"},"geometry":{"type":"Point","coordinates":[-98.13419,19.063709]}},{"type":"Feature","properties":{"name":"21PES0342D"},"geometry":{"type":"Point","coordinates":[-98.216514,18.995292]}},{"type":"Feature","properties":{"name":"21PES0343C"},"geometry":{"type":"Point","coordinates":[-98.246011,19.064418]}},{"type":"Feature","properties":{"name":"21PES0349X"},"geometry":{"type":"Point","coordinates":[-98.199793,19.040039]}},{"type":"Feature","properties":{"name":"21PES0350M"},"geometry":{"type":"Point","coordinates":[-98.144495,19.046557]}},{"type":"Feature","properties":{"name":"21PES0359D"},"geometry":{"type":"Point","coordinates":[-98.206824,19.045256]}},{"type":"Feature","properties":{"name":"21DSN0025T"},"geometry":{"type":"Point","coordinates":[-98.172123,19.057686]}},{"type":"Feature","properties":{"name":"21ESN0001I"},"geometry":{"type":"Point","coordinates":[-98.204547,19.046524]}},{"type":"Feature","properties":{"name":"21EBH0592A"},"geometry":{"type":"Point","coordinates":[-98.269464,18.975443]}},{"type":"Feature","properties":{"name":"21EBH0616U"},"geometry":{"type":"Point","coordinates":[-98.186048,19.041453]}},{"type":"Feature","properties":{"name":"21EBH0754W"},"geometry":{"type":"Point","coordinates":[-98.239185,18.959771]}},{"type":"Feature","properties":{"name":"21EBH0647N"},"geometry":{"type":"Point","coordinates":[-98.2132,19.040056]}},{"type":"Feature","properties":{"name":"21EBH1252J"},"geometry":{"type":"Point","coordinates":[-98.211371,19.077246]}},{"type":"Feature","properties":{"name":"21EBH1258D"},"geometry":{"type":"Point","coordinates":[-98.23319,18.952845]}},{"type":"Feature","properties":{"name":"21ECB0028J"},"geometry":{"type":"Point","coordinates":[-98.234485,18.994787]}},{"type":"Feature","properties":{"name":"21ECB0024N"},"geometry":{"type":"Point","coordinates":[-98.212108,19.093926]}},{"type":"Feature","properties":{"name":"21ECB0026L"},"geometry":{"type":"Point","coordinates":[-98.186722,18.999219]}},{"type":"Feature","properties":{"name":"21ECB0014G"},"geometry":{"type":"Point","coordinates":[-98.140098,19.056118]}},{"type":"Feature","properties":{"name":"21ECB0027K"},"geometry":{"type":"Point","coordinates":[-98.140098,19.056118]}},{"type":"Feature","properties":{"name":"21ECB0047Y"},"geometry":{"type":"Point","coordinates":[-98.185326,19.086836]}},{"type":"Feature","properties":{"name":"21EMS0027R"},"geometry":{"type":"Point","coordinates":[-98.143775,19.020157]}},{"type":"Feature","properties":{"name":"21EMS0030E"},"geometry":{"type":"Point","coordinates":[-98.184601,18.972196]}},{"type":"Feature","properties":{"name":"21EBH0852X"},"geometry":{"type":"Point","coordinates":[-98.134295,19.053609]}},{"type":"Feature","properties":{"name":"21EBH1192L"},"geometry":{"type":"Point","coordinates":[-98.191851,18.906097]}},{"type":"Feature","properties":{"name":"21EBH0728Y"},"geometry":{"type":"Point","coordinates":[-98.167149,19.060867]}},{"type":"Feature","properties":{"name":"21EBH0940R"},"geometry":{"type":"Point","coordinates":[-98.218119,18.975876]}},{"type":"Feature","properties":{"name":"21EBH0761F"},"geometry":{"type":"Point","coordinates":[-98.120714,19.047969]}},{"type":"Feature","properties":{"name":"21EBH0944N"},"geometry":{"type":"Point","coordinates":[-98.233209,18.952781]}},{"type":"Feature","properties":{"name":"21PES0517C"},"geometry":{"type":"Point","coordinates":[-98.216932,19.096635]}},{"type":"Feature","properties":{"name":"21PES0525L"},"geometry":{"type":"Point","coordinates":[-98.203046,19.038824]}},{"type":"Feature","properties":{"name":"21PES0526K"},"geometry":{"type":"Point","coordinates":[-98.263429,19.066454]}},{"type":"Feature","properties":{"name":"21PES0528I"},"geometry":{"type":"Point","coordinates":[-98.213539,19.086833]}},{"type":"Feature","properties":{"name":"21PES0534T"},"geometry":{"type":"Point","coordinates":[-98.205466,19.002513]}},{"type":"Feature","properties":{"name":"21PES0535S"},"geometry":{"type":"Point","coordinates":[-98.20788,19.044295]}},{"type":"Feature","properties":{"name":"21PES0538P"},"geometry":{"type":"Point","coordinates":[-98.207714,19.04421]}},{"type":"Feature","properties":{"name":"21PES0540D"},"geometry":{"type":"Point","coordinates":[-98.223811,19.07099]}},{"type":"Feature","properties":{"name":"21PES0542B"},"geometry":{"type":"Point","coordinates":[-98.199703,18.986229]}},{"type":"Feature","properties":{"name":"21PES0543A"},"geometry":{"type":"Point","coordinates":[-98.160364,19.096282]}},{"type":"Feature","properties":{"name":"21PES0545Z"},"geometry":{"type":"Point","coordinates":[-98.23948,19.001614]}},{"type":"Feature","properties":{"name":"21PES0546Y"},"geometry":{"type":"Point","coordinates":[-98.193703,19.038901]}},{"type":"Feature","properties":{"name":"21PES0547X"},"geometry":{"type":"Point","coordinates":[-98.253684,19.073425]}},{"type":"Feature","properties":{"name":"21PES0548W"},"geometry":{"type":"Point","coordinates":[-98.121404,19.058567]}},{"type":"Feature","properties":{"name":"21PES0551J"},"geometry":{"type":"Point","coordinates":[-98.246581,19.051049]}},{"type":"Feature","properties":{"name":"21PES0559B"},"geometry":{"type":"Point","coordinates":[-98.243092,19.04491]}},{"type":"Feature","properties":{"name":"21PES0562P"},"geometry":{"type":"Point","coordinates":[-98.218119,19.009586]}},{"type":"Feature","properties":{"name":"21PES0569I"},"geometry":{"type":"Point","coordinates":[-98.193855,18.978314]}},{"type":"Feature","properties":{"name":"21PES0573V"},"geometry":{"type":"Point","coordinates":[-98.223376,19.032161]}},{"type":"Feature","properties":{"name":"21PES0576S"},"geometry":{"type":"Point","coordinates":[-98.257648,19.071612]}},{"type":"Feature","properties":{"name":"21PES0579P"},"geometry":{"type":"Point","coordinates":[-98.210718,18.975202]}},{"type":"Feature","properties":{"name":"21PES0581D"},"geometry":{"type":"Point","coordinates":[-98.210145,19.050829]}},{"type":"Feature","properties":{"name":"21PES0582C"},"geometry":{"type":"Point","coordinates":[-98.127767,19.052683]}},{"type":"Feature","properties":{"name":"21PES0583B"},"geometry":{"type":"Point","coordinates":[-98.209468,18.998843]}},{"type":"Feature","properties":{"name":"21PES0585Z"},"geometry":{"type":"Point","coordinates":[-98.125575,19.058605]}},{"type":"Feature","properties":{"name":"21PES0587Y"},"geometry":{"type":"Point","coordinates":[-98.197359,19.026353]}},{"type":"Feature","properties":{"name":"21PES0590L"},"geometry":{"type":"Point","coordinates":[-98.225356,19.059817]}},{"type":"Feature","properties":{"name":"21PES0592J"},"geometry":{"type":"Point","coordinates":[-98.197495,19.04399]}},{"type":"Feature","properties":{"name":"21PES0593I"},"geometry":{"type":"Point","coordinates":[-98.12076,19.064653]}},{"type":"Feature","properties":{"name":"21PES0595G"},"geometry":{"type":"Point","coordinates":[-98.197495,19.04399]}},{"type":"Feature","properties":{"name":"21PES0597E"},"geometry":{"type":"Point","coordinates":[-98.197495,19.04399]}},{"type":"Feature","properties":{"name":"21PES0598D"},"geometry":{"type":"Point","coordinates":[-98.197495,19.04399]}},{"type":"Feature","properties":{"name":"21PBH0019C"},"geometry":{"type":"Point","coordinates":[-98.207436,19.041124]}},{"type":"Feature","properties":{"name":"21PBH0020S"},"geometry":{"type":"Point","coordinates":[-98.221076,19.051338]}},{"type":"Feature","properties":{"name":"21PBH0026M"},"geometry":{"type":"Point","coordinates":[-98.202901,19.038658]}},{"type":"Feature","properties":{"name":"21PBH0029J"},"geometry":{"type":"Point","coordinates":[-98.210194,19.046311]}},{"type":"Feature","properties":{"name":"21PBH0045A"},"geometry":{"type":"Point","coordinates":[-98.20406,19.041966]}},{"type":"Feature","properties":{"name":"21PBH0096H"},"geometry":{"type":"Point","coordinates":[-98.199632,19.031733]}},{"type":"Feature","properties":{"name":"21PBH0098F"},"geometry":{"type":"Point","coordinates":[-98.211212,19.046958]}},{"type":"Feature","properties":{"name":"21PBH0106Y"},"geometry":{"type":"Point","coordinates":[-98.194835,19.049363]}},{"type":"Feature","properties":{"name":"21PBH0108W"},"geometry":{"type":"Point","coordinates":[-98.202892,19.037144]}},{"type":"Feature","properties":{"name":"21PBH0113H"},"geometry":{"type":"Point","coordinates":[-98.134847,19.062866]}},{"type":"Feature","properties":{"name":"21PBH0121Q"},"geometry":{"type":"Point","coordinates":[-98.202892,19.037144]}},{"type":"Feature","properties":{"name":"21PBH0132W"},"geometry":{"type":"Point","coordinates":[-98.209816,19.044435]}},{"type":"Feature","properties":{"name":"21PBH0222O"},"geometry":{"type":"Point","coordinates":[-98.209816,19.044435]}},{"type":"Feature","properties":{"name":"21PBH0134U"},"geometry":{"type":"Point","coordinates":[-98.205817,19.028328]}},{"type":"Feature","properties":{"name":"21PBH0135T"},"geometry":{"type":"Point","coordinates":[-98.219354,19.051106]}},{"type":"Feature","properties":{"name":"21PBH0136S"},"geometry":{"type":"Point","coordinates":[-98.163806,19.051583]}},{"type":"Feature","properties":{"name":"21PBH0154H"},"geometry":{"type":"Point","coordinates":[-98.207714,19.04421]}},{"type":"Feature","properties":{"name":"21PBH0167L"},"geometry":{"type":"Point","coordinates":[-98.179679,19.006334]}},{"type":"Feature","properties":{"name":"21PBH0180F"},"geometry":{"type":"Point","coordinates":[-98.203055,19.038829]}},{"type":"Feature","properties":{"name":"21EBH1253I"},"geometry":{"type":"Point","coordinates":[-98.263474,18.962235]}},{"type":"Feature","properties":{"name":"21EBH1256F"},"geometry":{"type":"Point","coordinates":[-98.094833,19.152727]}},{"type":"Feature","properties":{"name":"21EBH1261R"},"geometry":{"type":"Point","coordinates":[-98.265013,18.971438]}},{"type":"Feature","properties":{"name":"21PBH0188Y"},"geometry":{"type":"Point","coordinates":[-98.251213,18.98366]}},{"type":"Feature","properties":{"name":"21PBH0190M"},"geometry":{"type":"Point","coordinates":[-98.260902,18.970438]}},{"type":"Feature","properties":{"name":"21PBH0196G"},"geometry":{"type":"Point","coordinates":[-98.188951,19.019554]}},{"type":"Feature","properties":{"name":"21PBH0198E"},"geometry":{"type":"Point","coordinates":[-98.205375,19.036472]}},{"type":"Feature","properties":{"name":"21PBH0337P"},"geometry":{"type":"Point","coordinates":[-98.205375,19.036472]}},{"type":"Feature","properties":{"name":"21PBH0212H"},"geometry":{"type":"Point","coordinates":[-98.206882,19.036624]}},{"type":"Feature","properties":{"name":"21PBH0217C"},"geometry":{"type":"Point","coordinates":[-98.175381,19.062662]}},{"type":"Feature","properties":{"name":"21PBH0219A"},"geometry":{"type":"Point","coordinates":[-98.209201,19.045512]}},{"type":"Feature","properties":{"name":"21ECB0008W"},"geometry":{"type":"Point","coordinates":[-98.234485,18.994787]}},{"type":"Feature","properties":{"name":"21ECB0009V"},"geometry":{"type":"Point","coordinates":[-98.248953,19.079157]}},{"type":"Feature","properties":{"name":"21ECB0010K"},"geometry":{"type":"Point","coordinates":[-98.199071,18.97728]}},{"type":"Feature","properties":{"name":"21ECB0036S"},"geometry":{"type":"Point","coordinates":[-98.199071,18.97728]}},{"type":"Feature","properties":{"name":"21ECB0012I"},"geometry":{"type":"Point","coordinates":[-98.212108,19.093926]}},{"type":"Feature","properties":{"name":"21ECB0013H"},"geometry":{"type":"Point","coordinates":[-98.186722,18.999219]}},{"type":"Feature","properties":{"name":"21PBH0240D"},"geometry":{"type":"Point","coordinates":[-98.199785,18.986452]}},{"type":"Feature","properties":{"name":"21PBH0248W"},"geometry":{"type":"Point","coordinates":[-98.141573,19.025779]}},{"type":"Feature","properties":{"name":"21PBH0250K"},"geometry":{"type":"Point","coordinates":[-98.209492,19.054895]}},{"type":"Feature","properties":{"name":"21PBH0254G"},"geometry":{"type":"Point","coordinates":[-98.179604,19.042874]}},{"type":"Feature","properties":{"name":"21PBH0276S"},"geometry":{"type":"Point","coordinates":[-98.209839,19.046128]}},{"type":"Feature","properties":{"name":"21PBH0281D"},"geometry":{"type":"Point","coordinates":[-98.211194,19.015696]}},{"type":"Feature","properties":{"name":"21PBH0282C"},"geometry":{"type":"Point","coordinates":[-98.235386,18.988567]}},{"type":"Feature","properties":{"name":"21PBH0288X"},"geometry":{"type":"Point","coordinates":[-98.138524,19.058927]}},{"type":"Feature","properties":{"name":"21PBH0290L"},"geometry":{"type":"Point","coordinates":[-98.208206,19.048261]}},{"type":"Feature","properties":{"name":"21PBH0293I"},"geometry":{"type":"Point","coordinates":[-98.209648,19.048293]}},{"type":"Feature","properties":{"name":"21PBH0299C"},"geometry":{"type":"Point","coordinates":[-98.215601,19.018285]}},{"type":"Feature","properties":{"name":"21PBH0306W"},"geometry":{"type":"Point","coordinates":[-98.208399,19.047009]}},{"type":"Feature","properties":{"name":"21PBH0310I"},"geometry":{"type":"Point","coordinates":[-98.208074,19.047632]}},{"type":"Feature","properties":{"name":"21PBH0316C"},"geometry":{"type":"Point","coordinates":[-98.207098,19.04659]}},{"type":"Feature","properties":{"name":"21PBH0336Q"},"geometry":{"type":"Point","coordinates":[-98.226633,19.017772]}},{"type":"Feature","properties":{"name":"21PBH0346X"},"geometry":{"type":"Point","coordinates":[-98.210487,19.044546]}},{"type":"Feature","properties":{"name":"21PBH0347W"},"geometry":{"type":"Point","coordinates":[-98.205978,19.032969]}},{"type":"Feature","properties":{"name":"21PBH0351I"},"geometry":{"type":"Point","coordinates":[-98.232442,19.014145]}},{"type":"Feature","properties":{"name":"21EBT0098V"},"geometry":{"type":"Point","coordinates":[-98.210483,19.046603]}},{"type":"Feature","properties":{"name":"21EBT0128Z"},"geometry":{"type":"Point","coordinates":[-98.197495,19.04399]}},{"type":"Feature","properties":{"name":"21EBT0137G"},"geometry":{"type":"Point","coordinates":[-98.197495,19.04399]}},{"type":"Feature","properties":{"name":"21EBT0140U"},"geometry":{"type":"Point","coordinates":[-98.143078,19.063795]}},{"type":"Feature","properties":{"name":"21EBT0145P"},"geometry":{"type":"Point","coordinates":[-98.197495,19.04399]}},{"type":"Feature","properties":{"name":"21EIC0002V"},"geometry":{"type":"Point","coordinates":[-98.236661,18.98043]}},{"type":"Feature","properties":{"name":"21PBT0017Z"},"geometry":{"type":"Point","coordinates":[-98.197092,19.040256]}},{"type":"Feature","properties":{"name":"21PBT0046V"},"geometry":{"type":"Point","coordinates":[-98.203733,19.042927]}},{"type":"Feature","properties":{"name":"21PBT0083Z"},"geometry":{"type":"Point","coordinates":[-98.211194,19.03644]}},{"type":"Feature","properties":{"name":"21PBT0119X"},"geometry":{"type":"Point","coordinates":[-98.198733,19.054725]}},{"type":"Feature","properties":{"name":"21PBT0143X"},"geometry":{"type":"Point","coordinates":[-98.203582,19.039472]}},{"type":"Feature","properties":{"name":"21PBT0144W"},"geometry":{"type":"Point","coordinates":[-98.204396,19.043503]}},{"type":"Feature","properties":{"name":"21PBT0147T"},"geometry":{"type":"Point","coordinates":[-98.209832,19.046244]}},{"type":"Feature","properties":{"name":"21ECB0052J"},"geometry":{"type":"Point","coordinates":[-98.185329,19.086835]}},{"type":"Feature","properties":{"name":"21PBH0358B"},"geometry":{"type":"Point","coordinates":[-98.203917,19.007945]}},{"type":"Feature","properties":{"name":"21PBH0361P"},"geometry":{"type":"Point","coordinates":[-98.210799,19.039926]}},{"type":"Feature","properties":{"name":"21PBH0365L"},"geometry":{"type":"Point","coordinates":[-98.229094,19.038549]}},{"type":"Feature","properties":{"name":"21PBH0367J"},"geometry":{"type":"Point","coordinates":[-98.220096,19.074345]}},{"type":"Feature","properties":{"name":"21PBH0370X"},"geometry":{"type":"Point","coordinates":[-98.225293,19.007877]}},{"type":"Feature","properties":{"name":"21EMS0028Q"},"geometry":{"type":"Point","coordinates":[-98.245509,19.05569]}},{"type":"Feature","properties":{"name":"21EMS0029P"},"geometry":{"type":"Point","coordinates":[-98.214672,19.113659]}},{"type":"Feature","properties":{"name":"21PBH0383A"},"geometry":{"type":"Point","coordinates":[-98.209408,19.04199]}},{"type":"Feature","properties":{"name":"21PBH0390K"},"geometry":{"type":"Point","coordinates":[-98.144494,19.046773]}},{"type":"Feature","properties":{"name":"21PBH0391J"},"geometry":{"type":"Point","coordinates":[-98.165226,19.045336]}},{"type":"Feature","properties":{"name":"21PBH0394G"},"geometry":{"type":"Point","coordinates":[-98.202537,19.013056]}},{"type":"Feature","properties":{"name":"21PBH0400A"},"geometry":{"type":"Point","coordinates":[-98.229239,19.086939]}},{"type":"Feature","properties":{"name":"21PBH0402Z"},"geometry":{"type":"Point","coordinates":[-98.194297,19.05377]}},{"type":"Feature","properties":{"name":"21PBH0405W"},"geometry":{"type":"Point","coordinates":[-98.229453,19.088862]}},{"type":"Feature","properties":{"name":"21PBH0406V"},"geometry":{"type":"Point","coordinates":[-98.193976,19.055665]}},{"type":"Feature","properties":{"name":"21PBH0411G"},"geometry":{"type":"Point","coordinates":[-98.200673,19.034748]}},{"type":"Feature","properties":{"name":"21PBH0420O"},"geometry":{"type":"Point","coordinates":[-98.204372,19.034209]}},{"type":"Feature","properties":{"name":"21PBH0421N"},"geometry":{"type":"Point","coordinates":[-98.161459,19.050763]}},{"type":"Feature","properties":{"name":"21PBH0422M"},"geometry":{"type":"Point","coordinates":[-98.216514,18.995292]}},{"type":"Feature","properties":{"name":"21PBH0423L"},"geometry":{"type":"Point","coordinates":[-98.207376,19.025726]}},{"type":"Feature","properties":{"name":"21PBH0428G"},"geometry":{"type":"Point","coordinates":[-98.206193,19.012766]}},{"type":"Feature","properties":{"name":"21PBH0430V"},"geometry":{"type":"Point","coordinates":[-98.194392,19.013941]}},{"type":"Feature","properties":{"name":"21PBT0154C"},"geometry":{"type":"Point","coordinates":[-98.201848,19.070886]}},{"type":"Feature","properties":{"name":"21PBT0158Z"},"geometry":{"type":"Point","coordinates":[-98.208417,19.046977]}},{"type":"Feature","properties":{"name":"21PBT0199Z"},"geometry":{"type":"Point","coordinates":[-98.215538,19.050373]}},{"type":"Feature","properties":{"name":"21PBT0226F"},"geometry":{"type":"Point","coordinates":[-98.195625,19.048895]}},{"type":"Feature","properties":{"name":"21PBT0229C"},"geometry":{"type":"Point","coordinates":[-98.196623,19.041466]}},{"type":"Feature","properties":{"name":"21PBT0272R"},"geometry":{"type":"Point","coordinates":[-98.167017,19.0431]}},{"type":"Feature","properties":{"name":"21PBT0280Z"},"geometry":{"type":"Point","coordinates":[-98.209832,19.046244]}},{"type":"Feature","properties":{"name":"21PBT0309O"},"geometry":{"type":"Point","coordinates":[-98.230304,19.060452]}},{"type":"Feature","properties":{"name":"21PBT0310D"},"geometry":{"type":"Point","coordinates":[-98.198423,19.024584]}},{"type":"Feature","properties":{"name":"21PBT0311C"},"geometry":{"type":"Point","coordinates":[-98.143666,19.038317]}},{"type":"Feature","properties":{"name":"21PBT0312B"},"geometry":{"type":"Point","coordinates":[-98.205376,19.082228]}},{"type":"Feature","properties":{"name":"21PBT0318W"},"geometry":{"type":"Point","coordinates":[-98.143758,19.038326]}},{"type":"Feature","properties":{"name":"21PBT0319V"},"geometry":{"type":"Point","coordinates":[-98.200067,19.047246]}},{"type":"Feature","properties":{"name":"21EBH0960E"},"geometry":{"type":"Point","coordinates":[-98.241731,18.911214]}},{"type":"Feature","properties":{"name":"21EBH0980S"},"geometry":{"type":"Point","coordinates":[-98.191879,19.075556]}},{"type":"Feature","properties":{"name":"21EBH0993W"},"geometry":{"type":"Point","coordinates":[-98.16402,18.862677]}},{"type":"Feature","properties":{"name":"21EBH0792Z"},"geometry":{"type":"Point","coordinates":[-98.177921,19.017988]}},{"type":"Feature","properties":{"name":"21PBT0320K"},"geometry":{"type":"Point","coordinates":[-98.201523,19.032705]}},{"type":"Feature","properties":{"name":"21PBT0323H"},"geometry":{"type":"Point","coordinates":[-98.197495,19.04399]}},{"type":"Feature","properties":{"name":"21EBH0835G"},"geometry":{"type":"Point","coordinates":[-98.130202,19.084677]}},{"type":"Feature","properties":{"name":"21EBH0887M"},"geometry":{"type":"Point","coordinates":[-98.164801,18.974631]}},{"type":"Feature","properties":{"name":"21EBH0890Z"},"geometry":{"type":"Point","coordinates":[-98.175636,19.097632]}},{"type":"Feature","properties":{"name":"21EBH0958Q"},"geometry":{"type":"Point","coordinates":[-98.153052,19.048021]}},{"type":"Feature","properties":{"name":"21EBH0961D"},"geometry":{"type":"Point","coordinates":[-98.13071,19.038536]}},{"type":"Feature","properties":{"name":"21KTV0016T"},"geometry":{"type":"Point","coordinates":[-98.276138,18.920707]}},{"type":"Feature","properties":{"name":"21ETK0034S"},"geometry":{"type":"Point","coordinates":[-98.27533,18.984106]}},{"type":"Feature","properties":{"name":"21PBH0440B"},"geometry":{"type":"Point","coordinates":[-98.243092,19.04491]}},{"type":"Feature","properties":{"name":"21PBH0441A"},"geometry":{"type":"Point","coordinates":[-98.193703,19.038901]}},{"type":"Feature","properties":{"name":"21PBH0454E"},"geometry":{"type":"Point","coordinates":[-98.194043,18.977469]}},{"type":"Feature","properties":{"name":"21PBH0002C"},"geometry":{"type":"Point","coordinates":[-98.202216,19.040289]}},{"type":"Feature","properties":{"name":"21PBH0005Z"},"geometry":{"type":"Point","coordinates":[-98.196466,19.011542]}},{"type":"Feature","properties":{"name":"21PBH0018D"},"geometry":{"type":"Point","coordinates":[-98.190489,19.044912]}},{"type":"Feature","properties":{"name":"21PBH0027L"},"geometry":{"type":"Point","coordinates":[-98.200668,19.047428]}},{"type":"Feature","properties":{"name":"21PBH0032X"},"geometry":{"type":"Point","coordinates":[-98.234614,19.046293]}},{"type":"Feature","properties":{"name":"21PBH0033W"},"geometry":{"type":"Point","coordinates":[-98.199901,19.035716]}},{"type":"Feature","properties":{"name":"21PBH0459Z"},"geometry":{"type":"Point","coordinates":[-98.215389,19.033111]}},{"type":"Feature","properties":{"name":"21PBH0461O"},"geometry":{"type":"Point","coordinates":[-98.194938,19.047253]}},{"type":"Feature","properties":{"name":"21PBH0469G"},"geometry":{"type":"Point","coordinates":[-98.197618,19.031809]}},{"type":"Feature","properties":{"name":"21PBH0478O"},"geometry":{"type":"Point","coordinates":[-98.213473,18.99421]}},{"type":"Feature","properties":{"name":"21PBH0487W"},"geometry":{"type":"Point","coordinates":[-98.211083,18.975559]}},{"type":"Feature","properties":{"name":"21PBH0044B"},"geometry":{"type":"Point","coordinates":[-98.207931,19.033606]}},{"type":"Feature","properties":{"name":"21PBH0061S"},"geometry":{"type":"Point","coordinates":[-98.225111,19.058875]}},{"type":"Feature","properties":{"name":"21PBH0088Z"},"geometry":{"type":"Point","coordinates":[-98.220748,19.044526]}},{"type":"Feature","properties":{"name":"21PBH0107X"},"geometry":{"type":"Point","coordinates":[-98.236723,19.067032]}},{"type":"Feature","properties":{"name":"21PBH0109V"},"geometry":{"type":"Point","coordinates":[-98.220662,19.000819]}},{"type":"Feature","properties":{"name":"21PBH0112I"},"geometry":{"type":"Point","coordinates":[-98.208088,19.047606]}},{"type":"Feature","properties":{"name":"21PBH0493G"},"geometry":{"type":"Point","coordinates":[-98.229686,19.060776]}},{"type":"Feature","properties":{"name":"21PBH0495E"},"geometry":{"type":"Point","coordinates":[-98.203604,18.98559]}},{"type":"Feature","properties":{"name":"21DTV0004E"},"geometry":{"type":"Point","coordinates":[-98.247205,19.081211]}},{"type":"Feature","properties":{"name":"21PBH3005U"},"geometry":{"type":"Point","coordinates":[-98.20324,19.034741]}},{"type":"Feature","properties":{"name":"21DTV0008A"},"geometry":{"type":"Point","coordinates":[-98.194008,19.099949]}},{"type":"Feature","properties":{"name":"21DTV0036X"},"geometry":{"type":"Point","coordinates":[-98.173168,19.057126]}},{"type":"Feature","properties":{"name":"21DTV0038V"},"geometry":{"type":"Point","coordinates":[-98.154343,18.961141]}},{"type":"Feature","properties":{"name":"21DTV0068P"},"geometry":{"type":"Point","coordinates":[-98.178283,19.017368]}},{"type":"Feature","properties":{"name":"21DTV0097K"},"geometry":{"type":"Point","coordinates":[-98.241599,18.910975]}},{"type":"Feature","properties":{"name":"21DTV0102F"},"geometry":{"type":"Point","coordinates":[-98.172841,18.912157]}},{"type":"Feature","properties":{"name":"21DTV0163T"},"geometry":{"type":"Point","coordinates":[-98.178815,18.994863]}},{"type":"Feature","properties":{"name":"21DTV0279T"},"geometry":{"type":"Point","coordinates":[-98.189756,18.851625]}},{"type":"Feature","properties":{"name":"21ETV0122S"},"geometry":{"type":"Point","coordinates":[-98.144996,19.046107]}},{"type":"Feature","properties":{"name":"21ETV0123R"},"geometry":{"type":"Point","coordinates":[-98.162283,19.097781]}},{"type":"Feature","properties":{"name":"21ETV0125P"},"geometry":{"type":"Point","coordinates":[-98.21496,19.091195]}},{"type":"Feature","properties":{"name":"21ETV0129L"},"geometry":{"type":"Point","coordinates":[-98.23568,19.000127]}},{"type":"Feature","properties":{"name":"21ETV0362R"},"geometry":{"type":"Point","coordinates":[-98.168033,19.062242]}},{"type":"Feature","properties":{"name":"21ETV0535S"},"geometry":{"type":"Point","coordinates":[-98.214835,19.107579]}},{"type":"Feature","properties":{"name":"21ETV0548W"},"geometry":{"type":"Point","coordinates":[-98.191885,19.075544]}},{"type":"Feature","properties":{"name":"21ETV0549V"},"geometry":{"type":"Point","coordinates":[-98.191851,18.906097]}},{"type":"Feature","properties":{"name":"21ETV0650J"},"geometry":{"type":"Point","coordinates":[-98.11745,19.070529]}},{"type":"Feature","properties":{"name":"21ETV0655E"},"geometry":{"type":"Point","coordinates":[-98.138104,19.026746]}},{"type":"Feature","properties":{"name":"21ETV0694G"},"geometry":{"type":"Point","coordinates":[-98.169956,19.03949]}},{"type":"Feature","properties":{"name":"21ETV0717A"},"geometry":{"type":"Point","coordinates":[-98.162168,18.86318]}},{"type":"Feature","properties":{"name":"21ETV0727H"},"geometry":{"type":"Point","coordinates":[-98.211923,19.116637]}},{"type":"Feature","properties":{"name":"21KTV0064C"},"geometry":{"type":"Point","coordinates":[-98.267084,18.853986]}},{"type":"Feature","properties":{"name":"21ETV0944W"},"geometry":{"type":"Point","coordinates":[-98.276299,18.967091]}},{"type":"Feature","properties":{"name":"21DST0043T"},"geometry":{"type":"Point","coordinates":[-98.154759,19.035271]}},{"type":"Feature","properties":{"name":"21DST0047P"},"geometry":{"type":"Point","coordinates":[-98.19134,19.004234]}},{"type":"Feature","properties":{"name":"21DST0048O"},"geometry":{"type":"Point","coordinates":[-98.196694,19.103584]}},{"type":"Feature","properties":{"name":"21DST0048O"},"geometry":{"type":"Point","coordinates":[-98.196694,19.103584]}},{"type":"Feature","properties":{"name":"21DST0050C"},"geometry":{"type":"Point","coordinates":[-98.23038,18.993042]}},{"type":"Feature","properties":{"name":"21DST0050C"},"geometry":{"type":"Point","coordinates":[-98.23038,18.993042]}},{"type":"Feature","properties":{"name":"21DST0001U"},"geometry":{"type":"Point","coordinates":[-98.184536,19.047866]}},{"type":"Feature","properties":{"name":"21DST0001U"},"geometry":{"type":"Point","coordinates":[-98.184536,19.047866]}},{"type":"Feature","properties":{"name":"21DST0002T"},"geometry":{"type":"Point","coordinates":[-98.235682,19.061133]}},{"type":"Feature","properties":{"name":"21DST0002T"},"geometry":{"type":"Point","coordinates":[-98.235682,19.061133]}},{"type":"Feature","properties":{"name":"21DST0026C"},"geometry":{"type":"Point","coordinates":[-98.239167,18.993929]}},{"type":"Feature","properties":{"name":"21DST0026C"},"geometry":{"type":"Point","coordinates":[-98.239167,18.993929]}},{"type":"Feature","properties":{"name":"21DST0033M"},"geometry":{"type":"Point","coordinates":[-98.148465,19.05677]}},{"type":"Feature","properties":{"name":"21DST0033M"},"geometry":{"type":"Point","coordinates":[-98.148465,19.05677]}},{"type":"Feature","properties":{"name":"21DST0034L"},"geometry":{"type":"Point","coordinates":[-98.183468,18.96804]}},{"type":"Feature","properties":{"name":"21DST0040W"},"geometry":{"type":"Point","coordinates":[-98.130616,19.09015]}},{"type":"Feature","properties":{"name":"21DST0040W"},"geometry":{"type":"Point","coordinates":[-98.130616,19.09015]}},{"type":"Feature","properties":{"name":"21DST0055Y"},"geometry":{"type":"Point","coordinates":[-98.128447,19.062017]}},{"type":"Feature","properties":{"name":"21DST0055Y"},"geometry":{"type":"Point","coordinates":[-98.128447,19.062017]}},{"type":"Feature","properties":{"name":"21DST0057W"},"geometry":{"type":"Point","coordinates":[-98.248688,19.079102]}},{"type":"Feature","properties":{"name":"21DST0057W"},"geometry":{"type":"Point","coordinates":[-98.248688,19.079102]}},{"type":"Feature","properties":{"name":"21DST0059U"},"geometry":{"type":"Point","coordinates":[-98.16307,18.942603]}},{"type":"Feature","properties":{"name":"21DST0061I"},"geometry":{"type":"Point","coordinates":[-98.202483,19.005872]}},{"type":"Feature","properties":{"name":"21DST0061I"},"geometry":{"type":"Point","coordinates":[-98.202483,19.005872]}},{"type":"Feature","properties":{"name":"21DST0062H"},"geometry":{"type":"Point","coordinates":[-98.231809,19.000467]}},{"type":"Feature","properties":{"name":"21DST0065E"},"geometry":{"type":"Point","coordinates":[-98.176371,19.077815]}},{"type":"Feature","properties":{"name":"21DST0065E"},"geometry":{"type":"Point","coordinates":[-98.176371,19.077815]}},{"type":"Feature","properties":{"name":"21DST0070Q"},"geometry":{"type":"Point","coordinates":[-98.197791,18.989591]}},{"type":"Feature","properties":{"name":"21DST0072O"},"geometry":{"type":"Point","coordinates":[-98.109595,19.139711]}},{"type":"Feature","properties":{"name":"21DST0072O"},"geometry":{"type":"Point","coordinates":[-98.109595,19.139711]}},{"type":"Feature","properties":{"name":"21DST0074M"},"geometry":{"type":"Point","coordinates":[-98.18687,19.010866]}},{"type":"Feature","properties":{"name":"21DST0074M"},"geometry":{"type":"Point","coordinates":[-98.18687,19.010866]}},{"type":"Feature","properties":{"name":"21DST0076K"},"geometry":{"type":"Point","coordinates":[-98.202148,18.884798]}},{"type":"Feature","properties":{"name":"21DST0077J"},"geometry":{"type":"Point","coordinates":[-98.099038,19.093385]}},{"type":"Feature","properties":{"name":"21DST0078I"},"geometry":{"type":"Point","coordinates":[-98.241712,19.008802]}},{"type":"Feature","properties":{"name":"21DST0078I"},"geometry":{"type":"Point","coordinates":[-98.241712,19.008802]}},{"type":"Feature","properties":{"name":"21DST0087Q"},"geometry":{"type":"Point","coordinates":[-98.221008,19.070821]}},{"type":"Feature","properties":{"name":"21DST0089O"},"geometry":{"type":"Point","coordinates":[-98.239016,18.990947]}},{"type":"Feature","properties":{"name":"21DST0089O"},"geometry":{"type":"Point","coordinates":[-98.239016,18.990947]}},{"type":"Feature","properties":{"name":"21DST0096Y"},"geometry":{"type":"Point","coordinates":[-98.23556,18.947856]}},{"type":"Feature","properties":{"name":"21DST0096Y"},"geometry":{"type":"Point","coordinates":[-98.23556,18.947856]}},{"type":"Feature","properties":{"name":"21DST0100U"},"geometry":{"type":"Point","coordinates":[-98.236591,18.962819]}},{"type":"Feature","properties":{"name":"21DST0100U"},"geometry":{"type":"Point","coordinates":[-98.236591,18.962819]}},{"type":"Feature","properties":{"name":"21DST0104Q"},"geometry":{"type":"Point","coordinates":[-98.258013,18.989869]}},{"type":"Feature","properties":{"name":"21DST0106O"},"geometry":{"type":"Point","coordinates":[-98.220321,19.095948]}},{"type":"Feature","properties":{"name":"21DTV0082I"},"geometry":{"type":"Point","coordinates":[-98.153931,19.048559]}},{"type":"Feature","properties":{"name":"21DST0110A"},"geometry":{"type":"Point","coordinates":[-98.215322,18.982624]}},{"type":"Feature","properties":{"name":"21DST0116V"},"geometry":{"type":"Point","coordinates":[-98.270107,18.955394]}},{"type":"Feature","properties":{"name":"21ETV0815B"},"geometry":{"type":"Point","coordinates":[-98.143101,19.063755]}},{"type":"Feature","properties":{"name":"21DST0121G"},"geometry":{"type":"Point","coordinates":[-98.231669,18.95895]}},{"type":"Feature","properties":{"name":"21DST0126B"},"geometry":{"type":"Point","coordinates":[-98.245866,18.960662]}},{"type":"Feature","properties":{"name":"21DST0128Z"},"geometry":{"type":"Point","coordinates":[-98.149074,19.067546]}},{"type":"Feature","properties":{"name":"21DST0129Z"},"geometry":{"type":"Point","coordinates":[-98.246298,18.977252]}},{"type":"Feature","properties":{"name":"21DST0132M"},"geometry":{"type":"Point","coordinates":[-98.191926,18.905617]}},{"type":"Feature","properties":{"name":"21DPB0915B"},"geometry":{"type":"Point","coordinates":[-98.188602,19.098828]}},{"type":"Feature","properties":{"name":"21DST0143S"},"geometry":{"type":"Point","coordinates":[-98.251583,18.902963]}},{"type":"Feature","properties":{"name":"21DST0147O"},"geometry":{"type":"Point","coordinates":[-98.130968,19.095184]}},{"type":"Feature","properties":{"name":"21DST0152Z"},"geometry":{"type":"Point","coordinates":[-98.133975,19.021848]}},{"type":"Feature","properties":{"name":"21EST0013Y"},"geometry":{"type":"Point","coordinates":[-98.264536,18.971205]}},{"type":"Feature","properties":{"name":"21ETV0911E"},"geometry":{"type":"Point","coordinates":[-98.270454,18.979097]}},{"type":"Feature","properties":{"name":"21PST0002Y"},"geometry":{"type":"Point","coordinates":[-98.18974,19.021999]}},{"type":"Feature","properties":{"name":"21ETV0557D"},"geometry":{"type":"Point","coordinates":[-98.231356,19.007976]}},{"type":"Feature","properties":{"name":"21DML0002Q"},"geometry":{"type":"Point","coordinates":[-98.220296,19.033614]}},{"type":"Feature","properties":{"name":"21DML0016T"},"geometry":{"type":"Point","coordinates":[-98.107505,19.079096]}},{"type":"Feature","properties":{"name":"21DML0019Q"},"geometry":{"type":"Point","coordinates":[-98.220296,19.033614]}},{"type":"Feature","properties":{"name":"21DML0022D"},"geometry":{"type":"Point","coordinates":[-98.185484,18.986843]}},{"type":"Feature","properties":{"name":"21PML0006R"},"geometry":{"type":"Point","coordinates":[-98.229024,19.049968]}},{"type":"Feature","properties":{"name":"21EBH0028E"},"geometry":{"type":"Point","coordinates":[-98.194964,19.035535]}},{"type":"Feature","properties":{"name":"21EBH0040Z"},"geometry":{"type":"Point","coordinates":[-98.211373,19.077267]}},{"type":"Feature","properties":{"name":"21EBH0041Z"},"geometry":{"type":"Point","coordinates":[-98.194964,19.035535]}},{"type":"Feature","properties":{"name":"21EBH0042Y"},"geometry":{"type":"Point","coordinates":[-98.21224,19.093851]}},{"type":"Feature","properties":{"name":"21EBH0051F"},"geometry":{"type":"Point","coordinates":[-98.20964,19.045188]}},{"type":"Feature","properties":{"name":"21EBH0055B"},"geometry":{"type":"Point","coordinates":[-98.240113,18.974485]}},{"type":"Feature","properties":{"name":"21EBH0077N"},"geometry":{"type":"Point","coordinates":[-98.228263,19.046358]}},{"type":"Feature","properties":{"name":"21EBH0056A"},"geometry":{"type":"Point","coordinates":[-98.203951,19.047221]}},{"type":"Feature","properties":{"name":"21EBH0058Z"},"geometry":{"type":"Point","coordinates":[-98.20964,19.045188]}},{"type":"Feature","properties":{"name":"21EBH0073R"},"geometry":{"type":"Point","coordinates":[-98.177921,19.017988]}},{"type":"Feature","properties":{"name":"21EBH0079L"},"geometry":{"type":"Point","coordinates":[-98.182598,19.04839]}},{"type":"Feature","properties":{"name":"21EBH0080A"},"geometry":{"type":"Point","coordinates":[-98.186048,19.041453]}},{"type":"Feature","properties":{"name":"21EBH0082Z"},"geometry":{"type":"Point","coordinates":[-98.208521,19.044058]}},{"type":"Feature","properties":{"name":"21EBH0099Z"},"geometry":{"type":"Point","coordinates":[-98.22155,19.039796]}},{"type":"Feature","properties":{"name":"21EBH0104U"},"geometry":{"type":"Point","coordinates":[-98.120733,19.059176]}},{"type":"Feature","properties":{"name":"21EBH0110E"},"geometry":{"type":"Point","coordinates":[-98.160485,19.102051]}},{"type":"Feature","properties":{"name":"21EBH0097A"},"geometry":{"type":"Point","coordinates":[-98.198258,19.041492]}},{"type":"Feature","properties":{"name":"21EBH0098Z"},"geometry":{"type":"Point","coordinates":[-98.182147,19.080257]}},{"type":"Feature","properties":{"name":"21EBH0108Q"},"geometry":{"type":"Point","coordinates":[-98.131002,19.094143]}},{"type":"Feature","properties":{"name":"21EBH0121K"},"geometry":{"type":"Point","coordinates":[-98.197002,19.062858]}},{"type":"Feature","properties":{"name":"21EBH0124H"},"geometry":{"type":"Point","coordinates":[-98.180999,19.077284]}},{"type":"Feature","properties":{"name":"21EBH0142X"},"geometry":{"type":"Point","coordinates":[-98.265061,18.971461]}},{"type":"Feature","properties":{"name":"21ETV0097J"},"geometry":{"type":"Point","coordinates":[-98.24877,19.058424]}},{"type":"Feature","properties":{"name":"21EBH0152D"},"geometry":{"type":"Point","coordinates":[-98.263408,18.962255]}},{"type":"Feature","properties":{"name":"21EBH0187T"},"geometry":{"type":"Point","coordinates":[-98.240113,18.974485]}},{"type":"Feature","properties":{"name":"21DPB0596G"},"geometry":{"type":"Point","coordinates":[-98.188678,19.098593]}},{"type":"Feature","properties":{"name":"21EBH0210D"},"geometry":{"type":"Point","coordinates":[-98.179688,18.995731]}},{"type":"Feature","properties":{"name":"21DPB0608V"},"geometry":{"type":"Point","coordinates":[-98.144897,19.065159]}},{"type":"Feature","properties":{"name":"21DPB0610J"},"geometry":{"type":"Point","coordinates":[-98.136298,19.089538]}},{"type":"Feature","properties":{"name":"21DPB0634T"},"geometry":{"type":"Point","coordinates":[-98.133788,19.067758]}},{"type":"Feature","properties":{"name":"21EBH0407O"},"geometry":{"type":"Point","coordinates":[-98.132219,19.06292]}},{"type":"Feature","properties":{"name":"21EBH0215Z"},"geometry":{"type":"Point","coordinates":[-98.145637,19.049699]}},{"type":"Feature","properties":{"name":"21EBH0220K"},"geometry":{"type":"Point","coordinates":[-98.236183,18.948967]}},{"type":"Feature","properties":{"name":"21EBH0226E"},"geometry":{"type":"Point","coordinates":[-98.198596,19.097982]}},{"type":"Feature","properties":{"name":"21EBH0246S"},"geometry":{"type":"Point","coordinates":[-98.249774,18.899226]}},{"type":"Feature","properties":{"name":"21EBH0494Z"},"geometry":{"type":"Point","coordinates":[-98.21735,18.984888]}},{"type":"Feature","properties":{"name":"21EBH0247R"},"geometry":{"type":"Point","coordinates":[-98.232591,19.07165]}},{"type":"Feature","properties":{"name":"21EBH0514X"},"geometry":{"type":"Point","coordinates":[-98.185415,19.009891]}},{"type":"Feature","properties":{"name":"21EBH0515W"},"geometry":{"type":"Point","coordinates":[-98.1613,19.053274]}},{"type":"Feature","properties":{"name":"21EBH0516V"},"geometry":{"type":"Point","coordinates":[-98.247378,19.007823]}},{"type":"Feature","properties":{"name":"21EBH0522F"},"geometry":{"type":"Point","coordinates":[-98.19296,19.045571]}},{"type":"Feature","properties":{"name":"21EBH0525C"},"geometry":{"type":"Point","coordinates":[-98.22417,19.066822]}},{"type":"Feature","properties":{"name":"21EBH0526B"},"geometry":{"type":"Point","coordinates":[-98.22417,19.066822]}},{"type":"Feature","properties":{"name":"21EBH0527A"},"geometry":{"type":"Point","coordinates":[-98.189198,18.854145]}},{"type":"Feature","properties":{"name":"21EBH0263I"},"geometry":{"type":"Point","coordinates":[-98.149859,19.02754]}},{"type":"Feature","properties":{"name":"21EBH0264H"},"geometry":{"type":"Point","coordinates":[-98.095693,19.088056]}},{"type":"Feature","properties":{"name":"21EBH0537H"},"geometry":{"type":"Point","coordinates":[-98.269996,18.955579]}},{"type":"Feature","properties":{"name":"21EBH0265G"},"geometry":{"type":"Point","coordinates":[-98.155324,18.95523]}},{"type":"Feature","properties":{"name":"21EBH0578H"},"geometry":{"type":"Point","coordinates":[-98.094833,19.152727]}},{"type":"Feature","properties":{"name":"21EBH0284V"},"geometry":{"type":"Point","coordinates":[-98.120714,19.047969]}},{"type":"Feature","properties":{"name":"21EBH0450C"},"geometry":{"type":"Point","coordinates":[-98.166498,19.090051]}},{"type":"Feature","properties":{"name":"21EBH0609K"},"geometry":{"type":"Point","coordinates":[-98.257908,18.989887]}},{"type":"Feature","properties":{"name":"21EBH0272Q"},"geometry":{"type":"Point","coordinates":[-98.207814,19.043314]}},{"type":"Feature","properties":{"name":"21DPB0709T"},"geometry":{"type":"Point","coordinates":[-98.144679,19.080688]}},{"type":"Feature","properties":{"name":"21EBH0648M"},"geometry":{"type":"Point","coordinates":[-98.202117,19.041718]}},{"type":"Feature","properties":{"name":"21EBH0656V"},"geometry":{"type":"Point","coordinates":[-98.234634,18.966649]}},{"type":"Feature","properties":{"name":"21EBH0346R"},"geometry":{"type":"Point","coordinates":[-98.215096,19.07749]}},{"type":"Feature","properties":{"name":"21EBH0299X"},"geometry":{"type":"Point","coordinates":[-98.240113,18.974485]}},{"type":"Feature","properties":{"name":"21EBH0524D"},"geometry":{"type":"Point","coordinates":[-98.212243,19.093851]}},{"type":"Feature","properties":{"name":"21EBH0394A"},"geometry":{"type":"Point","coordinates":[-98.22155,19.039796]}},{"type":"Feature","properties":{"name":"21EML0016S"},"geometry":{"type":"Point","coordinates":[-98.182113,19.030673]}},{"type":"Feature","properties":{"name":"21PML0001W"},"geometry":{"type":"Point","coordinates":[-98.217289,19.026092]}},{"type":"Feature","properties":{"name":"21PML0007Q"},"geometry":{"type":"Point","coordinates":[-98.26625,18.980783]}},{"type":"Feature","properties":{"name":"21PML0008P"},"geometry":{"type":"Point","coordinates":[-98.191834,19.01518]}},{"type":"Feature","properties":{"name":"21EBH0326D"},"geometry":{"type":"Point","coordinates":[-98.174806,18.909272]}},{"type":"Feature","properties":{"name":"21EML0013V"},"geometry":{"type":"Point","coordinates":[-98.208032,18.981607]}},{"type":"Feature","properties":{"name":"21EBH0408N"},"geometry":{"type":"Point","coordinates":[-98.162468,18.941792]}},{"type":"Feature","properties":{"name":"21EBH0716T"},"geometry":{"type":"Point","coordinates":[-98.184002,19.068122]}},{"type":"Feature","properties":{"name":"21EBH0721E"},"geometry":{"type":"Point","coordinates":[-98.164493,18.890802]}},{"type":"Feature","properties":{"name":"21EML0001Q"},"geometry":{"type":"Point","coordinates":[-98.194363,19.031681]}},{"type":"Feature","properties":{"name":"21EBH0347Q"},"geometry":{"type":"Point","coordinates":[-98.154861,19.035294]}},{"type":"Feature","properties":{"name":"21EML0005M"},"geometry":{"type":"Point","coordinates":[-98.182126,19.030657]}},{"type":"Feature","properties":{"name":"21EBH0368C"},"geometry":{"type":"Point","coordinates":[-98.22221,19.050553]}},{"type":"Feature","properties":{"name":"21EBH0984O"},"geometry":{"type":"Point","coordinates":[-98.223974,19.062739]}},{"type":"Feature","properties":{"name":"21DPB0790K"},"geometry":{"type":"Point","coordinates":[-98.133788,19.067758]}},{"type":"Feature","properties":{"name":"21PBH0186Z"},"geometry":{"type":"Point","coordinates":[-98.219175,19.057382]}},{"type":"Feature","properties":{"name":"21PBH0191L"},"geometry":{"type":"Point","coordinates":[-98.19712,19.040209]}},{"type":"Feature","properties":{"name":"21PBH0193J"},"geometry":{"type":"Point","coordinates":[-98.184801,19.038402]}},{"type":"Feature","properties":{"name":"21DPB0846W"},"geometry":{"type":"Point","coordinates":[-98.129766,19.071492]}},{"type":"Feature","properties":{"name":"21DPB0874S"},"geometry":{"type":"Point","coordinates":[-98.134159,19.027221]}},{"type":"Feature","properties":{"name":"21DPB0877P"},"geometry":{"type":"Point","coordinates":[-98.276003,18.96264]}},{"type":"Feature","properties":{"name":"21DML0001R"},"geometry":{"type":"Point","coordinates":[-98.185503,18.986709]}},{"type":"Feature","properties":{"name":"21DML0021E"},"geometry":{"type":"Point","coordinates":[-98.185484,18.986843]}},{"type":"Feature","properties":{"name":"21PBT0244V"},"geometry":{"type":"Point","coordinates":[-98.211012,19.026296]}},{"type":"Feature","properties":{"name":"21PBT0249Q"},"geometry":{"type":"Point","coordinates":[-98.215939,19.032071]}},{"type":"Feature","properties":{"name":"21PBH0150L"},"geometry":{"type":"Point","coordinates":[-98.210268,19.036235]}},{"type":"Feature","properties":{"name":"21PBH0399B"},"geometry":{"type":"Point","coordinates":[-98.207714,19.04421]}},{"type":"Feature","properties":{"name":"21PBH0155G"},"geometry":{"type":"Point","coordinates":[-98.201865,19.011912]}},{"type":"Feature","properties":{"name":"21PCB0003G"},"geometry":{"type":"Point","coordinates":[-98.156864,19.053142]}},{"type":"Feature","properties":{"name":"21PCB0004F"},"geometry":{"type":"Point","coordinates":[-98.203761,19.046991]}},{"type":"Feature","properties":{"name":"21PBH0314E"},"geometry":{"type":"Point","coordinates":[-98.209219,19.044842]}},{"type":"Feature","properties":{"name":"21PBH0387X"},"geometry":{"type":"Point","coordinates":[-98.202772,19.046642]}},{"type":"Feature","properties":{"name":"21PBH0393H"},"geometry":{"type":"Point","coordinates":[-98.204396,19.043503]}},{"type":"Feature","properties":{"name":"21PBH0163P"},"geometry":{"type":"Point","coordinates":[-98.194792,19.063483]}},{"type":"Feature","properties":{"name":"21PBH0169J"},"geometry":{"type":"Point","coordinates":[-98.210965,19.046049]}},{"type":"Feature","properties":{"name":"21PBH0172X"},"geometry":{"type":"Point","coordinates":[-98.2007,19.034761]}},{"type":"Feature","properties":{"name":"21PBH0173W"},"geometry":{"type":"Point","coordinates":[-98.180891,19.014401]}},{"type":"Feature","properties":{"name":"21PBH0178R"},"geometry":{"type":"Point","coordinates":[-98.232607,19.012085]}},{"type":"Feature","properties":{"name":"21PBH0182D"},"geometry":{"type":"Point","coordinates":[-98.205615,19.047072]}},{"type":"Feature","properties":{"name":"21PBH0185A"},"geometry":{"type":"Point","coordinates":[-98.198523,19.054737]}},{"type":"Feature","properties":{"name":"21UBH0016R"},"geometry":{"type":"Point","coordinates":[-98.201738,19.017462]}},{"type":"Feature","properties":{"name":"21PBH0194I"},"geometry":{"type":"Point","coordinates":[-98.213777,19.057071]}},{"type":"Feature","properties":{"name":"21PBH0199D"},"geometry":{"type":"Point","coordinates":[-98.207098,19.04659]}},{"type":"Feature","properties":{"name":"21PBH0210J"},"geometry":{"type":"Point","coordinates":[-98.213588,19.068731]}},{"type":"Feature","properties":{"name":"21PBH0220Q"},"geometry":{"type":"Point","coordinates":[-98.205637,19.042384]}},{"type":"Feature","properties":{"name":"21PBH0227J"},"geometry":{"type":"Point","coordinates":[-98.212072,19.053266]}},{"type":"Feature","properties":{"name":"21PBT0260M"},"geometry":{"type":"Point","coordinates":[-98.221086,19.022909]}},{"type":"Feature","properties":{"name":"21PBH3219V"},"geometry":{"type":"Point","coordinates":[-98.225705,19.070217]}},{"type":"Feature","properties":{"name":"21PBH3338I"},"geometry":{"type":"Point","coordinates":[-98.237978,19.037939]}},{"type":"Feature","properties":{"name":"21PBH3835G"},"geometry":{"type":"Point","coordinates":[-98.201421,19.039445]}},{"type":"Feature","properties":{"name":"21PBH3841R"},"geometry":{"type":"Point","coordinates":[-98.211584,19.047145]}},{"type":"Feature","properties":{"name":"21PBH4002D"},"geometry":{"type":"Point","coordinates":[-98.241899,18.994589]}},{"type":"Feature","properties":{"name":"21PBH0233U"},"geometry":{"type":"Point","coordinates":[-98.181775,19.081478]}},{"type":"Feature","properties":{"name":"21PBH0234T"},"geometry":{"type":"Point","coordinates":[-98.207954,19.067323]}},{"type":"Feature","properties":{"name":"21PBH0238P"},"geometry":{"type":"Point","coordinates":[-98.160364,19.096283]}},{"type":"Feature","properties":{"name":"21PBH0243A"},"geometry":{"type":"Point","coordinates":[-98.226274,18.982581]}},{"type":"Feature","properties":{"name":"21PBH0245Z"},"geometry":{"type":"Point","coordinates":[-98.187878,19.037978]}},{"type":"Feature","properties":{"name":"21PBH0251J"},"geometry":{"type":"Point","coordinates":[-98.209478,19.04903]}},{"type":"Feature","properties":{"name":"21PBH0256E"},"geometry":{"type":"Point","coordinates":[-98.218144,19.0507]}},{"type":"Feature","properties":{"name":"21PBH0271X"},"geometry":{"type":"Point","coordinates":[-98.246055,19.064153]}},{"type":"Feature","properties":{"name":"21PBH0277R"},"geometry":{"type":"Point","coordinates":[-98.211556,19.03556]}},{"type":"Feature","properties":{"name":"21PBH0129I"},"geometry":{"type":"Point","coordinates":[-98.2021,19.044316]}},{"type":"Feature","properties":{"name":"21PBH0357C"},"geometry":{"type":"Point","coordinates":[-98.209816,19.044435]}},{"type":"Feature","properties":{"name":"21FUA0068Z"},"geometry":{"type":"Point","coordinates":[-98.190262,19.040574]}},{"type":"Feature","properties":{"name":"21FUA0090B"},"geometry":{"type":"Point","coordinates":[-98.190425,19.068484]}},{"type":"Feature","properties":{"name":"21FUA0093Z"},"geometry":{"type":"Point","coordinates":[-98.178511,19.041801]}},{"type":"Feature","properties":{"name":"21FUA0038F"},"geometry":{"type":"Point","coordinates":[-98.220021,19.047687]}},{"type":"Feature","properties":{"name":"21FUA0014W"},"geometry":{"type":"Point","coordinates":[-98.221192,19.044034]}},{"type":"Feature","properties":{"name":"21FUA0016U"},"geometry":{"type":"Point","coordinates":[-98.219952,19.04781]}},{"type":"Feature","properties":{"name":"21FUA0017T"},"geometry":{"type":"Point","coordinates":[-98.221192,19.044034]}},{"type":"Feature","properties":{"name":"21PBH0278Q"},"geometry":{"type":"Point","coordinates":[-98.214843,19.037354]}},{"type":"Feature","properties":{"name":"21FUA0002R"},"geometry":{"type":"Point","coordinates":[-98.219952,19.04781]}},{"type":"Feature","properties":{"name":"21FUA0015V"},"geometry":{"type":"Point","coordinates":[-98.219952,19.04781]}},{"type":"Feature","properties":{"name":"21DPB0909R"},"geometry":{"type":"Point","coordinates":[-98.246923,18.907954]}},{"type":"Feature","properties":{"name":"21FUA0027Z"},"geometry":{"type":"Point","coordinates":[-98.144212,19.054234]}},{"type":"Feature","properties":{"name":"21FUA0030N"},"geometry":{"type":"Point","coordinates":[-98.19066,19.076575]}},{"type":"Feature","properties":{"name":"21FUA0033K"},"geometry":{"type":"Point","coordinates":[-98.173827,19.035058]}},{"type":"Feature","properties":{"name":"21FUA0036H"},"geometry":{"type":"Point","coordinates":[-98.188644,19.071789]}},{"type":"Feature","properties":{"name":"21FUA0039E"},"geometry":{"type":"Point","coordinates":[-98.214303,18.993882]}},{"type":"Feature","properties":{"name":"21FUA0097V"},"geometry":{"type":"Point","coordinates":[-98.178468,19.07941]}},{"type":"Feature","properties":{"name":"21FUA0124B"},"geometry":{"type":"Point","coordinates":[-98.103529,19.15043]}},{"type":"Feature","properties":{"name":"21FUA0062F"},"geometry":{"type":"Point","coordinates":[-98.175648,18.990696]}},{"type":"Feature","properties":{"name":"21FUA0065C"},"geometry":{"type":"Point","coordinates":[-98.220021,19.047687]}},{"type":"Feature","properties":{"name":"21FUA0096W"},"geometry":{"type":"Point","coordinates":[-98.153085,19.048096]}},{"type":"Feature","properties":{"name":"21FUA0086P"},"geometry":{"type":"Point","coordinates":[-98.114721,19.065683]}},{"type":"Feature","properties":{"name":"21FUA0088N"},"geometry":{"type":"Point","coordinates":[-98.239544,18.992324]}},{"type":"Feature","properties":{"name":"21FUA0063E"},"geometry":{"type":"Point","coordinates":[-98.192755,19.005074]}},{"type":"Feature","properties":{"name":"21FUA0091A"},"geometry":{"type":"Point","coordinates":[-98.218013,18.976777]}},{"type":"Feature","properties":{"name":"21FUA0077H"},"geometry":{"type":"Point","coordinates":[-98.199508,19.091699]}},{"type":"Feature","properties":{"name":"21FUA0028Z"},"geometry":{"type":"Point","coordinates":[-98.174156,19.051211]}},{"type":"Feature","properties":{"name":"21FUA0029Y"},"geometry":{"type":"Point","coordinates":[-98.164404,19.052864]}},{"type":"Feature","properties":{"name":"21FUA0031M"},"geometry":{"type":"Point","coordinates":[-98.144043,19.051887]}},{"type":"Feature","properties":{"name":"21FUA0032L"},"geometry":{"type":"Point","coordinates":[-98.194399,19.051781]}},{"type":"Feature","properties":{"name":"21FUA0056V"},"geometry":{"type":"Point","coordinates":[-98.243368,18.974208]}},{"type":"Feature","properties":{"name":"21FUA0034J"},"geometry":{"type":"Point","coordinates":[-98.182136,19.013317]}},{"type":"Feature","properties":{"name":"21FUA0035I"},"geometry":{"type":"Point","coordinates":[-98.197143,19.062015]}},{"type":"Feature","properties":{"name":"21FUA0094Y"},"geometry":{"type":"Point","coordinates":[-98.135641,19.057398]}},{"type":"Feature","properties":{"name":"21FUA0037G"},"geometry":{"type":"Point","coordinates":[-98.211525,19.054092]}},{"type":"Feature","properties":{"name":"21FUA0001S"},"geometry":{"type":"Point","coordinates":[-98.221181,19.03943]}},{"type":"Feature","properties":{"name":"21FUA0025B"},"geometry":{"type":"Point","coordinates":[-98.150017,19.033326]}},{"type":"Feature","properties":{"name":"21FUA0026A"},"geometry":{"type":"Point","coordinates":[-98.16833,19.062753]}},{"type":"Feature","properties":{"name":"21FUA0126Z"},"geometry":{"type":"Point","coordinates":[-98.150293,18.962609]}},{"type":"Feature","properties":{"name":"21FUA0127Z"},"geometry":{"type":"Point","coordinates":[-98.197495,19.04399]}},{"type":"Feature","properties":{"name":"21PBH0279P"},"geometry":{"type":"Point","coordinates":[-98.244829,19.020535]}},{"type":"Feature","properties":{"name":"21PBH0280E"},"geometry":{"type":"Point","coordinates":[-98.210412,19.036309]}},{"type":"Feature","properties":{"name":"21PBH0284A"},"geometry":{"type":"Point","coordinates":[-98.206796,19.045306]}},{"type":"Feature","properties":{"name":"21PBH0287Y"},"geometry":{"type":"Point","coordinates":[-98.199793,19.040039]}},{"type":"Feature","properties":{"name":"21PBH0291K"},"geometry":{"type":"Point","coordinates":[-98.185644,19.041075]}},{"type":"Feature","properties":{"name":"21PBH0292J"},"geometry":{"type":"Point","coordinates":[-98.209553,19.046963]}},{"type":"Feature","properties":{"name":"21PBH0295G"},"geometry":{"type":"Point","coordinates":[-98.231063,19.016549]}},{"type":"Feature","properties":{"name":"21PBH0297E"},"geometry":{"type":"Point","coordinates":[-98.205782,19.037379]}},{"type":"Feature","properties":{"name":"21PBH0303Z"},"geometry":{"type":"Point","coordinates":[-98.209634,19.044741]}},{"type":"Feature","properties":{"name":"21PBH0304Y"},"geometry":{"type":"Point","coordinates":[-98.205696,19.033986]}},{"type":"Feature","properties":{"name":"21PBH0305X"},"geometry":{"type":"Point","coordinates":[-98.240084,18.998638]}},{"type":"Feature","properties":{"name":"21PBH0308U"},"geometry":{"type":"Point","coordinates":[-98.194847,19.049369]}},{"type":"Feature","properties":{"name":"21PBH0309T"},"geometry":{"type":"Point","coordinates":[-98.218291,19.059354]}},{"type":"Feature","properties":{"name":"21PBH0330W"},"geometry":{"type":"Point","coordinates":[-98.206537,19.042657]}},{"type":"Feature","properties":{"name":"21PBH0339N"},"geometry":{"type":"Point","coordinates":[-98.202107,19.071632]}},{"type":"Feature","properties":{"name":"21PBH0342A"},"geometry":{"type":"Point","coordinates":[-98.221427,19.012578]}},{"type":"Feature","properties":{"name":"21PBH0349U"},"geometry":{"type":"Point","coordinates":[-98.207536,19.032884]}},{"type":"Feature","properties":{"name":"21PBH0354F"},"geometry":{"type":"Point","coordinates":[-98.213173,19.025656]}},{"type":"Feature","properties":{"name":"21PBH0359A"},"geometry":{"type":"Point","coordinates":[-98.19657,18.974912]}},{"type":"Feature","properties":{"name":"21PBH0363N"},"geometry":{"type":"Point","coordinates":[-98.202883,19.03716]}},{"type":"Feature","properties":{"name":"21PBH0364M"},"geometry":{"type":"Point","coordinates":[-98.2022,19.04633]}},{"type":"Feature","properties":{"name":"21PBH0368I"},"geometry":{"type":"Point","coordinates":[-98.24664,19.042432]}},{"type":"Feature","properties":{"name":"21PBH0374T"},"geometry":{"type":"Point","coordinates":[-98.240411,19.064655]}},{"type":"Feature","properties":{"name":"21PBH0376R"},"geometry":{"type":"Point","coordinates":[-98.222849,19.000855]}},{"type":"Feature","properties":{"name":"21PBH0382B"},"geometry":{"type":"Point","coordinates":[-98.183374,19.064942]}},{"type":"Feature","properties":{"name":"21PBH0386Y"},"geometry":{"type":"Point","coordinates":[-98.221549,19.058312]}},{"type":"Feature","properties":{"name":"21PBH0401Z"},"geometry":{"type":"Point","coordinates":[-98.209363,19.062858]}},{"type":"Feature","properties":{"name":"21PBH0403Y"},"geometry":{"type":"Point","coordinates":[-98.228854,19.083789]}},{"type":"Feature","properties":{"name":"21PBH0404X"},"geometry":{"type":"Point","coordinates":[-98.20903,19.049798]}},{"type":"Feature","properties":{"name":"21PBH0407U"},"geometry":{"type":"Point","coordinates":[-98.191953,19.074867]}},{"type":"Feature","properties":{"name":"21PBH0412F"},"geometry":{"type":"Point","coordinates":[-98.196663,19.010059]}},{"type":"Feature","properties":{"name":"21PBH0417A"},"geometry":{"type":"Point","coordinates":[-98.205586,19.082308]}},{"type":"Feature","properties":{"name":"21PBH0425J"},"geometry":{"type":"Point","coordinates":[-98.211357,19.022126]}},{"type":"Feature","properties":{"name":"21PBH0426I"},"geometry":{"type":"Point","coordinates":[-98.210471,19.009416]}},{"type":"Feature","properties":{"name":"21PBH0429F"},"geometry":{"type":"Point","coordinates":[-98.207476,19.005424]}},{"type":"Feature","properties":{"name":"21PBH0445X"},"geometry":{"type":"Point","coordinates":[-98.203457,18.993602]}},{"type":"Feature","properties":{"name":"21PBH0452G"},"geometry":{"type":"Point","coordinates":[-98.18413,19.023056]}},{"type":"Feature","properties":{"name":"21PBH0453F"},"geometry":{"type":"Point","coordinates":[-98.217224,19.097726]}},{"type":"Feature","properties":{"name":"21PBH0456C"},"geometry":{"type":"Point","coordinates":[-98.209699,19.007324]}},{"type":"Feature","properties":{"name":"21PBH0458A"},"geometry":{"type":"Point","coordinates":[-98.2115,19.044947]}},{"type":"Feature","properties":{"name":"21PBH0466J"},"geometry":{"type":"Point","coordinates":[-98.185776,19.041746]}},{"type":"Feature","properties":{"name":"21PBH0471V"},"geometry":{"type":"Point","coordinates":[-98.121315,19.058438]}},{"type":"Feature","properties":{"name":"21PBH0481B"},"geometry":{"type":"Point","coordinates":[-98.210094,19.050918]}},{"type":"Feature","properties":{"name":"21PBH0484Z"},"geometry":{"type":"Point","coordinates":[-98.226715,19.060138]}},{"type":"Feature","properties":{"name":"21PBH3467C"},"geometry":{"type":"Point","coordinates":[-98.201865,19.011912]}},{"type":"Feature","properties":{"name":"21PBH3600T"},"geometry":{"type":"Point","coordinates":[-98.22597,19.07977]}},{"type":"Feature","properties":{"name":"21PBH3637G"},"geometry":{"type":"Point","coordinates":[-98.2084,19.047007]}},{"type":"Feature","properties":{"name":"21PBH3652Z"},"geometry":{"type":"Point","coordinates":[-98.206123,19.040279]}},{"type":"Feature","properties":{"name":"21PBH4004B"},"geometry":{"type":"Point","coordinates":[-98.204337,19.03742]}},{"type":"Feature","properties":{"name":"21PBH4009X"},"geometry":{"type":"Point","coordinates":[-98.202747,19.044536]}},{"type":"Feature","properties":{"name":"21PCB0002H"},"geometry":{"type":"Point","coordinates":[-98.207063,18.981317]}},{"type":"Feature","properties":{"name":"21UBH0004M"},"geometry":{"type":"Point","coordinates":[-98.152368,19.066578]}},{"type":"Feature","properties":{"name":"21UBH0005L"},"geometry":{"type":"Point","coordinates":[-98.194893,19.003949]}},{"type":"Feature","properties":{"name":"21UBH0038C"},"geometry":{"type":"Point","coordinates":[-98.195242,19.04336]}},{"type":"Feature","properties":{"name":"21UBH0041Q"},"geometry":{"type":"Point","coordinates":[-98.193302,19.043759]}},{"type":"Feature","properties":{"name":"21KCC0278Z"},"geometry":{"type":"Point","coordinates":[-98.060157,19.133858]}},{"type":"Feature","properties":{"name":"21FUA0043R"},"geometry":{"type":"Point","coordinates":[-98.226987,19.013554]}},{"type":"Feature","properties":{"name":"21EPR1522W"},"geometry":{"type":"Point","coordinates":[-98.211803,19.092448]}},{"type":"Feature","properties":{"name":"21PPR0830A"},"geometry":{"type":"Point","coordinates":[-98.174662,19.103372]}},{"type":"Feature","properties":{"name":"21PPR0931Z"},"geometry":{"type":"Point","coordinates":[-98.133249,19.061792]}},{"type":"Feature","properties":{"name":"21PPR1089O"},"geometry":{"type":"Point","coordinates":[-98.218397,19.029233]}},{"type":"Feature","properties":{"name":"21PPR1177I"},"geometry":{"type":"Point","coordinates":[-98.197495,19.04399]}},{"type":"Feature","properties":{"name":"21PPR1181V"},"geometry":{"type":"Point","coordinates":[-98.197495,19.04399]}},{"type":"Feature","properties":{"name":"21PPR1188O"},"geometry":{"type":"Point","coordinates":[-98.197495,19.04399]}},{"type":"Feature","properties":{"name":"21PPR1190C"},"geometry":{"type":"Point","coordinates":[-98.197495,19.04399]}},{"type":"Feature","properties":{"name":"21PPR1193Z"},"geometry":{"type":"Point","coordinates":[-98.197495,19.04399]}},{"type":"Feature","properties":{"name":"21PPR1194Z"},"geometry":{"type":"Point","coordinates":[-98.197495,19.04399]}},{"type":"Feature","properties":{"name":"21DCT0307K"},"geometry":{"type":"Point","coordinates":[-98.24021,18.981842]}},{"type":"Feature","properties":{"name":"21DCT0307K"},"geometry":{"type":"Point","coordinates":[-98.24021,18.981842]}},{"type":"Feature","properties":{"name":"21ECT0004P"},"geometry":{"type":"Point","coordinates":[-98.094589,19.152285]}},{"type":"Feature","properties":{"name":"21PPR1198V"},"geometry":{"type":"Point","coordinates":[-98.197495,19.04399]}},{"type":"Feature","properties":{"name":"21EES0364J"},"geometry":{"type":"Point","coordinates":[-98.197495,19.04399]}},{"type":"Feature","properties":{"name":"21PCT0045V"},"geometry":{"type":"Point","coordinates":[-98.176873,19.044872]}},{"type":"Feature","properties":{"name":"21DCT0303O"},"geometry":{"type":"Point","coordinates":[-98.223305,19.086389]}},{"type":"Feature","properties":{"name":"21DCT0303O"},"geometry":{"type":"Point","coordinates":[-98.223305,19.086389]}},{"type":"Feature","properties":{"name":"21EES0365I"},"geometry":{"type":"Point","coordinates":[-98.197495,19.04399]}},{"type":"Feature","properties":{"name":"21PES0603Z"},"geometry":{"type":"Point","coordinates":[-98.197495,19.04399]}},{"type":"Feature","properties":{"name":"21PCT0063K"},"geometry":{"type":"Point","coordinates":[-98.202262,19.046361]}},{"type":"Feature","properties":{"name":"21PCT0070U"},"geometry":{"type":"Point","coordinates":[-98.20788,19.044295]}},{"type":"Feature","properties":{"name":"21PCT0074Q"},"geometry":{"type":"Point","coordinates":[-98.209505,19.04734]}},{"type":"Feature","properties":{"name":"21PCT0079L"},"geometry":{"type":"Point","coordinates":[-98.203015,19.025691]}},{"type":"Feature","properties":{"name":"21PES0607V"},"geometry":{"type":"Point","coordinates":[-98.197495,19.04399]}},{"type":"Feature","properties":{"name":"21DPT0010E"},"geometry":{"type":"Point","coordinates":[-98.240554,18.991301]}},{"type":"Feature","properties":{"name":"21DPT0001X"},"geometry":{"type":"Point","coordinates":[-98.156601,19.069245]}},{"type":"Feature","properties":{"name":"21DPT0001X"},"geometry":{"type":"Point","coordinates":[-98.156601,19.069245]}},{"type":"Feature","properties":{"name":"21PST0011F"},"geometry":{"type":"Point","coordinates":[-98.197495,19.04399]}},{"type":"Feature","properties":{"name":"21PET0185T"},"geometry":{"type":"Point","coordinates":[-98.221549,19.058312]}},{"type":"Feature","properties":{"name":"21PES0613F"},"geometry":{"type":"Point","coordinates":[-98.197495,19.04399]}},{"type":"Feature","properties":{"name":"21PCT0084X"},"geometry":{"type":"Point","coordinates":[-98.207915,19.044312]}},{"type":"Feature","properties":{"name":"21PCT0087U"},"geometry":{"type":"Point","coordinates":[-98.18612,19.040819]}},{"type":"Feature","properties":{"name":"21DPT0008Q"},"geometry":{"type":"Point","coordinates":[-98.256097,19.057709]}},{"type":"Feature","properties":{"name":"21DPT0008Q"},"geometry":{"type":"Point","coordinates":[-98.256097,19.057709]}},{"type":"Feature","properties":{"name":"21PET0079J"},"geometry":{"type":"Point","coordinates":[-98.2007,19.034761]}},{"type":"Feature","properties":{"name":"21PET0277J"},"geometry":{"type":"Point","coordinates":[-98.211194,19.015696]}},{"type":"Feature","properties":{"name":"21PET0310A"},"geometry":{"type":"Point","coordinates":[-98.208088,19.043195]}},{"type":"Feature","properties":{"name":"21PET0196Z"},"geometry":{"type":"Point","coordinates":[-98.20238,19.013556]}},{"type":"Feature","properties":{"name":"21PET0194A"},"geometry":{"type":"Point","coordinates":[-98.189417,19.048879]}},{"type":"Feature","properties":{"name":"21PET0201U"},"geometry":{"type":"Point","coordinates":[-98.232822,19.008766]}},{"type":"Feature","properties":{"name":"21PET0247P"},"geometry":{"type":"Point","coordinates":[-98.206631,19.043541]}},{"type":"Feature","properties":{"name":"21PCT0026G"},"geometry":{"type":"Point","coordinates":[-98.207901,19.047953]}},{"type":"Feature","properties":{"name":"21PCT0052E"},"geometry":{"type":"Point","coordinates":[-98.203582,19.039472]}},{"type":"Feature","properties":{"name":"21PET0314X"},"geometry":{"type":"Point","coordinates":[-98.209981,19.041485]}},{"type":"Feature","properties":{"name":"21PCT0061M"},"geometry":{"type":"Point","coordinates":[-98.167591,19.045565]}},{"type":"Feature","properties":{"name":"21PCT0072S"},"geometry":{"type":"Point","coordinates":[-98.204396,19.043503]}},{"type":"Feature","properties":{"name":"21PCT0078M"},"geometry":{"type":"Point","coordinates":[-98.205584,19.082307]}},{"type":"Feature","properties":{"name":"21PET0262H"},"geometry":{"type":"Point","coordinates":[-98.210356,19.045426]}},{"type":"Feature","properties":{"name":"21EET0015T"},"geometry":{"type":"Point","coordinates":[-98.191774,19.043704]}},{"type":"Feature","properties":{"name":"21PET0340V"},"geometry":{"type":"Point","coordinates":[-98.206094,19.029145]}},{"type":"Feature","properties":{"name":"21PET0349M"},"geometry":{"type":"Point","coordinates":[-98.197495,19.04399]}},{"type":"Feature","properties":{"name":"21UET0007B"},"geometry":{"type":"Point","coordinates":[-98.214299,19.039512]}},{"type":"Feature","properties":{"name":"21PET0335J"},"geometry":{"type":"Point","coordinates":[-98.249066,19.051238]}},{"type":"Feature","properties":{"name":"21PET0336I"},"geometry":{"type":"Point","coordinates":[-98.215389,19.033111]}},{"type":"Feature","properties":{"name":"21PET0347O"},"geometry":{"type":"Point","coordinates":[-98.196955,19.050413]}},{"type":"Feature","properties":{"name":"21PET0327A"},"geometry":{"type":"Point","coordinates":[-98.197495,19.04399]}},{"type":"Feature","properties":{"name":"21PET0298W"},"geometry":{"type":"Point","coordinates":[-98.209201,19.045512]}},{"type":"Feature","properties":{"name":"21PET0019V"},"geometry":{"type":"Point","coordinates":[-98.200595,19.045313]}},{"type":"Feature","properties":{"name":"21PET0305P"},"geometry":{"type":"Point","coordinates":[-98.202883,19.03716]}},{"type":"Feature","properties":{"name":"21PET0153A"},"geometry":{"type":"Point","coordinates":[-98.203582,19.039472]}},{"type":"Feature","properties":{"name":"21PET0102U"},"geometry":{"type":"Point","coordinates":[-98.204396,19.043503]}},{"type":"Feature","properties":{"name":"21PET0028C"},"geometry":{"type":"Point","coordinates":[-98.194117,19.053576]}},{"type":"Feature","properties":{"name":"21PET0198X"},"geometry":{"type":"Point","coordinates":[-98.167591,19.045565]}},{"type":"Feature","properties":{"name":"21PET0017X"},"geometry":{"type":"Point","coordinates":[-98.204468,19.046485]}},{"type":"Feature","properties":{"name":"21PET0023H"},"geometry":{"type":"Point","coordinates":[-98.207098,19.04659]}},{"type":"Feature","properties":{"name":"21PET0026E"},"geometry":{"type":"Point","coordinates":[-98.198523,19.054737]}},{"type":"Feature","properties":{"name":"21PET0215X"},"geometry":{"type":"Point","coordinates":[-98.218897,19.027538]}},{"type":"Feature","properties":{"name":"21PET0109N"},"geometry":{"type":"Point","coordinates":[-98.223847,19.059871]}},{"type":"Feature","properties":{"name":"21EET0002P"},"geometry":{"type":"Point","coordinates":[-98.19296,19.045571]}},{"type":"Feature","properties":{"name":"21PET0207O"},"geometry":{"type":"Point","coordinates":[-98.196632,19.008439]}},{"type":"Feature","properties":{"name":"21PET0213Z"},"geometry":{"type":"Point","coordinates":[-98.20757,19.049054]}},{"type":"Feature","properties":{"name":"21PET0228A"},"geometry":{"type":"Point","coordinates":[-98.222008,19.006028]}},{"type":"Feature","properties":{"name":"21PET0261I"},"geometry":{"type":"Point","coordinates":[-98.200244,19.02518]}},{"type":"Feature","properties":{"name":"21PET0278I"},"geometry":{"type":"Point","coordinates":[-98.221086,19.022909]}},{"type":"Feature","properties":{"name":"21PET0287Q"},"geometry":{"type":"Point","coordinates":[-98.209832,19.046244]}},{"type":"Feature","properties":{"name":"21PET0297X"},"geometry":{"type":"Point","coordinates":[-98.183918,18.970848]}},{"type":"Feature","properties":{"name":"21PET0307N"},"geometry":{"type":"Point","coordinates":[-98.201523,19.032705]}},{"type":"Feature","properties":{"name":"21PET0321G"},"geometry":{"type":"Point","coordinates":[-98.216107,18.985552]}},{"type":"Feature","properties":{"name":"21PET0321G"},"geometry":{"type":"Point","coordinates":[-98.216107,18.985552]}},{"type":"Feature","properties":{"name":"21EET0008J"},"geometry":{"type":"Point","coordinates":[-98.194964,19.035535]}},{"type":"Feature","properties":{"name":"21UET0001H"},"geometry":{"type":"Point","coordinates":[-98.192555,19.045235]}},{"type":"Feature","properties":{"name":"21PSU0002X"},"geometry":{"type":"Point","coordinates":[-98.16757,19.04571]}},{"type":"Feature","properties":{"name":"21PSU0003W"},"geometry":{"type":"Point","coordinates":[-98.20224,19.04739]}},{"type":"Feature","properties":{"name":"21PSU0010F"},"geometry":{"type":"Point","coordinates":[-98.216062,19.048008]}},{"type":"Feature","properties":{"name":"21PSU0014B"},"geometry":{"type":"Point","coordinates":[-98.209585,19.046547]}},{"type":"Feature","properties":{"name":"21PSU0016Z"},"geometry":{"type":"Point","coordinates":[-98.20079,19.03956]}},{"type":"Feature","properties":{"name":"21PSU0143W"},"geometry":{"type":"Point","coordinates":[-98.190225,19.030167]}},{"type":"Feature","properties":{"name":"21PSU0145U"},"geometry":{"type":"Point","coordinates":[-98.185115,19.034946]}},{"type":"Feature","properties":{"name":"21PSU0150F"},"geometry":{"type":"Point","coordinates":[-98.204679,18.996919]}},{"type":"Feature","properties":{"name":"21PSU0151E"},"geometry":{"type":"Point","coordinates":[-98.21776,19.04788]}},{"type":"Feature","properties":{"name":"21PSU0154B"},"geometry":{"type":"Point","coordinates":[-98.213756,19.064233]}},{"type":"Feature","properties":{"name":"21PSU0740T"},"geometry":{"type":"Point","coordinates":[-98.209629,19.048327]}},{"type":"Feature","properties":{"name":"21PSU1000F"},"geometry":{"type":"Point","coordinates":[-98.212203,19.049418]}},{"type":"Feature","properties":{"name":"21PSU1003C"},"geometry":{"type":"Point","coordinates":[-98.233258,19.058187]}},{"type":"Feature","properties":{"name":"21PSU1010M"},"geometry":{"type":"Point","coordinates":[-98.206483,19.033242]}},{"type":"Feature","properties":{"name":"21DIT0001N"},"geometry":{"type":"Point","coordinates":[-98.168678,19.067393]}},{"type":"Feature","properties":{"name":"21PET0294Z"},"geometry":{"type":"Point","coordinates":[-98.213958,19.021144]}},{"type":"Feature","properties":{"name":"21PET0295Z"},"geometry":{"type":"Point","coordinates":[-98.18833,19.047779]}},{"type":"Feature","properties":{"name":"21PET0303R"},"geometry":{"type":"Point","coordinates":[-98.261228,18.969882]}},{"type":"Feature","properties":{"name":"21PSU1022R"},"geometry":{"type":"Point","coordinates":[-98.214081,19.028215]}},{"type":"Feature","properties":{"name":"21PSU1038S"},"geometry":{"type":"Point","coordinates":[-98.188753,19.038415]}},{"type":"Feature","properties":{"name":"21PSU1048Z"},"geometry":{"type":"Point","coordinates":[-98.204483,19.047353]}},{"type":"Feature","properties":{"name":"21EPO0001K"},"geometry":{"type":"Point","coordinates":[-98.197495,19.04399]}},{"type":"Feature","properties":{"name":"21ESU0054X"},"geometry":{"type":"Point","coordinates":[-98.191774,19.043704]}},{"type":"Feature","properties":{"name":"21EUT0001H"},"geometry":{"type":"Point","coordinates":[-98.15172,19.06061]}},{"type":"Feature","properties":{"name":"21DUP0001W"},"geometry":{"type":"Point","coordinates":[-98.239984,18.981743]}},{"type":"Feature","properties":{"name":"21PSU1056H"},"geometry":{"type":"Point","coordinates":[-98.204679,18.996919]}},{"type":"Feature","properties":{"name":"21PSU1060U"},"geometry":{"type":"Point","coordinates":[-98.192554,19.040023]}},{"type":"Feature","properties":{"name":"21PSU1082F"},"geometry":{"type":"Point","coordinates":[-98.201257,19.043153]}},{"type":"Feature","properties":{"name":"21PSU1084D"},"geometry":{"type":"Point","coordinates":[-98.201257,19.043153]}},{"type":"Feature","properties":{"name":"21ESU0029Y"},"geometry":{"type":"Point","coordinates":[-98.17773,19.014513]}},{"type":"Feature","properties":{"name":"21ESU0035I"},"geometry":{"type":"Point","coordinates":[-98.208729,19.046537]}},{"type":"Feature","properties":{"name":"21ESU0039E"},"geometry":{"type":"Point","coordinates":[-98.191774,19.043704]}},{"type":"Feature","properties":{"name":"21PSU1088Z"},"geometry":{"type":"Point","coordinates":[-98.213756,19.064233]}},{"type":"Feature","properties":{"name":"21PSU1089Z"},"geometry":{"type":"Point","coordinates":[-98.18516,19.03492]}},{"type":"Feature","properties":{"name":"21PSU1090O"},"geometry":{"type":"Point","coordinates":[-98.20364,19.03937]}},{"type":"Feature","properties":{"name":"21PSU1098G"},"geometry":{"type":"Point","coordinates":[-98.208616,19.047589]}},{"type":"Feature","properties":{"name":"21PSU1100E"},"geometry":{"type":"Point","coordinates":[-98.202199,19.071918]}},{"type":"Feature","properties":{"name":"21PSU1141E"},"geometry":{"type":"Point","coordinates":[-98.211606,19.035475]}},{"type":"Feature","properties":{"name":"21PSU1147Z"},"geometry":{"type":"Point","coordinates":[-98.204679,18.996919]}},{"type":"Feature","properties":{"name":"21PSU1157F"},"geometry":{"type":"Point","coordinates":[-98.19071,19.05032]}},{"type":"Feature","properties":{"name":"21PSU1158E"},"geometry":{"type":"Point","coordinates":[-98.19071,19.05032]}},{"type":"Feature","properties":{"name":"21PSU1163Q"},"geometry":{"type":"Point","coordinates":[-98.222367,19.005365]}},{"type":"Feature","properties":{"name":"21PSU0040Z"},"geometry":{"type":"Point","coordinates":[-98.17022,19.04537]}},{"type":"Feature","properties":{"name":"21PSU0041Z"},"geometry":{"type":"Point","coordinates":[-98.207459,19.050844]}},{"type":"Feature","properties":{"name":"21PSU0042Y"},"geometry":{"type":"Point","coordinates":[-98.212203,19.049418]}},{"type":"Feature","properties":{"name":"21EBH1262Q"},"geometry":{"type":"Point","coordinates":[-98.13106,19.09408]}},{"type":"Feature","properties":{"name":"21EBH1264O"},"geometry":{"type":"Point","coordinates":[-98.197495,19.04399]}},{"type":"Feature","properties":{"name":"21EMS0047E"},"geometry":{"type":"Point","coordinates":[-98.222285,19.050595]}},{"type":"Feature","properties":{"name":"21ETK0066K"},"geometry":{"type":"Point","coordinates":[-98.197495,19.04399]}},{"type":"Feature","properties":{"name":"21PSU1020T"},"geometry":{"type":"Point","coordinates":[-98.202199,19.071918]}},{"type":"Feature","properties":{"name":"21PSU1032Y"},"geometry":{"type":"Point","coordinates":[-98.190225,19.030167]}},{"type":"Feature","properties":{"name":"21PSU1042E"},"geometry":{"type":"Point","coordinates":[-98.225108,19.058879]}},{"type":"Feature","properties":{"name":"21PSU1046A"},"geometry":{"type":"Point","coordinates":[-98.204483,19.047353]}},{"type":"Feature","properties":{"name":"21PSU1050N"},"geometry":{"type":"Point","coordinates":[-98.205637,19.042384]}},{"type":"Feature","properties":{"name":"21PSU1170Z"},"geometry":{"type":"Point","coordinates":[-98.212253,19.042498]}},{"type":"Feature","properties":{"name":"21PSU1171Z"},"geometry":{"type":"Point","coordinates":[-98.212253,19.042498]}},{"type":"Feature","properties":{"name":"21PSU1176U"},"geometry":{"type":"Point","coordinates":[-98.21651,19.05051]}},{"type":"Feature","properties":{"name":"21PSU1177T"},"geometry":{"type":"Point","coordinates":[-98.14474,19.038159]}},{"type":"Feature","properties":{"name":"21PSU1186A"},"geometry":{"type":"Point","coordinates":[-98.229037,19.055406]}},{"type":"Feature","properties":{"name":"21PSU1052L"},"geometry":{"type":"Point","coordinates":[-98.204679,18.996919]}},{"type":"Feature","properties":{"name":"21PSU1151L"},"geometry":{"type":"Point","coordinates":[-98.21571,19.04814]}},{"type":"Feature","properties":{"name":"21PSU1154I"},"geometry":{"type":"Point","coordinates":[-98.2189,19.02753]}},{"type":"Feature","properties":{"name":"21PSU1162R"},"geometry":{"type":"Point","coordinates":[-98.20204,19.04319]}},{"type":"Feature","properties":{"name":"21PSU1172Y"},"geometry":{"type":"Point","coordinates":[-98.21132,19.04786]}},{"type":"Feature","properties":{"name":"21PSU1173X"},"geometry":{"type":"Point","coordinates":[-98.1675,19.0456]}},{"type":"Feature","properties":{"name":"21PSU0001Y"},"geometry":{"type":"Point","coordinates":[-98.219806,19.051384]}},{"type":"Feature","properties":{"name":"21PSU1187Z"},"geometry":{"type":"Point","coordinates":[-98.215387,19.024065]}},{"type":"Feature","properties":{"name":"21PSU1193K"},"geometry":{"type":"Point","coordinates":[-98.197495,19.04399]}},{"type":"Feature","properties":{"name":"21PSU1202B"},"geometry":{"type":"Point","coordinates":[-98.211831,19.053109]}},{"type":"Feature","properties":{"name":"21PSU1203A"},"geometry":{"type":"Point","coordinates":[-98.211831,19.053109]}},{"type":"Feature","properties":{"name":"21PSU1204Z"},"geometry":{"type":"Point","coordinates":[-98.212072,19.053266]}},{"type":"Feature","properties":{"name":"21PSU1207X"},"geometry":{"type":"Point","coordinates":[-98.185776,19.041746]}},{"type":"Feature","properties":{"name":"21PSU1208W"},"geometry":{"type":"Point","coordinates":[-98.185776,19.041746]}},{"type":"Feature","properties":{"name":"21PSU0027F"},"geometry":{"type":"Point","coordinates":[-98.209585,19.046547]}},{"type":"Feature","properties":{"name":"21PSU0029D"},"geometry":{"type":"Point","coordinates":[-98.209585,19.046547]}},{"type":"Feature","properties":{"name":"21PSU0034P"},"geometry":{"type":"Point","coordinates":[-98.169681,19.044406]}},{"type":"Feature","properties":{"name":"21PSU0053D"},"geometry":{"type":"Point","coordinates":[-98.169391,19.04525]}},{"type":"Feature","properties":{"name":"21PSU0054C"},"geometry":{"type":"Point","coordinates":[-98.20224,19.047394]}},{"type":"Feature","properties":{"name":"21PSU1209V"},"geometry":{"type":"Point","coordinates":[-98.185776,19.041746]}},{"type":"Feature","properties":{"name":"21PSU1220R"},"geometry":{"type":"Point","coordinates":[-98.199798,19.051931]}},{"type":"Feature","properties":{"name":"21PSU1228J"},"geometry":{"type":"Point","coordinates":[-98.190431,19.03032]}},{"type":"Feature","properties":{"name":"21PSU1231X"},"geometry":{"type":"Point","coordinates":[-98.200688,19.030963]}},{"type":"Feature","properties":{"name":"21PSU1234U"},"geometry":{"type":"Point","coordinates":[-98.230439,19.0474]}},{"type":"Feature","properties":{"name":"21PSU1101D"},"geometry":{"type":"Point","coordinates":[-98.214338,19.020074]}},{"type":"Feature","properties":{"name":"21PSU1116F"},"geometry":{"type":"Point","coordinates":[-98.20511,19.04192]}},{"type":"Feature","properties":{"name":"21PSU1118D"},"geometry":{"type":"Point","coordinates":[-98.187878,19.037978]}},{"type":"Feature","properties":{"name":"21PSU1127L"},"geometry":{"type":"Point","coordinates":[-98.231633,19.056131]}},{"type":"Feature","properties":{"name":"21PSU1132X"},"geometry":{"type":"Point","coordinates":[-98.207292,19.036838]}},{"type":"Feature","properties":{"name":"21PSU0004V"},"geometry":{"type":"Point","coordinates":[-98.202892,19.037144]}},{"type":"Feature","properties":{"name":"21PSU0005U"},"geometry":{"type":"Point","coordinates":[-98.213497,19.035668]}},{"type":"Feature","properties":{"name":"21PSU0013C"},"geometry":{"type":"Point","coordinates":[-98.20649,19.03324]}},{"type":"Feature","properties":{"name":"21PSU0019X"},"geometry":{"type":"Point","coordinates":[-98.208192,19.027459]}},{"type":"Feature","properties":{"name":"21PSU0028E"},"geometry":{"type":"Point","coordinates":[-98.209585,19.046547]}},{"type":"Feature","properties":{"name":"21PSU0036N"},"geometry":{"type":"Point","coordinates":[-98.21137,19.03076]}},{"type":"Feature","properties":{"name":"21PSU0051F"},"geometry":{"type":"Point","coordinates":[-98.18893,19.03851]}},{"type":"Feature","properties":{"name":"21PSU0057Z"},"geometry":{"type":"Point","coordinates":[-98.207292,19.036838]}},{"type":"Feature","properties":{"name":"21PSU1237R"},"geometry":{"type":"Point","coordinates":[-98.2023,19.0447]}},{"type":"Feature","properties":{"name":"21PSU1241D"},"geometry":{"type":"Point","coordinates":[-98.212967,19.063669]}},{"type":"Feature","properties":{"name":"21PSU1242C"},"geometry":{"type":"Point","coordinates":[-98.212967,19.063669]}},{"type":"Feature","properties":{"name":"21PSU1244A"},"geometry":{"type":"Point","coordinates":[-98.205485,19.082247]}},{"type":"Feature","properties":{"name":"21PSU1250L"},"geometry":{"type":"Point","coordinates":[-98.185776,19.041746]}},{"type":"Feature","properties":{"name":"21PSU1259C"},"geometry":{"type":"Point","coordinates":[-98.201514,19.03267]}},{"type":"Feature","properties":{"name":"21PSU1265N"},"geometry":{"type":"Point","coordinates":[-98.197495,19.04399]}},{"type":"Feature","properties":{"name":"21PSU0058Z"},"geometry":{"type":"Point","coordinates":[-98.206612,19.005831]}},{"type":"Feature","properties":{"name":"21PSU0065I"},"geometry":{"type":"Point","coordinates":[-98.225794,19.058107]}},{"type":"Feature","properties":{"name":"21PSU0077N"},"geometry":{"type":"Point","coordinates":[-98.213244,19.024446]}},{"type":"Feature","properties":{"name":"21PSU0080A"},"geometry":{"type":"Point","coordinates":[-98.213244,19.024446]}},{"type":"Feature","properties":{"name":"21PSU0121K"},"geometry":{"type":"Point","coordinates":[-98.23547,18.968126]}},{"type":"Feature","properties":{"name":"21PSU0122J"},"geometry":{"type":"Point","coordinates":[-98.23547,18.968126]}},{"type":"Feature","properties":{"name":"21PSU1254H"},"geometry":{"type":"Point","coordinates":[-98.222358,19.029446]}},{"type":"Feature","properties":{"name":"21PSU1288Y"},"geometry":{"type":"Point","coordinates":[-98.211304,19.045274]}},{"type":"Feature","properties":{"name":"21PSU1291L"},"geometry":{"type":"Point","coordinates":[-98.243058,19.022048]}},{"type":"Feature","properties":{"name":"21PSU1295H"},"geometry":{"type":"Point","coordinates":[-98.197495,19.04399]}},{"type":"Feature","properties":{"name":"21PBH0022Q"},"geometry":{"type":"Point","coordinates":[-98.197445,19.031718]}},{"type":"Feature","properties":{"name":"21PBH0174V"},"geometry":{"type":"Point","coordinates":[-98.191165,19.018141]}},{"type":"Feature","properties":{"name":"21PBH0223N"},"geometry":{"type":"Point","coordinates":[-98.192097,19.048659]}},{"type":"Feature","properties":{"name":"21PBH0294H"},"geometry":{"type":"Point","coordinates":[-98.197495,19.04399]}},{"type":"Feature","properties":{"name":"21PBH0369H"},"geometry":{"type":"Point","coordinates":[-98.210849,19.053849]}},{"type":"Feature","properties":{"name":"21PSU1272X"},"geometry":{"type":"Point","coordinates":[-98.197495,19.04399]}},{"type":"Feature","properties":{"name":"21PSU1338P"},"geometry":{"type":"Point","coordinates":[-98.24902,19.05102]}},{"type":"Feature","properties":{"name":"21PSU1342B"},"geometry":{"type":"Point","coordinates":[-98.197495,19.04399]}},{"type":"Feature","properties":{"name":"21PSU1343A"},"geometry":{"type":"Point","coordinates":[-98.197495,19.04399]}},{"type":"Feature","properties":{"name":"21PSU1348W"},"geometry":{"type":"Point","coordinates":[-98.201501,19.069799]}},{"type":"Feature","properties":{"name":"21PSU1349V"},"geometry":{"type":"Point","coordinates":[-98.197495,19.04399]}},{"type":"Feature","properties":{"name":"21PBH0501Z"},"geometry":{"type":"Point","coordinates":[-98.197495,19.04399]}},{"type":"Feature","properties":{"name":"21PBH0502Y"},"geometry":{"type":"Point","coordinates":[-98.197495,19.04399]}},{"type":"Feature","properties":{"name":"21PSU0131R"},"geometry":{"type":"Point","coordinates":[-98.21223,19.04249]}},{"type":"Feature","properties":{"name":"21PSU0138K"},"geometry":{"type":"Point","coordinates":[-98.142214,19.038041]}},{"type":"Feature","properties":{"name":"21PSU0140Z"},"geometry":{"type":"Point","coordinates":[-98.2207,19.05756]}},{"type":"Feature","properties":{"name":"21PSU0141Y"},"geometry":{"type":"Point","coordinates":[-98.190225,19.030167]}},{"type":"Feature","properties":{"name":"21PSU0148R"},"geometry":{"type":"Point","coordinates":[-98.208745,19.02911]}},{"type":"Feature","properties":{"name":"21PSU0152D"},"geometry":{"type":"Point","coordinates":[-98.202892,19.037144]}},{"type":"Feature","properties":{"name":"21PSU1311I"},"geometry":{"type":"Point","coordinates":[-98.197495,19.04399]}},{"type":"Feature","properties":{"name":"21PSU1320Q"},"geometry":{"type":"Point","coordinates":[-98.197495,19.04399]}},{"type":"Feature","properties":{"name":"21PSU1327J"},"geometry":{"type":"Point","coordinates":[-98.210508,19.045478]}},{"type":"Feature","properties":{"name":"21PSU1331W"},"geometry":{"type":"Point","coordinates":[-98.197495,19.04399]}},{"type":"Feature","properties":{"name":"21PSU1353H"},"geometry":{"type":"Point","coordinates":[-98.167888,19.0448]}},{"type":"Feature","properties":{"name":"21PSU1356E"},"geometry":{"type":"Point","coordinates":[-98.197495,19.04399]}},{"type":"Feature","properties":{"name":"21PSU1360R"},"geometry":{"type":"Point","coordinates":[-98.197495,19.04399]}},{"type":"Feature","properties":{"name":"21PSU1361Q"},"geometry":{"type":"Point","coordinates":[-98.197495,19.04399]}},{"type":"Feature","properties":{"name":"21PSU1365M"},"geometry":{"type":"Point","coordinates":[-98.197495,19.04399]}},{"type":"Feature","properties":{"name":"21PSU1367K"},"geometry":{"type":"Point","coordinates":[-98.197495,19.04399]}},{"type":"Feature","properties":{"name":"21PBH3839C"},"geometry":{"type":"Point","coordinates":[-98.220172,19.055087]}},{"type":"Feature","properties":{"name":"21PBH3944N"},"geometry":{"type":"Point","coordinates":[-98.197495,19.04399]}},{"type":"Feature","properties":{"name":"21PBH4001E"},"geometry":{"type":"Point","coordinates":[-98.216943,19.006955]}},{"type":"Feature","properties":{"name":"21PBH4010M"},"geometry":{"type":"Point","coordinates":[-98.203233,19.031035]}},{"type":"Feature","properties":{"name":"21PBH4503Y"},"geometry":{"type":"Point","coordinates":[-98.197495,19.04399]}},{"type":"Feature","properties":{"name":"21PSU1335S"},"geometry":{"type":"Point","coordinates":[-98.216107,18.985552]}},{"type":"Feature","properties":{"name":"21PSU1371X"},"geometry":{"type":"Point","coordinates":[-98.197495,19.04399]}},{"type":"Feature","properties":{"name":"21PSU1464M"},"geometry":{"type":"Point","coordinates":[-98.197495,19.04399]}},{"type":"Feature","properties":{"name":"21PSU0730M"},"geometry":{"type":"Point","coordinates":[-98.209629,19.048327]}},{"type":"Feature","properties":{"name":"21PSU1002D"},"geometry":{"type":"Point","coordinates":[-98.23547,18.968126]}},{"type":"Feature","properties":{"name":"21PSU1007Z"},"geometry":{"type":"Point","coordinates":[-98.20224,19.047394]}},{"type":"Feature","properties":{"name":"21PSU1368J"},"geometry":{"type":"Point","coordinates":[-98.197495,19.04399]}},{"type":"Feature","properties":{"name":"21PSU0055B"},"geometry":{"type":"Point","coordinates":[-98.1761,19.04442]}},{"type":"Feature","properties":{"name":"21PSU0056A"},"geometry":{"type":"Point","coordinates":[-98.203099,19.037735]}},{"type":"Feature","properties":{"name":"21PSU0059Y"},"geometry":{"type":"Point","coordinates":[-98.206612,19.005831]}},{"type":"Feature","properties":{"name":"21PSU0061M"},"geometry":{"type":"Point","coordinates":[-98.206612,19.005831]}},{"type":"Feature","properties":{"name":"21PSU1480D"},"geometry":{"type":"Point","coordinates":[-98.19779,19.00922]}},{"type":"Feature","properties":{"name":"21PSU1483A"},"geometry":{"type":"Point","coordinates":[-98.197495,19.04399]}},{"type":"Feature","properties":{"name":"21PSU1514D"},"geometry":{"type":"Point","coordinates":[-98.197495,19.04399]}},{"type":"Feature","properties":{"name":"21PSU4658U"},"geometry":{"type":"Point","coordinates":[-98.20322,19.034731]}},{"type":"Feature","properties":{"name":"21PSU4660I"},"geometry":{"type":"Point","coordinates":[-98.208192,19.027459]}},{"type":"Feature","properties":{"name":"21PSU6501H"},"geometry":{"type":"Point","coordinates":[-98.233258,19.058187]}},{"type":"Feature","properties":{"name":"21PSU6503F"},"geometry":{"type":"Point","coordinates":[-98.233191,19.058336]}},{"type":"Feature","properties":{"name":"21PBH4504X"},"geometry":{"type":"Point","coordinates":[-98.18862,19.038568]}},{"type":"Feature","properties":{"name":"21PBH4506V"},"geometry":{"type":"Point","coordinates":[-98.168887,19.044427]}},{"type":"Feature","properties":{"name":"21PCT0029D"},"geometry":{"type":"Point","coordinates":[-98.197495,19.04399]}},{"type":"Feature","properties":{"name":"21PCT0046U"},"geometry":{"type":"Point","coordinates":[-98.2069,19.03133]}},{"type":"Feature","properties":{"name":"21PSU1012K"},"geometry":{"type":"Point","coordinates":[-98.206483,19.033242]}},{"type":"Feature","properties":{"name":"21PSU1014I"},"geometry":{"type":"Point","coordinates":[-98.206483,19.033242]}},{"type":"Feature","properties":{"name":"21PSU1016G"},"geometry":{"type":"Point","coordinates":[-98.207292,19.036838]}},{"type":"Feature","properties":{"name":"21PSU1018E"},"geometry":{"type":"Point","coordinates":[-98.202199,19.071918]}},{"type":"Feature","properties":{"name":"21PSU1081G"},"geometry":{"type":"Point","coordinates":[-98.197441,19.032027]}},{"type":"Feature","properties":{"name":"21PSU1083E"},"geometry":{"type":"Point","coordinates":[-98.201257,19.043153]}},{"type":"Feature","properties":{"name":"21PSU1086B"},"geometry":{"type":"Point","coordinates":[-98.205376,19.082228]}},{"type":"Feature","properties":{"name":"21PSU0076O"},"geometry":{"type":"Point","coordinates":[-98.213244,19.024446]}},{"type":"Feature","properties":{"name":"21PSU6507B"},"geometry":{"type":"Point","coordinates":[-98.197495,19.04399]}},{"type":"Feature","properties":{"name":"21PSU6512N"},"geometry":{"type":"Point","coordinates":[-98.233537,19.057521]}},{"type":"Feature","properties":{"name":"21PSU9600B"},"geometry":{"type":"Point","coordinates":[-98.213497,19.035668]}},{"type":"Feature","properties":{"name":"21USU0030E"},"geometry":{"type":"Point","coordinates":[-98.24265,19.02217]}},{"type":"Feature","properties":{"name":"21USU1001Q"},"geometry":{"type":"Point","coordinates":[-98.205141,19.005771]}},{"type":"Feature","properties":{"name":"21USU1002P"},"geometry":{"type":"Point","coordinates":[-98.203736,19.005037]}},{"type":"Feature","properties":{"name":"21USU4642E"},"geometry":{"type":"Point","coordinates":[-98.205141,19.005771]}},{"type":"Feature","properties":{"name":"21USU4643D"},"geometry":{"type":"Point","coordinates":[-98.21362,19.03801]}},{"type":"Feature","properties":{"name":"21USU4646A"},"geometry":{"type":"Point","coordinates":[-98.215007,19.030392]}},{"type":"Feature","properties":{"name":"21USU4647Z"},"geometry":{"type":"Point","coordinates":[-98.195396,19.001486]}},{"type":"Feature","properties":{"name":"21USU4650N"},"geometry":{"type":"Point","coordinates":[-98.205141,19.005771]}},{"type":"Feature","properties":{"name":"21USU4651M"},"geometry":{"type":"Point","coordinates":[-98.205141,19.005771]}},{"type":"Feature","properties":{"name":"21USU4652L"},"geometry":{"type":"Point","coordinates":[-98.205141,19.005771]}},{"type":"Feature","properties":{"name":"21PSU1092M"},"geometry":{"type":"Point","coordinates":[-98.209585,19.046547]}},{"type":"Feature","properties":{"name":"21PSU1093L"},"geometry":{"type":"Point","coordinates":[-98.221321,19.024863]}},{"type":"Feature","properties":{"name":"21PSU1095J"},"geometry":{"type":"Point","coordinates":[-98.2069,19.03133]}},{"type":"Feature","properties":{"name":"21PSU1104A"},"geometry":{"type":"Point","coordinates":[-98.204679,18.996919]}},{"type":"Feature","properties":{"name":"21PSU1115G"},"geometry":{"type":"Point","coordinates":[-98.19948,19.03412]}},{"type":"Feature","properties":{"name":"21PCT0082Z"},"geometry":{"type":"Point","coordinates":[-98.227961,19.048159]}},{"type":"Feature","properties":{"name":"21PCT0085W"},"geometry":{"type":"Point","coordinates":[-98.220175,19.055081]}},{"type":"Feature","properties":{"name":"21PCT0086V"},"geometry":{"type":"Point","coordinates":[-98.197495,19.04399]}},{"type":"Feature","properties":{"name":"21EET0012W"},"geometry":{"type":"Point","coordinates":[-98.208206,19.024501]}},{"type":"Feature","properties":{"name":"21PSU0120L"},"geometry":{"type":"Point","coordinates":[-98.23547,18.968126]}},{"type":"Feature","properties":{"name":"21PSU0123I"},"geometry":{"type":"Point","coordinates":[-98.23547,18.968126]}},{"type":"Feature","properties":{"name":"21PSU1182E"},"geometry":{"type":"Point","coordinates":[-98.207344,19.044871]}},{"type":"Feature","properties":{"name":"21PSU1188Z"},"geometry":{"type":"Point","coordinates":[-98.24245,18.995142]}},{"type":"Feature","properties":{"name":"21PSU1194J"},"geometry":{"type":"Point","coordinates":[-98.197495,19.04399]}},{"type":"Feature","properties":{"name":"21USU4653K"},"geometry":{"type":"Point","coordinates":[-98.19624,19.04317]}},{"type":"Feature","properties":{"name":"21USU4656H"},"geometry":{"type":"Point","coordinates":[-98.195552,19.041817]}},{"type":"Feature","properties":{"name":"21PSU1128K"},"geometry":{"type":"Point","coordinates":[-98.212304,19.050329]}},{"type":"Feature","properties":{"name":"21PSU1133W"},"geometry":{"type":"Point","coordinates":[-98.193351,19.038304]}},{"type":"Feature","properties":{"name":"21PSU1138R"},"geometry":{"type":"Point","coordinates":[-98.204433,19.039398]}},{"type":"Feature","properties":{"name":"21PSU1143C"},"geometry":{"type":"Point","coordinates":[-98.204629,19.048676]}},{"type":"Feature","properties":{"name":"21PSU1144B"},"geometry":{"type":"Point","coordinates":[-98.20721,19.04481]}},{"type":"Feature","properties":{"name":"21PSU1198F"},"geometry":{"type":"Point","coordinates":[-98.197495,19.04399]}},{"type":"Feature","properties":{"name":"21PSU1199E"},"geometry":{"type":"Point","coordinates":[-98.214988,19.036641]}},{"type":"Feature","properties":{"name":"21PSU1200D"},"geometry":{"type":"Point","coordinates":[-98.214988,19.036641]}},{"type":"Feature","properties":{"name":"21PSU1205Z"},"geometry":{"type":"Point","coordinates":[-98.208403,19.047114]}},{"type":"Feature","properties":{"name":"21EET0025Z"},"geometry":{"type":"Point","coordinates":[-98.192295,19.043247]}},{"type":"Feature","properties":{"name":"21EET0035G"},"geometry":{"type":"Point","coordinates":[-98.197495,19.04399]}},{"type":"Feature","properties":{"name":"21EET0039C"},"geometry":{"type":"Point","coordinates":[-98.197495,19.04399]}},{"type":"Feature","properties":{"name":"21EET0040S"},"geometry":{"type":"Point","coordinates":[-98.208521,19.044058]}},{"type":"Feature","properties":{"name":"21PET0053B"},"geometry":{"type":"Point","coordinates":[-98.213497,19.035668]}},{"type":"Feature","properties":{"name":"21PSU1515C"},"geometry":{"type":"Point","coordinates":[-98.197495,19.04399]}},{"type":"Feature","properties":{"name":"21PSU6504E"},"geometry":{"type":"Point","coordinates":[-98.197495,19.04399]}},{"type":"Feature","properties":{"name":"21PSU6505D"},"geometry":{"type":"Point","coordinates":[-98.197495,19.04399]}},{"type":"Feature","properties":{"name":"21PSU6506C"},"geometry":{"type":"Point","coordinates":[-98.197495,19.04399]}},{"type":"Feature","properties":{"name":"21PSU6510P"},"geometry":{"type":"Point","coordinates":[-98.233537,19.057521]}},{"type":"Feature","properties":{"name":"21PSU6511O"},"geometry":{"type":"Point","coordinates":[-98.197495,19.04399]}},{"type":"Feature","properties":{"name":"21PSU8888N"},"geometry":{"type":"Point","coordinates":[-98.206483,19.033242]}},{"type":"Feature","properties":{"name":"21PSU9996B"},"geometry":{"type":"Point","coordinates":[-98.214338,19.020074]}},{"type":"Feature","properties":{"name":"21PET0160K"},"geometry":{"type":"Point","coordinates":[-98.212518,19.020024]}},{"type":"Feature","properties":{"name":"21PSU1174W"},"geometry":{"type":"Point","coordinates":[-98.19742,19.02543]}},{"type":"Feature","properties":{"name":"21PSU1178S"},"geometry":{"type":"Point","coordinates":[-98.14474,19.038159]}},{"type":"Feature","properties":{"name":"21PSU1179R"},"geometry":{"type":"Point","coordinates":[-98.14474,19.038159]}},{"type":"Feature","properties":{"name":"21PSU1118D"},"geometry":{"type":"Point","coordinates":[-98.187878,19.037978]}},{"type":"Feature","properties":{"name":"21PSU1176U"},"geometry":{"type":"Point","coordinates":[-98.21651,19.05051]}},{"type":"Feature","properties":{"name":"21PET0317U"},"geometry":{"type":"Point","coordinates":[-98.197495,19.04399]}},{"type":"Feature","properties":{"name":"21PET0350B"},"geometry":{"type":"Point","coordinates":[-98.197495,19.04399]}},{"type":"Feature","properties":{"name":"21PSU1232W"},"geometry":{"type":"Point","coordinates":[-98.204486,19.045543]}},{"type":"Feature","properties":{"name":"21PSU1233V"},"geometry":{"type":"Point","coordinates":[-98.230439,19.0474]}},{"type":"Feature","properties":{"name":"21PSU1235T"},"geometry":{"type":"Point","coordinates":[-98.20697,19.03667]}},{"type":"Feature","properties":{"name":"21PSU1236S"},"geometry":{"type":"Point","coordinates":[-98.230439,19.0474]}},{"type":"Feature","properties":{"name":"21PSU1240E"},"geometry":{"type":"Point","coordinates":[-98.212967,19.063669]}},{"type":"Feature","properties":{"name":"21PSU1245Z"},"geometry":{"type":"Point","coordinates":[-98.197495,19.04399]}},{"type":"Feature","properties":{"name":"21PNL0003T"},"geometry":{"type":"Point","coordinates":[-98.211606,19.035475]}},{"type":"Feature","properties":{"name":"21PNL0005R"},"geometry":{"type":"Point","coordinates":[-98.203677,19.040934]}},{"type":"Feature","properties":{"name":"21PNL0012A"},"geometry":{"type":"Point","coordinates":[-98.204723,18.996887]}},{"type":"Feature","properties":{"name":"21PSU1251K"},"geometry":{"type":"Point","coordinates":[-98.204154,19.042443]}},{"type":"Feature","properties":{"name":"21PSU1252J"},"geometry":{"type":"Point","coordinates":[-98.204486,19.045543]}},{"type":"Feature","properties":{"name":"21PSU1253I"},"geometry":{"type":"Point","coordinates":[-98.222358,19.029446]}},{"type":"Feature","properties":{"name":"21PSU9998Z"},"geometry":{"type":"Point","coordinates":[-98.214338,19.020074]}},{"type":"Feature","properties":{"name":"21USU0022W"},"geometry":{"type":"Point","coordinates":[-98.195396,19.001486]}},{"type":"Feature","properties":{"name":"21USU0071E"},"geometry":{"type":"Point","coordinates":[-98.194376,19.044387]}},{"type":"Feature","properties":{"name":"21USU0074B"},"geometry":{"type":"Point","coordinates":[-98.205141,19.005771]}},{"type":"Feature","properties":{"name":"21USU4644C"},"geometry":{"type":"Point","coordinates":[-98.205141,19.005771]}},{"type":"Feature","properties":{"name":"21USU4645B"},"geometry":{"type":"Point","coordinates":[-98.199849,19.003301]}},{"type":"Feature","properties":{"name":"21USU4648Z"},"geometry":{"type":"Point","coordinates":[-98.21447,19.03949]}},{"type":"Feature","properties":{"name":"21USU4649Y"},"geometry":{"type":"Point","coordinates":[-98.205141,19.005771]}},{"type":"Feature","properties":{"name":"21USU4655I"},"geometry":{"type":"Point","coordinates":[-98.214299,19.039512]}},{"type":"Feature","properties":{"name":"21USU4657G"},"geometry":{"type":"Point","coordinates":[-98.192555,19.045235]}},{"type":"Feature","properties":{"name":"21PNL0014Z"},"geometry":{"type":"Point","coordinates":[-98.200505,19.046919]}},{"type":"Feature","properties":{"name":"21ENL0007J"},"geometry":{"type":"Point","coordinates":[-98.208521,19.044058]}},{"type":"Feature","properties":{"name":"21ENL0013U"},"geometry":{"type":"Point","coordinates":[-98.224397,19.065011]}},{"type":"Feature","properties":{"name":"21PNL0002U"},"geometry":{"type":"Point","coordinates":[-98.213374,19.068536]}},{"type":"Feature","properties":{"name":"21PNL0007P"},"geometry":{"type":"Point","coordinates":[-98.2034,19.03483]}},{"type":"Feature","properties":{"name":"21PNL0015Y"},"geometry":{"type":"Point","coordinates":[-98.209884,19.049233]}},{"type":"Feature","properties":{"name":"21PNL0019U"},"geometry":{"type":"Point","coordinates":[-98.197495,19.04399]}},{"type":"Feature","properties":{"name":"21EBT0082U"},"geometry":{"type":"Point","coordinates":[-98.208443,19.02417]}},{"type":"Feature","properties":{"name":"21EBT0130N"},"geometry":{"type":"Point","coordinates":[-98.197495,19.04399]}},{"type":"Feature","properties":{"name":"21EBT0147N"},"geometry":{"type":"Point","coordinates":[-98.197495,19.04399]}},{"type":"Feature","properties":{"name":"21PSU1482B"},"geometry":{"type":"Point","coordinates":[-98.197495,19.04399]}},{"type":"Feature","properties":{"name":"21USU4643D"},"geometry":{"type":"Point","coordinates":[-98.21362,19.03801]}},{"type":"Feature","properties":{"name":"21EUT0001H"},"geometry":{"type":"Point","coordinates":[-98.15172,19.06061]}},{"type":"Feature","properties":{"name":"21PSU1274V"},"geometry":{"type":"Point","coordinates":[-98.206798,19.035931]}},{"type":"Feature","properties":{"name":"21PSU1275U"},"geometry":{"type":"Point","coordinates":[-98.206798,19.035931]}},{"type":"Feature","properties":{"name":"21PSU1276T"},"geometry":{"type":"Point","coordinates":[-98.206798,19.035931]}},{"type":"Feature","properties":{"name":"21PSU1042E"},"geometry":{"type":"Point","coordinates":[-98.225108,19.058879]}},{"type":"Feature","properties":{"name":"21PSU0155A"},"geometry":{"type":"Point","coordinates":[-98.217499,19.042241]}},{"type":"Feature","properties":{"name":"21PSU1180G"},"geometry":{"type":"Point","coordinates":[-98.21538,19.02406]}},{"type":"Feature","properties":{"name":"21PSU1287Z"},"geometry":{"type":"Point","coordinates":[-98.2113,19.04527]}},{"type":"Feature","properties":{"name":"21PSU1289X"},"geometry":{"type":"Point","coordinates":[-98.243058,19.022048]}},{"type":"Feature","properties":{"name":"21PSU1294I"},"geometry":{"type":"Point","coordinates":[-98.189531,19.03872]}},{"type":"Feature","properties":{"name":"21PSU1300C"},"geometry":{"type":"Point","coordinates":[-98.206591,19.043519]}},{"type":"Feature","properties":{"name":"21PSU1310J"},"geometry":{"type":"Point","coordinates":[-98.216107,18.985552]}},{"type":"Feature","properties":{"name":"21DUP0001W"},"geometry":{"type":"Point","coordinates":[-98.239984,18.981743]}},{"type":"Feature","properties":{"name":"21ESU0005O"},"geometry":{"type":"Point","coordinates":[-98.22221,19.050553]}},{"type":"Feature","properties":{"name":"21ESU0006N"},"geometry":{"type":"Point","coordinates":[-98.22221,19.050553]}},{"type":"Feature","properties":{"name":"21ESU0007M"},"geometry":{"type":"Point","coordinates":[-98.22221,19.050553]}},{"type":"Feature","properties":{"name":"21ESU0040U"},"geometry":{"type":"Point","coordinates":[-98.22221,19.050553]}},{"type":"Feature","properties":{"name":"21PSU1319A"},"geometry":{"type":"Point","coordinates":[-98.197495,19.04399]}},{"type":"Feature","properties":{"name":"21PSU1326K"},"geometry":{"type":"Point","coordinates":[-98.202714,19.079484]}},{"type":"Feature","properties":{"name":"21PSU1328I"},"geometry":{"type":"Point","coordinates":[-98.197495,19.04399]}},{"type":"Feature","properties":{"name":"21PSU1329H"},"geometry":{"type":"Point","coordinates":[-98.197495,19.04399]}},{"type":"Feature","properties":{"name":"21PSU1332V"},"geometry":{"type":"Point","coordinates":[-98.197495,19.04399]}},{"type":"Feature","properties":{"name":"21PSU1334T"},"geometry":{"type":"Point","coordinates":[-98.197495,19.04399]}},{"type":"Feature","properties":{"name":"21PSU1339O"},"geometry":{"type":"Point","coordinates":[-98.197495,19.04399]}},{"type":"Feature","properties":{"name":"21PSU1344Z"},"geometry":{"type":"Point","coordinates":[-98.197495,19.04399]}},{"type":"Feature","properties":{"name":"21PSU1351J"},"geometry":{"type":"Point","coordinates":[-98.197495,19.04399]}},{"type":"Feature","properties":{"name":"21PSU1355F"},"geometry":{"type":"Point","coordinates":[-98.197495,19.04399]}},{"type":"Feature","properties":{"name":"21PSU1358C"},"geometry":{"type":"Point","coordinates":[-98.197495,19.04399]}},{"type":"Feature","properties":{"name":"21PSU1101D"},"geometry":{"type":"Point","coordinates":[-98.214338,19.020074]}},{"type":"Feature","properties":{"name":"21PSU1116F"},"geometry":{"type":"Point","coordinates":[-98.20511,19.04192]}},{"type":"Feature","properties":{"name":"21PSU1130Z"},"geometry":{"type":"Point","coordinates":[-98.200896,19.040128]}},{"type":"Feature","properties":{"name":"21PSU1131Y"},"geometry":{"type":"Point","coordinates":[-98.200896,19.040128]}},{"type":"Feature","properties":{"name":"21PSU1261R"},"geometry":{"type":"Point","coordinates":[-98.197495,19.04399]}},{"type":"Feature","properties":{"name":"21PSU1262Q"},"geometry":{"type":"Point","coordinates":[-98.197495,19.04399]}},{"type":"Feature","properties":{"name":"21PSU1272X"},"geometry":{"type":"Point","coordinates":[-98.197495,19.04399]}},{"type":"Feature","properties":{"name":"21PSU1277S"},"geometry":{"type":"Point","coordinates":[-98.24927,19.052146]}},{"type":"Feature","properties":{"name":"21PSU1360R"},"geometry":{"type":"Point","coordinates":[-98.197495,19.04399]}},{"type":"Feature","properties":{"name":"21PSU0056A"},"geometry":{"type":"Point","coordinates":[-98.203099,19.037735]}},{"type":"Feature","properties":{"name":"21PSU1362P"},"geometry":{"type":"Point","coordinates":[-98.197495,19.04399]}},{"type":"Feature","properties":{"name":"21PSU1369I"},"geometry":{"type":"Point","coordinates":[-98.197495,19.04399]}},{"type":"Feature","properties":{"name":"21PSU1373V"},"geometry":{"type":"Point","coordinates":[-98.20455,19.04739]}},{"type":"Feature","properties":{"name":"21PSU1374U"},"geometry":{"type":"Point","coordinates":[-98.20455,19.04739]}},{"type":"Feature","properties":{"name":"21PSU0081Z"},"geometry":{"type":"Point","coordinates":[-98.213244,19.024446]}},{"type":"Feature","properties":{"name":"21PSU1004B"},"geometry":{"type":"Point","coordinates":[-98.202892,19.037144]}},{"type":"Feature","properties":{"name":"21PSU1022R"},"geometry":{"type":"Point","coordinates":[-98.214081,19.028215]}},{"type":"Feature","properties":{"name":"21PSU1038S"},"geometry":{"type":"Point","coordinates":[-98.188753,19.038415]}},{"type":"Feature","properties":{"name":"21PSU1090O"},"geometry":{"type":"Point","coordinates":[-98.20364,19.03937]}},{"type":"Feature","properties":{"name":"21ESU0005O"},"geometry":{"type":"Point","coordinates":[-98.22221,19.050553]}},{"type":"Feature","properties":{"name":"21PSU1131Y"},"geometry":{"type":"Point","coordinates":[-98.200896,19.040128]}},{"type":"Feature","properties":{"name":"21PSU1184C"},"geometry":{"type":"Point","coordinates":[-98.200142,19.029999]}},{"type":"Feature","properties":{"name":"21PSU1319A"},"geometry":{"type":"Point","coordinates":[-98.197495,19.04399]}},{"type":"Feature","properties":{"name":"21PSU0010F"},"geometry":{"type":"Point","coordinates":[-98.216062,19.048008]}},{"type":"Feature","properties":{"name":"21PSU6504E"},"geometry":{"type":"Point","coordinates":[-98.197495,19.04399]}},{"type":"Feature","properties":{"name":"21USU0012P"},"geometry":{"type":"Point","coordinates":[-98.214299,19.039512]}},{"type":"Feature","properties":{"name":"21PSU1381D"},"geometry":{"type":"Point","coordinates":[-98.197495,19.04399]}},{"type":"Feature","properties":{"name":"21PSU1463N"},"geometry":{"type":"Point","coordinates":[-98.197495,19.04399]}},{"type":"Feature","properties":{"name":"21PSU1470X"},"geometry":{"type":"Point","coordinates":[-98.2037,19.02819]}},{"type":"Feature","properties":{"name":"21PSU1473U"},"geometry":{"type":"Point","coordinates":[-98.197495,19.04399]}},{"type":"Feature","properties":{"name":"21PSU1474T"},"geometry":{"type":"Point","coordinates":[-98.197495,19.04399]}},{"type":"Feature","properties":{"name":"21PSU1481C"},"geometry":{"type":"Point","coordinates":[-98.197495,19.04399]}},{"type":"Feature","properties":{"name":"21PSU1487X"},"geometry":{"type":"Point","coordinates":[-98.232442,19.014145]}},{"type":"Feature","properties":{"name":"21PSU1494G"},"geometry":{"type":"Point","coordinates":[-98.24902,19.05102]}},{"type":"Feature","properties":{"name":"21PBT0190H"},"geometry":{"type":"Point","coordinates":[-98.196632,19.008439]}},{"type":"Feature","properties":{"name":"21PBT0202W"},"geometry":{"type":"Point","coordinates":[-98.204483,19.047353]}},{"type":"Feature","properties":{"name":"21PBT0224H"},"geometry":{"type":"Point","coordinates":[-98.205615,19.047072]}},{"type":"Feature","properties":{"name":"21PSU1202B"},"geometry":{"type":"Point","coordinates":[-98.211831,19.053109]}},{"type":"Feature","properties":{"name":"21PSU1203A"},"geometry":{"type":"Point","coordinates":[-98.211831,19.053109]}},{"type":"Feature","properties":{"name":"21PSU1204Z"},"geometry":{"type":"Point","coordinates":[-98.212072,19.053266]}},{"type":"Feature","properties":{"name":"21PSU1219B"},"geometry":{"type":"Point","coordinates":[-98.199798,19.051931]}},{"type":"Feature","properties":{"name":"21PSU1220R"},"geometry":{"type":"Point","coordinates":[-98.199798,19.051931]}},{"type":"Feature","properties":{"name":"21PBT0235N"},"geometry":{"type":"Point","coordinates":[-98.142214,19.038041]}},{"type":"Feature","properties":{"name":"21PBT0240Z"},"geometry":{"type":"Point","coordinates":[-98.148138,19.027601]}},{"type":"Feature","properties":{"name":"21PBT0346S"},"geometry":{"type":"Point","coordinates":[-98.218897,19.027538]}},{"type":"Feature","properties":{"name":"21PBT0366F"},"geometry":{"type":"Point","coordinates":[-98.213497,19.035668]}},{"type":"Feature","properties":{"name":"21PSU1227K"},"geometry":{"type":"Point","coordinates":[-98.207098,19.04659]}},{"type":"Feature","properties":{"name":"21PSU1282D"},"geometry":{"type":"Point","coordinates":[-98.22567,19.080419]}},{"type":"Feature","properties":{"name":"21PBT0367E"},"geometry":{"type":"Point","coordinates":[-98.201865,19.011912]}},{"type":"Feature","properties":{"name":"21PBT0374O"},"geometry":{"type":"Point","coordinates":[-98.218125,19.009574]}},{"type":"Feature","properties":{"name":"21PBT0379J"},"geometry":{"type":"Point","coordinates":[-98.197495,19.04399]}},{"type":"Feature","properties":{"name":"21PBT0393C"},"geometry":{"type":"Point","coordinates":[-98.197495,19.04399]}},{"type":"Feature","properties":{"name":"21ESU0052Z"},"geometry":{"type":"Point","coordinates":[-98.22417,19.066822]}},{"type":"Feature","properties":{"name":"21ESU0059S"},"geometry":{"type":"Point","coordinates":[-98.22417,19.066822]}},{"type":"Feature","properties":{"name":"21ESU0074K"},"geometry":{"type":"Point","coordinates":[-98.213497,19.067876]}},{"type":"Feature","properties":{"name":"21PSU1321P"},"geometry":{"type":"Point","coordinates":[-98.197495,19.04399]}},{"type":"Feature","properties":{"name":"21PSU1472V"},"geometry":{"type":"Point","coordinates":[-98.197495,19.04399]}},{"type":"Feature","properties":{"name":"21PBT0394B"},"geometry":{"type":"Point","coordinates":[-98.197495,19.04399]}},{"type":"Feature","properties":{"name":"21PBT0396Z"},"geometry":{"type":"Point","coordinates":[-98.197495,19.04399]}},{"type":"Feature","properties":{"name":"21PBT0398Y"},"geometry":{"type":"Point","coordinates":[-98.236001,19.070533]}},{"type":"Feature","properties":{"name":"21PBT0418V"},"geometry":{"type":"Point","coordinates":[-98.197495,19.04399]}},{"type":"Feature","properties":{"name":"21PBT0419U"},"geometry":{"type":"Point","coordinates":[-98.197495,19.04399]}},{"type":"Feature","properties":{"name":"21USU4643D"},"geometry":{"type":"Point","coordinates":[-98.21362,19.03801]}},{"type":"Feature","properties":{"name":"21USU4646A"},"geometry":{"type":"Point","coordinates":[-98.215007,19.030392]}},{"type":"Feature","properties":{"name":"21USU4651M"},"geometry":{"type":"Point","coordinates":[-98.205141,19.005771]}},{"type":"Feature","properties":{"name":"21USU4655I"},"geometry":{"type":"Point","coordinates":[-98.214299,19.039512]}},{"type":"Feature","properties":{"name":"21USU4656H"},"geometry":{"type":"Point","coordinates":[-98.195552,19.041817]}},{"type":"Feature","properties":{"name":"21PSU0001Y"},"geometry":{"type":"Point","coordinates":[-98.219806,19.051384]}},{"type":"Feature","properties":{"name":"21PBT0421I"},"geometry":{"type":"Point","coordinates":[-98.227126,19.103168]}},{"type":"Feature","properties":{"name":"21PBT0426D"},"geometry":{"type":"Point","coordinates":[-98.208755,19.034064]}},{"type":"Feature","properties":{"name":"21PBT0440X"},"geometry":{"type":"Point","coordinates":[-98.197495,19.04399]}},{"type":"Feature","properties":{"name":"21PSU4658U"},"geometry":{"type":"Point","coordinates":[-98.20322,19.034731]}},{"type":"Feature","properties":{"name":"21PSU6507B"},"geometry":{"type":"Point","coordinates":[-98.197495,19.04399]}},{"type":"Feature","properties":{"name":"21USU0030E"},"geometry":{"type":"Point","coordinates":[-98.24265,19.02217]}},{"type":"Feature","properties":{"name":"21PSU1005A"},"geometry":{"type":"Point","coordinates":[-98.197495,19.04399]}},{"type":"Feature","properties":{"name":"21PSU1099F"},"geometry":{"type":"Point","coordinates":[-98.208616,19.047589]}},{"type":"Feature","properties":{"name":"21PSU1155H"},"geometry":{"type":"Point","coordinates":[-98.197495,19.04399]}},{"type":"Feature","properties":{"name":"21PSU0036N"},"geometry":{"type":"Point","coordinates":[-98.21137,19.03076]}},{"type":"Feature","properties":{"name":"21PSU0148R"},"geometry":{"type":"Point","coordinates":[-98.208745,19.02911]}},{"type":"Feature","properties":{"name":"21PSU1058F"},"geometry":{"type":"Point","coordinates":[-98.184666,19.026728]}},{"type":"Feature","properties":{"name":"21PBT0446R"},"geometry":{"type":"Point","coordinates":[-98.197495,19.04399]}},{"type":"Feature","properties":{"name":"21PBT0449O"},"geometry":{"type":"Point","coordinates":[-98.197495,19.04399]}},{"type":"Feature","properties":{"name":"21PBT0456Y"},"geometry":{"type":"Point","coordinates":[-98.197495,19.04399]}},{"type":"Feature","properties":{"name":"21PBT0457X"},"geometry":{"type":"Point","coordinates":[-98.197495,19.04399]}},{"type":"Feature","properties":{"name":"21PSU1156G"},"geometry":{"type":"Point","coordinates":[-98.19071,19.05032]}},{"type":"Feature","properties":{"name":"21PSU1165O"},"geometry":{"type":"Point","coordinates":[-98.193136,19.015882]}},{"type":"Feature","properties":{"name":"21PSU1230Y"},"geometry":{"type":"Point","coordinates":[-98.213433,19.046229]}},{"type":"Feature","properties":{"name":"21PSU1306X"},"geometry":{"type":"Point","coordinates":[-98.197495,19.04399]}},{"type":"Feature","properties":{"name":"21PSU1330X"},"geometry":{"type":"Point","coordinates":[-98.197495,19.04399]}},{"type":"Feature","properties":{"name":"21PSU1333U"},"geometry":{"type":"Point","coordinates":[-98.197495,19.04399]}},{"type":"Feature","properties":{"name":"21PSU1341C"},"geometry":{"type":"Point","coordinates":[-98.197495,19.04399]}},{"type":"Feature","properties":{"name":"21PSU1354G"},"geometry":{"type":"Point","coordinates":[-98.197495,19.04399]}},{"type":"Feature","properties":{"name":"21PSU1366L"},"geometry":{"type":"Point","coordinates":[-98.197495,19.04399]}},{"type":"Feature","properties":{"name":"21PSU1093L"},"geometry":{"type":"Point","coordinates":[-98.221321,19.024863]}},{"type":"Feature","properties":{"name":"21PSU1191M"},"geometry":{"type":"Point","coordinates":[-98.197495,19.04399]}},{"type":"Feature","properties":{"name":"21PSU1201C"},"geometry":{"type":"Point","coordinates":[-98.197495,19.04399]}},{"type":"Feature","properties":{"name":"21PSU1287Z"},"geometry":{"type":"Point","coordinates":[-98.2113,19.04527]}},{"type":"Feature","properties":{"name":"21PBT0469B"},"geometry":{"type":"Point","coordinates":[-98.197495,19.04399]}},{"type":"Feature","properties":{"name":"21PBT0481X"},"geometry":{"type":"Point","coordinates":[-98.197495,19.04399]}},{"type":"Feature","properties":{"name":"21PBT0488Q"},"geometry":{"type":"Point","coordinates":[-98.197495,19.04399]}},{"type":"Feature","properties":{"name":"21PBT0490E"},"geometry":{"type":"Point","coordinates":[-98.197495,19.04399]}},{"type":"Feature","properties":{"name":"21USU4642E"},"geometry":{"type":"Point","coordinates":[-98.205141,19.005771]}},{"type":"Feature","properties":{"name":"21USU4646A"},"geometry":{"type":"Point","coordinates":[-98.215007,19.030392]}},{"type":"Feature","properties":{"name":"21USU4647Z"},"geometry":{"type":"Point","coordinates":[-98.195396,19.001486]}},{"type":"Feature","properties":{"name":"21USU4656H"},"geometry":{"type":"Point","coordinates":[-98.195552,19.041817]}},{"type":"Feature","properties":{"name":"21PSU1461P"},"geometry":{"type":"Point","coordinates":[-98.197495,19.04399]}},{"type":"Feature","properties":{"name":"21PSU1465L"},"geometry":{"type":"Point","coordinates":[-98.197495,19.04399]}},{"type":"Feature","properties":{"name":"21PSU1490K"},"geometry":{"type":"Point","coordinates":[-98.197495,19.04399]}},{"type":"Feature","properties":{"name":"21PSU1491J"},"geometry":{"type":"Point","coordinates":[-98.197495,19.04399]}},{"type":"Feature","properties":{"name":"21PSU1492I"},"geometry":{"type":"Point","coordinates":[-98.197495,19.04399]}},{"type":"Feature","properties":{"name":"21PSU1493H"},"geometry":{"type":"Point","coordinates":[-98.197495,19.04399]}},{"type":"Feature","properties":{"name":"21ESU0003Q"},"geometry":{"type":"Point","coordinates":[-98.22221,19.050553]}},{"type":"Feature","properties":{"name":"21ESU0004P"},"geometry":{"type":"Point","coordinates":[-98.22221,19.050553]}},{"type":"Feature","properties":{"name":"21ESU0046O"},"geometry":{"type":"Point","coordinates":[-98.197495,19.04399]}},{"type":"Feature","properties":{"name":"21PSU0010F"},"geometry":{"type":"Point","coordinates":[-98.216062,19.048008]}},{"type":"Feature","properties":{"name":"21PSU6504E"},"geometry":{"type":"Point","coordinates":[-98.197495,19.04399]}},{"type":"Feature","properties":{"name":"21PSU0004V"},"geometry":{"type":"Point","coordinates":[-98.202892,19.037144]}},{"type":"Feature","properties":{"name":"21PSU0056A"},"geometry":{"type":"Point","coordinates":[-98.203099,19.037735]}},{"type":"Feature","properties":{"name":"21PSU0152D"},"geometry":{"type":"Point","coordinates":[-98.202892,19.037144]}},{"type":"Feature","properties":{"name":"21PSU0059Y"},"geometry":{"type":"Point","coordinates":[-98.206612,19.005831]}},{"type":"Feature","properties":{"name":"21PBT0497Y"},"geometry":{"type":"Point","coordinates":[-98.197495,19.04399]}},{"type":"Feature","properties":{"name":"21PSU1497D"},"geometry":{"type":"Point","coordinates":[-98.201421,19.039445]}},{"type":"Feature","properties":{"name":"21PSU1498C"},"geometry":{"type":"Point","coordinates":[-98.197495,19.04399]}},{"type":"Feature","properties":{"name":"21PBT0500V"},"geometry":{"type":"Point","coordinates":[-98.197495,19.04399]}},{"type":"Feature","properties":{"name":"21PBT0500V"},"geometry":{"type":"Point","coordinates":[-98.197495,19.04399]}},{"type":"Feature","properties":{"name":"21PSU0041Z"},"geometry":{"type":"Point","coordinates":[-98.207459,19.050844]}},{"type":"Feature","properties":{"name":"21PSU1169K"},"geometry":{"type":"Point","coordinates":[-98.205535,19.038233]}},{"type":"Feature","properties":{"name":"21PSU0080A"},"geometry":{"type":"Point","coordinates":[-98.213244,19.024446]}},{"type":"Feature","properties":{"name":"21PSU1510H"},"geometry":{"type":"Point","coordinates":[-98.197495,19.04399]}},{"type":"Feature","properties":{"name":"21PSU1517A"},"geometry":{"type":"Point","coordinates":[-98.197495,19.04399]}},{"type":"Feature","properties":{"name":"21PSU1518Z"},"geometry":{"type":"Point","coordinates":[-98.197495,19.04399]}},{"type":"Feature","properties":{"name":"21PSU0138K"},"geometry":{"type":"Point","coordinates":[-98.142214,19.038041]}},{"type":"Feature","properties":{"name":"21PSU1129J"},"geometry":{"type":"Point","coordinates":[-98.200896,19.040128]}},{"type":"Feature","properties":{"name":"21PSU1133W"},"geometry":{"type":"Point","coordinates":[-98.193351,19.038304]}},{"type":"Feature","properties":{"name":"21PSU1143C"},"geometry":{"type":"Point","coordinates":[-98.204629,19.048676]}},{"type":"Feature","properties":{"name":"21PSU1522M"},"geometry":{"type":"Point","coordinates":[-98.197495,19.04399]}},{"type":"Feature","properties":{"name":"21PSU1524K"},"geometry":{"type":"Point","coordinates":[-98.197495,19.04399]}},{"type":"Feature","properties":{"name":"21PSU1525J"},"geometry":{"type":"Point","coordinates":[-98.197495,19.04399]}},{"type":"Feature","properties":{"name":"21PSU6513M"},"geometry":{"type":"Point","coordinates":[-98.197495,19.04399]}},{"type":"Feature","properties":{"name":"21USU0011Q"},"geometry":{"type":"Point","coordinates":[-98.205141,19.005771]}},{"type":"Feature","properties":{"name":"21USU0026S"},"geometry":{"type":"Point","coordinates":[-98.141003,19.0699]}},{"type":"Feature","properties":{"name":"21USU0030E"},"geometry":{"type":"Point","coordinates":[-98.24265,19.02217]}},{"type":"Feature","properties":{"name":"21USU0071E"},"geometry":{"type":"Point","coordinates":[-98.194376,19.044387]}},{"type":"Feature","properties":{"name":"21USU0073C"},"geometry":{"type":"Point","coordinates":[-98.205141,19.005771]}},{"type":"Feature","properties":{"name":"21USU0074B"},"geometry":{"type":"Point","coordinates":[-98.205141,19.005771]}},{"type":"Feature","properties":{"name":"21PBT0505Q"},"geometry":{"type":"Point","coordinates":[-98.197495,19.04399]}},{"type":"Feature","properties":{"name":"21PBT0506P"},"geometry":{"type":"Point","coordinates":[-98.197495,19.04399]}},{"type":"Feature","properties":{"name":"21PBT0507O"},"geometry":{"type":"Point","coordinates":[-98.197495,19.04399]}},{"type":"Feature","properties":{"name":"21RBT0200W"},"geometry":{"type":"Point","coordinates":[-98.197495,19.04399]}},{"type":"Feature","properties":{"name":"21PSU1184C"},"geometry":{"type":"Point","coordinates":[-98.200142,19.029999]}},{"type":"Feature","properties":{"name":"21PSU1188Z"},"geometry":{"type":"Point","coordinates":[-98.24245,18.995142]}},{"type":"Feature","properties":{"name":"21PSU1205Z"},"geometry":{"type":"Point","coordinates":[-98.208403,19.047114]}},{"type":"Feature","properties":{"name":"21PSU1226L"},"geometry":{"type":"Point","coordinates":[-98.207098,19.04659]}},{"type":"Feature","properties":{"name":"21PSU1246Z"},"geometry":{"type":"Point","coordinates":[-98.207098,19.04659]}},{"type":"Feature","properties":{"name":"21PSU1247Y"},"geometry":{"type":"Point","coordinates":[-98.207098,19.04659]}},{"type":"Feature","properties":{"name":"21USU1001Q"},"geometry":{"type":"Point","coordinates":[-98.205141,19.005771]}},{"type":"Feature","properties":{"name":"21USU1002P"},"geometry":{"type":"Point","coordinates":[-98.203736,19.005037]}},{"type":"Feature","properties":{"name":"21USU4642E"},"geometry":{"type":"Point","coordinates":[-98.205141,19.005771]}},{"type":"Feature","properties":{"name":"21USU4643D"},"geometry":{"type":"Point","coordinates":[-98.21362,19.03801]}},{"type":"Feature","properties":{"name":"21USU4644C"},"geometry":{"type":"Point","coordinates":[-98.205141,19.005771]}},{"type":"Feature","properties":{"name":"21USU4645B"},"geometry":{"type":"Point","coordinates":[-98.199849,19.003301]}},{"type":"Feature","properties":{"name":"21USU4646A"},"geometry":{"type":"Point","coordinates":[-98.215007,19.030392]}},{"type":"Feature","properties":{"name":"21USU4647Z"},"geometry":{"type":"Point","coordinates":[-98.195396,19.001486]}},{"type":"Feature","properties":{"name":"21USU4648Z"},"geometry":{"type":"Point","coordinates":[-98.21447,19.03949]}},{"type":"Feature","properties":{"name":"21USU4649Y"},"geometry":{"type":"Point","coordinates":[-98.205141,19.005771]}},{"type":"Feature","properties":{"name":"21USU4650N"},"geometry":{"type":"Point","coordinates":[-98.205141,19.005771]}},{"type":"Feature","properties":{"name":"21USU4651M"},"geometry":{"type":"Point","coordinates":[-98.205141,19.005771]}},{"type":"Feature","properties":{"name":"21USU4652L"},"geometry":{"type":"Point","coordinates":[-98.205141,19.005771]}},{"type":"Feature","properties":{"name":"21USU4653K"},"geometry":{"type":"Point","coordinates":[-98.19624,19.04317]}},{"type":"Feature","properties":{"name":"21PSU1263P"},"geometry":{"type":"Point","coordinates":[-98.197495,19.04399]}},{"type":"Feature","properties":{"name":"21PSU1264O"},"geometry":{"type":"Point","coordinates":[-98.197495,19.04399]}},{"type":"Feature","properties":{"name":"21PSU1270Z"},"geometry":{"type":"Point","coordinates":[-98.197495,19.04399]}},{"type":"Feature","properties":{"name":"21USU4654J"},"geometry":{"type":"Point","coordinates":[-98.1967,19.04353]}},{"type":"Feature","properties":{"name":"21USU4655I"},"geometry":{"type":"Point","coordinates":[-98.214299,19.039512]}},{"type":"Feature","properties":{"name":"21USU4656H"},"geometry":{"type":"Point","coordinates":[-98.195552,19.041817]}},{"type":"Feature","properties":{"name":"21USU5175H"},"geometry":{"type":"Point","coordinates":[-98.205141,19.005771]}},{"type":"Feature","properties":{"name":"21PSU0001Y"},"geometry":{"type":"Point","coordinates":[-98.219806,19.051384]}},{"type":"Feature","properties":{"name":"21PSU9996B"},"geometry":{"type":"Point","coordinates":[-98.214338,19.020074]}},{"type":"Feature","properties":{"name":"21PSU9998Z"},"geometry":{"type":"Point","coordinates":[-98.214338,19.020074]}},{"type":"Feature","properties":{"name":"21PSU0076O"},"geometry":{"type":"Point","coordinates":[-98.213244,19.024446]}},{"type":"Feature","properties":{"name":"21PSU0077N"},"geometry":{"type":"Point","coordinates":[-98.213244,19.024446]}},{"type":"Feature","properties":{"name":"21PSU6505D"},"geometry":{"type":"Point","coordinates":[-98.197495,19.04399]}},{"type":"Feature","properties":{"name":"21PSU6506C"},"geometry":{"type":"Point","coordinates":[-98.197495,19.04399]}},{"type":"Feature","properties":{"name":"21PSU1038S"},"geometry":{"type":"Point","coordinates":[-98.188753,19.038415]}},{"type":"Feature","properties":{"name":"21PSU1116F"},"geometry":{"type":"Point","coordinates":[-98.20511,19.04192]}},{"type":"Feature","properties":{"name":"21PSU1133W"},"geometry":{"type":"Point","coordinates":[-98.193351,19.038304]}},{"type":"Feature","properties":{"name":"21PSU1118D"},"geometry":{"type":"Point","coordinates":[-98.187878,19.037978]}},{"type":"Feature","properties":{"name":"21PSU1149X"},"geometry":{"type":"Point","coordinates":[-98.18436,19.04768]}},{"type":"Feature","properties":{"name":"21PSU1232W"},"geometry":{"type":"Point","coordinates":[-98.204486,19.045543]}},{"type":"Feature","properties":{"name":"21PSU1237R"},"geometry":{"type":"Point","coordinates":[-98.2023,19.0447]}},{"type":"Feature","properties":{"name":"21PSU0081Z"},"geometry":{"type":"Point","coordinates":[-98.213244,19.024446]}},{"type":"Feature","properties":{"name":"21PSU0016Z"},"geometry":{"type":"Point","coordinates":[-98.20079,19.03956]}},{"type":"Feature","properties":{"name":"21PSU0041Z"},"geometry":{"type":"Point","coordinates":[-98.207459,19.050844]}},{"type":"Feature","properties":{"name":"21PSU1202B"},"geometry":{"type":"Point","coordinates":[-98.211831,19.053109]}},{"type":"Feature","properties":{"name":"21PSU1203A"},"geometry":{"type":"Point","coordinates":[-98.211831,19.053109]}},{"type":"Feature","properties":{"name":"21PSU0004V"},"geometry":{"type":"Point","coordinates":[-98.202892,19.037144]}},{"type":"Feature","properties":{"name":"21PSU0152D"},"geometry":{"type":"Point","coordinates":[-98.202892,19.037144]}},{"type":"Feature","properties":{"name":"21USU0011Q"},"geometry":{"type":"Point","coordinates":[-98.205141,19.005771]}},{"type":"Feature","properties":{"name":"21USU0026S"},"geometry":{"type":"Point","coordinates":[-98.141003,19.0699]}},{"type":"Feature","properties":{"name":"21PSU1204Z"},"geometry":{"type":"Point","coordinates":[-98.212072,19.053266]}},{"type":"Feature","properties":{"name":"21DUP0001W"},"geometry":{"type":"Point","coordinates":[-98.239984,18.981743]}},{"type":"Feature","properties":{"name":"21PSU4658U"},"geometry":{"type":"Point","coordinates":[-98.20322,19.034731]}},{"type":"Feature","properties":{"name":"21PSU0740T"},"geometry":{"type":"Point","coordinates":[-98.209629,19.048327]}},{"type":"Feature","properties":{"name":"21PSU0019X"},"geometry":{"type":"Point","coordinates":[-98.208192,19.027459]}},{"type":"Feature","properties":{"name":"21PSU4660I"},"geometry":{"type":"Point","coordinates":[-98.208192,19.027459]}},{"type":"Feature","properties":{"name":"21DIT0001N"},"geometry":{"type":"Point","coordinates":[-98.168678,19.067393]}},{"type":"Feature","properties":{"name":"21USU0073C"},"geometry":{"type":"Point","coordinates":[-98.205141,19.005771]}},{"type":"Feature","properties":{"name":"21USU1002P"},"geometry":{"type":"Point","coordinates":[-98.203736,19.005037]}},{"type":"Feature","properties":{"name":"21USU4642E"},"geometry":{"type":"Point","coordinates":[-98.205141,19.005771]}},{"type":"Feature","properties":{"name":"21USU4645B"},"geometry":{"type":"Point","coordinates":[-98.199849,19.003301]}},{"type":"Feature","properties":{"name":"21USU4650N"},"geometry":{"type":"Point","coordinates":[-98.205141,19.005771]}},{"type":"Feature","properties":{"name":"21USU4651M"},"geometry":{"type":"Point","coordinates":[-98.205141,19.005771]}},{"type":"Feature","properties":{"name":"21USU4652L"},"geometry":{"type":"Point","coordinates":[-98.205141,19.005771]}},{"type":"Feature","properties":{"name":"21PSU1284B"},"geometry":{"type":"Point","coordinates":[-98.22567,19.080419]}},{"type":"Feature","properties":{"name":"21PSU1312H"},"geometry":{"type":"Point","coordinates":[-98.197495,19.04399]}},{"type":"Feature","properties":{"name":"21PSU1364N"},"geometry":{"type":"Point","coordinates":[-98.20561,19.04244]}},{"type":"Feature","properties":{"name":"21PSU1460Q"},"geometry":{"type":"Point","coordinates":[-98.197495,19.04399]}},{"type":"Feature","properties":{"name":"21PSU1462O"},"geometry":{"type":"Point","coordinates":[-98.197495,19.04399]}},{"type":"Feature","properties":{"name":"21PSU1495F"},"geometry":{"type":"Point","coordinates":[-98.201421,19.039445]}},{"type":"Feature","properties":{"name":"21PSU1496E"},"geometry":{"type":"Point","coordinates":[-98.197495,19.04399]}},{"type":"Feature","properties":{"name":"21PSU6504E"},"geometry":{"type":"Point","coordinates":[-98.197495,19.04399]}},{"type":"Feature","properties":{"name":"21PSU6505D"},"geometry":{"type":"Point","coordinates":[-98.197495,19.04399]}},{"type":"Feature","properties":{"name":"21USU4653K"},"geometry":{"type":"Point","coordinates":[-98.19624,19.04317]}},{"type":"Feature","properties":{"name":"21USU4654J"},"geometry":{"type":"Point","coordinates":[-98.1967,19.04353]}},{"type":"Feature","properties":{"name":"21USU5175H"},"geometry":{"type":"Point","coordinates":[-98.205141,19.005771]}},{"type":"Feature","properties":{"name":"21PSU9998Z"},"geometry":{"type":"Point","coordinates":[-98.214338,19.020074]}},{"type":"Feature","properties":{"name":"21PSU0016Z"},"geometry":{"type":"Point","coordinates":[-98.20079,19.03956]}},{"type":"Feature","properties":{"name":"21DUP0001W"},"geometry":{"type":"Point","coordinates":[-98.239984,18.981743]}},{"type":"Feature","properties":{"name":"21PSU0152D"},"geometry":{"type":"Point","coordinates":[-98.202892,19.037144]}},{"type":"Feature","properties":{"name":"21PSU6506C"},"geometry":{"type":"Point","coordinates":[-98.197495,19.04399]}},{"type":"Feature","properties":{"name":"21PSU9996B"},"geometry":{"type":"Point","coordinates":[-98.214338,19.020074]}},{"type":"Feature","properties":{"name":"21PSU9998Z"},"geometry":{"type":"Point","coordinates":[-98.214338,19.020074]}},{"type":"Feature","properties":{"name":"21USU0071E"},"geometry":{"type":"Point","coordinates":[-98.194376,19.044387]}},{"type":"Feature","properties":{"name":"21USU0074B"},"geometry":{"type":"Point","coordinates":[-98.205141,19.005771]}},{"type":"Feature","properties":{"name":"21USU4655I"},"geometry":{"type":"Point","coordinates":[-98.214299,19.039512]}},{"type":"Feature","properties":{"name":"21PSU6505D"},"geometry":{"type":"Point","coordinates":[-98.197495,19.04399]}},{"type":"Feature","properties":{"name":"21PSU1213H"},"geometry":{"type":"Point","coordinates":[-98.197495,19.04399]}},{"type":"Feature","properties":{"name":"21ESU0042S"},"geometry":{"type":"Point","coordinates":[-98.203573,19.048816]}},{"type":"Feature","properties":{"name":"21PSU6506C"},"geometry":{"type":"Point","coordinates":[-98.197495,19.04399]}},{"type":"Feature","properties":{"name":"21PSU6507B"},"geometry":{"type":"Point","coordinates":[-98.197495,19.04399]}},{"type":"Feature","properties":{"name":"21PSU1365M"},"geometry":{"type":"Point","coordinates":[-98.197495,19.04399]}},{"type":"Feature","properties":{"name":"21PSU0141Y"},"geometry":{"type":"Point","coordinates":[-98.190225,19.030167]}},{"type":"Feature","properties":{"name":"21PSU1240E"},"geometry":{"type":"Point","coordinates":[-98.212967,19.063669]}},{"type":"Feature","properties":{"name":"21ESU0042S"},"geometry":{"type":"Point","coordinates":[-98.203573,19.048816]}},{"type":"Feature","properties":{"name":"21PSU6507B"},"geometry":{"type":"Point","coordinates":[-98.197495,19.04399]}},{"type":"Feature","properties":{"name":"21PSU0121K"},"geometry":{"type":"Point","coordinates":[-98.23547,18.968126]}},{"type":"Feature","properties":{"name":"21PSU0041Z"},"geometry":{"type":"Point","coordinates":[-98.207459,19.050844]}},{"type":"Feature","properties":{"name":"21PSU1202B"},"geometry":{"type":"Point","coordinates":[-98.211831,19.053109]}},{"type":"Feature","properties":{"name":"21PSU1203A"},"geometry":{"type":"Point","coordinates":[-98.211831,19.053109]}},{"type":"Feature","properties":{"name":"21PSU0152D"},"geometry":{"type":"Point","coordinates":[-98.202892,19.037144]}},{"type":"Feature","properties":{"name":"21PSU0041Z"},"geometry":{"type":"Point","coordinates":[-98.207459,19.050844]}},{"type":"Feature","properties":{"name":"21PSU1202B"},"geometry":{"type":"Point","coordinates":[-98.211831,19.053109]}},{"type":"Feature","properties":{"name":"21PSU1038S"},"geometry":{"type":"Point","coordinates":[-98.188753,19.038415]}},{"type":"Feature","properties":{"name":"21PSU1149X"},"geometry":{"type":"Point","coordinates":[-98.18436,19.04768]}},{"type":"Feature","properties":{"name":"21PSU1365M"},"geometry":{"type":"Point","coordinates":[-98.197495,19.04399]}},{"type":"Feature","properties":{"name":"21PSU1022R"},"geometry":{"type":"Point","coordinates":[-98.214081,19.028215]}},{"type":"Feature","properties":{"name":"21PSU0141Y"},"geometry":{"type":"Point","coordinates":[-98.190225,19.030167]}},{"type":"Feature","properties":{"name":"21PSU0143W"},"geometry":{"type":"Point","coordinates":[-98.190225,19.030167]}},{"type":"Feature","properties":{"name":"21PSU0148R"},"geometry":{"type":"Point","coordinates":[-98.208745,19.02911]}},{"type":"Feature","properties":{"name":"21PSU1046A"},"geometry":{"type":"Point","coordinates":[-98.204483,19.047353]}},{"type":"Feature","properties":{"name":"21PSU1054J"},"geometry":{"type":"Point","coordinates":[-98.204679,18.996919]}},{"type":"Feature","properties":{"name":"21PSU1056H"},"geometry":{"type":"Point","coordinates":[-98.204679,18.996919]}},{"type":"Feature","properties":{"name":"21PSU1346Y"},"geometry":{"type":"Point","coordinates":[-98.197495,19.04399]}},{"type":"Feature","properties":{"name":"21PSU1060U"},"geometry":{"type":"Point","coordinates":[-98.192554,19.040023]}},{"type":"Feature","properties":{"name":"21PSU1093L"},"geometry":{"type":"Point","coordinates":[-98.221321,19.024863]}},{"type":"Feature","properties":{"name":"21PSU1153J"},"geometry":{"type":"Point","coordinates":[-98.225699,19.042811]}},{"type":"Feature","properties":{"name":"21PSU1238Q"},"geometry":{"type":"Point","coordinates":[-98.194294,19.006563]}},{"type":"Feature","properties":{"name":"21PSU1207X"},"geometry":{"type":"Point","coordinates":[-98.185776,19.041746]}},{"type":"Feature","properties":{"name":"21PSU1209V"},"geometry":{"type":"Point","coordinates":[-98.185776,19.041746]}},{"type":"Feature","properties":{"name":"21PSU1204Z"},"geometry":{"type":"Point","coordinates":[-98.212072,19.053266]}},{"type":"Feature","properties":{"name":"21DUP0001W"},"geometry":{"type":"Point","coordinates":[-98.239984,18.981743]}},{"type":"Feature","properties":{"name":"21PSU1212I"},"geometry":{"type":"Point","coordinates":[-98.197495,19.04399]}},{"type":"Feature","properties":{"name":"21PSU1227K"},"geometry":{"type":"Point","coordinates":[-98.207098,19.04659]}},{"type":"Feature","properties":{"name":"21PSU1091N"},"geometry":{"type":"Point","coordinates":[-98.20415,19.046201]}},{"type":"Feature","properties":{"name":"21FUA0128Y"},"geometry":{"type":"Point","coordinates":[-98.197495,19.04399]}},{"type":"Feature","properties":{"name":"21FUA0129X"},"geometry":{"type":"Point","coordinates":[-98.197495,19.04399]}},{"type":"Feature","properties":{"name":"21PSU1104A"},"geometry":{"type":"Point","coordinates":[-98.204679,18.996919]}},{"type":"Feature","properties":{"name":"21PSU1355F"},"geometry":{"type":"Point","coordinates":[-98.197495,19.04399]}},{"type":"Feature","properties":{"name":"21PSU1060U"},"geometry":{"type":"Point","coordinates":[-98.192554,19.040023]}},{"type":"Feature","properties":{"name":"21PSU0140Z"},"geometry":{"type":"Point","coordinates":[-98.2207,19.05756]}},{"type":"Feature","properties":{"name":"21PSU6505D"},"geometry":{"type":"Point","coordinates":[-98.197495,19.04399]}},{"type":"Feature","properties":{"name":"21PSU1038S"},"geometry":{"type":"Point","coordinates":[-98.188753,19.038415]}},{"type":"Feature","properties":{"name":"21PSU1130Z"},"geometry":{"type":"Point","coordinates":[-98.200896,19.040128]}},{"type":"Feature","properties":{"name":"21PSU1226L"},"geometry":{"type":"Point","coordinates":[-98.207098,19.04659]}},{"type":"Feature","properties":{"name":"21PSU1227K"},"geometry":{"type":"Point","coordinates":[-98.207098,19.04659]}},{"type":"Feature","properties":{"name":"21PSU1246Z"},"geometry":{"type":"Point","coordinates":[-98.207098,19.04659]}},{"type":"Feature","properties":{"name":"21PSU1240E"},"geometry":{"type":"Point","coordinates":[-98.212967,19.063669]}},{"type":"Feature","properties":{"name":"21PSU1263P"},"geometry":{"type":"Point","coordinates":[-98.197495,19.04399]}},{"type":"Feature","properties":{"name":"21PSU1495F"},"geometry":{"type":"Point","coordinates":[-98.201421,19.039445]}},{"type":"Feature","properties":{"name":"21PSU6507B"},"geometry":{"type":"Point","coordinates":[-98.197495,19.04399]}},{"type":"Feature","properties":{"name":"21PSU1304Z"},"geometry":{"type":"Point","coordinates":[-98.203222,19.034732]}},{"type":"Feature","properties":{"name":"21PSU1347X"},"geometry":{"type":"Point","coordinates":[-98.197495,19.04399]}},{"type":"Feature","properties":{"name":"21PSU0041Z"},"geometry":{"type":"Point","coordinates":[-98.207459,19.050844]}},{"type":"Feature","properties":{"name":"21PSU6505D"},"geometry":{"type":"Point","coordinates":[-98.197495,19.04399]}},{"type":"Feature","properties":{"name":"21PSU1131Y"},"geometry":{"type":"Point","coordinates":[-98.200896,19.040128]}},{"type":"Feature","properties":{"name":"21PSU0142X"},"geometry":{"type":"Point","coordinates":[-98.190225,19.030167]}},{"type":"Feature","properties":{"name":"21PSU1364N"},"geometry":{"type":"Point","coordinates":[-98.20561,19.04244]}},{"type":"Feature","properties":{"name":"21ESU0004P"},"geometry":{"type":"Point","coordinates":[-98.22221,19.050553]}},{"type":"Feature","properties":{"name":"21ESU0006N"},"geometry":{"type":"Point","coordinates":[-98.22221,19.050553]}},{"type":"Feature","properties":{"name":"21PSU1079S"},"geometry":{"type":"Point","coordinates":[-98.151319,19.047512]}},{"type":"Feature","properties":{"name":"21PSU1079S"},"geometry":{"type":"Point","coordinates":[-98.151319,19.047512]}},{"type":"Feature","properties":{"name":"21PSU1093L"},"geometry":{"type":"Point","coordinates":[-98.221321,19.024863]}},{"type":"Feature","properties":{"name":"21PSU1115G"},"geometry":{"type":"Point","coordinates":[-98.19948,19.03412]}},{"type":"Feature","properties":{"name":"21PSU1152K"},"geometry":{"type":"Point","coordinates":[-98.225699,19.042811]}},{"type":"Feature","properties":{"name":"21PSU1153J"},"geometry":{"type":"Point","coordinates":[-98.225699,19.042811]}},{"type":"Feature","properties":{"name":"21PSU1238Q"},"geometry":{"type":"Point","coordinates":[-98.194294,19.006563]}},{"type":"Feature","properties":{"name":"21PSU1158E"},"geometry":{"type":"Point","coordinates":[-98.19071,19.05032]}},{"type":"Feature","properties":{"name":"21PSU1090O"},"geometry":{"type":"Point","coordinates":[-98.20364,19.03937]}},{"type":"Feature","properties":{"name":"21PSU1091N"},"geometry":{"type":"Point","coordinates":[-98.20415,19.046201]}},{"type":"Feature","properties":{"name":"21PSU1093L"},"geometry":{"type":"Point","coordinates":[-98.221321,19.024863]}},{"type":"Feature","properties":{"name":"21PSU1176U"},"geometry":{"type":"Point","coordinates":[-98.21651,19.05051]}},{"type":"Feature","properties":{"name":"21PSU1177T"},"geometry":{"type":"Point","coordinates":[-98.14474,19.038159]}},{"type":"Feature","properties":{"name":"21PSU1179R"},"geometry":{"type":"Point","coordinates":[-98.14474,19.038159]}},{"type":"Feature","properties":{"name":"21PSU1186A"},"geometry":{"type":"Point","coordinates":[-98.229037,19.055406]}},{"type":"Feature","properties":{"name":"21PSU1188Z"},"geometry":{"type":"Point","coordinates":[-98.24245,18.995142]}},{"type":"Feature","properties":{"name":"21PSU1176U"},"geometry":{"type":"Point","coordinates":[-98.21651,19.05051]}},{"type":"Feature","properties":{"name":"21PSU1183D"},"geometry":{"type":"Point","coordinates":[-98.21219,19.00449]}},{"type":"Feature","properties":{"name":"21PSU1184C"},"geometry":{"type":"Point","coordinates":[-98.200142,19.029999]}},{"type":"Feature","properties":{"name":"21PSU1188Z"},"geometry":{"type":"Point","coordinates":[-98.24245,18.995142]}},{"type":"Feature","properties":{"name":"21PSU1192L"},"geometry":{"type":"Point","coordinates":[-98.225552,19.053201]}},{"type":"Feature","properties":{"name":"21PSU1212I"},"geometry":{"type":"Point","coordinates":[-98.197495,19.04399]}},{"type":"Feature","properties":{"name":"21PSU1316D"},"geometry":{"type":"Point","coordinates":[-98.197495,19.04399]}},{"type":"Feature","properties":{"name":"21PSU1319A"},"geometry":{"type":"Point","coordinates":[-98.197495,19.04399]}},{"type":"Feature","properties":{"name":"21DDI0002V"},"geometry":{"type":"Point","coordinates":[-98.16417,19.053324]}},{"type":"Feature","properties":{"name":"21DDI0006R"},"geometry":{"type":"Point","coordinates":[-98.209014,19.074649]}},{"type":"Feature","properties":{"name":"21PSU1191M"},"geometry":{"type":"Point","coordinates":[-98.197495,19.04399]}},{"type":"Feature","properties":{"name":"21PSU1194J"},"geometry":{"type":"Point","coordinates":[-98.197495,19.04399]}},{"type":"Feature","properties":{"name":"21PSU1201C"},"geometry":{"type":"Point","coordinates":[-98.197495,19.04399]}},{"type":"Feature","properties":{"name":"21PSU1207X"},"geometry":{"type":"Point","coordinates":[-98.185776,19.041746]}},{"type":"Feature","properties":{"name":"21PSU1209V"},"geometry":{"type":"Point","coordinates":[-98.185776,19.041746]}},{"type":"Feature","properties":{"name":"21PSU1250L"},"geometry":{"type":"Point","coordinates":[-98.185776,19.041746]}},{"type":"Feature","properties":{"name":"21PSU1264O"},"geometry":{"type":"Point","coordinates":[-98.197495,19.04399]}},{"type":"Feature","properties":{"name":"21PSU1282D"},"geometry":{"type":"Point","coordinates":[-98.22567,19.080419]}},{"type":"Feature","properties":{"name":"21PSU1283C"},"geometry":{"type":"Point","coordinates":[-98.22567,19.080419]}},{"type":"Feature","properties":{"name":"21PSU1284B"},"geometry":{"type":"Point","coordinates":[-98.22567,19.080419]}},{"type":"Feature","properties":{"name":"21PSU1313G"},"geometry":{"type":"Point","coordinates":[-98.197495,19.04399]}},{"type":"Feature","properties":{"name":"21PSU1316D"},"geometry":{"type":"Point","coordinates":[-98.197495,19.04399]}},{"type":"Feature","properties":{"name":"21PSU1319A"},"geometry":{"type":"Point","coordinates":[-98.197495,19.04399]}},{"type":"Feature","properties":{"name":"21PSU1337Q"},"geometry":{"type":"Point","coordinates":[-98.197495,19.04399]}},{"type":"Feature","properties":{"name":"21PSU1340D"},"geometry":{"type":"Point","coordinates":[-98.197495,19.04399]}},{"type":"Feature","properties":{"name":"21PSU1471W"},"geometry":{"type":"Point","coordinates":[-98.19006,19.04883]}},{"type":"Feature","properties":{"name":"21PSU1472V"},"geometry":{"type":"Point","coordinates":[-98.197495,19.04399]}},{"type":"Feature","properties":{"name":"21EDI0019U"},"geometry":{"type":"Point","coordinates":[-98.197495,19.04399]}},{"type":"Feature","properties":{"name":"21NDI0002B"},"geometry":{"type":"Point","coordinates":[-98.20597,19.069325]}},{"type":"Feature","properties":{"name":"21NDI0007X"},"geometry":{"type":"Point","coordinates":[-98.197495,19.04399]}},{"type":"Feature","properties":{"name":"21NDI0009V"},"geometry":{"type":"Point","coordinates":[-98.197495,19.04399]}},{"type":"Feature","properties":{"name":"21NDI0017D"},"geometry":{"type":"Point","coordinates":[-98.199133,19.035913]}},{"type":"Feature","properties":{"name":"21NDI0022P"},"geometry":{"type":"Point","coordinates":[-98.197495,19.04399]}},{"type":"Feature","properties":{"name":"21PSU1287Z"},"geometry":{"type":"Point","coordinates":[-98.2113,19.04527]}},{"type":"Feature","properties":{"name":"21PSU1290M"},"geometry":{"type":"Point","coordinates":[-98.243058,19.022048]}},{"type":"Feature","properties":{"name":"21FUA0131L"},"geometry":{"type":"Point","coordinates":[-98.197495,19.04399]}},{"type":"Feature","properties":{"name":"21FUA0132K"},"geometry":{"type":"Point","coordinates":[-98.197495,19.04399]}},{"type":"Feature","properties":{"name":"21FUA0133J"},"geometry":{"type":"Point","coordinates":[-98.197495,19.04399]}},{"type":"Feature","properties":{"name":"21PSU1334T"},"geometry":{"type":"Point","coordinates":[-98.197495,19.04399]}},{"type":"Feature","properties":{"name":"21PSU1338P"},"geometry":{"type":"Point","coordinates":[-98.24902,19.05102]}},{"type":"Feature","properties":{"name":"21PSU1349V"},"geometry":{"type":"Point","coordinates":[-98.197495,19.04399]}},{"type":"Feature","properties":{"name":"21PSU1347X"},"geometry":{"type":"Point","coordinates":[-98.197495,19.04399]}},{"type":"Feature","properties":{"name":"21PSU1357D"},"geometry":{"type":"Point","coordinates":[-98.197495,19.04399]}},{"type":"Feature","properties":{"name":"21PSU1372W"},"geometry":{"type":"Point","coordinates":[-98.215389,19.033111]}},{"type":"Feature","properties":{"name":"21PSU1463N"},"geometry":{"type":"Point","coordinates":[-98.197495,19.04399]}},{"type":"Feature","properties":{"name":"21PSU0028E"},"geometry":{"type":"Point","coordinates":[-98.209585,19.046547]}},{"type":"Feature","properties":{"name":"21ENL0013U"},"geometry":{"type":"Point","coordinates":[-98.224397,19.065011]}},{"type":"Feature","properties":{"name":"21NDI0027K"},"geometry":{"type":"Point","coordinates":[-98.197495,19.04399]}},{"type":"Feature","properties":{"name":"21NDI0028J"},"geometry":{"type":"Point","coordinates":[-98.197495,19.04399]}},{"type":"Feature","properties":{"name":"21NDI0029I"},"geometry":{"type":"Point","coordinates":[-98.197495,19.04399]}},{"type":"Feature","properties":{"name":"21NDI0031X"},"geometry":{"type":"Point","coordinates":[-98.197495,19.04399]}},{"type":"Feature","properties":{"name":"21NDI0033V"},"geometry":{"type":"Point","coordinates":[-98.197495,19.04399]}},{"type":"Feature","properties":{"name":"21NDI0034U"},"geometry":{"type":"Point","coordinates":[-98.197495,19.04399]}},{"type":"Feature","properties":{"name":"21NDI0036S"},"geometry":{"type":"Point","coordinates":[-98.231863,19.061517]}},{"type":"Feature","properties":{"name":"21PUS1490K"},"geometry":{"type":"Point","coordinates":[-98.197495,19.04399]}},{"type":"Feature","properties":{"name":"21PSU0028E"},"geometry":{"type":"Point","coordinates":[-98.209585,19.046547]}},{"type":"Feature","properties":{"name":"21NDI0040E"},"geometry":{"type":"Point","coordinates":[-98.197495,19.04399]}},{"type":"Feature","properties":{"name":"21NDI0048X"},"geometry":{"type":"Point","coordinates":[-98.197495,19.04399]}},{"type":"Feature","properties":{"name":"21DJN2514E"},"geometry":{"type":"Point","coordinates":[-98.197495,19.04399]}},{"type":"Feature","properties":{"name":"21EJN0348I"},"geometry":{"type":"Point","coordinates":[-98.175159,19.072888]}},{"type":"Feature","properties":{"name":"21EJN0570I"},"geometry":{"type":"Point","coordinates":[-98.215343,18.998027]}},{"type":"Feature","properties":{"name":"21NDI0049W"},"geometry":{"type":"Point","coordinates":[-98.197495,19.04399]}},{"type":"Feature","properties":{"name":"21NDI0050L"},"geometry":{"type":"Point","coordinates":[-98.197495,19.04399]}},{"type":"Feature","properties":{"name":"21NDI0051K"},"geometry":{"type":"Point","coordinates":[-98.197495,19.04399]}},{"type":"Feature","properties":{"name":"21NDI0052J"},"geometry":{"type":"Point","coordinates":[-98.197495,19.04399]}},{"type":"Feature","properties":{"name":"21NDI0053I"},"geometry":{"type":"Point","coordinates":[-98.197495,19.04399]}},{"type":"Feature","properties":{"name":"21NDI0054H"},"geometry":{"type":"Point","coordinates":[-98.197495,19.04399]}},{"type":"Feature","properties":{"name":"21EJN1263I"},"geometry":{"type":"Point","coordinates":[-98.238143,18.994639]}},{"type":"Feature","properties":{"name":"21NJN0409N"},"geometry":{"type":"Point","coordinates":[-98.197495,19.04399]}},{"type":"Feature","properties":{"name":"21NJN0410C"},"geometry":{"type":"Point","coordinates":[-98.197495,19.04399]}},{"type":"Feature","properties":{"name":"21NJN0411B"},"geometry":{"type":"Point","coordinates":[-98.197495,19.04399]}},{"type":"Feature","properties":{"name":"21NDI0057E"},"geometry":{"type":"Point","coordinates":[-98.197495,19.04399]}},{"type":"Feature","properties":{"name":"21NDI0058D"},"geometry":{"type":"Point","coordinates":[-98.197495,19.04399]}},{"type":"Feature","properties":{"name":"21PDI0006W"},"geometry":{"type":"Point","coordinates":[-98.197495,19.04399]}},{"type":"Feature","properties":{"name":"21PDI0013F"},"geometry":{"type":"Point","coordinates":[-98.197495,19.04399]}},{"type":"Feature","properties":{"name":"21PDI0028H"},"geometry":{"type":"Point","coordinates":[-98.261317,18.970316]}},{"type":"Feature","properties":{"name":"21SDI0001Y"},"geometry":{"type":"Point","coordinates":[-98.197495,19.04399]}},{"type":"Feature","properties":{"name":"21UDI0001M"},"geometry":{"type":"Point","coordinates":[-98.197495,19.04399]}},{"type":"Feature","properties":{"name":"21NJN0413Z"},"geometry":{"type":"Point","coordinates":[-98.197495,19.04399]}},{"type":"Feature","properties":{"name":"21NJN0414Z"},"geometry":{"type":"Point","coordinates":[-98.197495,19.04399]}},{"type":"Feature","properties":{"name":"21NJN0415Y"},"geometry":{"type":"Point","coordinates":[-98.197495,19.04399]}},{"type":"Feature","properties":{"name":"21NJN0417W"},"geometry":{"type":"Point","coordinates":[-98.197495,19.04399]}},{"type":"Feature","properties":{"name":"21NJN0425E"},"geometry":{"type":"Point","coordinates":[-98.197495,19.04399]}},{"type":"Feature","properties":{"name":"21NJN0426D"},"geometry":{"type":"Point","coordinates":[-98.197495,19.04399]}},{"type":"Feature","properties":{"name":"21NJN0428B"},"geometry":{"type":"Point","coordinates":[-98.197495,19.04399]}},{"type":"Feature","properties":{"name":"21NJN0429A"},"geometry":{"type":"Point","coordinates":[-98.197495,19.04399]}},{"type":"Feature","properties":{"name":"21NJN0431P"},"geometry":{"type":"Point","coordinates":[-98.197495,19.04399]}},{"type":"Feature","properties":{"name":"21NJN0432O"},"geometry":{"type":"Point","coordinates":[-98.197495,19.04399]}},{"type":"Feature","properties":{"name":"21NJN0433N"},"geometry":{"type":"Point","coordinates":[-98.197495,19.04399]}},{"type":"Feature","properties":{"name":"21NJN0434M"},"geometry":{"type":"Point","coordinates":[-98.197495,19.04399]}},{"type":"Feature","properties":{"name":"21NJN0435L"},"geometry":{"type":"Point","coordinates":[-98.197495,19.04399]}},{"type":"Feature","properties":{"name":"21NJN0437J"},"geometry":{"type":"Point","coordinates":[-98.197495,19.04399]}},{"type":"Feature","properties":{"name":"21NJN0439H"},"geometry":{"type":"Point","coordinates":[-98.197495,19.04399]}},{"type":"Feature","properties":{"name":"21NJN0442V"},"geometry":{"type":"Point","coordinates":[-98.197495,19.04399]}},{"type":"Feature","properties":{"name":"21PJN0001X"},"geometry":{"type":"Point","coordinates":[-98.178878,19.018525]}},{"type":"Feature","properties":{"name":"21PJN0375L"},"geometry":{"type":"Point","coordinates":[-98.202805,19.064755]}},{"type":"Feature","properties":{"name":"21PJN0513X"},"geometry":{"type":"Point","coordinates":[-98.249879,18.99438]}},{"type":"Feature","properties":{"name":"21PJN0629X"},"geometry":{"type":"Point","coordinates":[-98.148146,19.051714]}},{"type":"Feature","properties":{"name":"21PJN0689L"},"geometry":{"type":"Point","coordinates":[-98.194292,19.002538]}},{"type":"Feature","properties":{"name":"21PJN0787M"},"geometry":{"type":"Point","coordinates":[-98.195561,18.985777]}},{"type":"Feature","properties":{"name":"21PJN0813U"},"geometry":{"type":"Point","coordinates":[-98.234221,19.067306]}},{"type":"Feature","properties":{"name":"21PJN0861D"},"geometry":{"type":"Point","coordinates":[-98.133146,19.061313]}},{"type":"Feature","properties":{"name":"21PJN1166M"},"geometry":{"type":"Point","coordinates":[-98.191962,19.059781]}},{"type":"Feature","properties":{"name":"21PJN1169J"},"geometry":{"type":"Point","coordinates":[-98.261317,18.970316]}},{"type":"Feature","properties":{"name":"21PJN1331V"},"geometry":{"type":"Point","coordinates":[-98.134428,19.058337]}},{"type":"Feature","properties":{"name":"21PJN1393H"},"geometry":{"type":"Point","coordinates":[-98.198587,19.030061]}},{"type":"Feature","properties":{"name":"21PJN1418Z"},"geometry":{"type":"Point","coordinates":[-98.218397,19.029233]}},{"type":"Feature","properties":{"name":"21PJN1557A"},"geometry":{"type":"Point","coordinates":[-98.197495,19.04399]}},{"type":"Feature","properties":{"name":"21PJN2041L"},"geometry":{"type":"Point","coordinates":[-98.197495,19.04399]}},{"type":"Feature","properties":{"name":"21PJN2047F"},"geometry":{"type":"Point","coordinates":[-98.197495,19.04399]}},{"type":"Feature","properties":{"name":"21PJN2050T"},"geometry":{"type":"Point","coordinates":[-98.197495,19.04399]}},{"type":"Feature","properties":{"name":"21PJN2052R"},"geometry":{"type":"Point","coordinates":[-98.197495,19.04399]}},{"type":"Feature","properties":{"name":"21DPR2643P"},"geometry":{"type":"Point","coordinates":[-98.260864,19.047443]}},{"type":"Feature","properties":{"name":"21ECB0011J"},"geometry":{"type":"Point","coordinates":[-98.234209,19.037353]}},{"type":"Feature","properties":{"name":"21ECB0040E"},"geometry":{"type":"Point","coordinates":[-98.234209,19.037353]}},{"type":"Feature","properties":{"name":"21PSU1314F"},"geometry":{"type":"Point","coordinates":[-98.245064,19.020347]}},{"type":"Feature","properties":{"name":"21PSU1314F"},"geometry":{"type":"Point","coordinates":[-98.245064,19.020347]}},{"type":"Feature","properties":{"name":"21EJN1142X"},"geometry":{"type":"Point","coordinates":[-98.238113,19.038274]}},{"type":"Feature","properties":{"name":"21PJN1532S"},"geometry":{"type":"Point","coordinates":[-98.238717,19.069499]}},{"type":"Feature","properties":{"name":"21PBT0411B"},"geometry":{"type":"Point","coordinates":[-98.247694,19.051635]}},{"type":"Feature","properties":{"name":"21PSU1271Y"},"geometry":{"type":"Point","coordinates":[-98.19367,18.97874]}},{"type":"Feature","properties":{"name":"21ENJ0469U"},"geometry":{"type":"Point","coordinates":[-98.112006,19.046881]}}]}