{"type":"FeatureCollection","features":[{"type":"Feature","properties":{"name":"AMIGOS DE FE","id":"3352318"},"geometry":{"type":"Point","coordinates":[-98.16793175025005,19.04711544983508]}},{"type":"Feature","properties":{"name":"AMISTAD DE PUEBLA LA MIES","id":"3461208"},"geometry":{"type":"Point","coordinates":[-98.23376489033741,19.05004246970104]}},{"type":"Feature","properties":{"name":"AMISTAD DE PUEBLA LA ROCA","id":"3367678"},"geometry":{"type":"Point","coordinates":[-98.21101857974362,19.00912401897621]}},{"type":"Feature","properties":{"name":"AMISTAD CLAVIJERO","id":"10835962"},"geometry":{"type":"Point","coordinates":[-98.14348561037258,19.02424293917781]}},{"type":"Feature","properties":{"name":"AMISTAD DEL VALLE AC","id":"3411406"},"geometry":{"type":"Point","coordinates":[-98.13386151010059,19.04722411941447]}},{"type":"Feature","properties":{"name":"AMISTAD MONTE SANTO","id":"8657588"},"geometry":{"type":"Point","coordinates":[-98.19191872956564,19.10752509971892]}},{"type":"Feature","properties":{"name":"AMISTAD LA MIES","id":"3349736"},"geometry":{"type":"Point","coordinates":[-98.19912051040319,19.06014392921554]}},{"type":"Feature","properties":{"name":"AMISTAD LAS TORRES","id":"11106375"},"geometry":{"type":"Point","coordinates":[-98.271468760275,18.9762816196198]}},{"type":"Feature","properties":{"name":"AMISTAD LAS TORRES AC","id":"8743116"},"geometry":{"type":"Point","coordinates":[-98.2149917899391,18.9826369189772]}},{"type":"Feature","properties":{"name":"ALCANCE VICTORIA PUEBLA NORTE","id":"10409837"},"geometry":{"type":"Point","coordinates":[-98.20779727022779,19.0578438897004]}},{"type":"Feature","properties":{"name":"AGUSTINAS RECOLETAS DEL CONVENTO DE SANTA MONICA","id":"3274200"},"geometry":{"type":"Point","coordinates":[-98.19090848963504,19.04613946957781]}},{"type":"Feature","properties":{"name":"ASOCIACION INTERNACIONAL PARA EL DESARROLLO","id":"8801053"},"geometry":{"type":"Point","coordinates":[-98.23439723964088,19.05474185906624]}},{"type":"Feature","properties":{"name":"ARTICULOS RELIGIOSOS SAN BENITO","id":"3408178"},"geometry":{"type":"Point","coordinates":[-98.20934505023382,19.03678401928423]}},{"type":"Feature","properties":{"name":"ARQUIDIOSISIS DE PUEBLA NUESTRA SElORA DE LA SOLEDAD ZU","id":"3256785"},"geometry":{"type":"Point","coordinates":[-98.17724222994491,19.06705581898722]}},{"type":"Feature","properties":{"name":"DOCTRINA TRINITARIO MARIANO","id":"10097940"},"geometry":{"type":"Point","coordinates":[-98.19158818015035,19.06648567938699]}},{"type":"Feature","properties":{"name":"CAPILLA DE GUADALUPE","id":"10370180"},"geometry":{"type":"Point","coordinates":[-98.1765986202301,19.08389022926664]}},{"type":"Feature","properties":{"name":"CAPILLA DE LA CONCHITA","id":"3512575"},"geometry":{"type":"Point","coordinates":[-98.14923320994467,18.96237429935352]}},{"type":"Feature","properties":{"name":"CAPILLA DE LA CONCEPCION","id":"10058248"},"geometry":{"type":"Point","coordinates":[-98.14911469998339,18.96252526944475]}},{"type":"Feature","properties":{"name":"CAPILLA DE LA CASA VOCACIONAL JOSE GERARD","id":"10488715"},"geometry":{"type":"Point","coordinates":[-98.11744270981319,19.0497193396926]}},{"type":"Feature","properties":{"name":"CAPILLA DE LA ASUNCION","id":"3539038"},"geometry":{"type":"Point","coordinates":[-98.18956265958906,19.01862036965201]}},{"type":"Feature","properties":{"name":"CAPILLA DE LA CANDELARIA","id":"3376710"},"geometry":{"type":"Point","coordinates":[-98.25296279000071,18.95985308956761]}},{"type":"Feature","properties":{"name":"CAPILLA DE LA ASUNCION","id":"3512606"},"geometry":{"type":"Point","coordinates":[-98.18308721979929,18.96378807947538]}},{"type":"Feature","properties":{"name":"CAPILLA DE JUQUILITA","id":"3251220"},"geometry":{"type":"Point","coordinates":[-98.19117232014645,19.10183480944437]}},{"type":"Feature","properties":{"name":"CAPILLA DE LA ANUNCIACION","id":"3257638"},"geometry":{"type":"Point","coordinates":[-98.17456307042931,19.05964976973765]}},{"type":"Feature","properties":{"name":"DOXA INTERNACIONAL PUEBLA","id":"8810967"},"geometry":{"type":"Point","coordinates":[-98.18586727965118,19.03598356960328]}},{"type":"Feature","properties":{"name":"CAPILLA DE GUADALUPE EJIDAL","id":"3518981"},"geometry":{"type":"Point","coordinates":[-98.2216465302631,18.99677207978589]}},{"type":"Feature","properties":{"name":"CAPILLA DE JESUCRISTO","id":"8328237"},"geometry":{"type":"Point","coordinates":[-98.10249367963957,19.14742530924493]}},{"type":"Feature","properties":{"name":"CAPILLA DE GUADALUPE","id":"3468282"},"geometry":{"type":"Point","coordinates":[-98.25583951977796,19.07844042939841]}},{"type":"Feature","properties":{"name":"CARMELITAS DESCALZAS MONASTERIO DE NUESTRA SE ORA DE LA SOLEDAD Y SAN JOSE","id":"3438416"},"geometry":{"type":"Point","coordinates":[-98.2583630597074,19.06738721916121]}},{"type":"Feature","properties":{"name":"CARMELITAS DESCALSOS DE PUEBLA","id":"8656598"},"geometry":{"type":"Point","coordinates":[-98.20219202973834,19.03743744959578]}},{"type":"Feature","properties":{"name":"CAPILLA","id":"3433783"},"geometry":{"type":"Point","coordinates":[-98.22754682032945,19.01895058901612]}},{"type":"Feature","properties":{"name":"CAPELLANIA DE LA SANTISIMA TRINIDAD","id":"3272166"},"geometry":{"type":"Point","coordinates":[-98.20003191034436,19.04521914926129]}},{"type":"Feature","properties":{"name":"CAPILLA SIN NOMBRE","id":"8182168"},"geometry":{"type":"Point","coordinates":[-98.22779886972205,18.96748637951177]}},{"type":"Feature","properties":{"name":"CAPILLA DE DIOS PADRE","id":"3253148"},"geometry":{"type":"Point","coordinates":[-98.18384569002654,19.08473512973835]}},{"type":"Feature","properties":{"name":"CAPILLA DE CRISTO REY","id":"3475828"},"geometry":{"type":"Point","coordinates":[-98.24730069976744,19.07986795925496]}},{"type":"Feature","properties":{"name":"CAPILLA DE ADORACION PERPETUA","id":"10472018"},"geometry":{"type":"Point","coordinates":[-98.18318812013558,19.07929179959293]}},{"type":"Feature","properties":{"name":"CAPILLA DE CRISTO REY","id":"8791648"},"geometry":{"type":"Point","coordinates":[-98.2222273304269,19.10267921978565]}},{"type":"Feature","properties":{"name":"CAPILLA DE CRISTO REY","id":"3453251"},"geometry":{"type":"Point","coordinates":[-98.14577684012903,19.03383166911352]}},{"type":"Feature","properties":{"name":"CAPILLA DE BARRANCA HONDA SE","id":"3250669"},"geometry":{"type":"Point","coordinates":[-98.19941051028678,19.11092124913159]}},{"type":"Feature","properties":{"name":"CAPILLA DE CORPUS CRISTI","id":"3257464"},"geometry":{"type":"Point","coordinates":[-98.17094660959833,19.06290088908126]}},{"type":"Feature","properties":{"name":"CAPILLA CRISTO REY","id":"8324703"},"geometry":{"type":"Point","coordinates":[-98.13278373018494,19.0472689596117]}},{"type":"Feature","properties":{"name":"CAPILLA CRISTO REY SANTA CECILIA","id":"3371061"},"geometry":{"type":"Point","coordinates":[-98.1804130200448,18.99333234922686]}},{"type":"Feature","properties":{"name":"BICARIA DE SAN ISIDRO","id":"3370542"},"geometry":{"type":"Point","coordinates":[-98.21377042966155,18.99199081973888]}},{"type":"Feature","properties":{"name":"CAPILLA CORPUS CRISTI","id":"3445490"},"geometry":{"type":"Point","coordinates":[-98.14926539038544,19.04556184941678]}},{"type":"Feature","properties":{"name":"CAPILLA CRISTO REY","id":"7546183"},"geometry":{"type":"Point","coordinates":[-98.1945353996889,19.10733746966387]}},{"type":"Feature","properties":{"name":"CAPILLA CRISTO REY","id":"3463229"},"geometry":{"type":"Point","coordinates":[-98.21452129971817,19.01057082939814]}},{"type":"Feature","properties":{"name":"CAPILLA CRISTO REY","id":"3373842"},"geometry":{"type":"Point","coordinates":[-98.25796392979153,18.98994208947427]}},{"type":"Feature","properties":{"name":"CAPILLA CATOLICA DE GUADALUPE","id":"3538730"},"geometry":{"type":"Point","coordinates":[-98.18633783012672,19.08728050970363]}},{"type":"Feature","properties":{"name":"CAPILLA CATOLICA DE SAN MIGUEL ARCANGEL","id":"3467677"},"geometry":{"type":"Point","coordinates":[-98.23959017964302,19.10031363947841]}},{"type":"Feature","properties":{"name":"CAPILLA CATOLICA DE NUESTRA SE ORA DEL INMACULADO CORAZON DE MARIA","id":"11297695"},"geometry":{"type":"Point","coordinates":[-98.13563094960858,19.0768938895575]}},{"type":"Feature","properties":{"name":"CAPILLA AVE MARIA ARQUIDEOSIS DE PUEBLA ASOCIACION RELIGIOSA","id":"6447410"},"geometry":{"type":"Point","coordinates":[-98.19937451042529,19.08794479932888]}},{"type":"Feature","properties":{"name":"CAPILLA A LA VIRGEN DE GUADALUPE","id":"10492753"},"geometry":{"type":"Point","coordinates":[-98.13794954033898,19.09461064897797]}},{"type":"Feature","properties":{"name":"CAPILLA YERMO Y PARRES","id":"3514928"},"geometry":{"type":"Point","coordinates":[-98.19855911041458,18.97469582976755]}},{"type":"Feature","properties":{"name":"CAPILLA VIRGENCITA DEL PILAR","id":"8812284"},"geometry":{"type":"Point","coordinates":[-98.12417169996394,19.05665074924932]}},{"type":"Feature","properties":{"name":"CAPILLA VIRGEN DEL CARMEN","id":"7597103"},"geometry":{"type":"Point","coordinates":[-98.09926331035348,19.1586946490528]}},{"type":"Feature","properties":{"name":"CAPILLA VIRGEN DE SAN JUAN DE LOS LAGOS","id":"11546127"},"geometry":{"type":"Point","coordinates":[-98.23164335995308,18.95239205936543]}},{"type":"Feature","properties":{"name":"CAPILLA VIRGEN DEL ROSARIO","id":"10546693"},"geometry":{"type":"Point","coordinates":[-98.22097727008492,19.11339284961552]}},{"type":"Feature","properties":{"name":"CAPILLAS DE VELACION NAZARETH","id":"9507753"},"geometry":{"type":"Point","coordinates":[-98.21361381992182,19.03228024955121]}},{"type":"Feature","properties":{"name":"CAPILLA","id":"11039593"},"geometry":{"type":"Point","coordinates":[-98.18674455032073,19.1061260091234]}},{"type":"Feature","properties":{"name":"CAPILLA VIRGEN DE JUQUILA","id":"3343904"},"geometry":{"type":"Point","coordinates":[-98.14213220983356,19.08252329932678]}},{"type":"Feature","properties":{"name":"CAPILLA VIRGEN DE LA ASUNCION","id":"8214417"},"geometry":{"type":"Point","coordinates":[-98.24553546009338,18.98654409914932]}},{"type":"Feature","properties":{"name":"CAPILLA VALLE DEL PARAISO","id":"8214278"},"geometry":{"type":"Point","coordinates":[-98.27415767024026,18.9768372594507]}},{"type":"Feature","properties":{"name":"CAPILLA VIRGEN DE GUADALUPE","id":"10888162"},"geometry":{"type":"Point","coordinates":[-98.10712843023282,19.1463761691392]}},{"type":"Feature","properties":{"name":"CAPILLA SAN MARTIN DE TOURS","id":"3514164"},"geometry":{"type":"Point","coordinates":[-98.23522005006521,18.97560698958964]}},{"type":"Feature","properties":{"name":"CAPILLA SAN MARTIN CABALLERO","id":"3357621"},"geometry":{"type":"Point","coordinates":[-98.14912572027572,19.02419686960737]}},{"type":"Feature","properties":{"name":"CAPILLA SAN JUDAS TADEO","id":"9142854"},"geometry":{"type":"Point","coordinates":[-98.12570695960846,19.08074328918751]}},{"type":"Feature","properties":{"name":"CAPILLA SAN JUANITO","id":"3371431"},"geometry":{"type":"Point","coordinates":[-98.18485679960156,18.96962113982269]}},{"type":"Feature","properties":{"name":"CAPILLA SAN JUAN TEPEPA","id":"3373567"},"geometry":{"type":"Point","coordinates":[-98.15572057024809,18.97136275970249]}},{"type":"Feature","properties":{"name":"CAPILLA SAN JUAN DE DIOS","id":"3268985"},"geometry":{"type":"Point","coordinates":[-98.19489648018839,19.05070633934288]}},{"type":"Feature","properties":{"name":"CAPILLA SAN JOSE GUADALUPE","id":"3476244"},"geometry":{"type":"Point","coordinates":[-98.24691304969747,19.07318151962767]}},{"type":"Feature","properties":{"name":"CAPILLA SAN JUAN BAUTISTA","id":"8186351"},"geometry":{"type":"Point","coordinates":[-98.2507760003121,18.96910142970618]}},{"type":"Feature","properties":{"name":"CAPILLA SAN JUAN BAUTISTA","id":"3250549"},"geometry":{"type":"Point","coordinates":[-98.2137446496958,19.0975561490127]}},{"type":"Feature","properties":{"name":"CAPILLA SAN JUAN BOSCO","id":"3470805"},"geometry":{"type":"Point","coordinates":[-98.20945997999405,19.11455345978949]}},{"type":"Feature","properties":{"name":"CAPILLA SAN JOSE OBRERO","id":"10025962"},"geometry":{"type":"Point","coordinates":[-98.09710966967549,19.08076693955865]}},{"type":"Feature","properties":{"name":"CAPILLA SAN JUAN BAUTISTA","id":"3539083"},"geometry":{"type":"Point","coordinates":[-98.13216736992814,19.03037586946814]}},{"type":"Feature","properties":{"name":"CAPILLA SAN JOSE LA CA0ADA","id":"3339769"},"geometry":{"type":"Point","coordinates":[-98.22490556993608,19.11746849978652]}},{"type":"Feature","properties":{"name":"CAPILLA SE0OR DE LA MISERICORDIA","id":"3513399"},"geometry":{"type":"Point","coordinates":[-98.24167395019259,18.94871137974588]}},{"type":"Feature","properties":{"name":"CAPILLA SE0ORA SANTA ANA","id":"3278757"},"geometry":{"type":"Point","coordinates":[-98.14181768993438,19.07814849956968]}},{"type":"Feature","properties":{"name":"CAPILLA SE0OR DE LOS MILAGROS","id":"3475657"},"geometry":{"type":"Point","coordinates":[-98.24534116965924,19.08562631921515]}},{"type":"Feature","properties":{"name":"CAPILLA SE0OR DE LA MISERICORDIA","id":"3476208"},"geometry":{"type":"Point","coordinates":[-98.25412679961208,19.07592467939662]}},{"type":"Feature","properties":{"name":"CAPILLA SANTISIMA VIRGEN DE LA ASUNCION","id":"3473953"},"geometry":{"type":"Point","coordinates":[-98.23778680961351,19.08312788925665]}},{"type":"Feature","properties":{"name":"CAPILLA SE0OR DE LA DIVINA MISERICORDIA VILLA VERDE","id":"3257617"},"geometry":{"type":"Point","coordinates":[-98.1649278698253,19.0583994395991]}},{"type":"Feature","properties":{"name":"CAPILLA SANTO DOMINGO","id":"7827870"},"geometry":{"type":"Point","coordinates":[-98.1031841602208,19.14628340946615]}},{"type":"Feature","properties":{"name":"CAPILLA SANTO ANGEL CUSTODIO","id":"3523032"},"geometry":{"type":"Point","coordinates":[-98.26667463992266,18.98793877946951]}},{"type":"Feature","properties":{"name":"CALVARI CHAPEL FAMILIA DE DIOS","id":"3355351"},"geometry":{"type":"Point","coordinates":[-98.11284290957259,19.07505800903608]}},{"type":"Feature","properties":{"name":"CAPILLA SANTA TERESITA DEL NICO JESUS","id":"8724789"},"geometry":{"type":"Point","coordinates":[-98.22923248978753,18.97899910914026]}},{"type":"Feature","properties":{"name":"CAPILLA SANTA ROSA DE MARIA","id":"3257618"},"geometry":{"type":"Point","coordinates":[-98.17277206967525,19.05862590957468]}},{"type":"Feature","properties":{"name":"CAPILLA SANTISIMA TRINIDAD","id":"8186329"},"geometry":{"type":"Point","coordinates":[-98.22677334041731,18.98528750972931]}},{"type":"Feature","properties":{"name":"CAPILLA SANTA ROSA DE LIMA","id":"3376241"},"geometry":{"type":"Point","coordinates":[-98.24436044008223,18.97042723904473]}},{"type":"Feature","properties":{"name":"CAPILLA SANTA ROSA DE LIMA","id":"3512978"},"geometry":{"type":"Point","coordinates":[-98.24304262032064,18.95328356900086]}},{"type":"Feature","properties":{"name":"CAPILLA SANTA LUCIA","id":"3364195"},"geometry":{"type":"Point","coordinates":[-98.18514936974759,19.01942370975403]}},{"type":"Feature","properties":{"name":"CAPILLA SANTA GEMA","id":"3407512"},"geometry":{"type":"Point","coordinates":[-98.20941275029816,19.04017381948325]}},{"type":"Feature","properties":{"name":"CAPILLA SANTA CLARA DE ASIS","id":"10394706"},"geometry":{"type":"Point","coordinates":[-98.27195106039306,18.98998974904607]}},{"type":"Feature","properties":{"name":"CAPILLA SANTA CRUZ BUENAVISTA","id":"3358618"},"geometry":{"type":"Point","coordinates":[-98.24807631017353,19.05791835986106]}},{"type":"Feature","properties":{"name":"CAPILLA SANTA CRUZ GUADALUPE","id":"3468497"},"geometry":{"type":"Point","coordinates":[-98.2435834995788,19.09166151927944]}},{"type":"Feature","properties":{"name":"CAPILLA SANTA BARBARA","id":"3459714"},"geometry":{"type":"Point","coordinates":[-98.17707969007557,19.03445650907785]}},{"type":"Feature","properties":{"name":"CAPILLA SANTA CLARA","id":"3514681"},"geometry":{"type":"Point","coordinates":[-98.19805092960667,18.96696531951287]}},{"type":"Feature","properties":{"name":"CAPILLA SAN PEDRO","id":"3354863"},"geometry":{"type":"Point","coordinates":[-98.10106328993885,19.08279892984272]}},{"type":"Feature","properties":{"name":"CAPILLA SAN PEDRO APOSTOL","id":"3254141"},"geometry":{"type":"Point","coordinates":[-98.18351226997527,19.07962613965067]}},{"type":"Feature","properties":{"name":"CAPILLA SAN MIGUELITO","id":"10171955"},"geometry":{"type":"Point","coordinates":[-98.17353329992181,19.09057099956778]}},{"type":"Feature","properties":{"name":"CAPILLA SAN MIGUEL LA ROSA","id":"3461913"},"geometry":{"type":"Point","coordinates":[-98.23194154006995,19.03707866956214]}},{"type":"Feature","properties":{"name":"CAPILLA SAN NICOLAS TEPETITLAN","id":"3277761"},"geometry":{"type":"Point","coordinates":[-98.1327444603885,19.09265625939459]}},{"type":"Feature","properties":{"name":"CAPILLA SAN MIGUEL ARCANGEL","id":"3371976"},"geometry":{"type":"Point","coordinates":[-98.23248791958179,18.94973199965151]}},{"type":"Feature","properties":{"name":"CAPILLA SAN MIGUEL","id":"3376862"},"geometry":{"type":"Point","coordinates":[-98.2528258196558,18.95582788956476]}},{"type":"Feature","properties":{"name":"CAPILLA PRECIOSA SANGRE DE CRISTO","id":"3440732"},"geometry":{"type":"Point","coordinates":[-98.1699199498458,19.03975555918881]}},{"type":"Feature","properties":{"name":"CAPILLA ROSAS DEL TEPEYAC","id":"3251032"},"geometry":{"type":"Point","coordinates":[-98.1962624001896,19.10112068928388]}},{"type":"Feature","properties":{"name":"CAPILLA NUESTRA SE0ORA DEL ROSARIO","id":"3513844"},"geometry":{"type":"Point","coordinates":[-98.19435295962137,18.99304177917307]}},{"type":"Feature","properties":{"name":"CAPILLA NUESTRA SE0ORA DE LOS ANGELES","id":"3277645"},"geometry":{"type":"Point","coordinates":[-98.13711883026973,19.08726908921299]}},{"type":"Feature","properties":{"name":"CAPILLA NUESTRA SE0ORA DEL CARMEN","id":"3438328"},"geometry":{"type":"Point","coordinates":[-98.25078947035774,19.0721998691449]}},{"type":"Feature","properties":{"name":"CAPILLA NUESTRA SE0ORA DE LA PAZ","id":"3434306"},"geometry":{"type":"Point","coordinates":[-98.25844297975965,19.05336551951985]}},{"type":"Feature","properties":{"name":"CAPILLA NUESTRA SE0ORA DE LA ASUNCION","id":"3376049"},"geometry":{"type":"Point","coordinates":[-98.2730721903293,18.95836801928786]}},{"type":"Feature","properties":{"name":"CAPILLA NUESTRA SE0ORA DE LOS ANGELES","id":"3339781"},"geometry":{"type":"Point","coordinates":[-98.21920066028218,19.11868461971451]}},{"type":"Feature","properties":{"name":"CAPILLA NUESTRA SE0ORA DE GUADALUPE Y SE","id":"3344021"},"geometry":{"type":"Point","coordinates":[-98.1293243800161,19.07516483950191]}},{"type":"Feature","properties":{"name":"CAPILLA NUESTRA SE0ORA DE JUQUILA","id":"3512989"},"geometry":{"type":"Point","coordinates":[-98.24817485968197,18.95359258954571]}},{"type":"Feature","properties":{"name":"CAPILLA NUESTRA SE0ORA DE JUQUILA","id":"3376226"},"geometry":{"type":"Point","coordinates":[-98.24589350987752,18.96142536980411]}},{"type":"Feature","properties":{"name":"CAPILLA NUESTRA SE0ORA DE GUADALUPE","id":"3539024"},"geometry":{"type":"Point","coordinates":[-98.12814350991498,19.03689481935758]}},{"type":"Feature","properties":{"name":"CAPILLA MARIA REYNA","id":"3375831"},"geometry":{"type":"Point","coordinates":[-98.26519692969453,18.95948647913691]}},{"type":"Feature","properties":{"name":"CAPILLA NUESTRA SE0ORA DE GUADALUPE","id":"3518679"},"geometry":{"type":"Point","coordinates":[-98.23616198019118,19.0001336097964]}},{"type":"Feature","properties":{"name":"CAPILLA NUESTRA SE0ORA DE FATIMA","id":"3460694"},"geometry":{"type":"Point","coordinates":[-98.22633346042085,19.04972077950718]}},{"type":"Feature","properties":{"name":"CAPILLA NUESTRA SE0ORA DE DOLORES","id":"3255688"},"geometry":{"type":"Point","coordinates":[-98.21084692974199,19.07255141952865]}},{"type":"Feature","properties":{"name":"CAPILLA NATIVIDAD DE LA THEOTOKOS","id":"3433700"},"geometry":{"type":"Point","coordinates":[-98.22613401956932,19.02147665963769]}},{"type":"Feature","properties":{"name":"CAPILLA MERCADO MANUEL RIVERA ANAYA","id":"8324318"},"geometry":{"type":"Point","coordinates":[-98.14626549036007,19.05732572911576]}},{"type":"Feature","properties":{"name":"CAPILLA LA VIRGEN DEL CARMEN","id":"3538707"},"geometry":{"type":"Point","coordinates":[-98.26235388042721,18.9913282496174]}},{"type":"Feature","properties":{"name":"CAPILLA LA VIRGEN DE LA INMACULADA CONCEPCION","id":"3277603"},"geometry":{"type":"Point","coordinates":[-98.1366927998328,19.08918789981754]}},{"type":"Feature","properties":{"name":"CAPILLA MARIA AUXILIADORA","id":"3512633"},"geometry":{"type":"Point","coordinates":[-98.16547065025027,18.95882080905229]}},{"type":"Feature","properties":{"name":"CAPILLA MARIA AUXILIADORA","id":"3346874"},"geometry":{"type":"Point","coordinates":[-98.20233659036131,19.07944904964997]}},{"type":"Feature","properties":{"name":"CAPILLA MARIA AUXILIADORA","id":"3456630"},"geometry":{"type":"Point","coordinates":[-98.229447339623,19.07767417913618]}},{"type":"Feature","properties":{"name":"CAPILLA LAS JOSEFINAS","id":"3253197"},"geometry":{"type":"Point","coordinates":[-98.15846769962462,19.10779124958182]}},{"type":"Feature","properties":{"name":"CAPILLA SAN JOSE EL CONDE","id":"3251175"},"geometry":{"type":"Point","coordinates":[-98.18157610964971,19.10282430920998]}},{"type":"Feature","properties":{"name":"CAPILLA SAN JOSE","id":"3277793"},"geometry":{"type":"Point","coordinates":[-98.1235945699334,19.08599798923173]}},{"type":"Feature","properties":{"name":"CAPILLA SAN FRANCISCO DE ASIS","id":"8328448"},"geometry":{"type":"Point","coordinates":[-98.12556735964591,19.10309021985322]}},{"type":"Feature","properties":{"name":"CAPILLA SAN ISIDRO","id":"10590776"},"geometry":{"type":"Point","coordinates":[-98.0914845199946,19.08685437944194]}},{"type":"Feature","properties":{"name":"CAPILLA SAN ISIDRO LABRADOR","id":"3433129"},"geometry":{"type":"Point","coordinates":[-98.22662909006044,19.01666291967569]}},{"type":"Feature","properties":{"name":"CAPILLA SAN ISIDRO BUENAVISTA","id":"3515677"},"geometry":{"type":"Point","coordinates":[-98.24664008027543,18.90141802983889]}},{"type":"Feature","properties":{"name":"CAPILLA SAN DIEGO MANZANILLA","id":"3278081"},"geometry":{"type":"Point","coordinates":[-98.13451681999521,19.07585971956655]}},{"type":"Feature","properties":{"name":"CAPILLA SAN FELIPE DE JESUS","id":"3257737"},"geometry":{"type":"Point","coordinates":[-98.17289546025722,19.05321156907543]}},{"type":"Feature","properties":{"name":"CAPILLA SAN BARTOLOME APOSTOL","id":"3514222"},"geometry":{"type":"Point","coordinates":[-98.23619763021645,18.97986163902207]}},{"type":"Feature","properties":{"name":"CAPILLA SAN BARTOLOME","id":"3520837"},"geometry":{"type":"Point","coordinates":[-98.24051839960441,18.99099356961589]}},{"type":"Feature","properties":{"name":"CAPILLA SAN ANTONIO DE PADUA","id":"8724557"},"geometry":{"type":"Point","coordinates":[-98.27594661964076,18.9723432995225]}},{"type":"Feature","properties":{"name":"CAPILLA SAN DIEGO DE ALCALA","id":"3344180"},"geometry":{"type":"Point","coordinates":[-98.13343501021751,19.07267924916428]}},{"type":"Feature","properties":{"name":"CAPILLA SAN CRISTOBAL PERTENECIENTE A LA PARROQUIA DE SANTA MARIA DE GUADALUPE GUADALUPE CALERAS","id":"3250456"},"geometry":{"type":"Point","coordinates":[-98.21515827963088,19.1135731097264]}},{"type":"Feature","properties":{"name":"CAPILLA SAN BENITO ABAD Y NUESTRA SEoORA DE FATIMA","id":"8328108"},"geometry":{"type":"Point","coordinates":[-98.12125889028549,19.08033903943117]}},{"type":"Feature","properties":{"name":"CAPILLA SAN ANDRES AVELINO","id":"3515443"},"geometry":{"type":"Point","coordinates":[-98.2641962198796,18.95674424926695]}},{"type":"Feature","properties":{"name":"CAPILLA SAN ALFONSO MARIA DE LIGORIO","id":"8234332"},"geometry":{"type":"Point","coordinates":[-98.17942715983556,19.00473034964395]}},{"type":"Feature","properties":{"name":"CONVENTO SAN LEOPOLDO MANDIC","id":"9811783"},"geometry":{"type":"Point","coordinates":[-98.20769500022402,18.9861674693717]}},{"type":"Feature","properties":{"name":"CONVENTO SIERVAS DEL SAGRADO CORAZON DE JESUS DE LOS POBRES","id":"3264997"},"geometry":{"type":"Point","coordinates":[-98.2100073496594,19.04928412897624]}},{"type":"Feature","properties":{"name":"CONVENTO MISIONERAS EUCARISTICAS DE LA SANTISIMA TRINIDAD","id":"3258443"},"geometry":{"type":"Point","coordinates":[-98.18355324038968,19.04752977919286]}},{"type":"Feature","properties":{"name":"CONVENTO MONASTERIO DEL SR SAN JOAQUIN Y SR SANTANA","id":"3277245"},"geometry":{"type":"Point","coordinates":[-98.2005510502907,19.04094726971777]}},{"type":"Feature","properties":{"name":"CONVENTO QUINTA DE LAS ROSAS YERMO Y PARRAS","id":"3514927"},"geometry":{"type":"Point","coordinates":[-98.19890964006782,18.97475901973178]}},{"type":"Feature","properties":{"name":"CONVENTO RELIGIOSAS DE LA ASUNCION","id":"8173669"},"geometry":{"type":"Point","coordinates":[-98.19221495005984,19.03824571978129]}},{"type":"Feature","properties":{"name":"CONVENTO HIJAS DE SANTA MARIA DE GUADALUPE","id":"11488522"},"geometry":{"type":"Point","coordinates":[-98.20919727003793,19.03661724900404]}},{"type":"Feature","properties":{"name":"CONVENTO MISIONERAS CARMELITAS DE SANTA TERESA DEL NIAO JESUS","id":"10745507"},"geometry":{"type":"Point","coordinates":[-98.16737296998656,19.04564271915312]}},{"type":"Feature","properties":{"name":"CONVENTO DE SANTA CLARA","id":"3274320"},"geometry":{"type":"Point","coordinates":[-98.1940039102522,19.04411590953859]}},{"type":"Feature","properties":{"name":"CONVENTO CABA8AS DE SANTA MARIA","id":"3376056"},"geometry":{"type":"Point","coordinates":[-98.27222478974221,18.9608108495602]}},{"type":"Feature","properties":{"name":"CONGREGACION SOBRE ESTA ROCA","id":"8326057"},"geometry":{"type":"Point","coordinates":[-98.1454171796591,19.02701004969148]}},{"type":"Feature","properties":{"name":"CONGREGACION TORRE FUERTE","id":"8308706"},"geometry":{"type":"Point","coordinates":[-98.1199273801444,19.06484911920796]}},{"type":"Feature","properties":{"name":"CAPILLA DE SAN JOSE OBRERO","id":"3461846"},"geometry":{"type":"Point","coordinates":[-98.22707324003795,19.04088853949155]}},{"type":"Feature","properties":{"name":"CONGREGACION PIEDRAS VIDAS","id":"8308561"},"geometry":{"type":"Point","coordinates":[-98.18588852973181,19.03862935977429]}},{"type":"Feature","properties":{"name":"CONFERENCIA GENERAL DE LA IGLESIA DE DIOS BETEL II","id":"3370581"},"geometry":{"type":"Point","coordinates":[-98.21594351008493,18.98986228903182]}},{"type":"Feature","properties":{"name":"CONGREGACION CRISTIANA DE LOS TESTIGOS DE JEHOVA","id":"3363807"},"geometry":{"type":"Point","coordinates":[-98.18110693963355,19.01208333979213]}},{"type":"Feature","properties":{"name":"CAPILLA DE SAN JOSE DE CALASANZ","id":"3513654"},"geometry":{"type":"Point","coordinates":[-98.2059676004244,18.99486547927671]}},{"type":"Feature","properties":{"name":"CAPILLA DE SAN JOSE DE LOS CERRITOS","id":"3250795"},"geometry":{"type":"Point","coordinates":[-98.187437999564,19.10280045918931]}},{"type":"Feature","properties":{"name":"CAPILLA DE SAN JOSE CITLALTEPETL","id":"3475724"},"geometry":{"type":"Point","coordinates":[-98.25035731014175,19.082716179624]}},{"type":"Feature","properties":{"name":"CAPILLA DE SAN JOSE","id":"7597008"},"geometry":{"type":"Point","coordinates":[-98.10528750001805,19.1444078490574]}},{"type":"Feature","properties":{"name":"CAPILLA DE SAN JOSE","id":"3512546"},"geometry":{"type":"Point","coordinates":[-98.1508295002812,18.9665366189888]}},{"type":"Feature","properties":{"name":"CAPILLA DE SAN JOSE","id":"3471411"},"geometry":{"type":"Point","coordinates":[-98.22875951024315,19.09461647928278]}},{"type":"Feature","properties":{"name":"CAPILLA DE SAN JOSE","id":"3417915"},"geometry":{"type":"Point","coordinates":[-98.14898321010702,19.06331094935733]}},{"type":"Feature","properties":{"name":"CAPILLA DE SAN JOSE","id":"3474108"},"geometry":{"type":"Point","coordinates":[-98.2245509195892,19.0841651196405]}},{"type":"Feature","properties":{"name":"CAPILLA DE SAN ISIDRO","id":"3464072"},"geometry":{"type":"Point","coordinates":[-98.26406228025002,18.97867076935923]}},{"type":"Feature","properties":{"name":"CAPILLA DE SAN IGNACIO DE LOYOLA","id":"3470760"},"geometry":{"type":"Point","coordinates":[-98.22534067992841,19.11999804898577]}},{"type":"Feature","properties":{"name":"CAPILLA DE SAN FRANCISCO DE ASIS","id":"3415565"},"geometry":{"type":"Point","coordinates":[-98.20995776014246,19.02056578939727]}},{"type":"Feature","properties":{"name":"CAPILLA DE SAN BALTAZAR LA RESURRECCION","id":"3344565"},"geometry":{"type":"Point","coordinates":[-98.13669219998502,19.06466350903019]}},{"type":"Feature","properties":{"name":"CAPILLA DE SAN ASCENCION","id":"3277693"},"geometry":{"type":"Point","coordinates":[-98.13527431985393,19.10090213963755]}},{"type":"Feature","properties":{"name":"COMUNION CRISTIANA EL CALVARIO","id":"3462566"},"geometry":{"type":"Point","coordinates":[-98.22104415986007,19.02298197905264]}},{"type":"Feature","properties":{"name":"COMUNIDAD MARIANISTA","id":"10764926"},"geometry":{"type":"Point","coordinates":[-98.20739813041934,19.01191365930578]}},{"type":"Feature","properties":{"name":"CAPILLA DE SAN ANTONIO","id":"8328186"},"geometry":{"type":"Point","coordinates":[-98.10727917999014,19.14543776975161]}},{"type":"Feature","properties":{"name":"CAPILLA DE PLATEROS","id":"3353521"},"geometry":{"type":"Point","coordinates":[-98.18751029966056,19.04740339926439]}},{"type":"Feature","properties":{"name":"CAPILLA DE SAN AGUSTIN","id":"8213749"},"geometry":{"type":"Point","coordinates":[-98.27174814006457,18.97233007948843]}},{"type":"Feature","properties":{"name":"CAPILLA DE NUESTRA SE0ORA DEL RAYO","id":"3376073"},"geometry":{"type":"Point","coordinates":[-98.27406703026918,18.96098322981137]}},{"type":"Feature","properties":{"name":"CAPILLA DE NUESTRA SE0ORA DEL SAGRADO CORAZON","id":"3539035"},"geometry":{"type":"Point","coordinates":[-98.16664703003634,19.04605004908743]}},{"type":"Feature","properties":{"name":"CAPILLA DE NUESTRA SE0ORA DEL ROSARIO","id":"3452892"},"geometry":{"type":"Point","coordinates":[-98.13409886996686,19.02675647954534]}},{"type":"Feature","properties":{"name":"CAPILLA DE NUESTRA VIRGEN DE GUADALUPE","id":"10242364"},"geometry":{"type":"Point","coordinates":[-98.17477209985249,19.09498732911761]}},{"type":"Feature","properties":{"name":"CAPILLA DE NUESTRA SE0ORA EL CARMEN GASTRONOMICO","id":"3518661"},"geometry":{"type":"Point","coordinates":[-98.23338322975223,19.00212955974948]}},{"type":"Feature","properties":{"name":"CAPILLA DE NUESTRA SE0ORA DE LOURDES","id":"3538740"},"geometry":{"type":"Point","coordinates":[-98.2591488396472,18.97069538899989]}},{"type":"Feature","properties":{"name":"CAPILLA DE NUESTRA SE0ORA DE LOS DOLORES","id":"8801165"},"geometry":{"type":"Point","coordinates":[-98.20243108033003,19.04835065967208]}},{"type":"Feature","properties":{"name":"CAPILLA DE NUESTRA SE0ORA DE LOS DOLORES","id":"3274210"},"geometry":{"type":"Point","coordinates":[-98.19137370982885,19.0451728296793]}},{"type":"Feature","properties":{"name":"CAPILLA DE NUESTRA SE0ORA DE LOS DOLORES","id":"7827373"},"geometry":{"type":"Point","coordinates":[-98.129430730244,19.08450807970007]}},{"type":"Feature","properties":{"name":"CAPILLA DE NUESTRA SE0ORA DEL CARMEN","id":"3347313"},"geometry":{"type":"Point","coordinates":[-98.19641044028953,19.0698597189672]}},{"type":"Feature","properties":{"name":"CAPILLA DE NUESTRA SE0ORA DEL CARMEN","id":"3253763"},"geometry":{"type":"Point","coordinates":[-98.17762987012235,19.08789354966345]}},{"type":"Feature","properties":{"name":"CAPILLA DE NUESTRA SE0ORA DE SAN JUAN DE LOS LAGOS","id":"3521222"},"geometry":{"type":"Point","coordinates":[-98.23400190036739,18.98041370944376]}},{"type":"Feature","properties":{"name":"CAPILLA DE NUESTRA SE0ORA DE LA MERCED","id":"3460485"},"geometry":{"type":"Point","coordinates":[-98.18142302974898,19.01508075948718]}},{"type":"Feature","properties":{"name":"CAPILLA DE NUESTRA SE0ORA DE LA ASUNCION","id":"8186557"},"geometry":{"type":"Point","coordinates":[-98.23007351957723,18.98646615940422]}},{"type":"Feature","properties":{"name":"CAPILLA DE NUESTRA SE0ORA DE LA LUZ","id":"3374018"},"geometry":{"type":"Point","coordinates":[-98.23746055985691,18.98516514977037]}},{"type":"Feature","properties":{"name":"CAPILLA DE NUESTRA SE0ORA DE LA CANDELARIA PERTENECIENTE A LA PARROQUIA DE SAN JERONIMO CALERAS","id":"3471246"},"geometry":{"type":"Point","coordinates":[-98.22133424967586,19.1053294795872]}},{"type":"Feature","properties":{"name":"CAPILLA DE NUESTRA SE0ORA DE GUADALUPE","id":"3332321"},"geometry":{"type":"Point","coordinates":[-98.2524247400097,19.08446169986348]}},{"type":"Feature","properties":{"name":"CAPILLA DE NUESTRA SE0ORA DE GUADALUPE","id":"3539064"},"geometry":{"type":"Point","coordinates":[-98.12791351999293,19.07049010954724]}},{"type":"Feature","properties":{"name":"CAPILLA DE NUESTRA SE0ORA DE GUADALUPE LA CONSTANCIA","id":"3471361"},"geometry":{"type":"Point","coordinates":[-98.23408136985928,19.0927382092167]}},{"type":"Feature","properties":{"name":"CAPILLA DE NUESTRA SE0ORA DE GUADALUPE","id":"3256721"},"geometry":{"type":"Point","coordinates":[-98.17976351977057,19.0702452196575]}},{"type":"Feature","properties":{"name":"CAPILLA DE NUESTRA SE0ORA DE GUADALUPE","id":"3253421"},"geometry":{"type":"Point","coordinates":[-98.166293059577,19.0867632592329]}},{"type":"Feature","properties":{"name":"CAPILLA DE NUESTRA SE0ORA DE GUADALUPE SAN BERNABE TEMOXTITLA","id":"3514499"},"geometry":{"type":"Point","coordinates":[-98.26652033964194,18.97061548963204]}},{"type":"Feature","properties":{"name":"CAPILLA DE NUESTRA SE0ORA DE LA ASUNCION","id":"3253913"},"geometry":{"type":"Point","coordinates":[-98.17503368026011,19.08125043937232]}},{"type":"Feature","properties":{"name":"CAPILLA DE NUESTRA SE0ORA DE GUADALUPE","id":"3467558"},"geometry":{"type":"Point","coordinates":[-98.23840076957981,19.103699489855]}},{"type":"Feature","properties":{"name":"CAPILLA DE NUESTRA SE0ORA DE GUADALUPE","id":"3255931"},"geometry":{"type":"Point","coordinates":[-98.22043654011416,19.07136973913845]}},{"type":"Feature","properties":{"name":"CAPILLA DE NUESTRA SE0ORA DE GUADALUPE","id":"3412507"},"geometry":{"type":"Point","coordinates":[-98.13978582015943,19.07250673941072]}},{"type":"Feature","properties":{"name":"CAPILLA DE NUESTRA SE0ORA DE GUADALUPE","id":"3256542"},"geometry":{"type":"Point","coordinates":[-98.1794126897438,19.0732440890597]}},{"type":"Feature","properties":{"name":"CAPILLA DE NUESTRA SE0ORA DE GUADALUPE","id":"3342995"},"geometry":{"type":"Point","coordinates":[-98.16500163042087,19.09032711961665]}},{"type":"Feature","properties":{"name":"CAPILLA DE LOS TESTIGOS DE JEHOVA","id":"3279815"},"geometry":{"type":"Point","coordinates":[-98.11502486990179,19.07205207905648]}},{"type":"Feature","properties":{"name":"CAPILLA DE NUESTRA SE0ORA DE GUADALUPE","id":"3250984"},"geometry":{"type":"Point","coordinates":[-98.19702727988505,19.09659197955184]}},{"type":"Feature","properties":{"name":"CAPILLA DE NUESTRA SE0ORA DE GUADALUPE","id":"3358216"},"geometry":{"type":"Point","coordinates":[-98.1360127702731,19.03552039986376]}},{"type":"Feature","properties":{"name":"CAPILLA DE LOS REYES","id":"3373456"},"geometry":{"type":"Point","coordinates":[-98.18459439001906,18.95994025905491]}},{"type":"Feature","properties":{"name":"CAPILLA DE LA VIRGEN DE NUESTRA SEeORA DE JUQUILA","id":"3375885"},"geometry":{"type":"Point","coordinates":[-98.2686592503241,18.963775199385]}},{"type":"Feature","properties":{"name":"CAPILLA DE LA VIRGEN DE JUQUILA","id":"3347215"},"geometry":{"type":"Point","coordinates":[-98.20784278041992,19.0729922995712]}},{"type":"Feature","properties":{"name":"CASA DEL SACERDOTE","id":"3352285"},"geometry":{"type":"Point","coordinates":[-98.16382194023032,19.04759073973775]}},{"type":"Feature","properties":{"name":"CASA DIOCESANA RENOVACION CARISMATICA EN EL ESPIRITU SANTO","id":"3409246"},"geometry":{"type":"Point","coordinates":[-98.20602700963877,19.03415497898635]}},{"type":"Feature","properties":{"name":"CAPILLA DE LA VIRGEN DE GUADALUPE","id":"11555807"},"geometry":{"type":"Point","coordinates":[-98.09794394016069,19.15316077966041]}},{"type":"Feature","properties":{"name":"CAPILLA DE LA VIRGEN DE GUADALUPE","id":"3456877"},"geometry":{"type":"Point","coordinates":[-98.23011621039478,19.07071513970823]}},{"type":"Feature","properties":{"name":"CASA DE RESTAURACION DE RIOS DE AGUA VIVA","id":"9563429"},"geometry":{"type":"Point","coordinates":[-98.23147776958336,18.9494259396748]}},{"type":"Feature","properties":{"name":"CASA DEL APOSTOL","id":"3411335"},"geometry":{"type":"Point","coordinates":[-98.12137239012367,19.06965160955046]}},{"type":"Feature","properties":{"name":"CASA DE ORACION VIDA NUEVA","id":"10781339"},"geometry":{"type":"Point","coordinates":[-98.25125166972873,18.94936660960079]}},{"type":"Feature","properties":{"name":"CASA DE ORACION SIN NOMBRE","id":"10217069"},"geometry":{"type":"Point","coordinates":[-98.1270361396061,19.07789645917034]}},{"type":"Feature","properties":{"name":"CASA DE ORACION PRINCIPE DE PAZ","id":"10297424"},"geometry":{"type":"Point","coordinates":[-98.18081775003911,19.01835825954368]}},{"type":"Feature","properties":{"name":"CASA DE ORACION PHILADELPHIA","id":"10075708"},"geometry":{"type":"Point","coordinates":[-98.2537660896333,18.9579889694346]}},{"type":"Feature","properties":{"name":"CASA DE ORACION NUESTRA SEUORA DE GUADALUPE","id":"3538338"},"geometry":{"type":"Point","coordinates":[-98.22716798991077,19.05708866962308]}},{"type":"Feature","properties":{"name":"CASA DE ORACION OCTAVIANO MARQUEZ","id":"3358371"},"geometry":{"type":"Point","coordinates":[-98.24519586979352,19.06564668925975]}},{"type":"Feature","properties":{"name":"CAPILLA DE LA VIRGEN DE GUADALUPE","id":"7597051"},"geometry":{"type":"Point","coordinates":[-98.10168068981193,19.1558486796869]}},{"type":"Feature","properties":{"name":"CASA DE ORACION SAN IGNACIO","id":"3366416"},"geometry":{"type":"Point","coordinates":[-98.20172073012753,19.00921614912388]}},{"type":"Feature","properties":{"name":"CASA DE ORACION LA LUZ DEL MUNDO","id":"3421417"},"geometry":{"type":"Point","coordinates":[-98.19564184999136,19.03286961935473]}},{"type":"Feature","properties":{"name":"CASA DE ORACION LA BUENA FE","id":"8774207"},"geometry":{"type":"Point","coordinates":[-98.20156036032233,19.09944224947578]}},{"type":"Feature","properties":{"name":"CASA DE ORACION ISAIAS 56","id":"11047143"},"geometry":{"type":"Point","coordinates":[-98.14876400035831,19.06196455903371]}},{"type":"Feature","properties":{"name":"CASA DE ORACION EVANGELICA MINISTRO INICIADO","id":"3341808"},"geometry":{"type":"Point","coordinates":[-98.2049750996211,19.09283307959868]}},{"type":"Feature","properties":{"name":"CASA DE ORACION EMAUS","id":"8328342"},"geometry":{"type":"Point","coordinates":[-98.13886118039915,19.07723028906272]}},{"type":"Feature","properties":{"name":"CASA DE ORACION ELIAS","id":"9750265"},"geometry":{"type":"Point","coordinates":[-98.2351144201943,19.07327697906555]}},{"type":"Feature","properties":{"name":"EL SE8OR DE LAS MARAVILLAS","id":"3269891"},"geometry":{"type":"Point","coordinates":[-98.19486008012854,19.05098625962495]}},{"type":"Feature","properties":{"name":"EL SE8OR DE LAS MARAVILLAS","id":"3452956"},"geometry":{"type":"Point","coordinates":[-98.1486839903738,19.0283708597448]}},{"type":"Feature","properties":{"name":"CAPILLA DE LA VIRGEN DE GUADALUPE","id":"3278840"},"geometry":{"type":"Point","coordinates":[-98.14575846967763,19.07492439945767]}},{"type":"Feature","properties":{"name":"CAPILLA DE LA VIRGEN DE GUADALUPE","id":"7827881"},"geometry":{"type":"Point","coordinates":[-98.12883309027484,19.07434591954477]}},{"type":"Feature","properties":{"name":"CAPILLA DE LA VIRGEN DE GUADALUPE","id":"3513243"},"geometry":{"type":"Point","coordinates":[-98.17373820955072,18.96750948939037]}},{"type":"Feature","properties":{"name":"CAPILLA DE LA SANTISIMA TRINIDAD","id":"3367889"},"geometry":{"type":"Point","coordinates":[-98.24790544977662,19.00804466974362]}},{"type":"Feature","properties":{"name":"CASA DE ORACION CRISTIANA","id":"11428595"},"geometry":{"type":"Point","coordinates":[-98.06664219008495,19.09408155983179]}},{"type":"Feature","properties":{"name":"EL LEON DE LA TRIBU DE JUDA","id":"9655629"},"geometry":{"type":"Point","coordinates":[-98.18736513019655,19.10779058947948]}},{"type":"Feature","properties":{"name":"CASA DE ORACION","id":"3352807"},"geometry":{"type":"Point","coordinates":[-98.22883890958798,19.07658994928287]}},{"type":"Feature","properties":{"name":"CAPILLA DE LA SANTISIMA TRINIDAD","id":"8704185"},"geometry":{"type":"Point","coordinates":[-98.12629160976996,19.05279156949209]}},{"type":"Feature","properties":{"name":"CASA DE ORACION CASA DEL ALFARERO","id":"11223902"},"geometry":{"type":"Point","coordinates":[-98.24519044957952,19.06445978920437]}},{"type":"Feature","properties":{"name":"CAPILLA DE LA SANTISIMA TRINIDAD","id":"6217747"},"geometry":{"type":"Point","coordinates":[-98.18270752962877,19.0893086293056]}},{"type":"Feature","properties":{"name":"CASA DE ORACION","id":"10802164"},"geometry":{"type":"Point","coordinates":[-98.23420303014571,18.94519152948508]}},{"type":"Feature","properties":{"name":"CASA DE ORACION BET EL","id":"8328460"},"geometry":{"type":"Point","coordinates":[-98.14468150994368,19.08032356929334]}},{"type":"Feature","properties":{"name":"CASA DE ORACION ALIENTO DE VIDA","id":"10937859"},"geometry":{"type":"Point","coordinates":[-98.20334340027767,19.0942778089894]}},{"type":"Feature","properties":{"name":"CAPILLA DE LA SANTA CRUZ","id":"3371838"},"geometry":{"type":"Point","coordinates":[-98.21337202010261,18.97135480969556]}},{"type":"Feature","properties":{"name":"CAPILLA DE LA SAGRADA FAMILIA","id":"10786085"},"geometry":{"type":"Point","coordinates":[-98.13242680005675,19.08705823956198]}},{"type":"Feature","properties":{"name":"CASA DE LA FAMILIA JUAN PABLO II","id":"3277239"},"geometry":{"type":"Point","coordinates":[-98.20015344022903,19.04119995942765]}},{"type":"Feature","properties":{"name":"CAPILLA DE LA SAGRADA FAMILIA","id":"3254120"},"geometry":{"type":"Point","coordinates":[-98.18477739036422,19.08310984975576]}},{"type":"Feature","properties":{"name":"CASA DE LECTURA DE BIBLIA","id":"9677761"},"geometry":{"type":"Point","coordinates":[-98.22162663995745,18.99267711937188]}},{"type":"Feature","properties":{"name":"CASA DE FORMACION NUESTRA SE","id":"3258217"},"geometry":{"type":"Point","coordinates":[-98.20176922966617,19.0550106295536]}},{"type":"Feature","properties":{"name":"CASA DE HUESPEDES TEMPLO PENTECOSTES","id":"10743066"},"geometry":{"type":"Point","coordinates":[-98.19180408039398,19.05602758921857]}},{"type":"Feature","properties":{"name":"CAPILLA DE LA SAGRADA FAMILIA","id":"3340961"},"geometry":{"type":"Point","coordinates":[-98.20018451000709,19.09922639959423]}},{"type":"Feature","properties":{"name":"CASA DE GOZO Y MANANTIAL DE VIDA LOS FUERTES","id":"8308585"},"geometry":{"type":"Point","coordinates":[-98.17006739009793,19.05451677944255]}},{"type":"Feature","properties":{"name":"CASA DE ENSE1ANZA ESPIRITUAL Y SANACION ENERGETICA","id":"9765718"},"geometry":{"type":"Point","coordinates":[-98.24197346040684,18.95408118941467]}},{"type":"Feature","properties":{"name":"CAPILLA DE LA INMACULADA CONCEPCION DE JUQUILA","id":"3250609"},"geometry":{"type":"Point","coordinates":[-98.2145507902867,19.10147206969579]}},{"type":"Feature","properties":{"name":"CAPILLA DE LA MACARENA","id":"10665419"},"geometry":{"type":"Point","coordinates":[-98.19011457982394,19.04523160936821]}},{"type":"Feature","properties":{"name":"CAPILLA DE LA INMACULADA CONCEPCION","id":"3372445"},"geometry":{"type":"Point","coordinates":[-98.22872423973183,18.96569789955744]}},{"type":"Feature","properties":{"name":"CAPILLA DE LA INMACULADA CONCEPCION","id":"3513727"},"geometry":{"type":"Point","coordinates":[-98.20237159017671,18.9899467092916]}},{"type":"Feature","properties":{"name":"CASA DE CULTO","id":"10000898"},"geometry":{"type":"Point","coordinates":[-98.25721151020296,18.8952140594022]}},{"type":"Feature","properties":{"name":"CASA DE DIOS Y PUERTA DEL CIELO","id":"7546228"},"geometry":{"type":"Point","coordinates":[-98.20225753006093,19.09836357923136]}},{"type":"Feature","properties":{"name":"CASA CURAL DE SAN ANDRES AZUMIATLA","id":"10922238"},"geometry":{"type":"Point","coordinates":[-98.25246926994083,18.90261380980013]}},{"type":"Feature","properties":{"name":"CASA DE ALABANZA","id":"11125906"},"geometry":{"type":"Point","coordinates":[-98.20568803987112,19.0165540189705]}},{"type":"Feature","properties":{"name":"CENTRO CRISTIANO SIMIENTE DE PAZ","id":"3372300"},"geometry":{"type":"Point","coordinates":[-98.24109736964783,18.96963934929547]}},{"type":"Feature","properties":{"name":"CENTRO CRISTIANO PUEBLA","id":"3456212"},"geometry":{"type":"Point","coordinates":[-98.21391618008761,19.08040153961542]}},{"type":"Feature","properties":{"name":"CENTRO CRISTIANO REPARANDO CORAZONES","id":"10135621"},"geometry":{"type":"Point","coordinates":[-98.24048363001548,18.97152626904094]}},{"type":"Feature","properties":{"name":"CENTRO CRISTIANO PHILADHELPHIA 8","id":"3357277"},"geometry":{"type":"Point","coordinates":[-98.14157618958944,19.03146850978124]}},{"type":"Feature","properties":{"name":"CENTRO CRISTIANO PHILADELPHIA","id":"8214868"},"geometry":{"type":"Point","coordinates":[-98.25836116033923,18.90291422922894]}},{"type":"Feature","properties":{"name":"CENTRO CRISTIANO PHILADELPHIA 5","id":"3436993"},"geometry":{"type":"Point","coordinates":[-98.1428102599855,19.05856005941581]}},{"type":"Feature","properties":{"name":"CENTRO CRISTIANO PHILADELPHIA","id":"3522811"},"geometry":{"type":"Point","coordinates":[-98.24825946969872,18.99309777905754]}},{"type":"Feature","properties":{"name":"CENTRO CRISTIANO PHILADELPHIA","id":"3374736"},"geometry":{"type":"Point","coordinates":[-98.26488726973167,18.97392655958188]}},{"type":"Feature","properties":{"name":"CENTRO CRISTIANO PAN DE VIDA","id":"8743810"},"geometry":{"type":"Point","coordinates":[-98.18947380027561,19.00646120913545]}},{"type":"Feature","properties":{"name":"CENTRO CRISTIANO JONAS","id":"3374911"},"geometry":{"type":"Point","coordinates":[-98.26821461021602,18.96958857986797]}},{"type":"Feature","properties":{"name":"CENTRO CRISTIANO LA HERMOSA ASAMBLEA DE DIOS","id":"3254747"},"geometry":{"type":"Point","coordinates":[-98.21092731024714,19.08165822975953]}},{"type":"Feature","properties":{"name":"CENTRO CRISTIANO FILADELFIA","id":"3514189"},"geometry":{"type":"Point","coordinates":[-98.23804359033937,18.97403793971792]}},{"type":"Feature","properties":{"name":"CENTRO CRISTIANO EL REMANENTE","id":"3254085"},"geometry":{"type":"Point","coordinates":[-98.17282044960406,19.07251523980275]}},{"type":"Feature","properties":{"name":"CENTRO CRISTIANO DE PUEBLA","id":"3463121"},"geometry":{"type":"Point","coordinates":[-98.22319543981763,19.01649540925343]}},{"type":"Feature","properties":{"name":"CENTRO CRISTIANO CORNESTONE PUEBLA","id":"3371648"},"geometry":{"type":"Point","coordinates":[-98.19654839988868,18.98295165921026]}},{"type":"Feature","properties":{"name":"CENTRO CRISTIANO DE PUEBLA","id":"8825783"},"geometry":{"type":"Point","coordinates":[-98.22784913013322,18.9601595695277]}},{"type":"Feature","properties":{"name":"CENTRO CRISTIANO CASA DE RESTAURACION","id":"11628630"},"geometry":{"type":"Point","coordinates":[-98.09523153990358,19.08175137973837]}},{"type":"Feature","properties":{"name":"CENTRO CRISTIANO COMUN","id":"10589995"},"geometry":{"type":"Point","coordinates":[-98.18591565957996,19.04174638930149]}},{"type":"Feature","properties":{"name":"CENTRO CRISTIANO CASA DE ADONAI","id":"11124104"},"geometry":{"type":"Point","coordinates":[-98.22999696029143,18.95857378956797]}},{"type":"Feature","properties":{"name":"CENTRO CRISTIANO ABBA","id":"10272947"},"geometry":{"type":"Point","coordinates":[-98.22633768003989,18.96110905935474]}},{"type":"Feature","properties":{"name":"CENTRO BIBLICO PENTECOSTES FILADELFIA","id":"3406850"},"geometry":{"type":"Point","coordinates":[-98.2177074502386,19.0433534993815]}},{"type":"Feature","properties":{"name":"AVIVAMIENTO PUEBLA","id":"3457399"},"geometry":{"type":"Point","coordinates":[-98.22450616033098,19.06238513957903]}},{"type":"Feature","properties":{"name":"BABALAWO","id":"10851041"},"geometry":{"type":"Point","coordinates":[-98.20965571024277,19.03246161942546]}},{"type":"Feature","properties":{"name":"CRISTO REY","id":"3251953"},"geometry":{"type":"Point","coordinates":[-98.18323325980708,19.09571808943394]}},{"type":"Feature","properties":{"name":"CRISTO VIVE","id":"8801620"},"geometry":{"type":"Point","coordinates":[-98.18783795955414,18.99207093944063]}},{"type":"Feature","properties":{"name":"ENSE4ANZA ESPIRITUAL METAFISICA","id":"3351182"},"geometry":{"type":"Point","coordinates":[-98.20400448022252,19.04624324954325]}},{"type":"Feature","properties":{"name":"CATEDRAL DE PUEBLA","id":"3272069"},"geometry":{"type":"Point","coordinates":[-98.19849854017548,19.04247181933602]}},{"type":"Feature","properties":{"name":"CASA SOCIAL SALESIANA","id":"3348076"},"geometry":{"type":"Point","coordinates":[-98.18827990978997,19.07678424960957]}},{"type":"Feature","properties":{"name":"CASA SANTA DE NUESTRA SE0ORA DE LORETO","id":"3258082"},"geometry":{"type":"Point","coordinates":[-98.20074326958623,19.05763914914407]}},{"type":"Feature","properties":{"name":"CASA RELIGIOSA CONGREGACION DE HERMANAS JOSEFINAS","id":"3407541"},"geometry":{"type":"Point","coordinates":[-98.21272233996399,19.04174266970548]}},{"type":"Feature","properties":{"name":"CASA ORACION EVANGELICA LA HERMOSA PENTECOSTES","id":"3539022"},"geometry":{"type":"Point","coordinates":[-98.17413812007817,19.03303208907695]}},{"type":"Feature","properties":{"name":"CASA PARROQUIAL","id":"3512148"},"geometry":{"type":"Point","coordinates":[-98.17510241994069,18.913422519554]}},{"type":"Feature","properties":{"name":"CASA ORACION TRINITARIOS MARIANOS","id":"3348640"},"geometry":{"type":"Point","coordinates":[-98.19567298002397,19.0788734295812]}},{"type":"Feature","properties":{"name":"COCHERA DE LA IGLESIA","id":"11012912"},"geometry":{"type":"Point","coordinates":[-98.20386236035961,19.04518880973273]}},{"type":"Feature","properties":{"name":"ESCUELA DIOCESANA DE TEOLOGIA","id":"3410456"},"geometry":{"type":"Point","coordinates":[-98.20429560965465,19.03236300966243]}},{"type":"Feature","properties":{"name":"ESCUELA DE CATEQUESIS","id":"3253912"},"geometry":{"type":"Point","coordinates":[-98.18743681965344,19.04594300907954]}},{"type":"Feature","properties":{"name":"EN ESPIRITU Y EN VERDAD","id":"3369333"},"geometry":{"type":"Point","coordinates":[-98.22664362040672,18.98859964897308]}},{"type":"Feature","properties":{"name":"CAPILLA DE SAN JUDAS TADEO","id":"3539076"},"geometry":{"type":"Point","coordinates":[-98.1419207396504,19.03410446946293]}},{"type":"Feature","properties":{"name":"CAPILLA DE SAN JUAN TULCINGO","id":"7569402"},"geometry":{"type":"Point","coordinates":[-98.20980553010111,19.12543409911923]}},{"type":"Feature","properties":{"name":"CAPILLA DE SAN JUAN DIEGO","id":"3456195"},"geometry":{"type":"Point","coordinates":[-98.21755363019582,19.07705925959331]}},{"type":"Feature","properties":{"name":"CAPILLA DE SAN JUAN BOSCO","id":"3475607"},"geometry":{"type":"Point","coordinates":[-98.24098748958095,19.08696739904211]}},{"type":"Feature","properties":{"name":"CIERVAS DE MARIA","id":"3278264"},"geometry":{"type":"Point","coordinates":[-98.19750598001694,19.03673049972996]}},{"type":"Feature","properties":{"name":"CORNESTONE PUEBLA SUR","id":"9507159"},"geometry":{"type":"Point","coordinates":[-98.2686872696018,18.96449147971706]}},{"type":"Feature","properties":{"name":"CAPILLA DE SANTA CECILIA","id":"3257340"},"geometry":{"type":"Point","coordinates":[-98.18510499989576,19.06391200944815]}},{"type":"Feature","properties":{"name":"CAPILLA DE SANTA CRUZ LOS ARCOS","id":"3345939"},"geometry":{"type":"Point","coordinates":[-98.25566951013973,19.07318175974667]}},{"type":"Feature","properties":{"name":"CAPILLA DE SAN RAMON","id":"3268235"},"geometry":{"type":"Point","coordinates":[-98.2025686604153,19.05093598932127]}},{"type":"Feature","properties":{"name":"CAPILLA DE SANTA BARBARA","id":"3251417"},"geometry":{"type":"Point","coordinates":[-98.19436097977535,19.09242067928666]}},{"type":"Feature","properties":{"name":"CAPILLA DE SAN PEDRO","id":"3253993"},"geometry":{"type":"Point","coordinates":[-98.17551668994327,19.07490287958043]}},{"type":"Feature","properties":{"name":"CAPILLA DE SAN MIGUEL DEL MILAGRO","id":"8328340"},"geometry":{"type":"Point","coordinates":[-98.12288319989973,19.10631906928501]}},{"type":"Feature","properties":{"name":"CAPILLA DE SAN MIGUEL ESPEJO","id":"9719476"},"geometry":{"type":"Point","coordinates":[-98.06724495978705,19.09532036965498]}},{"type":"Feature","properties":{"name":"CAPILLA DE SAN MIGUEL ARCANGEL","id":"3277495"},"geometry":{"type":"Point","coordinates":[-98.12544126030589,19.10752635966909]}},{"type":"Feature","properties":{"name":"CAPILLA DE SAN MIGUEL ARCANGEL","id":"3514665"},"geometry":{"type":"Point","coordinates":[-98.18828811970093,18.96574042939631]}},{"type":"Feature","properties":{"name":"CAPILLA DE SAN MIGUEL","id":"3412355"},"geometry":{"type":"Point","coordinates":[-98.13549709001865,19.06985115921997]}},{"type":"Feature","properties":{"name":"CAPILLA GUADALUPE EL LLANITO","id":"3475688"},"geometry":{"type":"Point","coordinates":[-98.24174474032748,19.08196729976709]}},{"type":"Feature","properties":{"name":"CAPILLA HERMITA DE GUADALUPE","id":"3345586"},"geometry":{"type":"Point","coordinates":[-98.24256793026575,19.07560994905607]}},{"type":"Feature","properties":{"name":"CAPILLA GUADALUPE ANALCO","id":"3457706"},"geometry":{"type":"Point","coordinates":[-98.19088135978689,19.01301003899991]}},{"type":"Feature","properties":{"name":"CAPILLA GUADALUPE EL CONDE","id":"3251938"},"geometry":{"type":"Point","coordinates":[-98.18334875973744,19.09737893940211]}},{"type":"Feature","properties":{"name":"CAPILLA GUADALUPE DEL ORO","id":"3339692"},"geometry":{"type":"Point","coordinates":[-98.21608376025728,19.12521118955962]}},{"type":"Feature","properties":{"name":"CAPILLA GUADALUPANA","id":"11457213"},"geometry":{"type":"Point","coordinates":[-98.2490015803586,18.95761133961087]}},{"type":"Feature","properties":{"name":"BETHANIA IGLESIA CRISTIANA","id":"10186007"},"geometry":{"type":"Point","coordinates":[-98.22743837018459,19.06418885944477]}},{"type":"Feature","properties":{"name":"CAPILLA GRUTA DE NUESTRA SE3ORA DE LOURDES","id":"3258418"},"geometry":{"type":"Point","coordinates":[-98.18504439997906,19.05313893982699]}},{"type":"Feature","properties":{"name":"CAPILLA ESPIRITU SANTO","id":"3538895"},"geometry":{"type":"Point","coordinates":[-98.18378477984368,19.06887034960329]}},{"type":"Feature","properties":{"name":"CAPILLA EL DIVINO SALVADOR","id":"3454533"},"geometry":{"type":"Point","coordinates":[-98.1445237400785,19.03940723916983]}},{"type":"Feature","properties":{"name":"CAPILLA EL CARMEN","id":"3371709"},"geometry":{"type":"Point","coordinates":[-98.21065075972473,18.96991860947515]}},{"type":"Feature","properties":{"name":"CAPILLA DULCE NOMBRE DE MARIA","id":"8724751"},"geometry":{"type":"Point","coordinates":[-98.17543661970421,19.03190547957155]}},{"type":"Feature","properties":{"name":"CAPILLA ECCE HOMO","id":"3353522"},"geometry":{"type":"Point","coordinates":[-98.18858568018493,19.04335395983439]}},{"type":"Feature","properties":{"name":"CAPILLA DEL SE0OR DEL PARAISO","id":"3538826"},"geometry":{"type":"Point","coordinates":[-98.12396313009435,19.03784732910813]}},{"type":"Feature","properties":{"name":"CAPILLA LA PURISIMA","id":"8328280"},"geometry":{"type":"Point","coordinates":[-98.1278294702538,19.10867487935752]}},{"type":"Feature","properties":{"name":"CAPILLA LA VIRGEN DE JUQUILITA","id":"3447682"},"geometry":{"type":"Point","coordinates":[-98.17224855003053,18.99616893956313]}},{"type":"Feature","properties":{"name":"CAPILLA LA VIRGEN DE JUQUILA","id":"3423557"},"geometry":{"type":"Point","coordinates":[-98.14995897992291,19.06755757953503]}},{"type":"Feature","properties":{"name":"CAPILLA LA FLOR","id":"9555978"},"geometry":{"type":"Point","coordinates":[-98.18308460996673,19.01900908901585]}},{"type":"Feature","properties":{"name":"COMUNIDAD CRISTIANA MONTE DE SION","id":"3457120"},"geometry":{"type":"Point","coordinates":[-98.23121968034394,19.07009044903132]}},{"type":"Feature","properties":{"name":"CAPILLA LA MANSION","id":"3277292"},"geometry":{"type":"Point","coordinates":[-98.2013712301981,19.03954565922188]}},{"type":"Feature","properties":{"name":"COMUNIDAD CRISTIANA FILADELPHIA PUEBLA","id":"8591902"},"geometry":{"type":"Point","coordinates":[-98.24115700009544,19.09740828967643]}},{"type":"Feature","properties":{"name":"COMUNIDAD CRISTIANA GRACIL Y GLORIA","id":"10372449"},"geometry":{"type":"Point","coordinates":[-98.22517146978747,19.00807497959453]}},{"type":"Feature","properties":{"name":"CAPILLA LA JUQUILITA","id":"8803745"},"geometry":{"type":"Point","coordinates":[-98.20196263966403,19.1075790194715]}},{"type":"Feature","properties":{"name":"COMUNIDAD CRISTIANA DEL SUR","id":"3512374"},"geometry":{"type":"Point","coordinates":[-98.23840685978871,18.95603027929324]}},{"type":"Feature","properties":{"name":"CAPILLA JUQUILITA","id":"3452975"},"geometry":{"type":"Point","coordinates":[-98.14727122019065,19.02409513919681]}},{"type":"Feature","properties":{"name":"COMUNIDAD BIBLICA","id":"8792036"},"geometry":{"type":"Point","coordinates":[-98.17786494031468,19.06965354938811]}},{"type":"Feature","properties":{"name":"CAPILLA LA CANDELARIA","id":"3331777"},"geometry":{"type":"Point","coordinates":[-98.25803254986226,19.08255348956788]}},{"type":"Feature","properties":{"name":"CAPILLA JUQUILITA","id":"9533373"},"geometry":{"type":"Point","coordinates":[-98.20710995975679,19.08803081948261]}},{"type":"Feature","properties":{"name":"CAPILLA JUQUILITA","id":"11080276"},"geometry":{"type":"Point","coordinates":[-98.25024472041746,18.94894299923947]}},{"type":"Feature","properties":{"name":"CAPILLA JESUS DIVINO MAESTRO","id":"3512278"},"geometry":{"type":"Point","coordinates":[-98.2360550103304,18.96329051966082]}},{"type":"Feature","properties":{"name":"CAPILLA JOSE MARIA YERMO Y PARRES","id":"3439992"},"geometry":{"type":"Point","coordinates":[-98.11795947015338,19.05264975899595]}},{"type":"Feature","properties":{"name":"CAPILLA JUAN PABLO II","id":"7597441"},"geometry":{"type":"Point","coordinates":[-98.19037256024541,19.07930131981614]}},{"type":"Feature","properties":{"name":"DESAFIO INTERNACIONAL","id":"3276830"},"geometry":{"type":"Point","coordinates":[-98.20552759991875,19.04012138900801]}},{"type":"Feature","properties":{"name":"DESAFIO INTERNACIONAL","id":"8658172"},"geometry":{"type":"Point","coordinates":[-98.21772439976121,18.99500693903728]}},{"type":"Feature","properties":{"name":"DESAFIO INTERNACIONAL DEL SUR","id":"10247677"},"geometry":{"type":"Point","coordinates":[-98.24343694965546,18.95555790948924]}},{"type":"Feature","properties":{"name":"CAPILLA DEL SAN PIO PIETRELCINA","id":"3513619"},"geometry":{"type":"Point","coordinates":[-98.20465203975978,18.99217819978241]}},{"type":"Feature","properties":{"name":"CAPILLA DEL SANTO ENTIERRO","id":"8328387"},"geometry":{"type":"Point","coordinates":[-98.12250122994777,19.10567504947934]}},{"type":"Feature","properties":{"name":"CAPILLA DEL SAGRADO CORAZON DE JESUS Y SANTA MARGARITA MARIA ALACOQUE","id":"3539070"},"geometry":{"type":"Point","coordinates":[-98.12095192019491,19.05060688961307]}},{"type":"Feature","properties":{"name":"CAPILLA DEL SAGRARIO METROPOLITANO","id":"3272070"},"geometry":{"type":"Point","coordinates":[-98.19767077988256,19.04277707981539]}},{"type":"Feature","properties":{"name":"CAPILLA DEL SAGRADO CORAZON DE JESUS","id":"3453059"},"geometry":{"type":"Point","coordinates":[-98.14548155043315,19.02574342923332]}},{"type":"Feature","properties":{"name":"CAPILLA DEL SAGRADO CORAZON DE JESUS","id":"3417943"},"geometry":{"type":"Point","coordinates":[-98.14498244018743,19.06698652982089]}},{"type":"Feature","properties":{"name":"CAPILLA DEL SAGRADO CORAZON DE JESUS","id":"3461007"},"geometry":{"type":"Point","coordinates":[-98.23731602981087,18.94932726965724]}},{"type":"Feature","properties":{"name":"CAPILLA DEL SAGRADO CORAZON DE JESUS","id":"3456507"},"geometry":{"type":"Point","coordinates":[-98.23560756973353,19.07750192928673]}},{"type":"Feature","properties":{"name":"CAPILLA DEL SAGRADO CORAZON DE JESUS","id":"3277537"},"geometry":{"type":"Point","coordinates":[-98.13518807037309,19.10394405958613]}},{"type":"Feature","properties":{"name":"CAPILLA DEL SAGRADO CORAZON DE JESUS","id":"3358275"},"geometry":{"type":"Point","coordinates":[-98.12393022030341,19.0333078392027]}},{"type":"Feature","properties":{"name":"CAPILLA DEL ROSARIO","id":"3344034"},"geometry":{"type":"Point","coordinates":[-98.13041668038547,19.07226661952516]}},{"type":"Feature","properties":{"name":"CAPILLA DEL ROSARIO","id":"3512867"},"geometry":{"type":"Point","coordinates":[-98.24401112001716,18.96029148927998]}},{"type":"Feature","properties":{"name":"CENTRO RELIGIOSO ISLAMICO MUSALAH PUEBLA","id":"3412527"},"geometry":{"type":"Point","coordinates":[-98.20532983990017,19.02634670975029]}},{"type":"Feature","properties":{"name":"CENTRO PARROQUIAL CALASANZ","id":"3420172"},"geometry":{"type":"Point","coordinates":[-98.20696472014568,19.01619661939618]}},{"type":"Feature","properties":{"name":"CAPILLA DEL PEREGRINO","id":"3277724"},"geometry":{"type":"Point","coordinates":[-98.13171735007563,19.09426068949492]}},{"type":"Feature","properties":{"name":"CAPILLA DEL NI8O JESUS","id":"3539079"},"geometry":{"type":"Point","coordinates":[-98.13935019035897,19.02968123941503]}},{"type":"Feature","properties":{"name":"CAPILLA DEL NI6O JESUS","id":"3431856"},"geometry":{"type":"Point","coordinates":[-98.239069289616,19.00832270954332]}},{"type":"Feature","properties":{"name":"CAPILLA DEL ESPIRITU SANTO","id":"9498852"},"geometry":{"type":"Point","coordinates":[-98.24345531021436,19.00917487923518]}},{"type":"Feature","properties":{"name":"CAPILLA DEL MONTE CALVARIO","id":"3277562"},"geometry":{"type":"Point","coordinates":[-98.12084044023409,19.10710006932809]}},{"type":"Feature","properties":{"name":"CAPILLA DEL MERCADO AMALUCAN","id":"3437861"},"geometry":{"type":"Point","coordinates":[-98.14600730039656,19.0533148894873]}},{"type":"Feature","properties":{"name":"CENTRO FAMILIAR DE ADORACION","id":"3458531"},"geometry":{"type":"Point","coordinates":[-98.18562472979738,19.01536830961752]}},{"type":"Feature","properties":{"name":"CAPILLA DEL DIVINO SALVADOR","id":"3458151"},"geometry":{"type":"Point","coordinates":[-98.23735553972637,19.06388400905623]}},{"type":"Feature","properties":{"name":"CENTRO FAMILIAR CRISTIANO LA VOZ DE MI AMADO JESUS","id":"9715408"},"geometry":{"type":"Point","coordinates":[-98.24119488043935,19.0977625695026]}},{"type":"Feature","properties":{"name":"CAPILLA DEL ESPIRITU SANTO","id":"3445581"},"geometry":{"type":"Point","coordinates":[-98.14412553016905,19.04338310955989]}},{"type":"Feature","properties":{"name":"CAPILLA DEL DIVINO SALVADOR","id":"3250719"},"geometry":{"type":"Point","coordinates":[-98.18493783031658,19.11483218936917]}},{"type":"Feature","properties":{"name":"CENTRO FAMILIAR CRISTIANO JEHIEL","id":"3514192"},"geometry":{"type":"Point","coordinates":[-98.2371468898171,18.97651563940396]}},{"type":"Feature","properties":{"name":"CAPILLA DEL DIVINO SALVADOR","id":"7597050"},"geometry":{"type":"Point","coordinates":[-98.10079471010776,19.15549054986307]}},{"type":"Feature","properties":{"name":"CAPILLA DEL DIVINO NI0O JESUS","id":"3276948"},"geometry":{"type":"Point","coordinates":[-98.2070722502841,19.04178182978464]}},{"type":"Feature","properties":{"name":"CAPILLA DEL CIRINEO","id":"3353520"},"geometry":{"type":"Point","coordinates":[-98.18901955990475,19.04521299969712]}},{"type":"Feature","properties":{"name":"CAPILLA DEL SE3OR DE LA MISERICORDIA","id":"3374965"},"geometry":{"type":"Point","coordinates":[-98.27417744992931,18.97681057926355]}},{"type":"Feature","properties":{"name":"CAPILLA DEL SE8OR DE LA MISERICORDIA","id":"8950436"},"geometry":{"type":"Point","coordinates":[-98.25664911016827,18.98823362939691]}},{"type":"Feature","properties":{"name":"CAPILLA DEL SE8OR DE LA MISERICORDIA RIEGO NORTE","id":"3471384"},"geometry":{"type":"Point","coordinates":[-98.22369591973086,19.09473438939621]}},{"type":"Feature","properties":{"name":"CAPILLA DEL SE5OR DE LA DIVINA MISERICORDIA","id":"3370716"},"geometry":{"type":"Point","coordinates":[-98.22680563956857,18.9813660195448]}},{"type":"Feature","properties":{"name":"CAPILLA DEL SE0OR DE LA MISERICORDIA","id":"7569183"},"geometry":{"type":"Point","coordinates":[-98.2248345198971,19.10799010947132]}},{"type":"Feature","properties":{"name":"CAPILLA DEL SE0OR DE LA MISERICORDIA","id":"3251782"},"geometry":{"type":"Point","coordinates":[-98.17978076966676,19.09003177955875]}},{"type":"Feature","properties":{"name":"CAPILLA DEL SE7OR DE LA MISERICORDIA","id":"3513142"},"geometry":{"type":"Point","coordinates":[-98.21993226955858,18.99299697944535]}},{"type":"Feature","properties":{"name":"DE GRACIA IGLESIA BAUTISTA","id":"8804362"},"geometry":{"type":"Point","coordinates":[-98.1543602602178,19.04596365931238]}},{"type":"Feature","properties":{"name":"CAPILLA DEL CALVARIO","id":"3475759"},"geometry":{"type":"Point","coordinates":[-98.24353813957345,19.08154994958654]}},{"type":"Feature","properties":{"name":"CAPILLA DEL CALVARIO","id":"8328334"},"geometry":{"type":"Point","coordinates":[-98.12158148969394,19.10785297904706]}},{"type":"Feature","properties":{"name":"CAPILLA DEL BARRIO SANTA CATARINA","id":"3513352"},"geometry":{"type":"Point","coordinates":[-98.18402949976155,18.97298801900068]}},{"type":"Feature","properties":{"name":"CAPILLA DEL BARRIO DE SAN NICOLAS","id":"3515709"},"geometry":{"type":"Point","coordinates":[-98.2577782000039,18.89363404949268]}},{"type":"Feature","properties":{"name":"CAPILLA DEL BARRIO DE SAN JUAN","id":"3371301"},"geometry":{"type":"Point","coordinates":[-98.19509159979748,18.97407388921739]}},{"type":"Feature","properties":{"name":"CAPILLA DE VERONICA","id":"8812046"},"geometry":{"type":"Point","coordinates":[-98.18772822967401,19.04574201959546]}},{"type":"Feature","properties":{"name":"CAPILLA DE VELACION SAN JUDAS","id":"3513763"},"geometry":{"type":"Point","coordinates":[-98.19877856028228,18.99005542923305]}},{"type":"Feature","properties":{"name":"CAPILLA DE SANTO ANGEL CUSTODIO","id":"3453005"},"geometry":{"type":"Point","coordinates":[-98.14522931038431,19.02826444926232]}},{"type":"Feature","properties":{"name":"CAPILLA DE SANTO DOMINGO","id":"3471807"},"geometry":{"type":"Point","coordinates":[-98.21646879959538,19.09486129902543]}},{"type":"Feature","properties":{"name":"CAPILLA DE SANTA ROSA DE LIMA","id":"3253532"},"geometry":{"type":"Point","coordinates":[-98.16280230957886,19.08450016926332]}},{"type":"Feature","properties":{"name":"CAPILLA DE SANTA INES DEL MONTE PULCIANO","id":"3258517"},"geometry":{"type":"Point","coordinates":[-98.188155240372,19.05329914955287]}},{"type":"Feature","properties":{"name":"CENTRO DIOCESANO PASTORAL JUVENIL","id":"3352059"},"geometry":{"type":"Point","coordinates":[-98.18565935009889,19.04852522977242]}},{"type":"Feature","properties":{"name":"CULTO RELIGIOSO SUKYO MAHIKARI","id":"7852169"},"geometry":{"type":"Point","coordinates":[-98.23298949037263,19.04983285931586]}},{"type":"Feature","properties":{"name":"CENTRO DE MISION MEXICO LIVE WORD MISSION","id":"11044049"},"geometry":{"type":"Point","coordinates":[-98.18399409974785,19.11177323985837]}},{"type":"Feature","properties":{"name":"CENTRO DE FORMACION Y EVANGELIZACION BAJO EL AMPARO DE MARIA","id":"3346669"},"geometry":{"type":"Point","coordinates":[-98.21355835963055,19.06721105905949]}},{"type":"Feature","properties":{"name":"CENTRO DE FE ESPERANZA Y AMOR MIGUEL HIDALGO","id":"9922030"},"geometry":{"type":"Point","coordinates":[-98.14264773990124,19.06329397915032]}},{"type":"Feature","properties":{"name":"CENTRO DE FE ESPERANZA Y AMOR","id":"3456311"},"geometry":{"type":"Point","coordinates":[-98.22751235021474,19.07528844951851]}},{"type":"Feature","properties":{"name":"CENTRO DE FE ESPERANZA Y AMOR","id":"3463179"},"geometry":{"type":"Point","coordinates":[-98.2173177398218,19.01276076941177]}},{"type":"Feature","properties":{"name":"CENTRO DE FE ESPERANZA Y AMOR","id":"3538993"},"geometry":{"type":"Point","coordinates":[-98.18173666021862,19.03925806952143]}},{"type":"Feature","properties":{"name":"CENTRO DE EVANGELIZACION CATECISMO","id":"10375134"},"geometry":{"type":"Point","coordinates":[-98.15634127962632,18.94122376918127]}},{"type":"Feature","properties":{"name":"CENTRO DE ESPERANZA Y AMOR","id":"3369611"},"geometry":{"type":"Point","coordinates":[-98.23188385035938,18.98263441976124]}},{"type":"Feature","properties":{"name":"CENTRO DE ESPIRITUALIDAD SAN JOSE MARIA DE YERMO Y PARRES","id":"3514929"},"geometry":{"type":"Point","coordinates":[-98.1984644603665,18.97467531982893]}},{"type":"Feature","properties":{"name":"CENTRO DE ENSE3ANZA CRISTIANA","id":"9696359"},"geometry":{"type":"Point","coordinates":[-98.18546686010745,19.10103831947836]}},{"type":"Feature","properties":{"name":"CENTRO DE DISCIPULADO SAN JUAN 14 .6","id":"8858017"},"geometry":{"type":"Point","coordinates":[-98.2272654899104,18.9506248996388]}},{"type":"Feature","properties":{"name":"CENTRO DE ADORACION PRINCIPE DE LA PAZ","id":"10202624"},"geometry":{"type":"Point","coordinates":[-98.13705909999743,19.0271675398675]}},{"type":"Feature","properties":{"name":"COMPA8ERISMO CRISTIANO","id":"6448982"},"geometry":{"type":"Point","coordinates":[-98.20962859028721,19.08107295906583]}},{"type":"Feature","properties":{"name":"COMPA8ERISMO INTERNACIONAL","id":"3376070"},"geometry":{"type":"Point","coordinates":[-98.2727710298591,18.96137690983562]}},{"type":"Feature","properties":{"name":"COMPA8ERISMO AMIGOS DE FE SAN PABLO XOCHIMIHUACAN","id":"3341809"},"geometry":{"type":"Point","coordinates":[-98.20505546034121,19.09336962952051]}},{"type":"Feature","properties":{"name":"FIESTA PENTECOSTAL CON JESUS","id":"10871770"},"geometry":{"type":"Point","coordinates":[-98.26286208012084,18.95679269934284]}},{"type":"Feature","properties":{"name":"EXTENSION CRISTIANA DESAFIO INTERNACIONAL SERDAN","id":"9768322"},"geometry":{"type":"Point","coordinates":[-98.22900483990139,19.07885895948945]}},{"type":"Feature","properties":{"name":"IGLESIA EVANGELICA PENTECOSTES","id":"3460745"},"geometry":{"type":"Point","coordinates":[-98.22601003993134,19.04729388971815]}},{"type":"Feature","properties":{"name":"IGLESIA EVANGELICA PENTECOSTES GETSEMANI","id":"6447797"},"geometry":{"type":"Point","coordinates":[-98.18193287969859,19.06729242971823]}},{"type":"Feature","properties":{"name":"IGLESIA EVANGELICA LOS PEREGRINOS","id":"3457129"},"geometry":{"type":"Point","coordinates":[-98.23062304042094,19.06858073912618]}},{"type":"Feature","properties":{"name":"IGLESIA EVANGELICA MISIONERA DEL PACTO","id":"3358571"},"geometry":{"type":"Point","coordinates":[-98.2523305000525,19.05773425964499]}},{"type":"Feature","properties":{"name":"IGLESIA EVANGELICA FILADELFIA","id":"6450344"},"geometry":{"type":"Point","coordinates":[-98.23751788983871,19.04798914929669]}},{"type":"Feature","properties":{"name":"IGLESIA EVANGELICA EL BUEN PASTOR","id":"3372455"},"geometry":{"type":"Point","coordinates":[-98.22913587022418,18.96699445934578]}},{"type":"Feature","properties":{"name":"IGLESIA EVANGELICA DE HERNANOS CONGREGADOS EN EL NOMBRE DEL SEiOR JESUS","id":"3253909"},"geometry":{"type":"Point","coordinates":[-98.1725694002576,19.08383332916078]}},{"type":"Feature","properties":{"name":"IGLESIA EVANGELICA CRSITO VIENE","id":"8188027"},"geometry":{"type":"Point","coordinates":[-98.24883419044549,18.95142601931473]}},{"type":"Feature","properties":{"name":"IGLESIA EVANGELICA CRISTIANA ESPIRITUAL","id":"8810892"},"geometry":{"type":"Point","coordinates":[-98.13718257961234,19.06955008958129]}},{"type":"Feature","properties":{"name":"IGLESIA EVANGELICA","id":"10647588"},"geometry":{"type":"Point","coordinates":[-98.21988440044471,19.1043418791898]}},{"type":"Feature","properties":{"name":"IGLESIA EN-HACORE","id":"8827084"},"geometry":{"type":"Point","coordinates":[-98.26388961041715,18.96620236976258]}},{"type":"Feature","properties":{"name":"IGLESIA EMMANUEL","id":"9649268"},"geometry":{"type":"Point","coordinates":[-98.16365281012908,18.95710782898238]}},{"type":"Feature","properties":{"name":"IGLESIA EL MANANTIAL","id":"3367620"},"geometry":{"type":"Point","coordinates":[-98.19870868026135,18.98402070940676]}},{"type":"Feature","properties":{"name":"IGLESIA EL SE1OR DE LAS MARAVILLAS","id":"3256957"},"geometry":{"type":"Point","coordinates":[-98.16655262010727,19.07041730942759]}},{"type":"Feature","properties":{"name":"FRATERNIDAD COMUNIDAD CRISTIANA","id":"9563666"},"geometry":{"type":"Point","coordinates":[-98.13633257009201,19.06894849978977]}},{"type":"Feature","properties":{"name":"LOS APOSTOLICOS DE PUEBLA","id":"3514292"},"geometry":{"type":"Point","coordinates":[-98.23878250031208,18.97417413934388]}},{"type":"Feature","properties":{"name":"LOS APOSTOLICOS DE PUEBLA","id":"3343826"},"geometry":{"type":"Point","coordinates":[-98.13611412027039,19.08775069955098]}},{"type":"Feature","properties":{"name":"LLUVIA DE GRACIA","id":"10905806"},"geometry":{"type":"Point","coordinates":[-98.23768659006407,19.04912574937072]}},{"type":"Feature","properties":{"name":"IGLESIA EFESO","id":"3358505"},"geometry":{"type":"Point","coordinates":[-98.24788131017431,19.06223476933566]}},{"type":"Feature","properties":{"name":"IGLESIA EFESO","id":"3459996"},"geometry":{"type":"Point","coordinates":[-98.21617016981746,19.05446675915031]}},{"type":"Feature","properties":{"name":"IGLESIA DIOS DE LA PROFECIA","id":"3256368"},"geometry":{"type":"Point","coordinates":[-98.18622192010548,19.07507432903324]}},{"type":"Feature","properties":{"name":"IGLESIA EBENEZER","id":"3415589"},"geometry":{"type":"Point","coordinates":[-98.2103618300344,19.01802134922357]}},{"type":"Feature","properties":{"name":"IGLESIA DIOS DE LA PROFECIA","id":"3348141"},"geometry":{"type":"Point","coordinates":[-98.19251409964596,19.08007110980992]}},{"type":"Feature","properties":{"name":"IGLESIA DEL SAGRADO CORAZON DE JESUS Y SAN CALLETANO","id":"3515307"},"geometry":{"type":"Point","coordinates":[-98.26111936037017,18.9648021190416]}},{"type":"Feature","properties":{"name":"IGLESIA DEL SAGRADO CORAZON DE JESUS","id":"3256346"},"geometry":{"type":"Point","coordinates":[-98.19023088015098,19.06561793973257]}},{"type":"Feature","properties":{"name":"IGLESIA DEL SAGRADO CORAZON DE JESUS","id":"3518816"},"geometry":{"type":"Point","coordinates":[-98.22668719975445,18.99700704925413]}},{"type":"Feature","properties":{"name":"IGLESIA DEL NI9O DOCTOR","id":"9584834"},"geometry":{"type":"Point","coordinates":[-98.22033481959619,18.95269762921159]}},{"type":"Feature","properties":{"name":"IGLESIA DEL NAZARENO EL SEMBRADOR","id":"3343828"},"geometry":{"type":"Point","coordinates":[-98.13593965988736,19.08819014967153]}},{"type":"Feature","properties":{"name":"IGLESIA DEL NAZARENO","id":"3258024"},"geometry":{"type":"Point","coordinates":[-98.19942587970053,19.05910073902451]}},{"type":"Feature","properties":{"name":"IGLESIA DEL PARQUE","id":"11245317"},"geometry":{"type":"Point","coordinates":[-98.20480450002759,19.07055134978124]}},{"type":"Feature","properties":{"name":"IGLESIA DEL DIOS VIVO COLUMNA Y APOYO DE LA VERDAD EL BUEN PASTOR","id":"3521730"},"geometry":{"type":"Point","coordinates":[-98.22934454981112,18.98562359986773]}},{"type":"Feature","properties":{"name":"MONASTERIO SANTA CATALINA","id":"3275310"},"geometry":{"type":"Point","coordinates":[-98.19171253030902,19.03883998909133]}},{"type":"Feature","properties":{"name":"MONASTERIO DOMINICANO DE SANTA ROSA DE LIMA","id":"3371706"},"geometry":{"type":"Point","coordinates":[-98.19770148003926,18.97369588977229]}},{"type":"Feature","properties":{"name":"MONASTERIO DOMINICANO DE SANTA INES DE MONTEPULCIANO","id":"3277126"},"geometry":{"type":"Point","coordinates":[-98.20308833006237,19.04185367932089]}},{"type":"Feature","properties":{"name":"MONASTERIO DE LA PURISIMA CONCEPCION","id":"3418306"},"geometry":{"type":"Point","coordinates":[-98.20012308001613,19.02212093934745]}},{"type":"Feature","properties":{"name":"MONASTERIO DE LAS CARMELITAS DESCALZASDE SAN JOSE Y SANTA TERESA","id":"3273287"},"geometry":{"type":"Point","coordinates":[-98.19551816982765,19.04686280958789]}},{"type":"Feature","properties":{"name":"GRACIA MINISTERIOS","id":"3348856"},"geometry":{"type":"Point","coordinates":[-98.18579161968745,19.06525204965878]}},{"type":"Feature","properties":{"name":"IGLESIA DE SANTO TOMAS CHAUTLA","id":"3512517"},"geometry":{"type":"Point","coordinates":[-98.1545261203841,18.96307106979312]}},{"type":"Feature","properties":{"name":"IGLESIA DE SANTO DOMINGO","id":"3272410"},"geometry":{"type":"Point","coordinates":[-98.1973324900024,19.04670927912686]}},{"type":"Feature","properties":{"name":"IGLESIA DE SANTA MARIADE GUADALUPE","id":"3457243"},"geometry":{"type":"Point","coordinates":[-98.12531307993464,19.04900679964095]}},{"type":"Feature","properties":{"name":"IGLESIA DE SANTA TERESITA DEL NIiO JESUS","id":"3459956"},"geometry":{"type":"Point","coordinates":[-98.21845806039114,19.05603447982406]}},{"type":"Feature","properties":{"name":"IGLESIA DE SANTA TERESITA DEL NIlO JESUS","id":"7827683"},"geometry":{"type":"Point","coordinates":[-98.21805632963587,19.0565342897423]}},{"type":"Feature","properties":{"name":"LA ROCA LOMA MISIONES","id":"11227719"},"geometry":{"type":"Point","coordinates":[-98.16053281014104,18.94686510935683]}},{"type":"Feature","properties":{"name":"IGLESIA DE SANTA LUCIA","id":"8743209"},"geometry":{"type":"Point","coordinates":[-98.22553305031,18.95646926986021]}},{"type":"Feature","properties":{"name":"LA ROCA ORIENTE IGLESIA CRISTIANA","id":"10127587"},"geometry":{"type":"Point","coordinates":[-98.12685069040704,19.06731915936809]}},{"type":"Feature","properties":{"name":"IGLESIA DE SANTA INES","id":"3277132"},"geometry":{"type":"Point","coordinates":[-98.20205416996394,19.04204504965636]}},{"type":"Feature","properties":{"name":"LA NUEVA JERUSALEN","id":"3537797"},"geometry":{"type":"Point","coordinates":[-98.2532118302617,18.9826769594927]}},{"type":"Feature","properties":{"name":"LA NUEVA JERUSALEN IGLESIA CRISTIANA PENTECOSTAL","id":"8421602"},"geometry":{"type":"Point","coordinates":[-98.1780628496208,19.04797955982573]}},{"type":"Feature","properties":{"name":"IGLESIA DE SANTA ANITA PARROQUIA SEiOR DE LA SALUD","id":"3258066"},"geometry":{"type":"Point","coordinates":[-98.20055819990097,19.05983589972358]}},{"type":"Feature","properties":{"name":"IGLESIA DE SAN PEDRO ZACACHIMALPA","id":"3512179"},"geometry":{"type":"Point","coordinates":[-98.15618516001706,18.94203500982746]}},{"type":"Feature","properties":{"name":"LA LUZ DEL MUNDO","id":"8187260"},"geometry":{"type":"Point","coordinates":[-98.23862122039299,18.95378016923875]}},{"type":"Feature","properties":{"name":"LA LUZ DEL MUNDO","id":"3463379"},"geometry":{"type":"Point","coordinates":[-98.2112558703621,19.00812445939419]}},{"type":"Feature","properties":{"name":"IGLESIA DE SAN MIGUEL MAYORAZGO","id":"3523033"},"geometry":{"type":"Point","coordinates":[-98.25229027967265,18.99299875920369]}},{"type":"Feature","properties":{"name":"LA IGLESIA DEL DIVINO SALVADOR","id":"3253715"},"geometry":{"type":"Point","coordinates":[-98.17066155958327,19.08831472915729]}},{"type":"Feature","properties":{"name":"IGLESIA DE SAN MIGUEL XONACATEPEC","id":"3279868"},"geometry":{"type":"Point","coordinates":[-98.11464136031049,19.08015963907212]}},{"type":"Feature","properties":{"name":"LA IGLESIA DE JESUCRISTO DE LOS SANTOS DE LOS ULTIMOS DIAS EN MEXICO","id":"3521245"},"geometry":{"type":"Point","coordinates":[-98.23115969016753,18.9829967692041]}},{"type":"Feature","properties":{"name":"LA IGLESIA DE LA LUZ DEL MUNDO","id":"9785265"},"geometry":{"type":"Point","coordinates":[-98.2516809602081,18.90671533976166]}},{"type":"Feature","properties":{"name":"LA IGLESIA DE JESUS CRISTO DE LOS SANTOS DE LOS ULTIMOS DIAS","id":"9856405"},"geometry":{"type":"Point","coordinates":[-98.18104114972927,19.01783403932714]}},{"type":"Feature","properties":{"name":"LA IGLESIA DE JESUCRISTO DE LOS SANTOS DE LOS ULTIMOS DIAS EN MEXICO","id":"3255590"},"geometry":{"type":"Point","coordinates":[-98.20371837979935,19.0715749095707]}},{"type":"Feature","properties":{"name":"LA IGLESIA DE JESUCRISTO DE LOS SANTOS DE LOS ULTIMOS DIAS","id":"3522921"},"geometry":{"type":"Point","coordinates":[-98.24378065974963,18.99528709943835]}},{"type":"Feature","properties":{"name":"LA IGLESIA DE JESUCRISTO DE LOS SANTOS DE LOS ULTIMOS DIAS","id":"3443905"},"geometry":{"type":"Point","coordinates":[-98.14883506028974,19.05202823932858]}},{"type":"Feature","properties":{"name":"LA IGLESIA DE JESUCRISTO DE LOS SANTOS DE LOS ULTIMOS DIAS","id":"3475280"},"geometry":{"type":"Point","coordinates":[-98.23289083024758,19.08374855906472]}},{"type":"Feature","properties":{"name":"LA IGLESIA DE JESUCRISTO DE LOS SANTOS DE LOS ULTIMOS DIAS","id":"3514896"},"geometry":{"type":"Point","coordinates":[-98.20038864981632,18.98797632976226]}},{"type":"Feature","properties":{"name":"LA IGLESIA DE JESUCRISTO DE LOS SANTOS DE LOS ULTIMOS DIAS","id":"3457000"},"geometry":{"type":"Point","coordinates":[-98.23948500033248,19.06923682963229]}},{"type":"Feature","properties":{"name":"LA IGLESIA DE JESUCRISTO DE LOS SANTOS DE LOS ULTIMOS DIAS","id":"3256584"},"geometry":{"type":"Point","coordinates":[-98.18072753005146,19.07222648907746]}},{"type":"Feature","properties":{"name":"LA IGLESIA DE JESUCRISTO DE LOS SANTOS DE LOS ULTIMOS DIAS","id":"11158688"},"geometry":{"type":"Point","coordinates":[-98.21390697013055,19.02343702971268]}},{"type":"Feature","properties":{"name":"LA IGLESIA DE JESUCRISTO DE LOS SANTOS DE LOS ULTIMOS DIAS","id":"3368593"},"geometry":{"type":"Point","coordinates":[-98.20635713007744,19.00414225957563]}},{"type":"Feature","properties":{"name":"LA IGLESIA DE JESUCRISTO DE LOS SANTOS DE LOS ULTIMOS DIAS","id":"3356161"},"geometry":{"type":"Point","coordinates":[-98.1308326995694,19.05861557906233]}},{"type":"Feature","properties":{"name":"LA IGLESIA DE JESUCRISTO DE LOS SANTOS DE LOS ULTIMO DIAS","id":"10823097"},"geometry":{"type":"Point","coordinates":[-98.19774396041538,19.06030852943166]}},{"type":"Feature","properties":{"name":"LA IGLESIA DE DIOS","id":"3256604"},"geometry":{"type":"Point","coordinates":[-98.18301856015842,19.07275558901548]}},{"type":"Feature","properties":{"name":"HERMANAS PASIONISTAS","id":"3357049"},"geometry":{"type":"Point","coordinates":[-98.14732730011478,19.04739666963752]}},{"type":"Feature","properties":{"name":"HERMANAS DE LA CARIDAD DEL VERBO ENCARNADO","id":"3421538"},"geometry":{"type":"Point","coordinates":[-98.19806312980955,19.03178019951389]}},{"type":"Feature","properties":{"name":"FRAILES DOMINICOS DE SANTO DOMINGO PUEBLA","id":"8948135"},"geometry":{"type":"Point","coordinates":[-98.1973324900024,19.04670927912686]}},{"type":"Feature","properties":{"name":"GUERREROS DE DIOS PUEBLA SUR","id":"8287331"},"geometry":{"type":"Point","coordinates":[-98.2487288195793,18.97326255953833]}},{"type":"Feature","properties":{"name":"GUERREROS DE LA LUZ","id":"11417791"},"geometry":{"type":"Point","coordinates":[-98.18309612038962,18.99001240926368]}},{"type":"Feature","properties":{"name":"IGLESIA DE SAN JUAN BAUTISTA","id":"3376353"},"geometry":{"type":"Point","coordinates":[-98.2410508396245,18.95336070924865]}},{"type":"Feature","properties":{"name":"IGLESIA DE SAN JOSE CHAPULCO","id":"3514962"},"geometry":{"type":"Point","coordinates":[-98.21792490990664,18.97678635962155]}},{"type":"Feature","properties":{"name":"IGLESIA DE SAN FRANCISCO","id":"3441852"},"geometry":{"type":"Point","coordinates":[-98.1904430500067,19.04506777897177]}},{"type":"Feature","properties":{"name":"IGLESIA DE SAN CARLOS BORLOMEO","id":"3257731"},"geometry":{"type":"Point","coordinates":[-98.17526332034595,19.05506538927297]}},{"type":"Feature","properties":{"name":"IGLESIA DE SAN ANTONIO DE PADUA","id":"3258411"},"geometry":{"type":"Point","coordinates":[-98.19409343956055,19.05421917938837]}},{"type":"Feature","properties":{"name":"IGLESIA DE SAN ANDRES APOSTOL AZUMIATLA","id":"3515692"},"geometry":{"type":"Point","coordinates":[-98.25231917039338,18.90288179967598]}},{"type":"Feature","properties":{"name":"IGLESIA DE SAN AGUSTIN","id":"3268644"},"geometry":{"type":"Point","coordinates":[-98.20220718961008,19.04510183899565]}},{"type":"Feature","properties":{"name":"IGLESIA DE RESTAURACION FAMILIAR INTERNACIONAL MEXICO","id":"3349378"},"geometry":{"type":"Point","coordinates":[-98.19064737957285,19.06060050962236]}},{"type":"Feature","properties":{"name":"IGLESIA DE PUEBLA CASA DE PAN","id":"8617420"},"geometry":{"type":"Point","coordinates":[-98.19439687981213,18.97679196959246]}},{"type":"Feature","properties":{"name":"MISIONERAS DE SAN JUAN BAUTISTA","id":"10816886"},"geometry":{"type":"Point","coordinates":[-98.2384026698473,18.97724447966772]}},{"type":"Feature","properties":{"name":"MISIONEROS DE JESUS","id":"11171940"},"geometry":{"type":"Point","coordinates":[-98.18585310004049,19.11516336920926]}},{"type":"Feature","properties":{"name":"MISIONERAS CARMELITAS DE SANTA TERESA DEL NIeO JESUS","id":"3538889"},"geometry":{"type":"Point","coordinates":[-98.19451043990483,19.05907642945025]}},{"type":"Feature","properties":{"name":"MISION FILADELPIA","id":"10212993"},"geometry":{"type":"Point","coordinates":[-98.19697683960942,19.10147391960118]}},{"type":"Feature","properties":{"name":"MISION FILADELFIA U.I.E.I","id":"11430460"},"geometry":{"type":"Point","coordinates":[-98.19696656035843,19.10150083900801]}},{"type":"Feature","properties":{"name":"MISION SILOE","id":"8658532"},"geometry":{"type":"Point","coordinates":[-98.25571622002752,18.97365370976971]}},{"type":"Feature","properties":{"name":"MISION CRISTIANA BETEL","id":"7828057"},"geometry":{"type":"Point","coordinates":[-98.20119944979473,19.10897313951408]}},{"type":"Feature","properties":{"name":"FUENTE PARA EL MUNDO","id":"3440154"},"geometry":{"type":"Point","coordinates":[-98.17347966975092,19.04495530975669]}},{"type":"Feature","properties":{"name":"FUENTE DE VIDA","id":"8725128"},"geometry":{"type":"Point","coordinates":[-98.2323158397042,18.9897470292204]}},{"type":"Feature","properties":{"name":"HIJAS DE SANTA MARIA DE GUADALUPE","id":"10071071"},"geometry":{"type":"Point","coordinates":[-98.20672301025867,19.04543292980281]}},{"type":"Feature","properties":{"name":"HIJAS DE SANTA MARIA DE GUADALUPE","id":"3456145"},"geometry":{"type":"Point","coordinates":[-98.21657900971348,19.01776079943899]}},{"type":"Feature","properties":{"name":"IGLESIA DE SAN JUAN DE LOS LAGOS","id":"3253955"},"geometry":{"type":"Point","coordinates":[-98.18181328965159,19.07360384935441]}},{"type":"Feature","properties":{"name":"IGLESIA CRISTIANA BAUTISTA EBEN EZER","id":"3254504"},"geometry":{"type":"Point","coordinates":[-98.21038725027135,19.09045963921678]}},{"type":"Feature","properties":{"name":"IGLESIA CRISTIANA BAUTISTA","id":"8998304"},"geometry":{"type":"Point","coordinates":[-98.22641994012811,19.02215638972316]}},{"type":"Feature","properties":{"name":"IGLESIA CRISTIANA BAUTISTA SHALOM","id":"3375169"},"geometry":{"type":"Point","coordinates":[-98.25646693989734,18.9865442394436]}},{"type":"Feature","properties":{"name":"IGLESIA CRISTIANA AMISTAD DE LOS FUERTES","id":"3345498"},"geometry":{"type":"Point","coordinates":[-98.16467936016431,19.05944400935012]}},{"type":"Feature","properties":{"name":"IGLESIA CRISTIANA AMIGOS","id":"10331738"},"geometry":{"type":"Point","coordinates":[-98.2340304601376,18.99455464929588]}},{"type":"Feature","properties":{"name":"IGLESIA CRISTIANA APOSTOLICA PROFETICA","id":"11462022"},"geometry":{"type":"Point","coordinates":[-98.2474326797743,19.00203608961196]}},{"type":"Feature","properties":{"name":"IGLESIA CRISTIANA ALIANZA CON DIOS","id":"11084743"},"geometry":{"type":"Point","coordinates":[-98.22760869998147,18.98400399910383]}},{"type":"Feature","properties":{"name":"IGLESIA CRISTIANA","id":"8617197"},"geometry":{"type":"Point","coordinates":[-98.19537269009753,19.03125031986367]}},{"type":"Feature","properties":{"name":"IGLESIA CRISTIANA ALCANCE VICTORIA","id":"3340913"},"geometry":{"type":"Point","coordinates":[-98.19976488993768,19.10470605965234]}},{"type":"Feature","properties":{"name":"IGLESIA CRISTIANA","id":"6715998"},"geometry":{"type":"Point","coordinates":[-98.24059329964103,19.00105945914481]}},{"type":"Feature","properties":{"name":"IGLESIA CRISTIANA","id":"10327382"},"geometry":{"type":"Point","coordinates":[-98.26241545970566,18.90429196901978]}},{"type":"Feature","properties":{"name":"IGLESIA CRISTIANA","id":"10749792"},"geometry":{"type":"Point","coordinates":[-98.12562759983382,19.06509533919499]}},{"type":"Feature","properties":{"name":"IGLESIA CRISTIANA","id":"9627147"},"geometry":{"type":"Point","coordinates":[-98.226554469713,18.99870673914285]}},{"type":"Feature","properties":{"name":"IGLESIA CRISTIANA","id":"3344856"},"geometry":{"type":"Point","coordinates":[-98.18353811019557,19.00586717904507]}},{"type":"Feature","properties":{"name":"IGLESIA CRISTIANA","id":"11017972"},"geometry":{"type":"Point","coordinates":[-98.13813636010491,19.08633481951223]}},{"type":"Feature","properties":{"name":"IGLESIA CRISTIANA","id":"3253805"},"geometry":{"type":"Point","coordinates":[-98.17783420958108,19.08060572978665]}},{"type":"Feature","properties":{"name":"IGLESIA CRISTIANA","id":"7546512"},"geometry":{"type":"Point","coordinates":[-98.21955031039846,19.10917143912592]}},{"type":"Feature","properties":{"name":"IGLESIA CRECE","id":"11652509"},"geometry":{"type":"Point","coordinates":[-98.23793803960882,18.96025776919986]}},{"type":"Feature","properties":{"name":"IGLESIA COMUNIDAD CRISTIANA DE PUEBLA","id":"3419319"},"geometry":{"type":"Point","coordinates":[-98.20773683039039,19.01857133951336]}},{"type":"Feature","properties":{"name":"IGLESIA COLUMNA BALUARTE","id":"3376463"},"geometry":{"type":"Point","coordinates":[-98.24558115014992,18.9530569794154]}},{"type":"Feature","properties":{"name":"IGLESIA COMUNIDAD CRISTIANA PRINCIPE DE PAZ","id":"3256913"},"geometry":{"type":"Point","coordinates":[-98.16915247021029,19.07521243971849]}},{"type":"Feature","properties":{"name":"IGLESIA CENTRO DE AYUDA UNIVERSAL","id":"3446255"},"geometry":{"type":"Point","coordinates":[-98.14472679980196,19.0416591190901]}},{"type":"Feature","properties":{"name":"IGLESIA CATOLICA DE LA SANTA CRUZ","id":"3253479"},"geometry":{"type":"Point","coordinates":[-98.16274311979913,19.08727997910362]}},{"type":"Feature","properties":{"name":"IGLESIA CATOLICA CAPILLA SE0OR DE LA MISERICORDIA","id":"3436160"},"geometry":{"type":"Point","coordinates":[-98.24635112990067,19.06175277948372]}},{"type":"Feature","properties":{"name":"IGLESIA CASA DE GOZO Y MANANTIAL DE VIDA","id":"3514763"},"geometry":{"type":"Point","coordinates":[-98.21156505008696,18.98670865979532]}},{"type":"Feature","properties":{"name":"IGLESIA CAPILLA DE NUESTRA SE ORA DE GUADALUPE","id":"3456262"},"geometry":{"type":"Point","coordinates":[-98.21422858028474,19.07841628979604]}},{"type":"Feature","properties":{"name":"IGLESIA BUENAS NUEVAS","id":"8827373"},"geometry":{"type":"Point","coordinates":[-98.23595480966668,19.00660534977501]}},{"type":"Feature","properties":{"name":"IGLESIA BIKER EN LIBERTAD CRISTIANA","id":"10021403"},"geometry":{"type":"Point","coordinates":[-98.23694524023063,19.07529762979796]}},{"type":"Feature","properties":{"name":"IGLESIA CAPILLA DE LA DIVINA MISERICORDIA","id":"8308014"},"geometry":{"type":"Point","coordinates":[-98.15286485043248,19.05439593933788]}},{"type":"Feature","properties":{"name":"IGLESIA CAFE PUEBLA","id":"10678316"},"geometry":{"type":"Point","coordinates":[-98.23437145967506,18.97978884969432]}},{"type":"Feature","properties":{"name":"IGLESIA CAMINO VERDAD Y VIDA","id":"10539858"},"geometry":{"type":"Point","coordinates":[-98.19054189988871,19.07290051925982]}},{"type":"Feature","properties":{"name":"IGLESIA BIBLICA MONTE SINAI","id":"9989813"},"geometry":{"type":"Point","coordinates":[-98.11193641003723,19.08479191922764]}},{"type":"Feature","properties":{"name":"IGLESIA BIBLICA PUEBLO DE ESPERANZA","id":"8776367"},"geometry":{"type":"Point","coordinates":[-98.24665123996272,19.07680781904176]}},{"type":"Feature","properties":{"name":"IGLESIA BIBLICA ROCA ETERNA","id":"10912179"},"geometry":{"type":"Point","coordinates":[-98.19070003038206,18.9901775895425]}},{"type":"Feature","properties":{"name":"IGLESIA BIBLICA JESUS ES EL CAMINO","id":"9854012"},"geometry":{"type":"Point","coordinates":[-98.2055130102172,19.05502334956466]}},{"type":"Feature","properties":{"name":"IGLESIA BIBLICA MARANATHA","id":"3460761"},"geometry":{"type":"Point","coordinates":[-98.2260345896246,19.04640670941901]}},{"type":"Feature","properties":{"name":"IGLESIA BIBLICA DE MEXICO ZONA PUEBLA","id":"3254124"},"geometry":{"type":"Point","coordinates":[-98.18167359975678,19.0823337195415]}},{"type":"Feature","properties":{"name":"IGLESIA BIBLICA DE MEXICO ZONA PUEBLA ALFA Y OMEGA","id":"3461197"},"geometry":{"type":"Point","coordinates":[-98.23692649026526,19.05250395910722]}},{"type":"Feature","properties":{"name":"IGLESIA BIBLICA DEL DIOS VIVIENTE","id":"3367693"},"geometry":{"type":"Point","coordinates":[-98.20897067955322,19.00673537915238]}},{"type":"Feature","properties":{"name":"IGLESIA BIBLICA BETHEL","id":"3461103"},"geometry":{"type":"Point","coordinates":[-98.2388107498162,19.05810425962051]}},{"type":"Feature","properties":{"name":"IGLESIA BIBLICA BAUTISTA LA FORTALEZA","id":"3355152"},"geometry":{"type":"Point","coordinates":[-98.12073817023033,19.07486267898561]}},{"type":"Feature","properties":{"name":"IGLESIA BIBLICA BAUTISTA","id":"10306814"},"geometry":{"type":"Point","coordinates":[-98.19765229971381,19.01303603929958]}},{"type":"Feature","properties":{"name":"IGLESIA BIBLICA ALTO REFUGIO","id":"3347475"},"geometry":{"type":"Point","coordinates":[-98.20182794010731,19.07102903907521]}},{"type":"Feature","properties":{"name":"IGLESIA BEZA_LEEL","id":"3461889"},"geometry":{"type":"Point","coordinates":[-98.22756623039722,19.03787515952816]}},{"type":"Feature","properties":{"name":"IGLESIA BAUTISTA SINAI DE PUEBLA","id":"8826472"},"geometry":{"type":"Point","coordinates":[-98.1800762104487,19.0189600696691]}},{"type":"Feature","properties":{"name":"IGLESIA BAUTISTA RIBBI","id":"9640765"},"geometry":{"type":"Point","coordinates":[-98.20529108991182,19.05786237976162]}},{"type":"Feature","properties":{"name":"IGLESIA BAUTISTA REFORMADA EBEN EZHER","id":"10683296"},"geometry":{"type":"Point","coordinates":[-98.0675750496488,19.09378878913702]}},{"type":"Feature","properties":{"name":"IGLESIA BAUTISTA MONTE DE LOS OLIVOS","id":"3513903"},"geometry":{"type":"Point","coordinates":[-98.19949506004895,18.9942748297379]}},{"type":"Feature","properties":{"name":"IGLESIA BAUTISTA LA ZARZA","id":"7556747"},"geometry":{"type":"Point","coordinates":[-98.2057648599603,19.08568677973701]}},{"type":"Feature","properties":{"name":"IGLESIA BAUTISTA MONTE HOREB","id":"10378025"},"geometry":{"type":"Point","coordinates":[-98.2546368501105,19.05458460900919]}},{"type":"Feature","properties":{"name":"IGLESIA BAUTISTA JESUS EL SEMBRADOR","id":"11245734"},"geometry":{"type":"Point","coordinates":[-98.24444289981994,18.90263575955333]}},{"type":"Feature","properties":{"name":"IGLESIA BAUTISTA HANANEEL DE PUEBLA","id":"3515243"},"geometry":{"type":"Point","coordinates":[-98.25947961029573,18.96766003949821]}},{"type":"Feature","properties":{"name":"IGLESIA BAUTISTA HOREB","id":"10329263"},"geometry":{"type":"Point","coordinates":[-98.19809306014656,19.0037166491221]}},{"type":"Feature","properties":{"name":"IGLESIA BAUTISTA INDEPENDIENTE BETHEL","id":"3518354"},"geometry":{"type":"Point","coordinates":[-98.22054811989979,19.00273227908948]}},{"type":"Feature","properties":{"name":"IGLESIA CATOLICA JARDINES DE SAN JOSE","id":"3355302"},"geometry":{"type":"Point","coordinates":[-98.11444297975966,19.06940074906168]}},{"type":"Feature","properties":{"name":"IGLESIA CATOLICA JESUS BUEN PASTOR UNIDAD HABITACIONAL MANUEL RIVERA ANAYA","id":"3438515"},"geometry":{"type":"Point","coordinates":[-98.14685183034764,19.05849124958814]}},{"type":"Feature","properties":{"name":"IGLESIA BAUTISTA FUNDAMENTAL DE PUEBLA","id":"8656486"},"geometry":{"type":"Point","coordinates":[-98.21861465034578,19.041899619389]}},{"type":"Feature","properties":{"name":"IGLESIA BAUTISTA EL FARO","id":"9864441"},"geometry":{"type":"Point","coordinates":[-98.267351219683,18.9886167990445]}},{"type":"Feature","properties":{"name":"IGLESIA BAUTISTA EL MESIAS","id":"3460639"},"geometry":{"type":"Point","coordinates":[-98.23555232977617,19.04879164943192]}},{"type":"Feature","properties":{"name":"IGLESIA BAUTISTA ELIACIM","id":"3458614"},"geometry":{"type":"Point","coordinates":[-98.18308318004466,19.01327479941025]}},{"type":"Feature","properties":{"name":"IGLESIA BAUTISTA DIOS FUERTE","id":"3372147"},"geometry":{"type":"Point","coordinates":[-98.23205760027798,18.97565476967064]}},{"type":"Feature","properties":{"name":"IGLESIA BAUTISTA CRISTO","id":"3445724"},"geometry":{"type":"Point","coordinates":[-98.17463720963947,19.03934988940298]}},{"type":"Feature","properties":{"name":"IGLESIA BAUTISTA CRISTO LA UNICA ESPERANZA","id":"3523008"},"geometry":{"type":"Point","coordinates":[-98.2565178199414,18.98677196936936]}},{"type":"Feature","properties":{"name":"IGLESIA BAUTISTA BIBLICA PENIEL","id":"10073480"},"geometry":{"type":"Point","coordinates":[-98.22901477021543,18.95690969934244]}},{"type":"Feature","properties":{"name":"IGLESIA BAUTISTA BUEN SAMARITANO","id":"3521357"},"geometry":{"type":"Point","coordinates":[-98.2310213798328,18.98834683965338]}},{"type":"Feature","properties":{"name":"IGLESIA BAUTISTA DE LA GRAN COMISION","id":"3361674"},"geometry":{"type":"Point","coordinates":[-98.20378925986643,19.03891806913071]}},{"type":"Feature","properties":{"name":"IGLESIA BAUTISTA DIOS FUERTE","id":"3460689"},"geometry":{"type":"Point","coordinates":[-98.22571890959996,19.0502398897759]}},{"type":"Feature","properties":{"name":"IGLESIA BAUTISTA BIBLICA MAHANAIM DE PUEBLA","id":"3539060"},"geometry":{"type":"Point","coordinates":[-98.11485778036221,19.07323457962838]}},{"type":"Feature","properties":{"name":"IGLESIA BAUTISTA BIBLICA MARANATHA DE PUEBLA","id":"10982114"},"geometry":{"type":"Point","coordinates":[-98.11359775013602,19.0713086589837]}},{"type":"Feature","properties":{"name":"IGLESIA BAUTISTA BETEL","id":"3471040"},"geometry":{"type":"Point","coordinates":[-98.22586942013758,19.10331397927219]}},{"type":"Feature","properties":{"name":"IGLESIA BAUTISTA","id":"3410288"},"geometry":{"type":"Point","coordinates":[-98.20841224013276,19.03435992908469]}},{"type":"Feature","properties":{"name":"IGLESIA APOSTOLICA DE LA FE EN CRISTO JESUS","id":"7597438"},"geometry":{"type":"Point","coordinates":[-98.19348839007709,19.07896325926307]}},{"type":"Feature","properties":{"name":"IGLESIA APOSTOLICA AVANCE MISIONERO","id":"9868677"},"geometry":{"type":"Point","coordinates":[-98.23131263966656,18.98159653916758]}},{"type":"Feature","properties":{"name":"IGLESIA ALCANCE VICTORIA","id":"3513153"},"geometry":{"type":"Point","coordinates":[-98.2232025399652,18.99354093978083]}},{"type":"Feature","properties":{"name":"IGLESIA AMIGOS DE FE","id":"3514766"},"geometry":{"type":"Point","coordinates":[-98.21252960985355,18.98695029953516]}},{"type":"Feature","properties":{"name":"IGLESIA ADVENTISTA DEL SEPTIMO DIA SECCION ALPINA","id":"3456930"},"geometry":{"type":"Point","coordinates":[-98.2222365196996,19.06693043910484]}},{"type":"Feature","properties":{"name":"IGLESIA ADVENTISTA DEL SEPTIMO DIA LAS CUARTILLAS","id":"3347455"},"geometry":{"type":"Point","coordinates":[-98.20406835007422,19.07200950964743]}},{"type":"Feature","properties":{"name":"IGLESIA ADVENTISTA EL SEPTIMO DIA","id":"3255579"},"geometry":{"type":"Point","coordinates":[-98.20276615963053,19.07189519952009]}},{"type":"Feature","properties":{"name":"IGLESIA ADVENTISTA DEL SEPTIMO DIA BOSQUES DE SAN SEBASTIAN","id":"3437367"},"geometry":{"type":"Point","coordinates":[-98.13303194037174,19.05867198903768]}},{"type":"Feature","properties":{"name":"IGLESIA ADVENTISTA DEL SEPTIMO DIA","id":"3453097"},"geometry":{"type":"Point","coordinates":[-98.14846978984889,19.03629208922574]}},{"type":"Feature","properties":{"name":"IGLESIA ADVENTISTA DEL SEPTIMO DIA","id":"10750247"},"geometry":{"type":"Point","coordinates":[-98.23235283961183,18.95221051951924]}},{"type":"Feature","properties":{"name":"IGLESIA ADVENTISTA DEL SEPTIMO DIA","id":"3518778"},"geometry":{"type":"Point","coordinates":[-98.22442350004445,19.00034733907656]}},{"type":"Feature","properties":{"name":"IGLESIA ADVENTISTA DEL SEPTIMO DIA","id":"10793844"},"geometry":{"type":"Point","coordinates":[-98.24424620999456,19.06138329931636]}},{"type":"Feature","properties":{"name":"IGLESIA ADVENTISTA DEL SEPTIMO DIA","id":"3343831"},"geometry":{"type":"Point","coordinates":[-98.14010696986072,19.06789459957249]}},{"type":"Feature","properties":{"name":"IGLESIA ADVENTISTA DEL SEPTIMO DIA","id":"3265018"},"geometry":{"type":"Point","coordinates":[-98.21249226010967,19.04762532946226]}},{"type":"Feature","properties":{"name":"IGLESIA ADVENTISTA DEL SEPTIMO DIA","id":"3340535"},"geometry":{"type":"Point","coordinates":[-98.20562058981835,19.10627586945117]}},{"type":"Feature","properties":{"name":"IGLESIA ADVENTISTA DEL SEPTIMO DIA","id":"3420683"},"geometry":{"type":"Point","coordinates":[-98.19412354976197,19.00365270912328]}},{"type":"Feature","properties":{"name":"LABRANZA DE DIOS","id":"8810893"},"geometry":{"type":"Point","coordinates":[-98.13647535994988,19.06861695932157]}},{"type":"Feature","properties":{"name":"LA VI5A PARA LAS NACIONES","id":"3255631"},"geometry":{"type":"Point","coordinates":[-98.2061744903604,19.07131057903626]}},{"type":"Feature","properties":{"name":"IGLESIA ADVENTISTA DEL SEPTIMO DIA","id":"11112133"},"geometry":{"type":"Point","coordinates":[-98.26359163984228,18.97534376971798]}},{"type":"Feature","properties":{"name":"IGLESIA ADVENTISTA DEL SEPTIMO DIA","id":"10016348"},"geometry":{"type":"Point","coordinates":[-98.25710656021954,18.89591792909]}},{"type":"Feature","properties":{"name":"IGLESIA ADVENTISTA DEL 7 DIA","id":"3411311"},"geometry":{"type":"Point","coordinates":[-98.11805523985737,19.06200155984062]}},{"type":"Feature","properties":{"name":"IGLESIA ADVENTISTA DEL SEPTIMO DIA","id":"3523039"},"geometry":{"type":"Point","coordinates":[-98.25385800034638,18.99208658944287]}},{"type":"Feature","properties":{"name":"IGLESIA","id":"3518904"},"geometry":{"type":"Point","coordinates":[-98.23054329034055,18.99530992962779]}},{"type":"Feature","properties":{"name":"IGLESIA LA SANTA CRUZ","id":"3462750"},"geometry":{"type":"Point","coordinates":[-98.22813986026631,19.01162782957853]}},{"type":"Feature","properties":{"name":"IGLESIA","id":"11065966"},"geometry":{"type":"Point","coordinates":[-98.19698757032006,19.07752047960259]}},{"type":"Feature","properties":{"name":"IGLESIA LA RESURRECCION","id":"3445717"},"geometry":{"type":"Point","coordinates":[-98.1718538402825,19.03737682899461]}},{"type":"Feature","properties":{"name":"IGLESIA LA LUZ DEL MUNDO","id":"3412328"},"geometry":{"type":"Point","coordinates":[-98.13751839006164,19.07215877912061]}},{"type":"Feature","properties":{"name":"IGLESIA","id":"10897086"},"geometry":{"type":"Point","coordinates":[-98.17146503997958,19.01390418904488]}},{"type":"Feature","properties":{"name":"IGLESIA LA MINA ESPERANZA DE GLORIA","id":"10381380"},"geometry":{"type":"Point","coordinates":[-98.24708062037426,18.9722613595929]}},{"type":"Feature","properties":{"name":"IGLESIA LA LUZ DEL MUNDO","id":"3522971"},"geometry":{"type":"Point","coordinates":[-98.2540339401142,18.99781593907253]}},{"type":"Feature","properties":{"name":"IGLESIA LA LUZ DEL MUNDO","id":"3512071"},"geometry":{"type":"Point","coordinates":[-98.17464715973858,18.91540365947164]}},{"type":"Feature","properties":{"name":"IGLESIA LA LUZ DEL MUNDO","id":"3277891"},"geometry":{"type":"Point","coordinates":[-98.13328554019552,19.08567599956361]}},{"type":"Feature","properties":{"name":"IGLESIA LA LUZ DEL MUNDO","id":"3447664"},"geometry":{"type":"Point","coordinates":[-98.17221585967417,18.99461907942526]}},{"type":"Feature","properties":{"name":"IGLESIA LA INMACULADA CONCEPCION","id":"3270838"},"geometry":{"type":"Point","coordinates":[-98.20016350993804,19.04220577919041]}},{"type":"Feature","properties":{"name":"HUESTES DEL REY","id":"7596063"},"geometry":{"type":"Point","coordinates":[-98.2053651400891,19.06821000980047]}},{"type":"Feature","properties":{"name":"IGLESIA LA ERMITA DE OCOTLAN","id":"3261379"},"geometry":{"type":"Point","coordinates":[-98.21063892015002,19.06220943903088]}},{"type":"Feature","properties":{"name":"IGLESIA JIREH","id":"3538708"},"geometry":{"type":"Point","coordinates":[-98.2624804402201,18.97454626981329]}},{"type":"Feature","properties":{"name":"IGLESIA JESUS RESUCITADO","id":"3344837"},"geometry":{"type":"Point","coordinates":[-98.14757264955807,19.06062956941564]}},{"type":"Feature","properties":{"name":"IGLESIA LA ASUNCION","id":"3343235"},"geometry":{"type":"Point","coordinates":[-98.17891200028856,19.08838808955455]}},{"type":"Feature","properties":{"name":"IGLESIA JUAN 316","id":"9131269"},"geometry":{"type":"Point","coordinates":[-98.21624162005469,19.10956864898927]}},{"type":"Feature","properties":{"name":"IGLESIA JESUS BUEN PASTOR","id":"3452906"},"geometry":{"type":"Point","coordinates":[-98.13850637986548,19.02449596973073]}},{"type":"Feature","properties":{"name":"IGLESIA IMACUALADO EL CORAZON DE MARIA BARRIO EL PARRAL","id":"3276858"},"geometry":{"type":"Point","coordinates":[-98.20672301025867,19.04543292980281]}},{"type":"Feature","properties":{"name":"IGLESIA FRACCIONAMIENTO LOMAS DEL MARMOL","id":"3364861"},"geometry":{"type":"Point","coordinates":[-98.18188255993215,19.00002767955189]}},{"type":"Feature","properties":{"name":"IGLESIA EVANGELICA PRINCIPE DE PAZ","id":"3515011"},"geometry":{"type":"Point","coordinates":[-98.24064095021964,18.97963737958007]}},{"type":"Feature","properties":{"name":"IGLESIA EVANGELICA PENTECOSTES JABNEEL","id":"3253757"},"geometry":{"type":"Point","coordinates":[-98.17284438955687,19.08422080925891]}},{"type":"Feature","properties":{"name":"IGLESIA EVANGELICA PENTECOSTES ROSA DE SARON Y LIRIO DE LOS VALLES","id":"8187869"},"geometry":{"type":"Point","coordinates":[-98.24298666989887,18.95012997933448]}},{"type":"Feature","properties":{"name":"IGLESIA EVANGELICA PENTECOSTES MONTE SINAI","id":"3250781"},"geometry":{"type":"Point","coordinates":[-98.18865396031197,19.10396366930332]}},{"type":"Feature","properties":{"name":"IGLESIA EVANGELICA PENTECOSTES MONTE HOREB","id":"8213467"},"geometry":{"type":"Point","coordinates":[-98.26109080959314,18.89428690963404]}},{"type":"Feature","properties":{"name":"IGLESIA EVANGELICA PENTECOSTES INDEPENDIENTE","id":"3514260"},"geometry":{"type":"Point","coordinates":[-98.23458610986103,18.97649697937085]}},{"type":"Feature","properties":{"name":"PARROQUIA SANTO ANGEL CUSTODIO DE ANALCO","id":"3275311"},"geometry":{"type":"Point","coordinates":[-98.19306055020417,19.0386656797944]}},{"type":"Feature","properties":{"name":"PASTORAL VOCACIONAL","id":"3272044"},"geometry":{"type":"Point","coordinates":[-98.1977306702342,19.0426789394985]}},{"type":"Feature","properties":{"name":"PARROQUIA SANTO NI0O DE ATOCHA","id":"3376005"},"geometry":{"type":"Point","coordinates":[-98.27089174985434,18.95663833970686]}},{"type":"Feature","properties":{"name":"PARROQUIA SAN SEBASTIAN MARTIN","id":"3264927"},"geometry":{"type":"Point","coordinates":[-98.21115655013465,19.04906840949634]}},{"type":"Feature","properties":{"name":"IGLESIA CRISTIANA HINASI","id":"3352042"},"geometry":{"type":"Point","coordinates":[-98.17676511981438,19.0548498190806]}},{"type":"Feature","properties":{"name":"IGLESIA CRISTIANA GRACIA Y PAZ","id":"3436150"},"geometry":{"type":"Point","coordinates":[-98.24279986991804,19.05993402924862]}},{"type":"Feature","properties":{"name":"IGLESIA CRISTIANA FUENTE DE VIDA","id":"10043860"},"geometry":{"type":"Point","coordinates":[-98.24044661032275,18.95455941920115]}},{"type":"Feature","properties":{"name":"IGLESIA CRISTIANA INDEPENDIENTE","id":"3436945"},"geometry":{"type":"Point","coordinates":[-98.14036269028587,19.06054485957418]}},{"type":"Feature","properties":{"name":"IGLESIA CRISTIANA HOGAR DE ORACION","id":"10742637"},"geometry":{"type":"Point","coordinates":[-98.21070769040756,18.9712968996511]}},{"type":"Feature","properties":{"name":"IGLESIA CRISTIANA FUENTE DE PAZ","id":"8308603"},"geometry":{"type":"Point","coordinates":[-98.11946290998526,19.06509989965706]}},{"type":"Feature","properties":{"name":"IGLESIA CRISTIANA FRATERNIDAD","id":"8105704"},"geometry":{"type":"Point","coordinates":[-98.24655120027762,19.09186223896692]}},{"type":"Feature","properties":{"name":"IGLESIA CRISTIANA EVANGELICA MARANATA","id":"8776655"},"geometry":{"type":"Point","coordinates":[-98.1810326097671,19.0725603596891]}},{"type":"Feature","properties":{"name":"IGLESIA CRISTIANA EVANGELICA PENTECOSTES","id":"8307521"},"geometry":{"type":"Point","coordinates":[-98.13486960964474,19.06845802933096]}},{"type":"Feature","properties":{"name":"IGLESIA CRISTIANA FACTOR DE CAMBIO","id":"10773930"},"geometry":{"type":"Point","coordinates":[-98.2357465896334,19.00897352912299]}},{"type":"Feature","properties":{"name":"IGLESIA CRISTIANA EVANGELICA MARANATHA DE PUEBLA","id":"3369771"},"geometry":{"type":"Point","coordinates":[-98.19789062994857,18.9945804292617]}},{"type":"Feature","properties":{"name":"IGLESIA CRISTIANA EMMANUEL","id":"11526693"},"geometry":{"type":"Point","coordinates":[-98.19719515003611,19.06085636944247]}},{"type":"Feature","properties":{"name":"IGLESIA CRISTIANA EMMANUEL","id":"3332309"},"geometry":{"type":"Point","coordinates":[-98.24959548004733,19.08546944957138]}},{"type":"Feature","properties":{"name":"IGLESIA CRISTIANA EL MESIAS","id":"3251952"},"geometry":{"type":"Point","coordinates":[-98.18296964962957,19.09560269922087]}},{"type":"Feature","properties":{"name":"IGLESIA CRISTIANA EL COMPAUERISMO CRISTIANO EL CAMINO","id":"10865367"},"geometry":{"type":"Point","coordinates":[-98.21795735025148,19.06078966942424]}},{"type":"Feature","properties":{"name":"ILGLESIA CENTRO FAMILIAR CRISTIANO EMANUEL","id":"3461885"},"geometry":{"type":"Point","coordinates":[-98.22711207006597,19.03982960936607]}},{"type":"Feature","properties":{"name":"IGLESIA CRISTIANA DIOS EN SIMPLICIDAD","id":"8308537"},"geometry":{"type":"Point","coordinates":[-98.11729488015453,19.06662044909087]}},{"type":"Feature","properties":{"name":"IGLESIA CRISTIANA DIOS CON NOSOTROS","id":"3463949"},"geometry":{"type":"Point","coordinates":[-98.26302855002751,18.97643491985441]}},{"type":"Feature","properties":{"name":"IGLESIA VIRGEN DEL SAGRADO CORAZON","id":"3340884"},"geometry":{"type":"Point","coordinates":[-98.20186076985863,19.10542021938302]}},{"type":"Feature","properties":{"name":"IGLESIA CRISTIANA EL CIELO ESTA AQUI","id":"10951674"},"geometry":{"type":"Point","coordinates":[-98.13952305984128,19.02963130905506]}},{"type":"Feature","properties":{"name":"IGLESIA CRISTIANA EL BUEN SAMARITANO","id":"8628765"},"geometry":{"type":"Point","coordinates":[-98.1998245302778,19.10222517906424]}},{"type":"Feature","properties":{"name":"IGLESIA CRISTIANA DE DIOS EN CRISTO JESUS","id":"8214819"},"geometry":{"type":"Point","coordinates":[-98.26627874037155,18.9655278692348]}},{"type":"Feature","properties":{"name":"IGLESIA UNIVERSAL DEL REINO DE DIOS ORACION FUERTE AL ESPIRITU SANTO","id":"8658229"},"geometry":{"type":"Point","coordinates":[-98.24051050985214,18.96260460943429]}},{"type":"Feature","properties":{"name":"IGLESIA CRISTIANA CORNERSTONE PUEBLA ORIENTE","id":"8812410"},"geometry":{"type":"Point","coordinates":[-98.11879354998229,19.04878476961831]}},{"type":"Feature","properties":{"name":"IGLESIA VECINOS DEL NIEVO PARAISO","id":"3251857"},"geometry":{"type":"Point","coordinates":[-98.17803878016554,19.0943815997467]}},{"type":"Feature","properties":{"name":"IGLESIA CRISTIANA DEL EVANGELIO ETERNO","id":"3250880"},"geometry":{"type":"Point","coordinates":[-98.20495507981303,19.10210973938842]}},{"type":"Feature","properties":{"name":"IGLESIA CRISTIANA DESAFIO LAS CARMELITAS","id":"11629890"},"geometry":{"type":"Point","coordinates":[-98.27043431958816,18.97998803963496]}},{"type":"Feature","properties":{"name":"IGLESIA VIDA VICTORIOSA","id":"3253872"},"geometry":{"type":"Point","coordinates":[-98.18144371955196,19.08033478923516]}},{"type":"Feature","properties":{"name":"IGLESIA CRISTIANA CASA MARANATHA","id":"8042502"},"geometry":{"type":"Point","coordinates":[-98.23430472008675,18.95495860937161]}},{"type":"Feature","properties":{"name":"IGLESIA CRISTIANA CASA DEL ALFARERO","id":"3357493"},"geometry":{"type":"Point","coordinates":[-98.13910852004216,19.03115167952372]}},{"type":"Feature","properties":{"name":"IGLESIA CRISTIANA CASA DE GRACIA","id":"10233542"},"geometry":{"type":"Point","coordinates":[-98.21163546970115,19.02257372911186]}},{"type":"Feature","properties":{"name":"IGLESIA CRISTIANA CORNER STONE","id":"10153619"},"geometry":{"type":"Point","coordinates":[-98.25334254042588,19.05696219976235]}},{"type":"Feature","properties":{"name":"IGLESIA UNIVERSAL DEL REINO DE DIOS","id":"3265141"},"geometry":{"type":"Point","coordinates":[-98.20982027988197,19.04470454909263]}},{"type":"Feature","properties":{"name":"IGLESIA CRISTIANA COMUNIDAD VIDA PUEBLA","id":"10279028"},"geometry":{"type":"Point","coordinates":[-98.21553381043698,19.06366407984986]}},{"type":"Feature","properties":{"name":"IGLESIA CRISTIANA BETHEL PUEBLA ASAMBLEA DE DIOS","id":"8328654"},"geometry":{"type":"Point","coordinates":[-98.1891242203065,19.05817035979089]}},{"type":"Feature","properties":{"name":"IGLESIA CRISTIANA BETHEL PUEBLA","id":"10872635"},"geometry":{"type":"Point","coordinates":[-98.13089399016548,19.05981298949445]}},{"type":"Feature","properties":{"name":"IGLESIA SIN HOMBRE","id":"10799139"},"geometry":{"type":"Point","coordinates":[-98.18211126022646,19.0888224297272]}},{"type":"Feature","properties":{"name":"IGLESIA CRISTIANA CASA DE DIOS","id":"11294262"},"geometry":{"type":"Point","coordinates":[-98.11231109997726,19.14040688938096]}},{"type":"Feature","properties":{"name":"IGLESIA SOLDADOS DE LA CRUZ","id":"3453046"},"geometry":{"type":"Point","coordinates":[-98.14182778032777,19.02728964981492]}},{"type":"Feature","properties":{"name":"IGLESIA SMIRNA","id":"10798506"},"geometry":{"type":"Point","coordinates":[-98.17222319994067,18.91224434921774]}},{"type":"Feature","properties":{"name":"IGLESIA CRISTIANA CASA DE ADORACION Y FE","id":"3513443"},"geometry":{"type":"Point","coordinates":[-98.23500991987186,18.95010299967312]}},{"type":"Feature","properties":{"name":"IGLESIA SION MORADA DEL PADRE","id":"3420665"},"geometry":{"type":"Point","coordinates":[-98.19608378044207,19.00473487952907]}},{"type":"Feature","properties":{"name":"IGLESIA SE0OR DE LA MISERICORDIA","id":"3463544"},"geometry":{"type":"Point","coordinates":[-98.2147868803102,18.99791347954161]}},{"type":"Feature","properties":{"name":"IGLESIA SE0OR DE LA MISERICORDIA","id":"7569004"},"geometry":{"type":"Point","coordinates":[-98.21603529039629,19.10704484915582]}},{"type":"Feature","properties":{"name":"IGLESIA SANTIAGO APOSTOL","id":"3265101"},"geometry":{"type":"Point","coordinates":[-98.21254182984154,19.04309699924413]}},{"type":"Feature","properties":{"name":"PARROQUIA SAN MIGUEL HUEYOTLIPAN","id":"3259919"},"geometry":{"type":"Point","coordinates":[-98.20186735019803,19.06790452898721]}},{"type":"Feature","properties":{"name":"PARROQUIA SAN MARTIN DE PORRES","id":"3446319"},"geometry":{"type":"Point","coordinates":[-98.15243338988898,19.04065109958567]}},{"type":"Feature","properties":{"name":"PARROQUIA SAN MIGUEL ARCANGEL","id":"3447627"},"geometry":{"type":"Point","coordinates":[-98.17865386968032,18.99663944956916]}},{"type":"Feature","properties":{"name":"PARROQUIA SAN JOSE OBRERO MAYORAZGO","id":"3433682"},"geometry":{"type":"Point","coordinates":[-98.22754482023727,19.02005571911373]}},{"type":"Feature","properties":{"name":"PARROQUIA SAN JERONIMO CALERAS","id":"3471920"},"geometry":{"type":"Point","coordinates":[-98.21519329023812,19.0906890391836]}},{"type":"Feature","properties":{"name":"PARROQUIA SAN FRANCISCO DE ASIS DE SAN FRANCISCO TOTIMEHUACAN","id":"3371572"},"geometry":{"type":"Point","coordinates":[-98.18605288982894,18.96872745922382]}},{"type":"Feature","properties":{"name":"PARROQUIA SAN FELIPE DE JESUS","id":"3472199"},"geometry":{"type":"Point","coordinates":[-98.2111803803702,19.08626684965129]}},{"type":"Feature","properties":{"name":"PARROQUIA SAGRADA FAMILIA DE NAZARET","id":"3369987"},"geometry":{"type":"Point","coordinates":[-98.18888951973554,18.99192541924106]}},{"type":"Feature","properties":{"name":"PARROQUIA NUESTRA SE0ORA DE LOS DESAMPARADOS","id":"3255777"},"geometry":{"type":"Point","coordinates":[-98.21384162988727,19.06833247947669]}},{"type":"Feature","properties":{"name":"PARROQUIA NUESTRA SE0ORA DE LA MEDALLA MILAGROSA","id":"3421390"},"geometry":{"type":"Point","coordinates":[-98.19216354031511,19.03053517897266]}},{"type":"Feature","properties":{"name":"PARROQUIA NUESTRA SE0ORA DE LA ANUNCIACION","id":"3434513"},"geometry":{"type":"Point","coordinates":[-98.24433249005232,19.03888255939971]}},{"type":"Feature","properties":{"name":"PARROQUIA MARIA REYNA","id":"3422160"},"geometry":{"type":"Point","coordinates":[-98.19976548978548,19.00897663897862]}},{"type":"Feature","properties":{"name":"PARROQUIA MARIA REYNA DE LA PAZ","id":"3462636"},"geometry":{"type":"Point","coordinates":[-98.21982005035498,19.01834939942291]}},{"type":"Feature","properties":{"name":"PARROQUIA MADRE ADMIRABLE","id":"3462462"},"geometry":{"type":"Point","coordinates":[-98.21703458018169,19.02537261896867]}},{"type":"Feature","properties":{"name":"PARROQUIA MARIA AUXILIO DE LOS CRISTIANOS","id":"3254245"},"geometry":{"type":"Point","coordinates":[-98.19037961992348,19.07632090899892]}},{"type":"Feature","properties":{"name":"PARROQUIA JESUS DIVINO MAESTRO","id":"3435947"},"geometry":{"type":"Point","coordinates":[-98.162386949598,19.05288107901535]}},{"type":"Feature","properties":{"name":"PARROQUIA JESUS OBRERO Y SANTA MARIA DE GUADALUPE","id":"3442622"},"geometry":{"type":"Point","coordinates":[-98.14461732982585,19.04957409918216]}},{"type":"Feature","properties":{"name":"PARROQUIA GUADALUPE VOLCANES","id":"3462039"},"geometry":{"type":"Point","coordinates":[-98.21826569990208,19.03765122923796]}},{"type":"Feature","properties":{"name":"PARROQUIA DEL SAGRADO CORAZON DE JESUS","id":"3267542"},"geometry":{"type":"Point","coordinates":[-98.20227291026659,19.05163515915206]}},{"type":"Feature","properties":{"name":"PARROQUIA DIVINA PROVIDENCIA","id":"3537772"},"geometry":{"type":"Point","coordinates":[-98.25522400038729,18.98464733902202]}},{"type":"Feature","properties":{"name":"PARROQUIA DEL SE1OR SAN JOSE","id":"3258485"},"geometry":{"type":"Point","coordinates":[-98.1930280100346,19.05074976940315]}},{"type":"Feature","properties":{"name":"PARROQUIA DEL SAGRADO METROPOLITANO CON SEDE EN NUESTRA SECORA DE LA SOLEDAD","id":"3362501"},"geometry":{"type":"Point","coordinates":[-98.1995749297392,19.03905649907528]}},{"type":"Feature","properties":{"name":"PARROQUIA DEL ESPIRITU SANTO","id":"3416374"},"geometry":{"type":"Point","coordinates":[-98.13366878988273,19.06275600919894]}},{"type":"Feature","properties":{"name":"PARROQUIA DE SANTA MARIA DE LA NATIVIDAD","id":"3279253"},"geometry":{"type":"Point","coordinates":[-98.10469483959514,19.08810212942559]}},{"type":"Feature","properties":{"name":"PARROQUIA DE SANTA MARIA DE GUADALUPE CALERAS","id":"3471077"},"geometry":{"type":"Point","coordinates":[-98.2270170297121,19.10179347930114]}},{"type":"Feature","properties":{"name":"PARROQUIA SAN RAMON NONATO","id":"3460045"},"geometry":{"type":"Point","coordinates":[-98.18122533987747,19.02656244901523]}},{"type":"Feature","properties":{"name":"IGLESIA SANTA CATALINA DE SIERNA","id":"3373222"},"geometry":{"type":"Point","coordinates":[-98.16084111032893,18.97616741920975]}},{"type":"Feature","properties":{"name":"IGLESIA SAN VICENTE DE PAUL","id":"3363000"},"geometry":{"type":"Point","coordinates":[-98.18600390015985,19.02054145913862]}},{"type":"Feature","properties":{"name":"IGLESIA SAN NICOLAS DE BARI","id":"3439704"},"geometry":{"type":"Point","coordinates":[-98.1723456399393,19.05107774945538]}},{"type":"Feature","properties":{"name":"IGLESIA SAN RAMON NO NATO","id":"3515125"},"geometry":{"type":"Point","coordinates":[-98.25629502999156,18.97441992945494]}},{"type":"Feature","properties":{"name":"IGLESIA SAN MATIAS APOSTOL","id":"3264984"},"geometry":{"type":"Point","coordinates":[-98.21331278985333,19.05203963913481]}},{"type":"Feature","properties":{"name":"IGLESIA SAN MARTIN CABALLERO","id":"3423583"},"geometry":{"type":"Point","coordinates":[-98.14695800970435,19.07057928901925]}},{"type":"Feature","properties":{"name":"IGLESIA SAN JUAN DE LETRAN EL HOSPITALITO","id":"3275196"},"geometry":{"type":"Point","coordinates":[-98.19839958956936,19.04123728938644]}},{"type":"Feature","properties":{"name":"IGLESIA SAN JUAN DEL RIO","id":"3258466"},"geometry":{"type":"Point","coordinates":[-98.1864869197355,19.04822908931791]}},{"type":"Feature","properties":{"name":"IGLESIA SAN JUDAS TADEO","id":"3514302"},"geometry":{"type":"Point","coordinates":[-98.23903178968533,18.9703124792564]}},{"type":"Feature","properties":{"name":"IGLESIA SAN JUAN DIEGO","id":"3515445"},"geometry":{"type":"Point","coordinates":[-98.2593158095769,18.95800907917491]}},{"type":"Feature","properties":{"name":"IGLESIA SAN JOSE","id":"3373551"},"geometry":{"type":"Point","coordinates":[-98.15882636994098,18.97028246977908]}},{"type":"Feature","properties":{"name":"IGLESIA SAN FRANCISCO DE PAULA","id":"3539092"},"geometry":{"type":"Point","coordinates":[-98.18286799026549,19.02981092974795]}},{"type":"Feature","properties":{"name":"IGLESIA SAN JOSE","id":"3513751"},"geometry":{"type":"Point","coordinates":[-98.1976765301477,18.99098783913585]}},{"type":"Feature","properties":{"name":"IGLESIA SAN JORGE","id":"3369431"},"geometry":{"type":"Point","coordinates":[-98.21743666976649,18.98374906918275]}},{"type":"Feature","properties":{"name":"IGLESIA SAN FRANCISCO DE ASIS","id":"3522882"},"geometry":{"type":"Point","coordinates":[-98.24813430025773,18.99176306912871]}},{"type":"Feature","properties":{"name":"IGLESIA SAN FELIPE DE JESUS","id":"3461036"},"geometry":{"type":"Point","coordinates":[-98.23240681961896,18.95577168913142]}},{"type":"Feature","properties":{"name":"IGLESIA SAGRADOS CORAZONES DE JESUS","id":"3520141"},"geometry":{"type":"Point","coordinates":[-98.23789944969981,19.00239633913777]}},{"type":"Feature","properties":{"name":"PARROQUIA DE SAN PABLO APOSTOL","id":"3341226"},"geometry":{"type":"Point","coordinates":[-98.18110548003386,19.0944502198175]}},{"type":"Feature","properties":{"name":"PARROQUIA DE SAN PABLO APOSTOL","id":"3251618"},"geometry":{"type":"Point","coordinates":[-98.2000169699072,19.09087818909291]}},{"type":"Feature","properties":{"name":"PARROQUIA DE SAN MIGUEL ARCANGEL CANOA","id":"7596778"},"geometry":{"type":"Point","coordinates":[-98.10361513962698,19.14988247920731]}},{"type":"Feature","properties":{"name":"PARROQUIA DE SAN MARCOS EVANGELISTA","id":"3268374"},"geometry":{"type":"Point","coordinates":[-98.20449903000623,19.04764174928419]}},{"type":"Feature","properties":{"name":"PARROQUIA DE SAN JOSE LA HACIENDA","id":"3456457"},"geometry":{"type":"Point","coordinates":[-98.19120130979258,19.00871520965709]}},{"type":"Feature","properties":{"name":"PARROQUIA DE SAN BALTAZAR CAMPECHE","id":"3413221"},"geometry":{"type":"Point","coordinates":[-98.20717347977222,19.02410119972812]}},{"type":"Feature","properties":{"name":"PARROQUIA DE SAN ANTONIO ABAD","id":"3521632"},"geometry":{"type":"Point","coordinates":[-98.22880151038134,18.99183318926863]}},{"type":"Feature","properties":{"name":"PARROQUIA DE NUESTRA SE0ORA DE SAN JUAN DE LOS LAGOS","id":"3473985"},"geometry":{"type":"Point","coordinates":[-98.23000629975085,19.08468208952274]}},{"type":"Feature","properties":{"name":"PARROQUIA DE NUESTRA SE0ORA DEL ROSARIO","id":"3518741"},"geometry":{"type":"Point","coordinates":[-98.22671574963209,19.00526921981664]}},{"type":"Feature","properties":{"name":"PARROQUIA DE NUESTRA SE0ORA DEL ROSARIO","id":"3447597"},"geometry":{"type":"Point","coordinates":[-98.18639400987564,18.99807650954143]}},{"type":"Feature","properties":{"name":"PARROQUIA DE NUESTRA SE0ORA DEL RAYO","id":"3257863"},"geometry":{"type":"Point","coordinates":[-98.19506505990455,19.06378315908201]}},{"type":"Feature","properties":{"name":"PARROQUIA DE NUESTRA SE0ORA DEL REFUGIO","id":"3520285"},"geometry":{"type":"Point","coordinates":[-98.2379819696921,18.99491601937705]}},{"type":"Feature","properties":{"name":"PARROQUIA DE NUESTRA SE0ORA DEL DESTIERRO","id":"3342723"},"geometry":{"type":"Point","coordinates":[-98.16055960993799,19.10187404956321]}},{"type":"Feature","properties":{"name":"PARROQUIA DE NUESTRA SE0ORA DEL PERPETUO SOCORRO","id":"3409231"},"geometry":{"type":"Point","coordinates":[-98.20574834031362,19.0349270397683]}},{"type":"Feature","properties":{"name":"PARROQUIA DE NUESTRA SE0ORA DE JUQUILA","id":"3253450"},"geometry":{"type":"Point","coordinates":[-98.16934361031933,19.08366988907007]}},{"type":"Feature","properties":{"name":"PARROQUIA DE NUESTRA SE0ORA DE OCOTLAN","id":"3444862"},"geometry":{"type":"Point","coordinates":[-98.17460085994168,19.04268272924157]}},{"type":"Feature","properties":{"name":"PARROQUIA DE NUESTRA SE0ORA DE LOS ANGELES","id":"3278980"},"geometry":{"type":"Point","coordinates":[-98.2263119198592,19.04602410904235]}},{"type":"Feature","properties":{"name":"PARROQUIA DE NUESTRA SE0ORA DE LA CANDELARIA","id":"3253977"},"geometry":{"type":"Point","coordinates":[-98.17770796994682,19.07695152980537]}},{"type":"Feature","properties":{"name":"PARROQUIA DE NUESTRA SE0ORA DE LA CANDELARIA","id":"3463574"},"geometry":{"type":"Point","coordinates":[-98.21146720025104,19.00188833909367]}},{"type":"Feature","properties":{"name":"PARROQUIA DE NUESTRA SE0ORA DE GUADALUPE Y SAN JUAN DIEGO","id":"11431564"},"geometry":{"type":"Point","coordinates":[-98.26432976021022,19.04783140910914]}},{"type":"Feature","properties":{"name":"PARROQUIA DE NUESTRA SE0ORA DE GUADALUPE","id":"3515045"},"geometry":{"type":"Point","coordinates":[-98.24588597985407,18.97726800952971]}},{"type":"Feature","properties":{"name":"PARROQUIA DE NUESTRA SE0ORA DE GUADALUPE","id":"3453145"},"geometry":{"type":"Point","coordinates":[-98.14915954018062,19.03345608974402]}},{"type":"Feature","properties":{"name":"PARROQUIA DE LA SANTA CRUZ","id":"3441874"},"geometry":{"type":"Point","coordinates":[-98.18776100007005,19.04593308955739]}},{"type":"Feature","properties":{"name":"PARROQUIA DE LA SAGRADA FAMILIA","id":"3461133"},"geometry":{"type":"Point","coordinates":[-98.23692827991613,19.05623639920714]}},{"type":"Feature","properties":{"name":"PARROQUIA DE LA RESURRECCION","id":"3277561"},"geometry":{"type":"Point","coordinates":[-98.12931679963054,19.10228049906129]}},{"type":"Feature","properties":{"name":"PARROQUIA DE LA PURISIMA CONCEPCION","id":"3476126"},"geometry":{"type":"Point","coordinates":[-98.2447942100847,19.08057561958519]}},{"type":"Feature","properties":{"name":"IGLESIA SAGRADO CORAZON DE JESUS","id":"3374959"},"geometry":{"type":"Point","coordinates":[-98.2717515502938,18.96976669959243]}},{"type":"Feature","properties":{"name":"IGLESIA RIOS DE AGUA VIVA","id":"11424961"},"geometry":{"type":"Point","coordinates":[-98.17859227960997,18.99305973953367]}},{"type":"Feature","properties":{"name":"IGLESIA PRESBITERIANA CONSERVADORA BETHESDA","id":"3437987"},"geometry":{"type":"Point","coordinates":[-98.13784961037119,19.05912159969867]}},{"type":"Feature","properties":{"name":"IGLESIA REESTRUCTURADA DEL ESPIRITU SANTO PUREZA AMOR Y LUZ","id":"3255502"},"geometry":{"type":"Point","coordinates":[-98.20853044972047,19.07978607957995]}},{"type":"Feature","properties":{"name":"IGLESIA PENTECOSTES MONTE DE SION","id":"3278857"},"geometry":{"type":"Point","coordinates":[-98.1454341696512,19.07291393984271]}},{"type":"Feature","properties":{"name":"IGLESIA PRECIOSA SANGRE DE CRISTO","id":"3514849"},"geometry":{"type":"Point","coordinates":[-98.20862078032474,18.98232279927638]}},{"type":"Feature","properties":{"name":"IGLESIA PENTECOSTES MARANATHA","id":"10729634"},"geometry":{"type":"Point","coordinates":[-98.19655000967514,18.96547812953107]}},{"type":"Feature","properties":{"name":"IGLESIA PENTECOSTES","id":"3375833"},"geometry":{"type":"Point","coordinates":[-98.2642591796174,18.95896503962406]}},{"type":"Feature","properties":{"name":"IGLESIA PENTECOSTES EFESO LA HERMOSA","id":"3346356"},"geometry":{"type":"Point","coordinates":[-98.23603007033142,19.07048236908237]}},{"type":"Feature","properties":{"name":"IGLESIA NUEVA VIDA","id":"10729711"},"geometry":{"type":"Point","coordinates":[-98.24754031962999,18.97389422985365]}},{"type":"Feature","properties":{"name":"IGLESIA NUEVA APOSTOLICA","id":"3364507"},"geometry":{"type":"Point","coordinates":[-98.19472168975415,19.01293490963619]}},{"type":"Feature","properties":{"name":"IGLESIA NUESTRA SE0ORA DEL REFUGIO O REFUGIO DE PECADORES","id":"3518482"},"geometry":{"type":"Point","coordinates":[-98.2201036101934,19.00227726979821]}},{"type":"Feature","properties":{"name":"IGLESIA NUEVA VIDA EN CRISTO","id":"10840002"},"geometry":{"type":"Point","coordinates":[-98.24028460015415,18.9618199797274]}},{"type":"Feature","properties":{"name":"IGLESIA NUESTRA SE0ORA DE LA ASUNCION","id":"3376703"},"geometry":{"type":"Point","coordinates":[-98.24859582963381,18.95594004941305]}},{"type":"Feature","properties":{"name":"IGLESIA NUESTRA SE0ORA DE GUADALUPE","id":"3355277"},"geometry":{"type":"Point","coordinates":[-98.1180450496393,19.07039041969843]}},{"type":"Feature","properties":{"name":"IGLESIA NUESTRA SE0ORA DE GUADALUPE","id":"3435575"},"geometry":{"type":"Point","coordinates":[-98.1571640702656,19.05092713909302]}},{"type":"Feature","properties":{"name":"IGLESIA NUESTRA SE0ORA DE LA ESPERANZA","id":"3460917"},"geometry":{"type":"Point","coordinates":[-98.23207878021151,19.04245410898699]}},{"type":"Feature","properties":{"name":"IGLESIA NUESTRA SE0ORA DE LA ASUNCION","id":"3457449"},"geometry":{"type":"Point","coordinates":[-98.22803969017951,19.06311677943231]}},{"type":"Feature","properties":{"name":"IGLESIA NUESTRA SE0ORA DE LA VISITACION","id":"3354874"},"geometry":{"type":"Point","coordinates":[-98.11626692987488,19.05721741926512]}},{"type":"Feature","properties":{"name":"IGLESIA NUESTRA SE0ORA DEL CARMEN","id":"3342380"},"geometry":{"type":"Point","coordinates":[-98.22762176982876,19.09922657945863]}},{"type":"Feature","properties":{"name":"IGLESIA NACIONAL PRESBITERIANA EMANUEL","id":"3372427"},"geometry":{"type":"Point","coordinates":[-98.23733886989287,18.96921040955167]}},{"type":"Feature","properties":{"name":"IGLESIA NACIONAL PRESBITERIANA EL DIVINO REDENTOR PUEBLA","id":"3538706"},"geometry":{"type":"Point","coordinates":[-98.19915981976982,19.03788646940218]}},{"type":"Feature","properties":{"name":"IGLESIA NUBE DE GLORIA","id":"3372187"},"geometry":{"type":"Point","coordinates":[-98.23798538981386,18.97269585984492]}},{"type":"Feature","properties":{"name":"IGLESIA NAZARENO","id":"10481176"},"geometry":{"type":"Point","coordinates":[-98.27030676964165,18.96480330974398]}},{"type":"Feature","properties":{"name":"IGLESIA NACIONAL PRESBITERIANA FILADELFIA","id":"3344136"},"geometry":{"type":"Point","coordinates":[-98.1293771000731,19.07397937926117]}},{"type":"Feature","properties":{"name":"IGLESIA MONTE SINAI","id":"3250655"},"geometry":{"type":"Point","coordinates":[-98.20227518015543,19.11175442963846]}},{"type":"Feature","properties":{"name":"IGLESIA MONTE SINAI","id":"3434444"},"geometry":{"type":"Point","coordinates":[-98.2605388102179,19.04676811907036]}},{"type":"Feature","properties":{"name":"IGLESIA MSIONERA CRISTO PARA LAS NACIONES","id":"3368249"},"geometry":{"type":"Point","coordinates":[-98.22579108019414,19.00908694982078]}},{"type":"Feature","properties":{"name":"PARROQUIA DE CRISTO REY LOS FUERTES","id":"3257245"},"geometry":{"type":"Point","coordinates":[-98.18856851032848,19.05998629964462]}},{"type":"Feature","properties":{"name":"PARROQUIA DE LA CORONACION DE NUESTRA SENORA DE GUADALUPE","id":"3457036"},"geometry":{"type":"Point","coordinates":[-98.2336956497344,19.06772438938541]}},{"type":"Feature","properties":{"name":"PARROQUIA DE LA DIVINA PROVIDENCIA","id":"3440714"},"geometry":{"type":"Point","coordinates":[-98.16341179991457,19.04388413985814]}},{"type":"Feature","properties":{"name":"PARROQUIA CRISTO REY","id":"3458539"},"geometry":{"type":"Point","coordinates":[-98.18563126966734,19.0144535291248]}},{"type":"Feature","properties":{"name":"IGLESIA MISIONERA CRISTO PARA LAS NACIONES","id":"8827088"},"geometry":{"type":"Point","coordinates":[-98.25766029978297,18.96734312920105]}},{"type":"Feature","properties":{"name":"IGLESIA MEXICANA DEL EVANGELIO DE CRISTO PENTECOSTES AR 863 93 TEMPLO FILADELFIA","id":"3275428"},"geometry":{"type":"Point","coordinates":[-98.19071111002965,19.04126971983878]}},{"type":"Feature","properties":{"name":"IGLESIA METODISTA SINAI","id":"9396350"},"geometry":{"type":"Point","coordinates":[-98.23224146037506,19.06771083930019]}},{"type":"Feature","properties":{"name":"IGLESIA METODISTA SHALOM","id":"9419377"},"geometry":{"type":"Point","coordinates":[-98.23663027966364,18.95384105963652]}},{"type":"Feature","properties":{"name":"IGLESIA METODISTA EMMANUEL","id":"9398582"},"geometry":{"type":"Point","coordinates":[-98.20094143969567,19.04671919954832]}},{"type":"Feature","properties":{"name":"IGLESIA METODISTA FILADELFIA","id":"9398583"},"geometry":{"type":"Point","coordinates":[-98.13230936028873,19.0603295591784]}},{"type":"Feature","properties":{"name":"IGLESIA METODISTA INDEPENDIENTE","id":"3408133"},"geometry":{"type":"Point","coordinates":[-98.21264017970049,19.03681247922973]}},{"type":"Feature","properties":{"name":"IGLESIA METODISTA GETSEMANI","id":"9444981"},"geometry":{"type":"Point","coordinates":[-98.17390926959706,19.07516378909379]}},{"type":"Feature","properties":{"name":"IGLESIA METODISTA ELIM","id":"9447998"},"geometry":{"type":"Point","coordinates":[-98.24762281983719,18.98072875904361]}},{"type":"Feature","properties":{"name":"IGLESIA METODISTA EL BUEN PASTOR","id":"9405220"},"geometry":{"type":"Point","coordinates":[-98.23390626016572,19.05081168952468]}},{"type":"Feature","properties":{"name":"IGLESIA METODISTA EL CAMINO LA VERDAD Y LA VIDA","id":"9449951"},"geometry":{"type":"Point","coordinates":[-98.20604504014648,19.01470677911231]}},{"type":"Feature","properties":{"name":"IGLESIA METODISTA EL DIVINO SALVADOR","id":"9453034"},"geometry":{"type":"Point","coordinates":[-98.18754635977666,19.03277279924257]}},{"type":"Feature","properties":{"name":"IGLESIA METODISTA DE MEXICO CONFERENCIA ANUAL DEL SURESTE","id":"9421569"},"geometry":{"type":"Point","coordinates":[-98.20049425000957,19.04733746906584]}},{"type":"Feature","properties":{"name":"IGLESIA METODISTA DE MEXICO","id":"3272375"},"geometry":{"type":"Point","coordinates":[-98.20106501014207,19.04677618958642]}},{"type":"Feature","properties":{"name":"IGLESIA METODISTA DE MEXICO","id":"3456974"},"geometry":{"type":"Point","coordinates":[-98.23224816032432,19.06769729910745]}},{"type":"Feature","properties":{"name":"IGLESIA METODISTA DE MEXICO CONFERENCIA ANUAL DEL SURESTE","id":"3461210"},"geometry":{"type":"Point","coordinates":[-98.23460142981207,19.05045289959848]}},{"type":"Feature","properties":{"name":"IGLESIA METODISTA DE MEXICO OFICINAS ESPECIALES","id":"7852855"},"geometry":{"type":"Point","coordinates":[-98.20044060005364,19.04730399899728]}},{"type":"Feature","properties":{"name":"IGLESIA METODISTA DE MEXICO TEMPLO EL DIVINO SALVADOR","id":"3459634"},"geometry":{"type":"Point","coordinates":[-98.18782032025155,19.03290758963081]}},{"type":"Feature","properties":{"name":"IGLESIA METODISTA DE MEXICO TEMPLO EL BUEN PASTOR","id":"3461207"},"geometry":{"type":"Point","coordinates":[-98.23395632992066,19.05069950899197]}},{"type":"Feature","properties":{"name":"IGLESIA MARIA AUXILIADORA","id":"3251749"},"geometry":{"type":"Point","coordinates":[-98.17489536992538,19.09704701942002]}},{"type":"Feature","properties":{"name":"IGLESIA MARANATHA","id":"3314396"},"geometry":{"type":"Point","coordinates":[-98.12799352008483,19.04754462969782]}},{"type":"Feature","properties":{"name":"IGLESIA METODISTA","id":"8202610"},"geometry":{"type":"Point","coordinates":[-98.23681167022237,18.95380745916626]}},{"type":"Feature","properties":{"name":"IGLESIA LUZ DEL MUNDO","id":"8724666"},"geometry":{"type":"Point","coordinates":[-98.22970290986137,18.9526786697042]}},{"type":"Feature","properties":{"name":"IGLESIA LA VID PUEBLA NORTE","id":"11218923"},"geometry":{"type":"Point","coordinates":[-98.17825465972477,19.06798742939273]}},{"type":"Feature","properties":{"name":"IGLESIA LA SANTISIMA TRINIDAD","id":"3522830"},"geometry":{"type":"Point","coordinates":[-98.2493433596083,18.99489115941775]}},{"type":"Feature","properties":{"name":"IGLESIA DE LA NATIVIDAD DE MARIA","id":"3436900"},"geometry":{"type":"Point","coordinates":[-98.1410776998759,19.06221196972315]}},{"type":"Feature","properties":{"name":"IGLESIA DE LA SANTA CRUZ","id":"3471510"},"geometry":{"type":"Point","coordinates":[-98.22366018966596,19.08983223978182]}},{"type":"Feature","properties":{"name":"IGLESIA DE LA LUZ DEL MUNDO","id":"3253775"},"geometry":{"type":"Point","coordinates":[-98.17762396967045,19.08198651917856]}},{"type":"Feature","properties":{"name":"IGLESIA DE LA MISERICORDIA","id":"3259792"},"geometry":{"type":"Point","coordinates":[-98.20622502956145,19.06675496968251]}},{"type":"Feature","properties":{"name":"IGLESIA DE LA CASA DE LA CRISTIANDAD","id":"3421795"},"geometry":{"type":"Point","coordinates":[-98.19474270960829,19.02583527969185]}},{"type":"Feature","properties":{"name":"IGLESIA DE LA GUADALUPANA","id":"3373080"},"geometry":{"type":"Point","coordinates":[-98.17197824979638,18.97763735929542]}},{"type":"Feature","properties":{"name":"JURISDICCION CENTRO IGLESIA LA LUZ DEL MUNDO","id":"3453281"},"geometry":{"type":"Point","coordinates":[-98.14371726044317,19.03255601946204]}},{"type":"Feature","properties":{"name":"IGLESIA DE JESUCRISTO PALABRA MIEL EL RENUEVO","id":"11514726"},"geometry":{"type":"Point","coordinates":[-98.26120824036798,18.95982235973332]}},{"type":"Feature","properties":{"name":"IGLESIA DE JESUCRITO PALABRA MIEL","id":"3436932"},"geometry":{"type":"Point","coordinates":[-98.14290150969686,19.06173318955156]}},{"type":"Feature","properties":{"name":"IGLESIA DE JESUCRISTO PALABRA MIEL","id":"3514165"},"geometry":{"type":"Point","coordinates":[-98.23573662964174,18.97586445919618]}},{"type":"Feature","properties":{"name":"IGLESIA DE JESUCRISTO DE LOS SANTOS DE LOS ULTIMOS DIAS EN MEXICO","id":"3258392"},"geometry":{"type":"Point","coordinates":[-98.19186636024433,19.05448002954646]}},{"type":"Feature","properties":{"name":"IGLESIA DE JESUCRISTO DE LOS SANTOS DE LOS ULTIMOS DIAS","id":"3332326"},"geometry":{"type":"Point","coordinates":[-98.24702714039017,19.08876664927727]}},{"type":"Feature","properties":{"name":"IGLESIA DE JESUCRISTO DE LOS SANTOS DE LOS ULTIMOS DIAS","id":"3353084"},"geometry":{"type":"Point","coordinates":[-98.17932080960765,19.03980382940031]}},{"type":"Feature","properties":{"name":"OFICINAS DELZOBISPADO","id":"3277105"},"geometry":{"type":"Point","coordinates":[-98.20048409036843,19.0412988893493]}},{"type":"Feature","properties":{"name":"MINISTERIO BETSAIDA","id":"8801567"},"geometry":{"type":"Point","coordinates":[-98.18348095018565,18.99259478913654]}},{"type":"Feature","properties":{"name":"MINISTERIO INTERNACIONAL DEL CIELO A LA TIERRA","id":"10060007"},"geometry":{"type":"Point","coordinates":[-98.1958709001219,19.05573163942029]}},{"type":"Feature","properties":{"name":"ORATORIO SALECIANO MIGUEL RUA","id":"8341849"},"geometry":{"type":"Point","coordinates":[-98.20992959967123,19.05413790945368]}},{"type":"Feature","properties":{"name":"ORATORIO SALESIANO FRANCISCO MATEOS","id":"3376099"},"geometry":{"type":"Point","coordinates":[-98.27341915956652,18.96483501983936]}},{"type":"Feature","properties":{"name":"ORATORIO DON BOSCO","id":"3361610"},"geometry":{"type":"Point","coordinates":[-98.20509998037977,19.04008344930886]}},{"type":"Feature","properties":{"name":"ORATORIO FELIPE RINALDI","id":"3538865"},"geometry":{"type":"Point","coordinates":[-98.18829540960542,19.07691146950484]}},{"type":"Feature","properties":{"name":"IGLESIA DE NUESTRA SE0ORA DE FATIMA","id":"3258444"},"geometry":{"type":"Point","coordinates":[-98.18268545037319,19.04824160967943]}},{"type":"Feature","properties":{"name":"IGLESIA DE NAZARENO BET EL","id":"9575494"},"geometry":{"type":"Point","coordinates":[-98.1305125696993,19.03363998941126]}},{"type":"Feature","properties":{"name":"IGLESIA DE NUESTRA SE0ORA DE LA DEFENSA","id":"3345036"},"geometry":{"type":"Point","coordinates":[-98.16908254971986,19.07939618929876]}},{"type":"Feature","properties":{"name":"IGLESIA DE NUESTRA SE0ORA DE LA ASUNCION","id":"3411450"},"geometry":{"type":"Point","coordinates":[-98.1183412701335,19.06433720981086]}},{"type":"Feature","properties":{"name":"IGLESIA DE NUESTRA SE0ORA DE LIBANO","id":"3346686"},"geometry":{"type":"Point","coordinates":[-98.22371932009055,19.06705816981508]}},{"type":"Feature","properties":{"name":"IGLESIA DE NUESTRA SE0ORA DE LA SOLEDAD","id":"3461481"},"geometry":{"type":"Point","coordinates":[-98.23731032001525,19.04619025968967]}},{"type":"Feature","properties":{"name":"IGLESIA DE LOS HERMANOS","id":"3459987"},"geometry":{"type":"Point","coordinates":[-98.21724969981373,19.05504645944327]}},{"type":"Feature","properties":{"name":"IGLESIA DE LOS GOSOS","id":"3277204"},"geometry":{"type":"Point","coordinates":[-98.20250863966197,19.04043491965291]}},{"type":"Feature","properties":{"name":"IGLESIA DE LOS SANTOS REYES","id":"3512102"},"geometry":{"type":"Point","coordinates":[-98.17698243019498,18.90746500922335]}},{"type":"Feature","properties":{"name":"IGLESIA DE MARIA AUXILIADORA BALVANERA","id":"3441770"},"geometry":{"type":"Point","coordinates":[-98.18493722956947,19.04641427901267]}},{"type":"Feature","properties":{"name":"IGLESIA DE DIOS ISRAELITA","id":"3472137"},"geometry":{"type":"Point","coordinates":[-98.22558983979923,19.08794178929801]}},{"type":"Feature","properties":{"name":"JESUS LA VID VERDADERA","id":"7569048"},"geometry":{"type":"Point","coordinates":[-98.22119446984884,19.12859183915685]}},{"type":"Feature","properties":{"name":"IGLESIA DE DIOS ISRAELITA","id":"3253951"},"geometry":{"type":"Point","coordinates":[-98.18139664993544,19.07419122985759]}},{"type":"Feature","properties":{"name":"IGLESIA DE DIOS ISRAELITA","id":"3415588"},"geometry":{"type":"Point","coordinates":[-98.21033378017978,19.01800252911109]}},{"type":"Feature","properties":{"name":"IGLESIA DE DIOS EN MEXICO EVANGELIO COMPLETO","id":"3254078"},"geometry":{"type":"Point","coordinates":[-98.17277053003589,19.0732749690808]}},{"type":"Feature","properties":{"name":"JAMEE PARK","id":"8186807"},"geometry":{"type":"Point","coordinates":[-98.22573605967136,18.9973093392728]}},{"type":"Feature","properties":{"name":"OFICINA PARROQUIAL SAN FRANCISCO DE ASIS DE SAN FRANCISCO TOTIMEHUACAN","id":"3514747"},"geometry":{"type":"Point","coordinates":[-98.18591058020905,18.96904995970678]}},{"type":"Feature","properties":{"name":"OFICINA PARROQUIAL","id":"3453143"},"geometry":{"type":"Point","coordinates":[-98.14899853995065,19.03375998954915]}},{"type":"Feature","properties":{"name":"IGLESIA DE JESUCRISTO DE LOS SANTOS DE LOS ULTIMOS DIAS","id":"3462351"},"geometry":{"type":"Point","coordinates":[-98.21298493031026,19.02371281940859]}},{"type":"Feature","properties":{"name":"IGLESIA DE JESUCRISTO DE LOS SANTOS DE LOS ULTIMOS DIAS","id":"3344178"},"geometry":{"type":"Point","coordinates":[-98.13703968003716,19.07425738938324]}},{"type":"Feature","properties":{"name":"IGLESIA DE JESUCRISTO DE LOS SANTOS DE LOS ULTIMOS DIAS","id":"3518859"},"geometry":{"type":"Point","coordinates":[-98.22565439043774,19.00094884972777]}},{"type":"Feature","properties":{"name":"IGLESIA DE JESUCRISTO DE LOS SANTOS DE LOS ULTIMOS DIAS","id":"3344472"},"geometry":{"type":"Point","coordinates":[-98.15399572002644,19.06530511955206]}},{"type":"Feature","properties":{"name":"IGLESIA DE JESUCRISTO DE LOS SANTOS DE LOS ULTIMOS DIAS","id":"3440571"},"geometry":{"type":"Point","coordinates":[-98.15869597993549,19.04355570924558]}},{"type":"Feature","properties":{"name":"IGLESIA DE JESUCRISTO DE LOS SANTOS DE LOS ULTIMOS DIAS","id":"3461196"},"geometry":{"type":"Point","coordinates":[-98.2326988996345,19.05035102979302]}},{"type":"Feature","properties":{"name":"IGLESIA DE JESUCRISTO DE LOS SANTOS DE LOS ULTIMOS DIAS","id":"3256283"},"geometry":{"type":"Point","coordinates":[-98.192183280434,19.06837600936167]}},{"type":"Feature","properties":{"name":"IGLESIA DE JESUCRISTO DE LOS SANTOS DE LOS ULTIMOS DIAS","id":"6450483"},"geometry":{"type":"Point","coordinates":[-98.22521371993719,19.08535038922501]}},{"type":"Feature","properties":{"name":"IGLESIA DE JESUCRISTO DE LOS SANTOS DE LOS ULTIMOS DIAS","id":"3460326"},"geometry":{"type":"Point","coordinates":[-98.21851468980105,19.05031304962435]}},{"type":"Feature","properties":{"name":"IGLESIA DE EL CALVARIO","id":"3352060"},"geometry":{"type":"Point","coordinates":[-98.1850777702229,19.05296765944669]}},{"type":"Feature","properties":{"name":"IGLESIA DE DIOS VIVO COLUMNA Y APOYO DE LA VERDAD LA LUZ DEL MUNDO","id":"3253691"},"geometry":{"type":"Point","coordinates":[-98.17182631023599,19.09027400925392]}},{"type":"Feature","properties":{"name":"IGLESIA DE JESUCRISTO DE LOS SANTOS DE LOS ULTIMOS DIAS","id":"8658531"},"geometry":{"type":"Point","coordinates":[-98.25260208002192,18.97333173898737]}},{"type":"Feature","properties":{"name":"IGLESIA DE JESUCRISTO DE LOS SANTOS DE LOS ULTIMOS DIAS","id":"6218629"},"geometry":{"type":"Point","coordinates":[-98.24757209987247,19.06204588922295]}},{"type":"Feature","properties":{"name":"IGLESIA DE DIOS SEPTIMO DIA","id":"3512682"},"geometry":{"type":"Point","coordinates":[-98.24132549977196,18.97690976908929]}},{"type":"Feature","properties":{"name":"IGLESIA DE DIOS SEPTIMO DIA BENTHEL","id":"3515591"},"geometry":{"type":"Point","coordinates":[-98.25663724001656,18.90227360975997]}},{"type":"Feature","properties":{"name":"IGLESIA DE DIOS SION","id":"3372022"},"geometry":{"type":"Point","coordinates":[-98.23762675007441,18.9466900895955]}},{"type":"Feature","properties":{"name":"IGLESIA DE DIOS SOCIEDAD MISIONERA MUNDIAL","id":"8234745"},"geometry":{"type":"Point","coordinates":[-98.20409413993258,18.99340516913154]}},{"type":"Feature","properties":{"name":"IGLESIA DE DIOS SANTUARIO MARANATHA","id":"3520162"},"geometry":{"type":"Point","coordinates":[-98.23787299973912,19.0005930194704]}},{"type":"Feature","properties":{"name":"IGLESIA DE DIOS ISRAELITA EN LA REPUBLICA MEXICANA","id":"3375637"},"geometry":{"type":"Point","coordinates":[-98.24672345012709,18.97486123937347]}},{"type":"Feature","properties":{"name":"IGLESIA DE DIOS LA PROFECIA","id":"3332311"},"geometry":{"type":"Point","coordinates":[-98.25165311000296,19.08549341920187]}},{"type":"Feature","properties":{"name":"IGLESIA CRISTIANA SION","id":"3343948"},"geometry":{"type":"Point","coordinates":[-98.12768169005791,19.083348829301]}},{"type":"Feature","properties":{"name":"IGLESIA CRISTIANA SIN NOMBRE","id":"11043884"},"geometry":{"type":"Point","coordinates":[-98.26088375957778,18.95880885976029]}},{"type":"Feature","properties":{"name":"IGLESIA CRISTIANA SIN NOMBRE","id":"11478462"},"geometry":{"type":"Point","coordinates":[-98.27219843960626,18.98163499957417]}},{"type":"Feature","properties":{"name":"INSTITUTO JUAN PONCE DE LEON","id":"3261776"},"geometry":{"type":"Point","coordinates":[-98.20948029028312,19.05487853982945]}},{"type":"Feature","properties":{"name":"IGLESIA CRISTIANA SEGUNDA MILLA","id":"10876878"},"geometry":{"type":"Point","coordinates":[-98.2266093202639,18.98708602971496]}},{"type":"Feature","properties":{"name":"INSTITUTO BIBLICO EFESO","id":"3538984"},"geometry":{"type":"Point","coordinates":[-98.24648765957778,19.06163840910184]}},{"type":"Feature","properties":{"name":"NUESTRA SE0ORA DEL REFUGIO","id":"3258180"},"geometry":{"type":"Point","coordinates":[-98.19524982022301,19.05682119955535]}},{"type":"Feature","properties":{"name":"NUESTRA SE0ORA DEL SAGRADO CORAZON","id":"3360256"},"geometry":{"type":"Point","coordinates":[-98.22664836972645,19.05555371934537]}},{"type":"Feature","properties":{"name":"NUESTRA SE0ORA DEL CARMEN","id":"3462695"},"geometry":{"type":"Point","coordinates":[-98.22289775972382,19.01211256955725]}},{"type":"Feature","properties":{"name":"NUESTRA SE0ORA DE LOS ANGELES","id":"3462604"},"geometry":{"type":"Point","coordinates":[-98.22192418964958,19.02009613914313]}},{"type":"Feature","properties":{"name":"NUESTRA SE0ORA DE LOS ANGELES MAYORAZGO","id":"8149854"},"geometry":{"type":"Point","coordinates":[-98.22216212957856,19.02044633964443]}},{"type":"Feature","properties":{"name":"NUESTRA SE0ORA DE GUADALUPE","id":"3256445"},"geometry":{"type":"Point","coordinates":[-98.18896684974027,19.0709582390478]}},{"type":"Feature","properties":{"name":"NUESTRA SE0ORA DE JUQUILITA","id":"3376604"},"geometry":{"type":"Point","coordinates":[-98.26313487957101,18.95830309902803]}},{"type":"Feature","properties":{"name":"IGLESIA DE DIOS DEL SEPTIMO DIA TEMPLO SALOMON","id":"3410335"},"geometry":{"type":"Point","coordinates":[-98.20737437033091,19.03297496953646]}},{"type":"Feature","properties":{"name":"IGLESIA DE DIOS 7MO DIA","id":"10880762"},"geometry":{"type":"Point","coordinates":[-98.22495968034491,19.02019935973029]}},{"type":"Feature","properties":{"name":"IGLESIA DE DIOS DE LA PROFECIA","id":"3521353"},"geometry":{"type":"Point","coordinates":[-98.24786308001711,18.96908327958861]}},{"type":"Feature","properties":{"name":"IGLESIA DE DIOS DE LA PROFECIA","id":"3368989"},"geometry":{"type":"Point","coordinates":[-98.23673863987631,18.99890697949167]}},{"type":"Feature","properties":{"name":"IGLESIA DE CRISTO RHEMA MINISTERIO EVENECER","id":"3355783"},"geometry":{"type":"Point","coordinates":[-98.13199831986651,19.06353757941227]}},{"type":"Feature","properties":{"name":"IGLESIA DE DIOS","id":"10660722"},"geometry":{"type":"Point","coordinates":[-98.25404217970282,18.96769709966039]}},{"type":"Feature","properties":{"name":"IGLESIA DE CRISTO MINISTERIO FUERTE CIUDAD","id":"3436987"},"geometry":{"type":"Point","coordinates":[-98.14303162001323,19.05915457963673]}},{"type":"Feature","properties":{"name":"IGLESIA DE CRISTO JUDA PUEBLA","id":"11177304"},"geometry":{"type":"Point","coordinates":[-98.1975569203156,19.0550584797817]}},{"type":"Feature","properties":{"name":"IGLESIA DE CRISTO JUDA MINISTERIOS EBENEZER","id":"3343131"},"geometry":{"type":"Point","coordinates":[-98.18025617018606,19.08190825927477]}},{"type":"Feature","properties":{"name":"IGLESIA DE CRISTO PUEBLA AR","id":"11266482"},"geometry":{"type":"Point","coordinates":[-98.21764194991601,19.05636082940542]}},{"type":"Feature","properties":{"name":"IGLESIA DE CRISTO","id":"3518832"},"geometry":{"type":"Point","coordinates":[-98.22837943965936,19.00330888931182]}},{"type":"Feature","properties":{"name":"IGLESIA DE CRISTO","id":"3417822"},"geometry":{"type":"Point","coordinates":[-98.14595404973956,19.06665803985305]}},{"type":"Feature","properties":{"name":"IGLESIA DE CRISTO EN RESTAURACION MINISTERIOS ELOHIM","id":"3354533"},"geometry":{"type":"Point","coordinates":[-98.12172969976582,19.0634550297423]}},{"type":"Feature","properties":{"name":"IGLESIA DE BELEM","id":"3351074"},"geometry":{"type":"Point","coordinates":[-98.20213671963387,19.04831606904824]}},{"type":"Feature","properties":{"name":"IGLESIA DE COMPA1ERISMO CRISTIANO LA PUERTA","id":"8151214"},"geometry":{"type":"Point","coordinates":[-98.20504856973565,19.01831345981595]}},{"type":"Feature","properties":{"name":"IGLESIA DE COMPA1ERISMO CRISTIANO LA CASA DEL ALFARERO","id":"9913100"},"geometry":{"type":"Point","coordinates":[-98.25215372031789,18.99658252967822]}},{"type":"Feature","properties":{"name":"IGLESIA DE CRISTO","id":"9782931"},"geometry":{"type":"Point","coordinates":[-98.18136469972109,19.01274209948609]}},{"type":"Feature","properties":{"name":"IGLESIA CRISTINA AUDITORIO MARANATHA","id":"10453676"},"geometry":{"type":"Point","coordinates":[-98.2262112596419,18.95845185948493]}},{"type":"Feature","properties":{"name":"IGLESIA CRISTO REY","id":"3254192"},"geometry":{"type":"Point","coordinates":[-98.19533498961806,19.07869276927196]}},{"type":"Feature","properties":{"name":"IGLESIA CRRISTIANA DE SANIDAD INTERIOR FUERTE CIUDAD","id":"3258226"},"geometry":{"type":"Point","coordinates":[-98.20034696983674,19.05476643933642]}},{"type":"Feature","properties":{"name":"IGLESIA CRITIANA SEMILLA DE MOSTAZA","id":"8324385"},"geometry":{"type":"Point","coordinates":[-98.14647316990084,19.03817973922072]}},{"type":"Feature","properties":{"name":"IGLESIA CRISTIANA REY DE REYES","id":"3539030"},"geometry":{"type":"Point","coordinates":[-98.1529528796716,19.0495876996295]}},{"type":"Feature","properties":{"name":"IGLESIA CRISTIANA RIOS DE BENDICION","id":"10316745"},"geometry":{"type":"Point","coordinates":[-98.12754379970653,19.07344309913595]}},{"type":"Feature","properties":{"name":"IGLESIA CRISTIANA REY DE REYES","id":"9706793"},"geometry":{"type":"Point","coordinates":[-98.24592175038845,19.07284881903401]}},{"type":"Feature","properties":{"name":"IGLESIA CRISTIANA RENOVACION","id":"9158450"},"geometry":{"type":"Point","coordinates":[-98.21320180991556,18.9936070795214]}},{"type":"Feature","properties":{"name":"IGLESIA CRISTIANA PENTECOSTES JIRETH","id":"3373816"},"geometry":{"type":"Point","coordinates":[-98.2547960103276,18.99295233979698]}},{"type":"Feature","properties":{"name":"IGLESIA CRISTIANA PENTECOSTES SALEM","id":"11650238"},"geometry":{"type":"Point","coordinates":[-98.13591707970943,19.04192279941472]}},{"type":"Feature","properties":{"name":"IGLESIA CRISTIANA PRINCIPE DE PAZ","id":"3369907"},"geometry":{"type":"Point","coordinates":[-98.19471857000597,18.99632116960453]}},{"type":"Feature","properties":{"name":"IGLESIA CRISTIANA POR UNA NUEVA VIDA","id":"3437350"},"geometry":{"type":"Point","coordinates":[-98.13632000026774,19.06031449913139]}},{"type":"Feature","properties":{"name":"IGLESIA CRISTIANA PENTECOSTES HEBRON","id":"3314402"},"geometry":{"type":"Point","coordinates":[-98.12271034030995,19.04706461925366]}},{"type":"Feature","properties":{"name":"IGLESIA CRISTIANA PALABRA VIVA","id":"3458674"},"geometry":{"type":"Point","coordinates":[-98.2302763202959,19.06113436967198]}},{"type":"Feature","properties":{"name":"IGLESIA CRISTIANA NUEVO DESTINO","id":"10838260"},"geometry":{"type":"Point","coordinates":[-98.26661915984631,18.96178623986219]}},{"type":"Feature","properties":{"name":"IGLESIA CRISTIANA PENTECOSTAL LUGAR DE REFUGIO AMALUCAN","id":"11493083"},"geometry":{"type":"Point","coordinates":[-98.15154391991592,19.04820190910769]}},{"type":"Feature","properties":{"name":"INP LA CASA DEL ALFARERO","id":"8825697"},"geometry":{"type":"Point","coordinates":[-98.19408656963947,19.01794652922662]}},{"type":"Feature","properties":{"name":"IGLESIA CRISTIANA MISTERIOS FILADELFIA","id":"9798854"},"geometry":{"type":"Point","coordinates":[-98.2378579999467,18.96730302933033]}},{"type":"Feature","properties":{"name":"IGLESIA CRISTIANA MISION OASIS","id":"3376441"},"geometry":{"type":"Point","coordinates":[-98.24605358020854,18.9531864997765]}},{"type":"Feature","properties":{"name":"IGLESIA CRISTIANA MINISTERIOS PENIEL","id":"3356738"},"geometry":{"type":"Point","coordinates":[-98.14588963040211,19.03287428953413]}},{"type":"Feature","properties":{"name":"IGLESIA CRISTIANA MONTE DE LOS OLIVOS","id":"10920475"},"geometry":{"type":"Point","coordinates":[-98.2507802702932,18.95786036908002]}},{"type":"Feature","properties":{"name":"IGLESIA CRISTIANA NACIONES","id":"8849292"},"geometry":{"type":"Point","coordinates":[-98.2226998702028,19.02166463952907]}},{"type":"Feature","properties":{"name":"IGLESIA CRISTIANA LLUVIA DE GRACIA","id":"10293471"},"geometry":{"type":"Point","coordinates":[-98.23495450005008,18.94866139902381]}},{"type":"Feature","properties":{"name":"INGLESIA INMACULADA CONCEPCION","id":"3432985"},"geometry":{"type":"Point","coordinates":[-98.23154058992623,19.01194839921709]}},{"type":"Feature","properties":{"name":"IGLESIA CRISTIANA MANMIN","id":"11416420"},"geometry":{"type":"Point","coordinates":[-98.24118161993579,18.99664449926246]}},{"type":"Feature","properties":{"name":"IGLESIA CRISTIANA MARANATHA","id":"3463412"},"geometry":{"type":"Point","coordinates":[-98.20835974040966,19.00370346955752]}},{"type":"Feature","properties":{"name":"IGLESIA CRISTIANA MARANATHA","id":"10243189"},"geometry":{"type":"Point","coordinates":[-98.25468628044747,19.07324792916483]}},{"type":"Feature","properties":{"name":"IGLESIA CRISTIANA LA FE EN JESUCRISTO","id":"9818124"},"geometry":{"type":"Point","coordinates":[-98.2757737501584,18.97204916905277]}},{"type":"Feature","properties":{"name":"IGLESIA CRISTIANA LA ROCA DEL SUR","id":"11409167"},"geometry":{"type":"Point","coordinates":[-98.18036976984894,18.96359241937376]}},{"type":"Feature","properties":{"name":"IGLESIA CRISTIANA LA ROCA","id":"7556756"},"geometry":{"type":"Point","coordinates":[-98.25023503022244,19.07988658961047]}},{"type":"Feature","properties":{"name":"IGLESIA CRISTIANA JESUS SALVADOR DEL MUNDO","id":"3436983"},"geometry":{"type":"Point","coordinates":[-98.14495149991177,19.0596566396588]}},{"type":"Feature","properties":{"name":"IGLESIA CRISTIANA INTERDENOMINACIONAL EBEN-EZER","id":"3352739"},"geometry":{"type":"Point","coordinates":[-98.17930905007256,19.02968454981948]}},{"type":"Feature","properties":{"name":"IGLESIA CRISTIANA INTERDENOMINACIONAL","id":"3373640"},"geometry":{"type":"Point","coordinates":[-98.16167833958364,18.95216612898306]}},{"type":"Feature","properties":{"name":"IGLESIA CRISTIANA INTERDENOMINACIONAL PEvA DE HOBET","id":"3371035"},"geometry":{"type":"Point","coordinates":[-98.18145118032766,18.99740785910363]}},{"type":"Feature","properties":{"name":"SALON DE EL REYNO DE LOS TESTIGOS DE JEHOVA","id":"10918755"},"geometry":{"type":"Point","coordinates":[-98.1760461496101,19.05127128985493]}},{"type":"Feature","properties":{"name":"RECTORIA DE LA SAGRADA FAMILIA","id":"3361878"},"geometry":{"type":"Point","coordinates":[-98.21141845969413,19.03689954979158]}},{"type":"Feature","properties":{"name":"RECTORIA NUESTRA SE0ORA DE LOS REMEDIOS","id":"3443772"},"geometry":{"type":"Point","coordinates":[-98.18405009963239,19.04169012951295]}},{"type":"Feature","properties":{"name":"SEMINARIO PALAFOXIANO","id":"3435583"},"geometry":{"type":"Point","coordinates":[-98.16049492979715,19.04563985930899]}},{"type":"Feature","properties":{"name":"SEMINARIO MERCEDARIO","id":"3363121"},"geometry":{"type":"Point","coordinates":[-98.18349002974105,19.0232408093334]}},{"type":"Feature","properties":{"name":"SEMINARIO ARQUIDIOCESIS MISIONERO","id":"9717883"},"geometry":{"type":"Point","coordinates":[-98.18806084033547,18.99295525899634]}},{"type":"Feature","properties":{"name":"SEMINARIO MENOR PALAFOXIANO","id":"8811460"},"geometry":{"type":"Point","coordinates":[-98.16235797973695,19.04951028958504]}},{"type":"Feature","properties":{"name":"SANTUARIO GUADALUPANO","id":"3352259"},"geometry":{"type":"Point","coordinates":[-98.16178289026811,19.05031097938499]}},{"type":"Feature","properties":{"name":"SANTUARIO DEL SE2OR DE LA MISERICORDIA","id":"3440649"},"geometry":{"type":"Point","coordinates":[-98.15483486034049,19.04670049904571]}},{"type":"Feature","properties":{"name":"SANTUARIO DE SAN JUDAS TADEO","id":"3350533"},"geometry":{"type":"Point","coordinates":[-98.21903311028977,19.04913929945594]}},{"type":"Feature","properties":{"name":"SANTUARIO DE NUESTTA SE0ORA DE GUADALUPE","id":"3261897"},"geometry":{"type":"Point","coordinates":[-98.20646652001386,19.04848846908444]}},{"type":"Feature","properties":{"name":"SANTUARIO DE LA SANTA MUERTE Y BARBARA BENDITA","id":"3353531"},"geometry":{"type":"Point","coordinates":[-98.19240881961127,19.0452895589829]}},{"type":"Feature","properties":{"name":"SANTA MARIA MADRE DE DIOS","id":"3435835"},"geometry":{"type":"Point","coordinates":[-98.1671076600904,19.05541997936525]}},{"type":"Feature","properties":{"name":"PRIMERA IGLESIA BAUTISTA DE PUEBLA","id":"3268228"},"geometry":{"type":"Point","coordinates":[-98.20215715043213,19.05031865959527]}},{"type":"Feature","properties":{"name":"PRIMER SANTUARIO DEDICADO A DIOS Y A LA SANTA MUERTE","id":"3265475"},"geometry":{"type":"Point","coordinates":[-98.2018320796867,19.05241220937271]}},{"type":"Feature","properties":{"name":"REUNION DE ORACION EL ALFARERO","id":"10840642"},"geometry":{"type":"Point","coordinates":[-98.19615838999765,19.10894575965436]}},{"type":"Feature","properties":{"name":"SALONES DEL REINO","id":"3371830"},"geometry":{"type":"Point","coordinates":[-98.21183757974046,18.98135290922801]}},{"type":"Feature","properties":{"name":"SALONES DEL REY TESTIGOS DE JEHOVA","id":"11280330"},"geometry":{"type":"Point","coordinates":[-98.23604555036184,19.10615934968963]}},{"type":"Feature","properties":{"name":"SALONES DEL REINO","id":"3332223"},"geometry":{"type":"Point","coordinates":[-98.2460254898844,19.0905355195144]}},{"type":"Feature","properties":{"name":"SALONES DEL REINO","id":"3523159"},"geometry":{"type":"Point","coordinates":[-98.25387796979241,18.97922416897888]}},{"type":"Feature","properties":{"name":"SALON SOCIAL JUAN PABLO II","id":"3512147"},"geometry":{"type":"Point","coordinates":[-98.17486414996053,18.91411390934978]}},{"type":"Feature","properties":{"name":"SALON FUENTE PARA EL MUNDO AR","id":"3367671"},"geometry":{"type":"Point","coordinates":[-98.2112862503601,19.00531702957523]}},{"type":"Feature","properties":{"name":"SALON DEL REYNO TESTIGOS DE JEOVA","id":"3376806"},"geometry":{"type":"Point","coordinates":[-98.25949060990371,18.89781578908818]}},{"type":"Feature","properties":{"name":"SALON DEL REINO DE LOS TESTIGOS DE JEHOVA","id":"3367705"},"geometry":{"type":"Point","coordinates":[-98.23354891994666,19.00509586919703]}},{"type":"Feature","properties":{"name":"SALON DEL REYNO DE LOS TESTIGOS DE JEHOVA","id":"3359485"},"geometry":{"type":"Point","coordinates":[-98.23481934004047,19.062226269843]}},{"type":"Feature","properties":{"name":"SALON DEL REYNO DE LOS TESTIGOS DE JEHOVA","id":"3357914"},"geometry":{"type":"Point","coordinates":[-98.14012096960704,19.0391315295136]}},{"type":"Feature","properties":{"name":"SALON DEL REYNO DE LOS TESTIGOS DE JEHOVA","id":"8325760"},"geometry":{"type":"Point","coordinates":[-98.15100944023345,19.03440017914221]}},{"type":"Feature","properties":{"name":"SALON DEL REINO DE LOS TESTIGOS DE JEHOVA","id":"3461222"},"geometry":{"type":"Point","coordinates":[-98.23568293022298,19.04992729982188]}},{"type":"Feature","properties":{"name":"SALON DEL REINO DE LOS TESTIGOS DE JEHOVA","id":"3512343"},"geometry":{"type":"Point","coordinates":[-98.23786207027831,18.95886997948515]}},{"type":"Feature","properties":{"name":"SALON DEL REINO DE LOS TESTIGOS DE JEHOVA","id":"3436798"},"geometry":{"type":"Point","coordinates":[-98.14395004995481,19.06339975920802]}},{"type":"Feature","properties":{"name":"SALON DEL REINO DE LOS TESTIGOS DE JEHOVA","id":"3420228"},"geometry":{"type":"Point","coordinates":[-98.20401791969118,19.01359503899762]}},{"type":"Feature","properties":{"name":"SALON DEL REINO DE LOS TESTIGOS DE JEHOVA","id":"3340891"},"geometry":{"type":"Point","coordinates":[-98.2061988404041,19.10433349930696]}},{"type":"Feature","properties":{"name":"SALON DEL REINO DE LOS TESTIGOS DE JEHOVA","id":"3539093"},"geometry":{"type":"Point","coordinates":[-98.16928965998977,19.04693253942208]}},{"type":"Feature","properties":{"name":"SALON DEL REINO DE LOS TESTIGOS DE JEHOVA","id":"3463517"},"geometry":{"type":"Point","coordinates":[-98.21480756022073,19.00197225933036]}},{"type":"Feature","properties":{"name":"SALON DEL REINO DE LOS TESTIGOS DE JEHOVA","id":"3460746"},"geometry":{"type":"Point","coordinates":[-98.22593487999069,19.0472557791478]}},{"type":"Feature","properties":{"name":"SALON DEL REINO DE LOS TESTIGOS DE JEHOVA","id":"3349776"},"geometry":{"type":"Point","coordinates":[-98.19932642997071,19.05651633927429]}},{"type":"Feature","properties":{"name":"SALON DEL REINO DE LOS TESTIGOS DE JEHOVA","id":"3344065"},"geometry":{"type":"Point","coordinates":[-98.13475999038121,19.08610336909113]}},{"type":"Feature","properties":{"name":"SALON DEL REINO DE LOS TESTIGOS DE JEHOVA","id":"3436259"},"geometry":{"type":"Point","coordinates":[-98.25115105987345,19.05697113902349]}},{"type":"Feature","properties":{"name":"SALON DEL REINO DE LOS TESTIGOS DE JEHOVA","id":"3456870"},"geometry":{"type":"Point","coordinates":[-98.22911995042534,19.07021913931814]}},{"type":"Feature","properties":{"name":"SALON DEL REINO DE LOS TESTIGOS DE JEHOVA","id":"3460078"},"geometry":{"type":"Point","coordinates":[-98.18455810956908,19.0255778694406]}},{"type":"Feature","properties":{"name":"SALON DEL REINO DE LOS TESTIGOS DE JEHOVA","id":"3476191"},"geometry":{"type":"Point","coordinates":[-98.24918129008442,19.07662616947826]}},{"type":"Feature","properties":{"name":"SALON DEL REINO DE LOS TESTIGOS DE JEHOVA","id":"8804297"},"geometry":{"type":"Point","coordinates":[-98.21714746038697,19.1198562294964]}},{"type":"Feature","properties":{"name":"SALON DEL REINO DE LOS TESTIGOS DE JEHOVA","id":"3455269"},"geometry":{"type":"Point","coordinates":[-98.12847164015402,19.03137715934572]}},{"type":"Feature","properties":{"name":"SALON DEL REINO DE LOS TESTIGOS DE JEHOVA","id":"3374834"},"geometry":{"type":"Point","coordinates":[-98.26826892027442,18.97769703920571]}},{"type":"Feature","properties":{"name":"SALON DEL REINO DE LOS TESTIGOS DE JEHOVA","id":"3256506"},"geometry":{"type":"Point","coordinates":[-98.17626851957645,19.07459579977255]}},{"type":"Feature","properties":{"name":"SALON DEL REINO DE LOS TESTIGOS DE JEHOVA","id":"3521345"},"geometry":{"type":"Point","coordinates":[-98.23132366985146,18.9894685892224]}},{"type":"Feature","properties":{"name":"SALON DEL REINO DE LOS TESTIGOS DE JEHOVA","id":"3373643"},"geometry":{"type":"Point","coordinates":[-98.16333075031383,18.96111242911446]}},{"type":"Feature","properties":{"name":"SALON DEL REINO DE LOS TESTIGOS DE JEHOVA","id":"3255813"},"geometry":{"type":"Point","coordinates":[-98.20915913968253,19.07019884971348]}},{"type":"Feature","properties":{"name":"SALON DEL REINO DE LOS TESTIGOS DE JEHOVA","id":"3371157"},"geometry":{"type":"Point","coordinates":[-98.18109719997575,18.9910035098225]}},{"type":"Feature","properties":{"name":"SALON DEL REINO DE LOS TESTIGOS DE JEHOVA","id":"3433034"},"geometry":{"type":"Point","coordinates":[-98.23347225993683,19.00959611898356]}},{"type":"Feature","properties":{"name":"SALON DEL REINO DE LOS TESTIGOS DE JEHOVA","id":"3251798"},"geometry":{"type":"Point","coordinates":[-98.1751731102508,19.0922433392744]}},{"type":"Feature","properties":{"name":"SALON DE USOS MULTIPLES SIN NOMBRE","id":"9574385"},"geometry":{"type":"Point","coordinates":[-98.17465458993735,19.05944372966101]}},{"type":"Feature","properties":{"name":"SALON DE USOS MULTIPLES CAPILLA GUADALUPE","id":"11462864"},"geometry":{"type":"Point","coordinates":[-98.1908170096972,19.01292688948215]}},{"type":"Feature","properties":{"name":"SACRISTIA DE LA SOLEDAD","id":"10373477"},"geometry":{"type":"Point","coordinates":[-98.19874184995638,19.03852818964139]}},{"type":"Feature","properties":{"name":"PROVEDURIA FRANCISCANA","id":"6496016"},"geometry":{"type":"Point","coordinates":[-98.19020000012989,19.04524282931009]}},{"type":"Feature","properties":{"name":"PROVINCIA DE SANTA TERESA DE LA CONGREGACION DE HERMANAS JOSEFINA","id":"8656641"},"geometry":{"type":"Point","coordinates":[-98.21212086978227,19.03458902957732]}},{"type":"Feature","properties":{"name":"SHEKINAH IGLESIA CRISTIANA","id":"11147426"},"geometry":{"type":"Point","coordinates":[-98.11727979042996,19.05544066916822]}},{"type":"Feature","properties":{"name":"TEMPLO EVANGELICO HUERTO DE LOS OLIVOS","id":"3251390"},"geometry":{"type":"Point","coordinates":[-98.20003306957045,19.09440280935783]}},{"type":"Feature","properties":{"name":"TEMPLO EVANGELICO GETSEMANI","id":"3472212"},"geometry":{"type":"Point","coordinates":[-98.21242054996839,19.08656071931762]}},{"type":"Feature","properties":{"name":"TEMPLO EVANGELICO EL MENSAJE DE DIOS","id":"3515723"},"geometry":{"type":"Point","coordinates":[-98.25510869021383,18.89277971962926]}},{"type":"Feature","properties":{"name":"TEMPLO EVANGELICO EMANUEL","id":"10377117"},"geometry":{"type":"Point","coordinates":[-98.20727077022984,18.99697268975603]}},{"type":"Feature","properties":{"name":"TEMPLO EVANGELICO CRISTO VICTORIOSO","id":"3374687"},"geometry":{"type":"Point","coordinates":[-98.2623954398976,18.97313106966197]}},{"type":"Feature","properties":{"name":"TEMPLO EVANGELICO DIOS ETERNO","id":"3512965"},"geometry":{"type":"Point","coordinates":[-98.24194939005231,18.95599184946357]}},{"type":"Feature","properties":{"name":"TEMPLO EVANGELICO DIVINO REDENTOR","id":"3257849"},"geometry":{"type":"Point","coordinates":[-98.19405095019118,19.06427394969951]}},{"type":"Feature","properties":{"name":"TEMPLO EVANGELICO EBEN EZER","id":"3256355"},"geometry":{"type":"Point","coordinates":[-98.19133162965096,19.06543736935553]}},{"type":"Feature","properties":{"name":"TEMPLO EVANGELICO EBEN EZER","id":"3472353"},"geometry":{"type":"Point","coordinates":[-98.22250079987197,19.0852462297456]}},{"type":"Feature","properties":{"name":"TEMPLO EVANGELICO","id":"9743412"},"geometry":{"type":"Point","coordinates":[-98.2218711296489,18.95497349944674]}},{"type":"Feature","properties":{"name":"TEMPLO EVANGELICO","id":"6449938"},"geometry":{"type":"Point","coordinates":[-98.13322049043326,19.07016424919707]}},{"type":"Feature","properties":{"name":"TEMPLO DE NUESTRA SE0ORA DE LA CANDELARIA Y GUADALUPE XONACA","id":"3438778"},"geometry":{"type":"Point","coordinates":[-98.18054965044598,19.04694640966597]}},{"type":"Feature","properties":{"name":"TEMPLO DE NUESTRA SE0ORA DE LA LUZ","id":"3275697"},"geometry":{"type":"Point","coordinates":[-98.18989455978608,19.04083235974269]}},{"type":"Feature","properties":{"name":"TEMPLO DE RAVI","id":"10571401"},"geometry":{"type":"Point","coordinates":[-98.19286960974466,19.05505797975868]}},{"type":"Feature","properties":{"name":"TEMPLO DE SAN CRISTOBAL","id":"3275003"},"geometry":{"type":"Point","coordinates":[-98.19424663007788,19.045317839064]}},{"type":"Feature","properties":{"name":"TEMPLO DE SAN FELIPE NERI LA CONCORDIA","id":"3277102"},"geometry":{"type":"Point","coordinates":[-98.2019406998034,19.04201501949457]}},{"type":"Feature","properties":{"name":"TEMPLO DE NUESTRA SE0ORA DE LA MERCED","id":"3268194"},"geometry":{"type":"Point","coordinates":[-98.19938763962786,19.04987744950152]}},{"type":"Feature","properties":{"name":"TEMPLO DE NUESTRA SE0ORA DE LA MISERICORDIA","id":"3438702"},"geometry":{"type":"Point","coordinates":[-98.17722015968258,19.04983345916365]}},{"type":"Feature","properties":{"name":"TEMPLO DE NUESTRA SE0ORA DEL CARMEN","id":"3277185"},"geometry":{"type":"Point","coordinates":[-98.20204635035873,19.0382219192233]}},{"type":"Feature","properties":{"name":"TEMPLO DE SAN JOSE VISTA HERMOSA","id":"3461581"},"geometry":{"type":"Point","coordinates":[-98.2374559904016,19.03814945904742]}},{"type":"Feature","properties":{"name":"TEMPLO DE SANTA CLARA","id":"3275024"},"geometry":{"type":"Point","coordinates":[-98.19567122005071,19.04581580896937]}},{"type":"Feature","properties":{"name":"TEMPLO DE SANTA ROSA","id":"3270359"},"geometry":{"type":"Point","coordinates":[-98.1974054502013,19.04989994963982]}},{"type":"Feature","properties":{"name":"TEMPLO DE SANTA TERESA DE AVILA","id":"3273302"},"geometry":{"type":"Point","coordinates":[-98.19533880993812,19.04680392917493]}},{"type":"Feature","properties":{"name":"TEMPLO DE SAN MIGUEL ARCANGEL","id":"3261795"},"geometry":{"type":"Point","coordinates":[-98.20821920964875,19.05397713945018]}},{"type":"Feature","properties":{"name":"TEMPLO DE SAN PEDRO","id":"3274931"},"geometry":{"type":"Point","coordinates":[-98.19512781010029,19.04378190942455]}},{"type":"Feature","properties":{"name":"TEMPLO DE SAN ROQUE","id":"3275821"},"geometry":{"type":"Point","coordinates":[-98.19412790967527,19.04206260981864]}},{"type":"Feature","properties":{"name":"TEMPLO DE TESTIGOS DE JEHOVA","id":"3439862"},"geometry":{"type":"Point","coordinates":[-98.12967948002392,19.05292385976505]}},{"type":"Feature","properties":{"name":"TEMPLO DE TESTIGOS DE JEOVA","id":"9737233"},"geometry":{"type":"Point","coordinates":[-98.22101452989659,19.01270853948532]}},{"type":"Feature","properties":{"name":"TEMPLO DEL ESPIRITU SANTO LA COMPAaIA","id":"3275161"},"geometry":{"type":"Point","coordinates":[-98.19536781037613,19.0426918096963]}},{"type":"Feature","properties":{"name":"TEMPLO DEL NI5O CIEGUITO","id":"3277247"},"geometry":{"type":"Point","coordinates":[-98.20039116971668,19.0412150095821]}},{"type":"Feature","properties":{"name":"TEMPLO DEL SE4OR DE LOS TRABAJOS","id":"3267543"},"geometry":{"type":"Point","coordinates":[-98.20372262999534,19.05226051982389]}},{"type":"Feature","properties":{"name":"TEMPLO EBENEZER","id":"3340274"},"geometry":{"type":"Point","coordinates":[-98.21402203029243,19.09546125924539]}},{"type":"Feature","properties":{"name":"TEMPLO ESPIRITUAL TRINITARIO BELEN","id":"11686659"},"geometry":{"type":"Point","coordinates":[-98.26870746028101,18.9585317597521]}},{"type":"Feature","properties":{"name":"TEMPLO ESPIRITUALISTA JESUS MANANTIAL DE AGUA VIVA","id":"7852304"},"geometry":{"type":"Point","coordinates":[-98.20432659039977,19.03740966953776]}},{"type":"Feature","properties":{"name":"TEMPLO ESPIRITUALISTA SABULON","id":"3457444"},"geometry":{"type":"Point","coordinates":[-98.2273895001253,19.06320016906902]}},{"type":"Feature","properties":{"name":"TEMPLO ESPIRITUALISTA TRINITARIO MARIANO","id":"3457122"},"geometry":{"type":"Point","coordinates":[-98.2310450697741,19.07089236910384]}},{"type":"Feature","properties":{"name":"TEMPLO EVANGELICO","id":"3374735"},"geometry":{"type":"Point","coordinates":[-98.26523188004717,18.97420684948533]}},{"type":"Feature","properties":{"name":"TEMPLO EL CAMINO LA VERDAD Y LA VIDA","id":"3420213"},"geometry":{"type":"Point","coordinates":[-98.20572870001943,19.01440810976418]}},{"type":"Feature","properties":{"name":"TEMPLO EL BUEN PASTOR","id":"3464059"},"geometry":{"type":"Point","coordinates":[-98.27034892985921,18.97997686915583]}},{"type":"Feature","properties":{"name":"TEMPLO EMMANUEL","id":"3454458"},"geometry":{"type":"Point","coordinates":[-98.14302641024062,19.03946859901376]}},{"type":"Feature","properties":{"name":"TEMPLO EN DIOS AREMOS PROESAS","id":"8657765"},"geometry":{"type":"Point","coordinates":[-98.20660299033568,19.08638733902035]}},{"type":"Feature","properties":{"name":"TEMPLO ESPIRITUAL","id":"11665932"},"geometry":{"type":"Point","coordinates":[-98.21557692033855,19.05421633932933]}},{"type":"Feature","properties":{"name":"TEMPLO ESPIRITUAL LUZ DEL ESPIRITU SANTO","id":"3376337"},"geometry":{"type":"Point","coordinates":[-98.23980681013614,18.95566665910831]}},{"type":"Feature","properties":{"name":"TEMPLO BET-HEL","id":"3538831"},"geometry":{"type":"Point","coordinates":[-98.17746662968119,19.07774264902014]}},{"type":"Feature","properties":{"name":"TEMPLO CASA DE LUZ","id":"10657116"},"geometry":{"type":"Point","coordinates":[-98.17974214018754,19.07848883900481]}},{"type":"Feature","properties":{"name":"TEMPLO CATOLICO SAN JUAN BAUTISTA","id":"3279535"},"geometry":{"type":"Point","coordinates":[-98.22292099011156,19.04153648933456]}},{"type":"Feature","properties":{"name":"TEMPLO CRISTIANO VIDA NUEVA PARA EL MUNDO","id":"8328218"},"geometry":{"type":"Point","coordinates":[-98.17253551020559,19.07451921980234]}},{"type":"Feature","properties":{"name":"TEMPLO CRISTO GLORIFICADO","id":"3440159"},"geometry":{"type":"Point","coordinates":[-98.1710928402623,19.04344524911595]}},{"type":"Feature","properties":{"name":"TEMPLO DE LA ASUNCION DE MARIA CONGREGACION DEL ORATORIO SAN FELIPE NERI","id":"3258326"},"geometry":{"type":"Point","coordinates":[-98.19076037039474,19.05587439960055]}},{"type":"Feature","properties":{"name":"TEMPLO DE LA IGLESIA DE JESUCRISTO DE LOS SANTOS DE LOS ULTIMOS DIAS","id":"11278095"},"geometry":{"type":"Point","coordinates":[-98.23526255022647,19.08585522905147]}},{"type":"Feature","properties":{"name":"TEMPLO DE NUESTRA SE0ORA DE FATIMA","id":"3521287"},"geometry":{"type":"Point","coordinates":[-98.235001780108,18.98903511959352]}},{"type":"Feature","properties":{"name":"TEMPLO CATOLICO SAN VICENTE DE PAUL","id":"3462826"},"geometry":{"type":"Point","coordinates":[-98.22880201040441,19.0080027892153]}},{"type":"Feature","properties":{"name":"TEMPLO CRISTIANO","id":"9784110"},"geometry":{"type":"Point","coordinates":[-98.10345259975765,19.15356589906114]}},{"type":"Feature","properties":{"name":"TEMPLO CONVENTUAL DE SAN JERONIMO","id":"3275211"},"geometry":{"type":"Point","coordinates":[-98.19742691971652,19.04093192908231]}},{"type":"Feature","properties":{"name":"TEMPLO CRISTIANO ASAMBLEA DE DIOS","id":"11612313"},"geometry":{"type":"Point","coordinates":[-98.23281304968248,18.95381624913993]}},{"type":"Feature","properties":{"name":"TEMPLO CRISTIANO","id":"3374691"},"geometry":{"type":"Point","coordinates":[-98.26487151001214,18.97311092934477]}},{"type":"Feature","properties":{"name":"TEMPLO CRISTIANO EVANGELICO PENTECOSTES","id":"3455094"},"geometry":{"type":"Point","coordinates":[-98.12768419017323,19.03227190923853]}},{"type":"Feature","properties":{"name":"TEMPLO BAUTISTA EMMANUEL","id":"3538455"},"geometry":{"type":"Point","coordinates":[-98.23893592015656,19.06530950914297]}},{"type":"Feature","properties":{"name":"TEMPLO BET-EL PAM","id":"7909282"},"geometry":{"type":"Point","coordinates":[-98.25812726016488,18.89895032971468]}},{"type":"Feature","properties":{"name":"TEMPLO BETHEL","id":"3513514"},"geometry":{"type":"Point","coordinates":[-98.2090306202669,18.99258731936759]}},{"type":"Feature","properties":{"name":"TEMPLO","id":"11311737"},"geometry":{"type":"Point","coordinates":[-98.15322150986475,19.05458622958756]}},{"type":"Feature","properties":{"name":"TEMPLO ALFA Y OMEGA","id":"3376018"},"geometry":{"type":"Point","coordinates":[-98.27039550035202,18.96120943898354]}},{"type":"Feature","properties":{"name":"TEMPLO EVANGELICO PENTECOSTES Y GETHSEMANI","id":"3457760"},"geometry":{"type":"Point","coordinates":[-98.1284239796829,19.03842395911556]}},{"type":"Feature","properties":{"name":"TEMPLO EVANGELICO PREBISTERIANO LA DIVINA TRINIDAD","id":"3261733"},"geometry":{"type":"Point","coordinates":[-98.20614305995423,19.05703224975517]}},{"type":"Feature","properties":{"name":"TEMPLO EVANGELICO SUR","id":"11217890"},"geometry":{"type":"Point","coordinates":[-98.27136592010113,18.95357034931151]}},{"type":"Feature","properties":{"name":"TEMPLO EVANGELICO NAZARET","id":"3515546"},"geometry":{"type":"Point","coordinates":[-98.24492762001363,18.90728082986697]}},{"type":"Feature","properties":{"name":"TEMPLO EVANGELICO MONTESIO","id":"3456999"},"geometry":{"type":"Point","coordinates":[-98.23935770039753,19.06901623942423]}},{"type":"Feature","properties":{"name":"TEMPLO EVANGELICO MONTE SINAI","id":"3373572"},"geometry":{"type":"Point","coordinates":[-98.15968284019091,18.97097461950197]}},{"type":"Feature","properties":{"name":"TEMPLO EVANGELICO PENTECOSTES AMASADAI","id":"3250458"},"geometry":{"type":"Point","coordinates":[-98.21440278975689,19.11400714952553]}},{"type":"Feature","properties":{"name":"TEMPLO EVANGELICO PENTECOSTES","id":"3515583"},"geometry":{"type":"Point","coordinates":[-98.25942478042924,18.89882857949612]}},{"type":"Feature","properties":{"name":"UNION ROMANA DE LA ORDEN DE SANTA URSULA CONVENTO URSULINO","id":"11252231"},"geometry":{"type":"Point","coordinates":[-98.17588143967669,19.0381222293745]}},{"type":"Feature","properties":{"name":"TEMPLO EVANGELICO PENTECOSTES BEREA","id":"3515121"},"geometry":{"type":"Point","coordinates":[-98.25843438044228,18.97452739933881]}},{"type":"Feature","properties":{"name":"TEMPLO EVANGELICO PENTECOETES JERAMEEL","id":"3340391"},"geometry":{"type":"Point","coordinates":[-98.19946051978712,19.11528031974609]}},{"type":"Feature","properties":{"name":"TEMPLO EVANGELICO PENTECOSTES EXODO","id":"8790843"},"geometry":{"type":"Point","coordinates":[-98.230529099938,19.06922160950603]}},{"type":"Feature","properties":{"name":"TEMPLO EVANGELICO PENTECOSTES EMMANUEL","id":"7569346"},"geometry":{"type":"Point","coordinates":[-98.21245489957391,19.11996498900805]}},{"type":"Feature","properties":{"name":"TEMPLO EVANGELICO PENTECOSTES GETSEMANI","id":"3417928"},"geometry":{"type":"Point","coordinates":[-98.15278094008829,19.06175907923463]}},{"type":"Feature","properties":{"name":"TEMPLO EVANGELICO PENTECOSTES GETSEMANI","id":"3518870"},"geometry":{"type":"Point","coordinates":[-98.2282922701721,19.00163991936488]}},{"type":"Feature","properties":{"name":"TEMPLO EVANGELICO PENTECOSTES EL SALVADOR","id":"3261706"},"geometry":{"type":"Point","coordinates":[-98.20566600018572,19.06048088899837]}},{"type":"Feature","properties":{"name":"TEMPLO EVANGELICO PENTECOSTES ROCA DE SALVACION","id":"3523091"},"geometry":{"type":"Point","coordinates":[-98.2520744396836,18.97832785966167]}},{"type":"Feature","properties":{"name":"TEMPLO EVANGELICO PENTECOSTES ROSTRO DE DIOS","id":"3251421"},"geometry":{"type":"Point","coordinates":[-98.1963807896417,19.09277965896979]}},{"type":"Feature","properties":{"name":"TEMPLO FILADELFIA","id":"3253310"},"geometry":{"type":"Point","coordinates":[-98.1619366401638,19.1027244898588]}},{"type":"Feature","properties":{"name":"TEMPLO FILADELFIA","id":"3437372"},"geometry":{"type":"Point","coordinates":[-98.1323129000203,19.06034013970225]}},{"type":"Feature","properties":{"name":"TEMPLO GETSEMANI","id":"3254014"},"geometry":{"type":"Point","coordinates":[-98.17401135973643,19.07523613955239]}},{"type":"Feature","properties":{"name":"TEMPLO INMACULADA CONCEPCION","id":"3454563"},"geometry":{"type":"Point","coordinates":[-98.13655079957971,19.04241917931871]}},{"type":"Feature","properties":{"name":"TEMPLO LA FE EN JESUCRISTO","id":"3512123"},"geometry":{"type":"Point","coordinates":[-98.17648992996624,18.90602139948859]}},{"type":"Feature","properties":{"name":"TEMPLO IGLESIA DE DIOS VIVO SANTA MARGARITA","id":"3314354"},"geometry":{"type":"Point","coordinates":[-98.12621026968816,19.0499539098619]}},{"type":"Feature","properties":{"name":"TEMPLO LA LUZ DEL MUNDO","id":"3251437"},"geometry":{"type":"Point","coordinates":[-98.19579782031315,19.09522919908393]}},{"type":"Feature","properties":{"name":"TEMPLO MANANTIAL DE VIDA","id":"8628779"},"geometry":{"type":"Point","coordinates":[-98.136607000013,19.07035975911188]}},{"type":"Feature","properties":{"name":"TEMPLO MARIA MADRE DE LA IGLESIA","id":"3411541"},"geometry":{"type":"Point","coordinates":[-98.20961818962769,19.02798554971075]}},{"type":"Feature","properties":{"name":"TEMPLO MARANATHA","id":"3253466"},"geometry":{"type":"Point","coordinates":[-98.17014456991592,19.08229504959286]}},{"type":"Feature","properties":{"name":"TEMPLO MILAGRO DE DIOS","id":"7852918"},"geometry":{"type":"Point","coordinates":[-98.23802175030352,19.05769503931124]}},{"type":"Feature","properties":{"name":"TEMPLO MOISES ELIAS","id":"8328687"},"geometry":{"type":"Point","coordinates":[-98.19148272025132,19.05764108898173]}},{"type":"Feature","properties":{"name":"TEMPLO MISION PHILADELPHIA","id":"9652215"},"geometry":{"type":"Point","coordinates":[-98.27451366957018,18.97809609897448]}},{"type":"Feature","properties":{"name":"TEMPLO NUEVA JERUSALEM","id":"3374722"},"geometry":{"type":"Point","coordinates":[-98.26689306006665,18.9736954491045]}},{"type":"Feature","properties":{"name":"TEMPLO PENTECOSTES BETANIA","id":"3411439"},"geometry":{"type":"Point","coordinates":[-98.12165508031768,19.06339874926934]}},{"type":"Feature","properties":{"name":"TEMPLO PENTECOSTES","id":"3258346"},"geometry":{"type":"Point","coordinates":[-98.19196592958394,19.0560316793352]}},{"type":"Feature","properties":{"name":"TEMPLO PENTECOSTES MONTE DE LOS OLIVOS","id":"3369680"},"geometry":{"type":"Point","coordinates":[-98.21326883998495,18.98433285959236]}},{"type":"Feature","properties":{"name":"TEMPLO SALON DEL REINO DE LOS TESTIGOS DE JEHOVA","id":"8296732"},"geometry":{"type":"Point","coordinates":[-98.1589077001302,19.09894190985684]}},{"type":"Feature","properties":{"name":"TEMPLO SALON DEL REINO DE LOS TESTIGOS DE JEHOVA","id":"3352823"},"geometry":{"type":"Point","coordinates":[-98.1865880898684,19.04324909978316]}},{"type":"Feature","properties":{"name":"TEMPLO ROSA DE SAARON IGLESIA CRISTIANA PENTECOSTES NACIONAL","id":"3539072"},"geometry":{"type":"Point","coordinates":[-98.14276442963468,19.0291978996807]}},{"type":"Feature","properties":{"name":"TEMPLO REY DE REYES","id":"10751120"},"geometry":{"type":"Point","coordinates":[-98.24765025995151,18.90724902983942]}},{"type":"Feature","properties":{"name":"TEMPLO SALON DEL REINO DE LOS TESTIGOS DE JEHOVA","id":"3472281"},"geometry":{"type":"Point","coordinates":[-98.21776369024207,19.0873470991052]}},{"type":"Feature","properties":{"name":"TEMPLO SANTA CECILIA","id":"3453167"},"geometry":{"type":"Point","coordinates":[-98.15507474010712,19.03785577913807]}},{"type":"Feature","properties":{"name":"TEMPLO SANTA CATALINA DE SIENA","id":"3272384"},"geometry":{"type":"Point","coordinates":[-98.19949556996454,19.04634708976331]}},{"type":"Feature","properties":{"name":"TEMPLO SAN PABLO DE LOS FRAILES","id":"3258216"},"geometry":{"type":"Point","coordinates":[-98.20142176040586,19.05482974980984]}},{"type":"Feature","properties":{"name":"TEMPLO SALON DEL REINO DE LOS TESTIGOS DE JEHOVA","id":"3463545"},"geometry":{"type":"Point","coordinates":[-98.21400030986639,18.99743173970123]}},{"type":"Feature","properties":{"name":"TEMPLO SILOE","id":"3512327"},"geometry":{"type":"Point","coordinates":[-98.23919155964273,18.9596821590236]}},{"type":"Feature","properties":{"name":"TEMPLO SHEKINA","id":"3372045"},"geometry":{"type":"Point","coordinates":[-98.23916815028986,18.95017059901336]}},{"type":"Feature","properties":{"name":"TEMPLO SEPTIMO DIA","id":"11558891"},"geometry":{"type":"Point","coordinates":[-98.24796208997843,18.90559926941135]}},{"type":"Feature","properties":{"name":"TEMPLO TESTIGOS DE JEHOVA","id":"9516895"},"geometry":{"type":"Point","coordinates":[-98.1973023896935,19.08058147956766]}},{"type":"Feature","properties":{"name":"TEMPLO TRINITARIO MARIANO","id":"10436899"},"geometry":{"type":"Point","coordinates":[-98.23997992963002,18.95180318958492]}},{"type":"Feature","properties":{"name":"TEMPLO TORRE FUERTE","id":"8287087"},"geometry":{"type":"Point","coordinates":[-98.16560744972402,18.95801810926756]}},{"type":"Feature","properties":{"name":"VICARIA PARROQUIAL DE SANTA CRUZ Y DIVINO NIeO JESUS","id":"3436281"},"geometry":{"type":"Point","coordinates":[-98.24694080007782,19.05417583926031]}},{"type":"Feature","properties":{"name":"VIDA EN UNIDAD BELTHTEL","id":"10482185"},"geometry":{"type":"Point","coordinates":[-98.23533036990062,18.95021970919165]}},{"type":"Feature","properties":{"name":"VIDA ABUNDANTE NORTE IGLESIA CRISTIANA","id":"10929753"},"geometry":{"type":"Point","coordinates":[-98.21491785037847,19.07933047943415]}},{"type":"Feature","properties":{"name":"VIDA ABUNDANTE IGLESIA CRISTIANA","id":"3367742"},"geometry":{"type":"Point","coordinates":[-98.22639493987452,18.99965389972582]}},{"type":"Feature","properties":{"name":"VIVE IGLESIA","id":"3264269"},"geometry":{"type":"Point","coordinates":[-98.21786673006551,19.04791423936755]}},{"type":"Feature","properties":{"name":"YESHIVA AREHIE YEHUDA","id":"3345840"},"geometry":{"type":"Point","coordinates":[-98.25832397966785,19.07714317983]}},{"type":"Feature","properties":{"name":"TRIBUNAL EGLESIASTICO","id":"3270860"},"geometry":{"type":"Point","coordinates":[-98.20036195973661,19.0432888192406]}}]}