{"type":"FeatureCollection","features":[{"type":"Feature","properties":{"name":"RUTA 1 AUTORIZADO"},"geometry":{"type":"LineString","coordinates":[[-98.147317,19.051019],[-98.147478,19.042053],[-98.148564,19.04193],[-98.154637,19.042925],[-98.164666,19.047972],[-98.172259,19.045145],[-98.179051,19.044126],[-98.179335,19.045877],[-98.185674,19.044407],[-98.191803,19.045982],[-98.206767,19.053556],[-98.211124,19.045923],[-98.215734,19.048277],[-98.214428,19.050421],[-98.211252,19.048831],[-98.209434,19.051934],[-98.206457,19.050528],[-98.205276,19.052824],[-98.208156,19.054288],[-98.207276,19.055822],[-98.192547,19.048254],[-98.191462,19.049834],[-98.18481,19.046881],[-98.185771,19.045397],[-98.181707,19.045155],[-98.180597,19.043823],[-98.181022,19.042965],[-98.159235,19.044025],[-98.155021,19.04264],[-98.145865,19.041788],[-98.147164,19.042091],[-98.147309,19.05108]]}},{"type":"Feature","properties":{"name":"RUTA 4 REGRESO"},"geometry":{"type":"LineString","coordinates":[[-98.203137,19.040267],[-98.210078,19.02861],[-98.206768,19.026823],[-98.211588,19.019614],[-98.214415,19.010266],[-98.214026,19.008714],[-98.216105,19.004254],[-98.219819,19.006398],[-98.228022,18.99129],[-98.232774,18.993734],[-98.235213,18.989856],[-98.237544,18.990447],[-98.238681,18.988712],[-98.244724,18.992104],[-98.240562,18.989392],[-98.24313,18.985603],[-98.245049,18.989643],[-98.246792,18.9889],[-98.24625,18.987629]]}},{"type":"Feature","properties":{"name":"RUTA 4 IDA"},"geometry":{"type":"LineString","coordinates":[[-98.246186,18.987487],[-98.245813,18.986851],[-98.24675,18.98886],[-98.245076,18.989597],[-98.24289,18.985636],[-98.240632,18.989212],[-98.228165,18.982933],[-98.230018,18.979866],[-98.233164,18.98159],[-98.22986,18.9877],[-98.2284,18.987338],[-98.230227,18.984487],[-98.238416,18.988732],[-98.237386,18.990363],[-98.235202,18.988651],[-98.235189,18.989838],[-98.23274,18.993703],[-98.227885,18.991266],[-98.211046,19.023203],[-98.201302,19.039871],[-98.198322,19.038342],[-98.197406,19.039819],[-98.195184,19.038637],[-98.195569,19.037983],[-98.202437,19.04146],[-98.203118,19.040292]]}},{"type":"Feature","properties":{"name":"RUTA 6 CIRCUITO"},"geometry":{"type":"LineString","coordinates":[[-98.17185,19.090374],[-98.168987,19.093215],[-98.167484,19.092064],[-98.169159,19.090106],[-98.168313,19.089327],[-98.17239,19.084139],[-98.170227,19.082783],[-98.166436,19.0858],[-98.165649,19.085101],[-98.163318,19.08694],[-98.164162,19.083162],[-98.170974,19.074663],[-98.173764,19.076881],[-98.178071,19.071437],[-98.18004,19.070183],[-98.181019,19.068178],[-98.179098,19.066906],[-98.177749,19.067059],[-98.182695,19.061416],[-98.188296,19.05904],[-98.194032,19.049041],[-98.192549,19.048234],[-98.191542,19.049816],[-98.186398,19.047292],[-98.185875,19.048167],[-98.188162,19.049594],[-98.188981,19.054219],[-98.190232,19.05457],[-98.188309,19.058397],[-98.186384,19.059881],[-98.183546,19.060336],[-98.17745,19.066949],[-98.176669,19.066643],[-98.176455,19.067255],[-98.178466,19.068059],[-98.179137,19.067081],[-98.180884,19.068207],[-98.178592,19.070929],[-98.176915,19.069806],[-98.176446,19.070321],[-98.178022,19.071317],[-98.177592,19.072391],[-98.173736,19.076727],[-98.172343,19.075632],[-98.169751,19.078576],[-98.16887,19.077908],[-98.169677,19.076389],[-98.168777,19.075967],[-98.166409,19.078498],[-98.164086,19.082954],[-98.163185,19.087005],[-98.165635,19.085256],[-98.166425,19.085923],[-98.170252,19.082934],[-98.172205,19.084169],[-98.168205,19.089333],[-98.167192,19.088589],[-98.165448,19.090532],[-98.169022,19.093401],[-98.171869,19.090291]]}},{"type":"Feature","properties":{"name":"RUTA 6 CIRCUITO"},"geometry":{"type":"LineString","coordinates":[[-98.178387,19.091497],[-98.17626,19.090281],[-98.173793,19.09505],[-98.177428,19.088544],[-98.175372,19.0873],[-98.170962,19.091472],[-98.166183,19.087754],[-98.162903,19.089701],[-98.163626,19.085477],[-98.16603,19.080406],[-98.181305,19.062919],[-98.183301,19.060934],[-98.188101,19.059225],[-98.194024,19.049036],[-98.192527,19.048241],[-98.19157,19.049924],[-98.184823,19.046858],[-98.190886,19.035646],[-98.199373,19.03992],[-98.200215,19.038423],[-98.212022,19.04444],[-98.212465,19.043624],[-98.199216,19.03679],[-98.197402,19.039817],[-98.19197,19.037111],[-98.189142,19.042435],[-98.186032,19.041162],[-98.183233,19.047407],[-98.188143,19.049588],[-98.188919,19.054064],[-98.190214,19.054557],[-98.18962,19.056092],[-98.187352,19.059393],[-98.18298,19.060734],[-98.166451,19.078319],[-98.163883,19.083498],[-98.16266,19.089665],[-98.166083,19.087897],[-98.170994,19.091599],[-98.175381,19.087412],[-98.177247,19.088553],[-98.176217,19.090374],[-98.178332,19.091487]]}},{"type":"Feature","properties":{"name":"RUTA 7A IDA"},"geometry":{"type":"LineString","coordinates":[[-98.269234,19.051711],[-98.26702,19.058456],[-98.265887,19.056494],[-98.264767,19.05811],[-98.259859,19.055589],[-98.257823,19.056103],[-98.255963,19.055179],[-98.252546,19.057554],[-98.251732,19.055843],[-98.249736,19.054306],[-98.250502,19.058928],[-98.247294,19.059672],[-98.238303,19.059698],[-98.239394,19.05746],[-98.237419,19.056483],[-98.235416,19.059645],[-98.23144,19.058191],[-98.23527,19.050893],[-98.22824,19.047337],[-98.226439,19.050661],[-98.224865,19.049814],[-98.223627,19.051188],[-98.222616,19.050629],[-98.221268,19.052955],[-98.21373,19.04912],[-98.213803,19.048153],[-98.212105,19.047351],[-98.209436,19.051917],[-98.20377,19.049059],[-98.200141,19.055131],[-98.197094,19.053562],[-98.194458,19.05796],[-98.191869,19.056329],[-98.192656,19.054951],[-98.191814,19.054288]]}},{"type":"Feature","properties":{"name":"RUTA 7A REGRESO"},"geometry":{"type":"LineString","coordinates":[[-98.191731,19.054218],[-98.191174,19.053776],[-98.194918,19.047491],[-98.206749,19.053605],[-98.21009,19.047621],[-98.223365,19.054273],[-98.22681,19.052412],[-98.228793,19.052478],[-98.229975,19.0534],[-98.232475,19.050631],[-98.234636,19.051737],[-98.231953,19.056715],[-98.233262,19.057302],[-98.234642,19.055042],[-98.239242,19.057444],[-98.238532,19.058539],[-98.237701,19.058113],[-98.238485,19.056942],[-98.237434,19.056392],[-98.235422,19.05995],[-98.250082,19.059918],[-98.250704,19.062051],[-98.249845,19.054535],[-98.251706,19.056028],[-98.252425,19.057704],[-98.25604,19.05533],[-98.257791,19.056226],[-98.259816,19.05568],[-98.261877,19.056704],[-98.262498,19.05526],[-98.264731,19.055266],[-98.267042,19.053585],[-98.268845,19.053309],[-98.269843,19.050019],[-98.273195,19.05081],[-98.269493,19.050679],[-98.269258,19.051601]]}},{"type":"Feature","properties":{"name":""},"geometry":{"type":"LineString","coordinates":[[-98.205126,19.051761],[-98.204512,19.05147],[-98.205301,19.050078],[-98.209162,19.052062],[-98.209505,19.053157]]}},{"type":"Feature","properties":{"name":"RUTA 9 CIRCUITO"},"geometry":{"type":"LineString","coordinates":[[-98.23861,19.101769],[-98.240027,19.102364],[-98.241569,19.100811],[-98.239757,19.096354],[-98.238588,19.094977],[-98.236039,19.09472],[-98.235259,19.092314],[-98.221977,19.088815],[-98.21503,19.088197],[-98.214446,19.089767],[-98.215321,19.09052],[-98.213842,19.092872],[-98.215062,19.093203],[-98.216561,19.091294],[-98.214584,19.089892],[-98.215151,19.088209],[-98.205641,19.08521],[-98.205094,19.081966],[-98.207841,19.081505],[-98.208797,19.078742],[-98.208053,19.076197],[-98.205061,19.072762],[-98.214622,19.064926],[-98.217694,19.060608],[-98.215243,19.057888],[-98.215911,19.057234],[-98.202834,19.050536],[-98.200164,19.055158],[-98.195695,19.05282],[-98.196994,19.050617],[-98.205971,19.055197],[-98.207592,19.05222],[-98.21799,19.057592],[-98.214869,19.060513],[-98.215493,19.061149],[-98.214898,19.061637],[-98.216201,19.062262],[-98.214397,19.064791],[-98.203432,19.073659],[-98.202705,19.073794],[-98.201104,19.070245],[-98.205152,19.084377],[-98.213817,19.087024],[-98.213526,19.087751],[-98.214963,19.088257],[-98.214439,19.089851],[-98.21534,19.090533],[-98.213888,19.092895],[-98.215253,19.093156],[-98.216578,19.091276],[-98.214544,19.089835],[-98.215126,19.088294],[-98.221948,19.088924],[-98.235354,19.092539],[-98.235781,19.094647],[-98.238597,19.095084],[-98.239811,19.096642],[-98.240605,19.098972],[-98.238509,19.101701]]}},{"type":"Feature","properties":{"name":"Desvio Ruta 12 Barranca Honda - Cleotilde Torres - La Noria. Sentido Sur-Norte"},"geometry":{"type":"LineString","coordinates":[[-98.20349,19.049519],[-98.208971,19.052845],[-98.206491,19.057232],[-98.200444,19.054839]]}},{"type":"Feature","properties":{"name":"RUTA 12 CIRCUITO"},"geometry":{"type":"LineString","coordinates":[[-98.200585,19.110399],[-98.200254,19.112816],[-98.1979,19.112391],[-98.198324,19.110218],[-98.199531,19.110438],[-98.199954,19.108249],[-98.195936,19.107776],[-98.196788,19.102994],[-98.196342,19.100811],[-98.197323,19.095426],[-98.198496,19.09333],[-98.200083,19.094315],[-98.200937,19.092109],[-98.20377,19.09187],[-98.204573,19.091074],[-98.204733,19.090463],[-98.201219,19.089831],[-98.200692,19.088679],[-98.204095,19.084447],[-98.199497,19.085171],[-98.19672,19.073051],[-98.199729,19.069106],[-98.201274,19.07001],[-98.198713,19.065092],[-98.194557,19.061739],[-98.198352,19.055112],[-98.20428,19.058224],[-98.212442,19.043594],[-98.206884,19.040675],[-98.211075,19.033611],[-98.219642,19.038751],[-98.223423,19.036713],[-98.224741,19.037994],[-98.222165,19.040166],[-98.214753,19.036259],[-98.212738,19.039653],[-98.210054,19.038232],[-98.196913,19.060805],[-98.202333,19.064444],[-98.201858,19.065254],[-98.198218,19.065884],[-98.201072,19.070388],[-98.199821,19.072141],[-98.195923,19.069304],[-98.192086,19.075028],[-98.197639,19.077962],[-98.199688,19.086403],[-98.198332,19.089352],[-98.20084,19.089847],[-98.197209,19.095385],[-98.195789,19.107831],[-98.199828,19.108336],[-98.199091,19.112225],[-98.20292,19.112923],[-98.206009,19.109252],[-98.204472,19.108533],[-98.205864,19.109228],[-98.202852,19.112792],[-98.200452,19.112366],[-98.200471,19.11044]]}},{"type":"Feature","properties":{"name":"RUTA 12A CIRCUITO"},"geometry":{"type":"LineString","coordinates":[[-98.179583,19.095006],[-98.178645,19.097333],[-98.17387,19.094987],[-98.179853,19.083981],[-98.182506,19.085306],[-98.183357,19.083681],[-98.199594,19.08634],[-98.196788,19.073019],[-98.200167,19.068513],[-98.198953,19.065805],[-98.204326,19.065075],[-98.204932,19.064021],[-98.207051,19.065622],[-98.205506,19.0678],[-98.20816,19.070145],[-98.214563,19.064965],[-98.217757,19.060622],[-98.215263,19.057834],[-98.217199,19.055955],[-98.208102,19.05127],[-98.212462,19.043602],[-98.203888,19.03912],[-98.204301,19.038468],[-98.208605,19.040743],[-98.202467,19.05138],[-98.20984,19.055138],[-98.20898,19.056723],[-98.213527,19.059065],[-98.210213,19.061885],[-98.20237,19.072368],[-98.201204,19.070333],[-98.205065,19.084245],[-98.199681,19.085272],[-98.197622,19.076893],[-98.197203,19.077738],[-98.199082,19.08549],[-98.185477,19.083234],[-98.186059,19.079248],[-98.185276,19.080607],[-98.185993,19.081705],[-98.18531,19.0832],[-98.180701,19.082572],[-98.18076,19.083189],[-98.183202,19.083647],[-98.182751,19.085146],[-98.179788,19.083783],[-98.17364,19.094981],[-98.178745,19.097469],[-98.179725,19.095019]]}},{"type":"Feature","properties":{"name":"RUTA 19 RAMAL MALINTZI - DIEZ  DE MAYO - CENTRO"},"geometry":{"type":"LineString","coordinates":[[-98.170195,19.079132],[-98.172347,19.080655],[-98.174247,19.07969],[-98.175451,19.080261],[-98.177421,19.078488],[-98.181279,19.080926],[-98.180355,19.082977],[-98.185891,19.084081],[-98.186457,19.086279],[-98.184838,19.090062],[-98.188817,19.083265],[-98.189579,19.082749],[-98.190002,19.0835],[-98.185549,19.083252],[-98.186186,19.08162],[-98.185409,19.080518],[-98.186105,19.079375],[-98.185299,19.080463],[-98.186008,19.081689],[-98.185344,19.08318],[-98.18073,19.082445],[-98.181417,19.080892],[-98.177406,19.078327],[-98.175169,19.080207],[-98.174221,19.079592],[-98.172943,19.080141],[-98.169158,19.078134],[-98.171745,19.075161],[-98.171001,19.074553],[-98.182148,19.062026],[-98.177087,19.057824],[-98.171683,19.060473],[-98.171061,19.05895],[-98.169882,19.059793],[-98.168994,19.059175],[-98.169759,19.053743],[-98.172581,19.051484],[-98.173953,19.051768],[-98.175163,19.050005],[-98.17525,19.046679],[-98.178644,19.048248],[-98.181024,19.046961],[-98.184262,19.047715],[-98.186269,19.044688],[-98.189634,19.045244],[-98.208153,19.054294],[-98.207291,19.055824],[-98.19254,19.048268],[-98.191562,19.049858],[-98.182563,19.046138],[-98.178633,19.048133],[-98.17521,19.046542],[-98.175017,19.049996],[-98.173861,19.051574],[-98.170815,19.052176],[-98.16961,19.053826],[-98.168835,19.059081],[-98.170424,19.058314],[-98.171714,19.061267],[-98.177139,19.058125],[-98.181898,19.061954],[-98.165833,19.079355],[-98.166676,19.079964],[-98.168764,19.077938],[-98.170052,19.079035]]}},{"type":"Feature","properties":{"name":"RUTA 19 MALINTZI - LOMAS 5 DE MAYO - CENTRO"},"geometry":{"type":"LineString","coordinates":[[-98.170195,19.079132],[-98.172347,19.080655],[-98.174247,19.07969],[-98.175451,19.080261],[-98.177421,19.078488],[-98.181279,19.080926],[-98.180355,19.082977],[-98.185891,19.084081],[-98.186457,19.086279],[-98.184838,19.090062],[-98.188817,19.083265],[-98.189579,19.082749],[-98.190002,19.0835],[-98.185549,19.083252],[-98.186186,19.08162],[-98.185409,19.080518],[-98.186105,19.079375],[-98.185299,19.080463],[-98.186008,19.081689],[-98.185344,19.08318],[-98.18073,19.082445],[-98.181417,19.080892],[-98.177406,19.078327],[-98.175169,19.080207],[-98.174221,19.079592],[-98.172943,19.080141],[-98.169158,19.078134],[-98.171745,19.075161],[-98.171001,19.074553],[-98.182148,19.062026],[-98.177087,19.057824],[-98.171683,19.060473],[-98.169615,19.056985],[-98.171173,19.055859],[-98.175163,19.050005],[-98.17525,19.046679],[-98.178644,19.048248],[-98.181024,19.046961],[-98.184262,19.047715],[-98.186269,19.044688],[-98.189634,19.045244],[-98.208148,19.054301],[-98.207274,19.055836],[-98.192587,19.048262],[-98.191598,19.0499],[-98.182563,19.046138],[-98.178633,19.048133],[-98.17521,19.046542],[-98.175017,19.049996],[-98.17112,19.05578],[-98.170347,19.055716],[-98.169495,19.057025],[-98.171634,19.059954],[-98.171616,19.061268],[-98.177003,19.058099],[-98.181898,19.061954],[-98.165833,19.079355],[-98.166676,19.079964],[-98.168764,19.077938],[-98.170052,19.079035]]}},{"type":"Feature","properties":{"name":"RUTA 20 RAMAL SAN MIGUEL GUADALUPE - BUGAMBILIAS - LAS CUARTILLAS"},"geometry":{"type":"LineString","coordinates":[[-98.2188,18.963507],[-98.225862,18.963021],[-98.226152,18.961552],[-98.230432,18.9621],[-98.230381,18.963185],[-98.239622,18.968286],[-98.235456,18.978449],[-98.238353,18.980147],[-98.237122,18.982107],[-98.233585,18.980372],[-98.20969,19.025344],[-98.201288,19.020898],[-98.200217,19.022798],[-98.201746,19.029866],[-98.20125,19.030724],[-98.202615,19.031159],[-98.199699,19.036067],[-98.208667,19.040723],[-98.200572,19.05449],[-98.216259,19.062249],[-98.214329,19.06482],[-98.202771,19.073796],[-98.202399,19.072529],[-98.206177,19.06714],[-98.212594,19.06015],[-98.205214,19.05655],[-98.211578,19.045095],[-98.205948,19.042211],[-98.208696,19.03753],[-98.202558,19.034362],[-98.204041,19.031719],[-98.202178,19.030741],[-98.1996,19.020276],[-98.208308,19.024593],[-98.211622,19.019657],[-98.213145,19.014732],[-98.214505,19.016363],[-98.233219,18.981722],[-98.236388,18.98346],[-98.238481,18.980145],[-98.235668,18.978487],[-98.23991,18.968282],[-98.230504,18.96311],[-98.23058,18.961934],[-98.226166,18.961428],[-98.225915,18.96293],[-98.218763,18.963413]]}},{"type":"Feature","properties":{"name":"RUTA 20 RAMAL VILLA ALBERTINA - BUGAMBILIAS - LAS CUARTILLAS"},"geometry":{"type":"LineString","coordinates":[[-98.244413,18.968143],[-98.242776,18.96996],[-98.250843,18.974413],[-98.244454,18.982193],[-98.240557,18.989296],[-98.234816,18.98605],[-98.237218,18.982156],[-98.233725,18.980196],[-98.229825,18.987753],[-98.228469,18.987284],[-98.230274,18.984569],[-98.231659,18.984948],[-98.238402,18.988643],[-98.237369,18.990334],[-98.235239,18.988604],[-98.232759,18.993655],[-98.227919,18.991189],[-98.20971,19.025417],[-98.201297,19.020872],[-98.200188,19.022893],[-98.20177,19.030031],[-98.201162,19.03067],[-98.202595,19.031185],[-98.199728,19.036108],[-98.208634,19.040738],[-98.200584,19.054524],[-98.216244,19.062269],[-98.214413,19.064795],[-98.210388,19.061681],[-98.203319,19.071007],[-98.204608,19.072612],[-98.202736,19.073806],[-98.202385,19.07249],[-98.204348,19.069668],[-98.212403,19.060216],[-98.205172,19.056546],[-98.211593,19.045098],[-98.205966,19.042194],[-98.208663,19.03755],[-98.202551,19.034363],[-98.204081,19.031708],[-98.202118,19.030689],[-98.199648,19.02029],[-98.208283,19.02469],[-98.211658,19.019492],[-98.21311,19.014719],[-98.214543,19.016342],[-98.227988,18.99135],[-98.232809,18.993831],[-98.235167,18.989991],[-98.237366,18.990441],[-98.238458,18.988726],[-98.244828,18.992098],[-98.240645,18.989314],[-98.244571,18.98213],[-98.250999,18.974392],[-98.243715,18.970405],[-98.244489,18.968189]]}},{"type":"Feature","properties":{"name":"RUTA 20 RAMAL SAN MIGUEL ALTERNATIVO"},"geometry":{"type":"LineString","coordinates":[[-98.2188,18.963507],[-98.225862,18.963021],[-98.226152,18.961552],[-98.230432,18.9621],[-98.230381,18.963185],[-98.239622,18.968286],[-98.235456,18.978449],[-98.238353,18.980147],[-98.237122,18.982107],[-98.233585,18.980372],[-98.203459,19.036093],[-98.209459,19.039287],[-98.200572,19.05449],[-98.216259,19.062249],[-98.214329,19.06482],[-98.21021,19.061864],[-98.203276,19.070969],[-98.204677,19.072592],[-98.202771,19.073796],[-98.202399,19.072529],[-98.206177,19.06714],[-98.212594,19.06015],[-98.205214,19.05655],[-98.211578,19.045095],[-98.205948,19.042211],[-98.216041,19.024972],[-98.214379,19.023475],[-98.210062,19.021802],[-98.211622,19.019657],[-98.213145,19.014732],[-98.214505,19.016363],[-98.233219,18.981722],[-98.236388,18.98346],[-98.238481,18.980145],[-98.235668,18.978487],[-98.23991,18.968282],[-98.230504,18.96311],[-98.23058,18.961934],[-98.226166,18.961428],[-98.225915,18.96293],[-98.218763,18.963413]]}},{"type":"Feature","properties":{"name":"RUTA 20 SANTA LUCIA - BUGAMBILIAS - LAS CUARTILLAS"},"geometry":{"type":"LineString","coordinates":[[-98.22551,18.954476],[-98.231272,18.95788],[-98.230389,18.963156],[-98.23964,18.968263],[-98.235505,18.978474],[-98.238368,18.980147],[-98.237152,18.982076],[-98.233672,18.980265],[-98.209705,19.025425],[-98.201262,19.020899],[-98.200117,19.022711],[-98.201801,19.03005],[-98.20121,19.030628],[-98.202622,19.031194],[-98.199693,19.036089],[-98.208678,19.04075],[-98.200663,19.054504],[-98.216263,19.062263],[-98.214302,19.064773],[-98.210391,19.061688],[-98.203401,19.070821],[-98.204622,19.072595],[-98.202745,19.073804],[-98.202446,19.072398],[-98.206677,19.066375],[-98.212565,19.060143],[-98.205197,19.056553],[-98.211592,19.045107],[-98.205959,19.042228],[-98.208638,19.037557],[-98.202486,19.03436],[-98.204044,19.031697],[-98.19673,19.02798],[-98.199495,19.020597],[-98.199729,19.020111],[-98.208346,19.024572],[-98.211646,19.01968],[-98.213093,19.014726],[-98.214553,19.016346],[-98.233242,18.981678],[-98.236408,18.983455],[-98.238485,18.980127],[-98.235672,18.97849],[-98.239892,18.968275],[-98.230499,18.963113],[-98.231388,18.957885],[-98.225586,18.954418]]}},{"type":"Feature","properties":{"name":"RUTA 20 SANTA LUCIA ALTERNATIVO"},"geometry":{"type":"LineString","coordinates":[[-98.22551,18.954476],[-98.231272,18.95788],[-98.230389,18.963156],[-98.23964,18.968263],[-98.235505,18.978474],[-98.238368,18.980147],[-98.237152,18.982076],[-98.233672,18.980265],[-98.203472,19.036104],[-98.209451,19.03925],[-98.200663,19.054504],[-98.216263,19.062263],[-98.214302,19.064773],[-98.210391,19.061688],[-98.203401,19.070821],[-98.204622,19.072595],[-98.202745,19.073804],[-98.202446,19.072398],[-98.206677,19.066375],[-98.212565,19.060143],[-98.205197,19.056553],[-98.211592,19.045107],[-98.205959,19.042228],[-98.216099,19.025],[-98.214966,19.023732],[-98.210075,19.021793],[-98.211646,19.01968],[-98.213093,19.014726],[-98.214553,19.016346],[-98.233242,18.981678],[-98.236408,18.983455],[-98.238485,18.980127],[-98.235672,18.97849],[-98.239892,18.968275],[-98.230499,18.963113],[-98.231388,18.957885],[-98.225586,18.954418]]}},{"type":"Feature","properties":{"name":"Desvio Ruta 20 San Miguel Guadalupe - Bugambilias - Las Cuartillas"},"geometry":{"type":"LineString","coordinates":[[-98.203463,19.049514],[-98.208994,19.052847],[-98.206433,19.057308],[-98.207141,19.057666]]}},{"type":"Feature","properties":{"name":"RUTA 21 IDA"},"geometry":{"type":"LineString","coordinates":[[-98.212063,18.983307],[-98.213233,18.979986],[-98.211414,18.979518],[-98.211813,18.977928],[-98.218536,18.979189],[-98.216744,18.985594],[-98.214651,18.983251],[-98.214023,18.98493],[-98.211743,18.984157],[-98.208739,18.992489],[-98.207661,18.992097],[-98.185354,18.998545],[-98.185036,19.003193],[-98.181191,19.00918],[-98.187787,19.009953],[-98.190759,19.01262],[-98.202866,19.017933],[-98.201273,19.020872],[-98.209668,19.025501],[-98.204001,19.035164],[-98.195649,19.030824],[-98.187863,19.045002],[-98.193366,19.046759],[-98.190804,19.051264],[-98.194351,19.054513],[-98.195075,19.057014],[-98.207033,19.065655],[-98.205543,19.067811],[-98.21082,19.072513],[-98.211655,19.079028],[-98.211039,19.08089],[-98.205118,19.081647],[-98.201437,19.070203],[-98.199886,19.072136],[-98.195904,19.069337],[-98.193507,19.072882],[-98.192755,19.072463],[-98.191896,19.073895],[-98.189742,19.07277],[-98.187592,19.076515],[-98.190497,19.078172]]}},{"type":"Feature","properties":{"name":"RUTA 21 REGRESO"},"geometry":{"type":"LineString","coordinates":[[-98.190671,19.078142],[-98.19268,19.074375],[-98.191312,19.073553],[-98.196597,19.064824],[-98.198199,19.065901],[-98.195988,19.069569],[-98.202099,19.072666],[-98.203031,19.076177],[-98.200798,19.076096],[-98.200747,19.077101],[-98.201893,19.077379],[-98.203065,19.082338],[-98.211173,19.080984],[-98.21253,19.076968],[-98.213723,19.072969],[-98.209168,19.069263],[-98.209797,19.068709],[-98.207686,19.066914],[-98.201819,19.062882],[-98.202586,19.061397],[-98.194418,19.055014],[-98.197012,19.050583],[-98.192559,19.048243],[-98.191547,19.049864],[-98.18483,19.046864],[-98.190899,19.035605],[-98.194076,19.037171],[-98.197675,19.030784],[-98.203013,19.033572],[-98.208345,19.02459],[-98.199793,19.020034],[-98.201351,19.017018],[-98.191167,19.012697],[-98.187725,19.009653],[-98.181459,19.009114],[-98.185241,19.003331],[-98.1854,18.998754],[-98.207645,18.992361],[-98.208782,18.992762],[-98.213106,18.98051],[-98.213206,18.97996],[-98.211399,18.979518],[-98.211815,18.977925],[-98.218368,18.979082],[-98.216762,18.985577],[-98.21465,18.98329],[-98.214162,18.984607],[-98.212018,18.983868],[-98.212106,18.983211]]}},{"type":"Feature","properties":{"name":"RUTA 23 CIRCUTO"},"geometry":{"type":"LineString","coordinates":[[-98.143187,19.02855],[-98.145367,19.029467],[-98.144794,19.031197],[-98.149501,19.032623],[-98.14757,19.036519],[-98.148741,19.037359],[-98.148291,19.039628],[-98.156927,19.041398],[-98.156368,19.043687],[-98.164587,19.047973],[-98.170459,19.045776],[-98.169603,19.042991],[-98.185309,19.03966],[-98.186513,19.039941],[-98.184712,19.044493],[-98.190376,19.045445],[-98.193416,19.046769],[-98.191572,19.049901],[-98.184824,19.046858],[-98.186326,19.044423],[-98.184148,19.04337],[-98.179293,19.042804],[-98.159215,19.043989],[-98.157215,19.043055],[-98.148114,19.041661],[-98.148523,19.037944],[-98.149789,19.036287],[-98.15078,19.032127],[-98.144914,19.031128],[-98.145478,19.029376],[-98.143283,19.028538]]}},{"type":"Feature","properties":{"name":"RUTA 23A CIRCUITO"},"geometry":{"type":"LineString","coordinates":[[-98.139061,19.021595],[-98.144032,19.033477],[-98.148379,19.037889],[-98.148284,19.0396],[-98.15693,19.041398],[-98.156406,19.043679],[-98.165372,19.048471],[-98.167469,19.05102],[-98.171931,19.047393],[-98.185407,19.044404],[-98.191776,19.045927],[-98.199376,19.049808],[-98.198503,19.051339],[-98.19255,19.048256],[-98.191563,19.049894],[-98.184867,19.046842],[-98.186341,19.044457],[-98.18248,19.043097],[-98.159343,19.043975],[-98.156881,19.042902],[-98.14812,19.041696],[-98.148512,19.03787],[-98.14466,19.034379],[-98.13921,19.021543]]}},{"type":"Feature","properties":{"name":"RUTA 23A CIRCUITO"},"geometry":{"type":"LineString","coordinates":[[-98.139061,19.021595],[-98.144032,19.033477],[-98.148379,19.037889],[-98.148284,19.0396],[-98.15693,19.041398],[-98.156406,19.043679],[-98.165372,19.048471],[-98.167469,19.05102],[-98.171931,19.047393],[-98.185407,19.044404],[-98.191773,19.045923],[-98.199389,19.04981],[-98.198487,19.051287],[-98.192538,19.048256],[-98.191527,19.049906],[-98.184867,19.046842],[-98.186341,19.044457],[-98.18248,19.043097],[-98.159343,19.043975],[-98.156881,19.042902],[-98.14812,19.041696],[-98.148512,19.03787],[-98.144607,19.03432],[-98.139333,19.033292],[-98.139187,19.032243],[-98.136865,19.030878],[-98.136922,19.028871],[-98.135989,19.029045],[-98.135245,19.02748],[-98.135096,19.026755],[-98.138113,19.026296],[-98.138239,19.027099],[-98.141324,19.026624],[-98.13921,19.021543]]}},{"type":"Feature","properties":{"name":"RUTA 23A CIRCUITO"},"geometry":{"type":"LineString","coordinates":[[-98.133058,19.029896],[-98.133438,19.033651],[-98.135143,19.033684],[-98.136061,19.031071],[-98.142039,19.029001],[-98.144526,19.034411],[-98.148379,19.037889],[-98.148284,19.0396],[-98.15693,19.041398],[-98.156406,19.043679],[-98.165372,19.048471],[-98.167469,19.05102],[-98.171931,19.047393],[-98.185407,19.044404],[-98.191757,19.045962],[-98.199394,19.049828],[-98.198488,19.051333],[-98.192569,19.048255],[-98.191527,19.049906],[-98.184867,19.046842],[-98.186341,19.044457],[-98.18248,19.043097],[-98.159343,19.043975],[-98.156881,19.042902],[-98.14812,19.041696],[-98.148512,19.03787],[-98.14466,19.034379],[-98.142152,19.028838],[-98.13596,19.03105],[-98.134894,19.033638],[-98.133568,19.033583],[-98.133209,19.029824]]}},{"type":"Feature","properties":{"name":"RUTA 24 IDA"},"geometry":{"type":"LineString","coordinates":[[-98.271898,19.082048],[-98.272424,19.078768],[-98.269333,19.07878],[-98.269283,19.077623],[-98.270432,19.077261],[-98.26483,19.077289],[-98.255952,19.071799],[-98.242335,19.068992],[-98.237296,19.066095],[-98.23673,19.062415],[-98.238502,19.049809],[-98.235346,19.047293],[-98.236162,19.046105],[-98.236852,19.048676],[-98.235234,19.050836],[-98.212774,19.039671],[-98.209956,19.04425],[-98.202946,19.040681],[-98.205757,19.036008],[-98.195532,19.03071],[-98.189182,19.042413],[-98.186039,19.041148],[-98.182533,19.048661],[-98.180029,19.048912],[-98.178637,19.04816],[-98.177084,19.048871],[-98.174901,19.047942],[-98.175014,19.050073],[-98.173814,19.051719],[-98.17618,19.051967],[-98.177117,19.053802]]}},{"type":"Feature","properties":{"name":"RUTA 24 REGRESO"},"geometry":{"type":"LineString","coordinates":[[-98.177141,19.053639],[-98.176173,19.051863],[-98.174,19.051673],[-98.175138,19.050128],[-98.175081,19.048116],[-98.177067,19.048996],[-98.182319,19.046209],[-98.184764,19.046988],[-98.186288,19.044599],[-98.191727,19.045976],[-98.206798,19.053603],[-98.212858,19.042942],[-98.220279,19.046736],[-98.222787,19.045845],[-98.226234,19.047536],[-98.229871,19.041566],[-98.235728,19.044644],[-98.236934,19.048533],[-98.238267,19.049782],[-98.23644,19.063294],[-98.235358,19.065283],[-98.239677,19.067837],[-98.242459,19.070801],[-98.24682,19.070283],[-98.256072,19.072197],[-98.264125,19.077262],[-98.266835,19.077872],[-98.266824,19.079948],[-98.268165,19.080815],[-98.272355,19.080828],[-98.27192,19.082094]]}},{"type":"Feature","properties":{"name":"RUTA 26B CIRCUITO"},"geometry":{"type":"LineString","coordinates":[[-98.266718,19.104718],[-98.263477,19.100595],[-98.264663,19.098944],[-98.260697,19.093823],[-98.264478,19.086861],[-98.263959,19.08559],[-98.259842,19.085886],[-98.252211,19.084232],[-98.251602,19.082928],[-98.250334,19.082626],[-98.24623,19.082977],[-98.242805,19.081076],[-98.244015,19.076196],[-98.243612,19.073428],[-98.247376,19.07171],[-98.2454,19.070811],[-98.246117,19.069926],[-98.241813,19.068768],[-98.224342,19.05904],[-98.219241,19.055276],[-98.215879,19.055183],[-98.213771,19.056149],[-98.202815,19.05055],[-98.202434,19.051353],[-98.206767,19.053575],[-98.207583,19.05222],[-98.214773,19.055858],[-98.218746,19.05525],[-98.224168,19.059236],[-98.239276,19.067621],[-98.242449,19.070863],[-98.247118,19.071634],[-98.243456,19.073468],[-98.243857,19.076121],[-98.242728,19.081009],[-98.246269,19.082946],[-98.251498,19.083012],[-98.252104,19.084343],[-98.25975,19.085961],[-98.263866,19.085655],[-98.26441,19.086828],[-98.260574,19.093741],[-98.264526,19.098954],[-98.263409,19.100632],[-98.266606,19.10469]]}},{"type":"Feature","properties":{"name":"RUTA 26B CIRCUITO"},"geometry":{"type":"LineString","coordinates":[[-98.249877,19.088289],[-98.250616,19.087347],[-98.252185,19.087512],[-98.255555,19.084871],[-98.252137,19.084309],[-98.251726,19.085072],[-98.247861,19.085876],[-98.247607,19.086537],[-98.242798,19.086157],[-98.242289,19.084155],[-98.243739,19.082316],[-98.242709,19.080425],[-98.243994,19.076241],[-98.243612,19.073398],[-98.247347,19.071643],[-98.24543,19.070826],[-98.246136,19.069945],[-98.241397,19.068573],[-98.224308,19.059008],[-98.219168,19.055213],[-98.215621,19.05524],[-98.213781,19.056145],[-98.202848,19.050543],[-98.202454,19.051378],[-98.206767,19.053607],[-98.207618,19.052186],[-98.214719,19.055901],[-98.218691,19.055232],[-98.224258,19.059252],[-98.239587,19.067785],[-98.242221,19.070643],[-98.247117,19.071607],[-98.244561,19.072395],[-98.243442,19.073568],[-98.243882,19.076183],[-98.242639,19.080657],[-98.243662,19.08229],[-98.242243,19.084144],[-98.242701,19.086259],[-98.247545,19.086581],[-98.251793,19.085103],[-98.252154,19.084365],[-98.255456,19.084948],[-98.249808,19.088256]]}},{"type":"Feature","properties":{"name":"RUTA 26B CIRCUITO"},"geometry":{"type":"LineString","coordinates":[[-98.266718,19.104718],[-98.263477,19.100595],[-98.264663,19.098944],[-98.260697,19.093823],[-98.264478,19.086861],[-98.263959,19.08559],[-98.259842,19.085886],[-98.252211,19.084232],[-98.251602,19.082928],[-98.250366,19.082638],[-98.251577,19.080448],[-98.243541,19.077345],[-98.243612,19.073428],[-98.247376,19.07171],[-98.2454,19.070811],[-98.246117,19.069926],[-98.241813,19.068768],[-98.224342,19.05904],[-98.219241,19.055276],[-98.215879,19.055183],[-98.213771,19.056149],[-98.202815,19.05055],[-98.202441,19.051341],[-98.206774,19.053594],[-98.207583,19.05222],[-98.214773,19.055858],[-98.218746,19.05525],[-98.224168,19.059236],[-98.239276,19.067621],[-98.242449,19.070863],[-98.247118,19.071634],[-98.243456,19.073468],[-98.243409,19.077407],[-98.251439,19.080469],[-98.250252,19.08269],[-98.251582,19.083066],[-98.252104,19.084343],[-98.25975,19.085961],[-98.263866,19.085655],[-98.26441,19.086828],[-98.260574,19.093741],[-98.264526,19.098954],[-98.263409,19.100632],[-98.266606,19.10469]]}},{"type":"Feature","properties":{"name":"RUTA 26B CIRCUITO"},"geometry":{"type":"LineString","coordinates":[[-98.2437,19.099865],[-98.24109,19.098263],[-98.242222,19.094548],[-98.244673,19.092228],[-98.242289,19.084155],[-98.243739,19.082316],[-98.242709,19.080425],[-98.243994,19.076241],[-98.243612,19.073398],[-98.247347,19.071643],[-98.24543,19.070826],[-98.246136,19.069945],[-98.241397,19.068573],[-98.224308,19.059008],[-98.219168,19.055213],[-98.215621,19.05524],[-98.213781,19.056145],[-98.202848,19.050543],[-98.20248,19.051391],[-98.206761,19.053588],[-98.207618,19.052186],[-98.214719,19.055901],[-98.218691,19.055232],[-98.224258,19.059252],[-98.239587,19.067785],[-98.242221,19.070643],[-98.247117,19.071607],[-98.243551,19.073306],[-98.243882,19.076183],[-98.242642,19.079963],[-98.243662,19.08229],[-98.242243,19.084144],[-98.243271,19.089469],[-98.244601,19.091817],[-98.24253,19.093864],[-98.241336,19.09665],[-98.243326,19.097858],[-98.244183,19.09919],[-98.243758,19.099762]]}},{"type":"Feature","properties":{"name":"RUTA 27 CIRCUITO"},"geometry":{"type":"LineString","coordinates":[[-98.185112,19.090241],[-98.187084,19.085855],[-98.189293,19.082801],[-98.190013,19.083133],[-98.189148,19.083782],[-98.187623,19.082884],[-98.188669,19.083053],[-98.185867,19.087019],[-98.179938,19.083923],[-98.181605,19.079602],[-98.183584,19.080647],[-98.184095,19.079703],[-98.181708,19.078301],[-98.181705,19.075924],[-98.183137,19.075129],[-98.18593,19.076549],[-98.200945,19.050628],[-98.206765,19.05361],[-98.21146,19.04508],[-98.207261,19.043064],[-98.193622,19.066513],[-98.195329,19.067508],[-98.195798,19.069451],[-98.193511,19.072856],[-98.187357,19.069639],[-98.184151,19.075523],[-98.182887,19.075059],[-98.181618,19.075971],[-98.181561,19.078308],[-98.183975,19.079724],[-98.183508,19.080518],[-98.181506,19.079458],[-98.180175,19.083106],[-98.18321,19.083631],[-98.18285,19.085219],[-98.185682,19.087056],[-98.185065,19.090292]]}},{"type":"Feature","properties":{"name":"RUTA 27 CIRCUITO"},"geometry":{"type":"LineString","coordinates":[[-98.168871,19.093272],[-98.171035,19.091528],[-98.169105,19.090011],[-98.167382,19.091997],[-98.165589,19.09059],[-98.167227,19.088691],[-98.168222,19.089437],[-98.170652,19.086392],[-98.173568,19.088542],[-98.175395,19.087396],[-98.17739,19.088607],[-98.181571,19.080518],[-98.181738,19.075964],[-98.183139,19.075123],[-98.185935,19.076523],[-98.200945,19.050585],[-98.206747,19.053554],[-98.211568,19.045087],[-98.207331,19.042914],[-98.193581,19.06655],[-98.19535,19.067537],[-98.195779,19.069496],[-98.193076,19.073619],[-98.186986,19.070366],[-98.185035,19.073895],[-98.181974,19.072347],[-98.177395,19.07711],[-98.178012,19.077598],[-98.177323,19.078378],[-98.179741,19.080088],[-98.178994,19.081305],[-98.18061,19.082186],[-98.18015,19.083098],[-98.183218,19.083634],[-98.182807,19.085171],[-98.185844,19.087293],[-98.185003,19.090033],[-98.186533,19.086657],[-98.18915,19.082858],[-98.189831,19.082867],[-98.189964,19.083575],[-98.188997,19.083774],[-98.187852,19.083583],[-98.18775,19.082701],[-98.188703,19.083056],[-98.185883,19.087019],[-98.179809,19.083819],[-98.177311,19.088421],[-98.175476,19.087292],[-98.173564,19.088407],[-98.170611,19.086254],[-98.16818,19.089314],[-98.167191,19.088542],[-98.165441,19.09057],[-98.167439,19.092099],[-98.169137,19.090144],[-98.170875,19.091534],[-98.168888,19.093187]]}},{"type":"Feature","properties":{"name":"RUTA 27 CIRCUITO"},"geometry":{"type":"LineString","coordinates":[[-98.169809,19.090593],[-98.16907,19.090028],[-98.167429,19.09202],[-98.165625,19.090598],[-98.167236,19.08872],[-98.168222,19.089467],[-98.170646,19.086406],[-98.173572,19.088543],[-98.175334,19.087437],[-98.177357,19.088592],[-98.181613,19.079672],[-98.183605,19.080642],[-98.184066,19.079725],[-98.181664,19.078284],[-98.181885,19.075751],[-98.183171,19.075121],[-98.185904,19.076527],[-98.18677,19.075011],[-98.185011,19.074114],[-98.186898,19.070437],[-98.191698,19.07283],[-98.196106,19.065539],[-98.19989,19.068076],[-98.203575,19.076947],[-98.202193,19.072084],[-98.198786,19.065447],[-98.193506,19.072817],[-98.190586,19.071269],[-98.18718,19.077115],[-98.183375,19.075087],[-98.182063,19.075388],[-98.181516,19.078289],[-98.183961,19.079752],[-98.183515,19.080513],[-98.181501,19.079461],[-98.177284,19.088421],[-98.175334,19.087321],[-98.173566,19.088423],[-98.170613,19.086263],[-98.168199,19.089264],[-98.167196,19.088519],[-98.165468,19.090585],[-98.167438,19.092119],[-98.169128,19.090171],[-98.169775,19.090668]]}},{"type":"Feature","properties":{"name":"RUTA 27 CIRCUITO"},"geometry":{"type":"LineString","coordinates":[[-98.184707,19.089966],[-98.189115,19.082959],[-98.190015,19.083171],[-98.187904,19.083603],[-98.187734,19.082709],[-98.188685,19.083137],[-98.18591,19.087039],[-98.179939,19.083891],[-98.181592,19.079596],[-98.183559,19.080621],[-98.184118,19.079695],[-98.181679,19.078279],[-98.181781,19.075911],[-98.183162,19.075142],[-98.185889,19.076536],[-98.198747,19.054429],[-98.192752,19.05131],[-98.194045,19.049031],[-98.192584,19.048243],[-98.190883,19.051296],[-98.194356,19.054496],[-98.19512,19.057039],[-98.197902,19.059091],[-98.193586,19.066534],[-98.195378,19.067477],[-98.195805,19.069244],[-98.193512,19.072904],[-98.19061,19.07134],[-98.18717,19.077159],[-98.183218,19.075014],[-98.18162,19.075944],[-98.181518,19.078291],[-98.183968,19.07975],[-98.183518,19.080509],[-98.18152,19.079472],[-98.179742,19.083938],[-98.185736,19.087115],[-98.18473,19.089861]]}},{"type":"Feature","properties":{"name":"RUTA 27 CIRCUITO"},"geometry":{"type":"LineString","coordinates":[[-98.185112,19.090241],[-98.187084,19.085855],[-98.189293,19.082801],[-98.189895,19.082902],[-98.189184,19.083782],[-98.187623,19.082884],[-98.188669,19.083053],[-98.185762,19.086973],[-98.179938,19.083923],[-98.180765,19.082136],[-98.179125,19.081287],[-98.179871,19.080031],[-98.177484,19.078403],[-98.178162,19.077539],[-98.177593,19.077118],[-98.181993,19.072449],[-98.186754,19.0751],[-98.200934,19.05058],[-98.206757,19.053584],[-98.211381,19.04501],[-98.207258,19.043127],[-98.193588,19.066531],[-98.195357,19.067548],[-98.195792,19.06956],[-98.193508,19.072839],[-98.187316,19.069654],[-98.185009,19.073875],[-98.181981,19.072303],[-98.177378,19.077099],[-98.178001,19.07756],[-98.177345,19.0784],[-98.179729,19.080087],[-98.179006,19.081325],[-98.180606,19.08216],[-98.180175,19.083106],[-98.18321,19.083631],[-98.18285,19.085219],[-98.185799,19.087242],[-98.185065,19.090292]]}},{"type":"Feature","properties":{"name":"RUTA 27 CIRCUITO"},"geometry":{"type":"LineString","coordinates":[[-98.185115,19.090243],[-98.187084,19.085882],[-98.189181,19.082898],[-98.189924,19.082996],[-98.189671,19.083721],[-98.188,19.083597],[-98.187838,19.082691],[-98.188627,19.083195],[-98.185841,19.087019],[-98.179923,19.083895],[-98.180781,19.082163],[-98.179148,19.081296],[-98.179907,19.080032],[-98.177506,19.0784],[-98.178177,19.077546],[-98.177597,19.077145],[-98.182039,19.072458],[-98.186744,19.075084],[-98.198753,19.054449],[-98.192735,19.051292],[-98.194035,19.049062],[-98.192564,19.048269],[-98.190831,19.051208],[-98.193205,19.053106],[-98.195316,19.056618],[-98.194453,19.057977],[-98.191727,19.056253],[-98.187933,19.062694],[-98.186675,19.062184],[-98.18535,19.067003],[-98.183947,19.068009],[-98.183305,19.070297],[-98.186043,19.0719],[-98.185045,19.073841],[-98.181996,19.072306],[-98.177474,19.07713],[-98.178036,19.077599],[-98.177388,19.078436],[-98.179758,19.080097],[-98.179024,19.081319],[-98.180605,19.082205],[-98.179756,19.083919],[-98.184562,19.086026],[-98.185825,19.087326],[-98.18507,19.090282]]}},{"type":"Feature","properties":{"name":"RUTA 27 CIRCUITO"},"geometry":{"type":"LineString","coordinates":[[-98.185115,19.090243],[-98.187084,19.085882],[-98.189181,19.082898],[-98.189924,19.082996],[-98.189671,19.083721],[-98.188,19.083597],[-98.187838,19.082691],[-98.188627,19.083195],[-98.185841,19.087019],[-98.179923,19.083895],[-98.180781,19.082163],[-98.179148,19.081296],[-98.179907,19.080032],[-98.177506,19.0784],[-98.178177,19.077546],[-98.177597,19.077145],[-98.182039,19.072458],[-98.186744,19.075084],[-98.198753,19.054449],[-98.192747,19.051266],[-98.194027,19.049038],[-98.192527,19.048255],[-98.190864,19.051233],[-98.195277,19.056014],[-98.194097,19.058918],[-98.196942,19.060783],[-98.193587,19.066541],[-98.195341,19.067501],[-98.195744,19.069629],[-98.193514,19.072873],[-98.190572,19.071356],[-98.188047,19.07573],[-98.181996,19.072306],[-98.177474,19.07713],[-98.178036,19.077599],[-98.177388,19.078436],[-98.179758,19.080097],[-98.179024,19.081319],[-98.180596,19.082218],[-98.180182,19.083084],[-98.183239,19.083599],[-98.182825,19.085063],[-98.185825,19.087326],[-98.18507,19.090282]]}},{"type":"Feature","properties":{"name":"Ruta 30A Sentido 1"},"geometry":{"type":"LineString","coordinates":[[-98.191678,19.054211],[-98.191114,19.053788],[-98.194921,19.047474],[-98.209832,19.055147],[-98.211025,19.052958],[-98.215672,19.05526],[-98.21352,19.059165],[-98.21039,19.06181],[-98.220062,19.069926],[-98.227641,19.079116],[-98.238062,19.087923],[-98.238066,19.089075],[-98.235366,19.092426],[-98.235746,19.094503],[-98.238616,19.095026],[-98.241604,19.100928],[-98.240109,19.102268],[-98.238389,19.101565],[-98.240764,19.098294],[-98.243526,19.100144],[-98.242971,19.10097],[-98.244234,19.104334],[-98.24649,19.105192],[-98.247402,19.106632],[-98.246806,19.10739],[-98.250153,19.109614],[-98.248471,19.112254],[-98.268603,19.132366],[-98.269804,19.138222],[-98.268377,19.141482],[-98.266494,19.142676],[-98.264541,19.142732],[-98.252497,19.137156],[-98.264805,19.142968],[-98.260308,19.149282],[-98.25676,19.157348],[-98.25446,19.157349],[-98.247101,19.155183],[-98.245624,19.153348]]}},{"type":"Feature","properties":{"name":"Ruta 30 A sentido2"},"geometry":{"type":"LineString","coordinates":[[-98.245603,19.153383],[-98.246927,19.155145],[-98.254453,19.157364],[-98.256966,19.157404],[-98.26051,19.149134],[-98.264955,19.143006],[-98.26823,19.141895],[-98.27191,19.134152],[-98.272932,19.133943],[-98.272545,19.13495],[-98.271917,19.134805],[-98.255351,19.118347],[-98.257418,19.114802],[-98.24994,19.110946],[-98.250156,19.109611],[-98.246829,19.107395],[-98.247435,19.106647],[-98.246503,19.105156],[-98.244187,19.104161],[-98.242999,19.100962],[-98.24358,19.100125],[-98.240758,19.098289],[-98.238378,19.10155],[-98.240113,19.102271],[-98.241576,19.10089],[-98.238623,19.095011],[-98.235855,19.094582],[-98.235441,19.092387],[-98.238169,19.089062],[-98.238153,19.087936],[-98.227811,19.079135],[-98.219957,19.06964],[-98.210586,19.061792],[-98.213599,19.05916],[-98.214338,19.05986],[-98.215722,19.058655],[-98.215226,19.057857],[-98.215757,19.057191],[-98.202906,19.05062],[-98.200158,19.055229],[-98.197144,19.053685],[-98.194454,19.058048],[-98.191767,19.05632],[-98.192513,19.054984],[-98.191678,19.054211]]}},{"type":"Feature","properties":{"name":"DESVIO PROV ANTES DE 5 MAY"},"geometry":{"type":"LineString","coordinates":[[-98.191941,19.051875],[-98.193164,19.05058],[-98.191236,19.049746]]}},{"type":"Feature","properties":{"name":"RUTA 33 CIRCUITO"},"geometry":{"type":"LineString","coordinates":[[-98.217971,18.958236],[-98.212755,18.971427],[-98.214348,18.971105],[-98.214014,18.973622],[-98.216208,18.974393],[-98.218518,18.973887],[-98.218792,18.979139],[-98.217005,18.985184],[-98.206958,19.004374],[-98.204681,19.005762],[-98.201663,19.004415],[-98.201058,19.006717],[-98.20753,19.009127],[-98.205226,19.013336],[-98.207302,19.01414],[-98.203015,19.021893],[-98.209595,19.025481],[-98.20403,19.035099],[-98.195497,19.030715],[-98.18581,19.048167],[-98.188831,19.050026],[-98.189511,19.049733],[-98.192236,19.052198],[-98.193656,19.049738],[-98.192088,19.048956],[-98.191563,19.049857],[-98.184821,19.046871],[-98.194976,19.028451],[-98.196388,19.029151],[-98.199617,19.020318],[-98.204489,19.022658],[-98.207969,19.016676],[-98.207149,19.016204],[-98.20816,19.014356],[-98.202837,19.012292],[-98.204235,19.00761],[-98.201334,19.006583],[-98.201789,19.004657],[-98.20482,19.005999],[-98.207171,19.004417],[-98.217107,18.985385],[-98.219294,18.976156],[-98.218932,18.977964],[-98.215722,18.978029],[-98.213105,18.976441],[-98.214593,18.972477],[-98.214377,18.967467],[-98.218044,18.958332],[-98.218347,18.954135],[-98.217388,18.951077],[-98.218216,18.954033],[-98.217953,18.958074]]}},{"type":"Feature","properties":{"name":"RUTA 33 CIRCUITO"},"geometry":{"type":"LineString","coordinates":[[-98.218072,18.958574],[-98.212707,18.97136],[-98.214379,18.971104],[-98.214005,18.973642],[-98.216206,18.974364],[-98.21856,18.973865],[-98.218663,18.979678],[-98.212867,18.994254],[-98.215062,18.995074],[-98.214706,18.995809],[-98.223748,18.999239],[-98.22421,18.998374],[-98.234474,19.003736],[-98.242633,19.006264],[-98.24795,19.016869],[-98.247202,19.019623],[-98.231463,19.029225],[-98.230872,19.028394],[-98.237154,19.031753],[-98.233671,19.033944],[-98.230939,19.033834],[-98.229281,19.032711],[-98.229176,19.031763],[-98.242371,19.023129],[-98.243626,19.023811],[-98.244159,19.023157],[-98.243444,19.022485],[-98.250182,19.018901],[-98.249789,19.01955],[-98.24314,19.006155],[-98.234895,19.003642],[-98.224202,18.99814],[-98.223647,18.999106],[-98.211983,18.994897],[-98.213214,18.993792],[-98.215294,18.988009],[-98.217085,18.985387],[-98.219289,18.976229],[-98.219069,18.97781],[-98.218229,18.977958],[-98.215571,18.978032],[-98.213089,18.976434],[-98.214584,18.972697],[-98.214385,18.967504],[-98.217976,18.958644],[-98.218283,18.953672],[-98.217302,18.951195],[-98.218201,18.953975],[-98.218071,18.958627]]}},{"type":"Feature","properties":{"name":"RUTA 33 CIRCUITO"},"geometry":{"type":"LineString","coordinates":[[-98.218067,18.9585],[-98.212719,18.971363],[-98.214387,18.971109],[-98.214026,18.973662],[-98.21621,18.974375],[-98.218539,18.973914],[-98.218763,18.979372],[-98.217072,18.984104],[-98.218702,18.984184],[-98.219291,18.986105],[-98.218759,18.98746],[-98.21713,18.984784],[-98.215209,18.987879],[-98.213065,18.993739],[-98.211757,18.994903],[-98.206967,19.004391],[-98.204681,19.005741],[-98.201058,19.017038],[-98.202878,19.01796],[-98.201169,19.020939],[-98.209607,19.025499],[-98.203083,19.036696],[-98.200152,19.035177],[-98.197828,19.039123],[-98.211119,19.045901],[-98.211597,19.045118],[-98.199864,19.039074],[-98.210068,19.021831],[-98.203033,19.017854],[-98.205424,19.013253],[-98.202842,19.012323],[-98.204719,19.006163],[-98.207153,19.004474],[-98.211999,18.994876],[-98.213249,18.993795],[-98.216312,18.986458],[-98.217087,18.98544],[-98.218688,18.987689],[-98.219442,18.986068],[-98.218816,18.984034],[-98.217412,18.983954],[-98.219293,18.976143],[-98.218952,18.978013],[-98.215662,18.977975],[-98.21307,18.976407],[-98.214523,18.972866],[-98.214378,18.967543],[-98.21796,18.958654],[-98.218378,18.954036],[-98.217254,18.951196],[-98.218131,18.953486],[-98.218059,18.958614]]}},{"type":"Feature","properties":{"name":"RUTA 35 CIRCUITO"},"geometry":{"type":"LineString","coordinates":[[-98.182399,19.051399],[-98.185995,19.04826],[-98.187762,19.049063],[-98.188648,19.048529],[-98.193175,19.050636],[-98.194932,19.047524],[-98.206745,19.053602],[-98.208434,19.050594],[-98.217022,19.055092],[-98.218722,19.05521],[-98.224231,19.05924],[-98.23973,19.067889],[-98.242326,19.070734],[-98.245174,19.07088],[-98.259259,19.076888],[-98.258638,19.07807],[-98.256202,19.077028],[-98.255822,19.078998],[-98.254483,19.080427],[-98.252065,19.079307],[-98.252633,19.078191],[-98.251983,19.077848],[-98.253798,19.074266],[-98.245531,19.070886],[-98.245948,19.069781],[-98.241723,19.068746],[-98.224325,19.059014],[-98.216721,19.053601],[-98.217583,19.052011],[-98.211236,19.048811],[-98.209388,19.051937],[-98.203714,19.049023],[-98.201546,19.052921],[-98.192574,19.048238],[-98.191357,19.049819],[-98.186363,19.047329],[-98.184009,19.050119],[-98.182281,19.050336],[-98.181817,19.051247],[-98.182352,19.051483]]}},{"type":"Feature","properties":{"name":"RUTA 35 CIRCUITO"},"geometry":{"type":"LineString","coordinates":[[-98.251397,19.080383],[-98.24738,19.078535],[-98.24679,19.079631],[-98.245284,19.078955],[-98.248036,19.071836],[-98.245413,19.070789],[-98.246006,19.069904],[-98.242248,19.068979],[-98.224344,19.059024],[-98.216714,19.053602],[-98.217561,19.052048],[-98.21125,19.048813],[-98.209423,19.051905],[-98.203731,19.04903],[-98.201565,19.052938],[-98.192538,19.048252],[-98.191445,19.049838],[-98.186371,19.047334],[-98.185184,19.049179],[-98.182267,19.050351],[-98.181809,19.051248],[-98.186,19.048275],[-98.187806,19.049056],[-98.188666,19.048512],[-98.193166,19.050645],[-98.19493,19.047477],[-98.206734,19.05358],[-98.208432,19.050592],[-98.217383,19.055338],[-98.218744,19.055232],[-98.224345,19.059338],[-98.239691,19.067838],[-98.242192,19.070638],[-98.247894,19.071914],[-98.246314,19.076773],[-98.252037,19.079381],[-98.251512,19.080394]]}},{"type":"Feature","properties":{"name":"RUTA 35 CIRCUITO"},"geometry":{"type":"LineString","coordinates":[[-98.182399,19.051399],[-98.185995,19.04826],[-98.187762,19.049063],[-98.188648,19.048529],[-98.193189,19.050638],[-98.194914,19.047505],[-98.206762,19.053559],[-98.208434,19.050594],[-98.217022,19.055092],[-98.218722,19.05521],[-98.224231,19.05924],[-98.23973,19.067889],[-98.242326,19.070734],[-98.245174,19.07088],[-98.254649,19.074744],[-98.255224,19.071928],[-98.256936,19.072691],[-98.262657,19.076366],[-98.261249,19.078053],[-98.264617,19.084937],[-98.262903,19.085857],[-98.261551,19.085358],[-98.259769,19.085898],[-98.256239,19.085024],[-98.262975,19.085969],[-98.264789,19.084837],[-98.26161,19.078559],[-98.263815,19.076788],[-98.256154,19.071917],[-98.241723,19.068746],[-98.224325,19.059014],[-98.216721,19.053601],[-98.217583,19.052011],[-98.211236,19.048811],[-98.209388,19.051937],[-98.203714,19.049023],[-98.200177,19.055192],[-98.192791,19.051255],[-98.193653,19.049752],[-98.19208,19.048967],[-98.191357,19.049819],[-98.186363,19.047329],[-98.184009,19.050119],[-98.182281,19.050336],[-98.181817,19.051247],[-98.182352,19.051483]]}},{"type":"Feature","properties":{"name":"RUTA 37 CIRCUITO"},"geometry":{"type":"LineString","coordinates":[[-98.148024,19.018439],[-98.146746,19.030165],[-98.148699,19.030113],[-98.148767,19.03172],[-98.151968,19.033326],[-98.150305,19.034566],[-98.151493,19.035104],[-98.151257,19.036452],[-98.152667,19.038397],[-98.152795,19.041767],[-98.156897,19.041947],[-98.156516,19.043745],[-98.165241,19.04837],[-98.16747,19.051056],[-98.171823,19.047404],[-98.185624,19.04443],[-98.19187,19.045991],[-98.200906,19.050616],[-98.205406,19.042996],[-98.212535,19.046639],[-98.20726,19.055815],[-98.192533,19.048255],[-98.191434,19.049947],[-98.184769,19.046903],[-98.186294,19.044576],[-98.182552,19.043134],[-98.17255,19.043319],[-98.172322,19.045119],[-98.173384,19.046815],[-98.167474,19.050918],[-98.164278,19.046564],[-98.166252,19.045319],[-98.16612,19.04378],[-98.159291,19.044024],[-98.156864,19.043019],[-98.156986,19.041894],[-98.152839,19.041731],[-98.152709,19.038391],[-98.151296,19.036441],[-98.151543,19.035083],[-98.150354,19.034552],[-98.152039,19.033329],[-98.15141,19.032444],[-98.148805,19.031675],[-98.14874,19.03006],[-98.146785,19.030123],[-98.148024,19.018439]]}},{"type":"Feature","properties":{"name":"Pedregal - Barrio del Alto - Las Cuartillas"},"geometry":{"type":"LineString","coordinates":[[-98.1481,19.018445],[-98.149746,19.020555],[-98.148532,19.027128],[-98.148731,19.031688],[-98.151362,19.032497],[-98.15714,19.040506],[-98.156478,19.043741],[-98.165229,19.048365],[-98.167458,19.051101],[-98.171889,19.047394],[-98.185522,19.044376],[-98.191727,19.04593],[-98.208165,19.054307],[-98.20642,19.057279],[-98.212161,19.06021],[-98.203329,19.071008],[-98.204257,19.072099],[-98.203463,19.070933],[-98.207167,19.065651],[-98.212429,19.060154],[-98.205136,19.056529],[-98.205918,19.05514],[-98.192565,19.048254],[-98.19153,19.04997],[-98.184756,19.046912],[-98.186307,19.044525],[-98.184086,19.043431],[-98.179294,19.04285],[-98.172571,19.043323],[-98.172318,19.045071],[-98.17339,19.046741],[-98.16747,19.050895],[-98.1643,19.046562],[-98.166275,19.045322],[-98.166103,19.04376],[-98.159281,19.043987],[-98.156865,19.042963],[-98.157181,19.04049],[-98.151404,19.032446],[-98.14877,19.031655],[-98.148588,19.027159],[-98.149803,19.020569],[-98.148114,19.018399]]}},{"type":"Feature","properties":{"name":"RUTA 38 IDA"},"geometry":{"type":"LineString","coordinates":[[-98.18372,19.104222],[-98.184266,19.102311],[-98.183902,19.104519],[-98.186746,19.105854],[-98.1884,19.105827],[-98.186364,19.104345],[-98.188486,19.10588],[-98.19094,19.104746],[-98.192155,19.100879],[-98.191526,19.100775],[-98.190864,19.104644],[-98.188989,19.105329],[-98.188995,19.102159],[-98.187515,19.10114],[-98.189921,19.097926],[-98.188313,19.094198],[-98.194033,19.090521],[-98.198648,19.08941],[-98.200829,19.089774],[-98.201846,19.092016],[-98.206544,19.091234],[-98.204636,19.080357],[-98.20213,19.07161],[-98.201233,19.070171],[-98.199337,19.072838],[-98.197205,19.072495],[-98.200215,19.068364],[-98.198627,19.064995],[-98.194469,19.061807],[-98.200043,19.052134],[-98.192518,19.048184],[-98.191408,19.049833],[-98.184803,19.046881],[-98.187751,19.041664],[-98.18498,19.04081],[-98.184515,19.042165],[-98.181912,19.04133],[-98.182941,19.039345],[-98.181368,19.039166],[-98.181524,19.038431],[-98.18007,19.037721],[-98.180268,19.036981],[-98.174755,19.034301]]}},{"type":"Feature","properties":{"name":"RUTA 38 REGRESO"},"geometry":{"type":"LineString","coordinates":[[-98.174587,19.034271],[-98.173292,19.036029],[-98.172601,19.042485],[-98.183735,19.039865],[-98.183259,19.041155],[-98.184858,19.041274],[-98.184468,19.042262],[-98.185549,19.042547],[-98.184766,19.044442],[-98.191823,19.045973],[-98.208172,19.054301],[-98.207285,19.055821],[-98.201534,19.052907],[-98.196041,19.062309],[-98.197404,19.063168],[-98.195186,19.066731],[-98.197217,19.077712],[-98.197855,19.078052],[-98.196774,19.073038],[-98.198739,19.070442],[-98.202134,19.07272],[-98.20457,19.080913],[-98.206249,19.090671],[-98.198571,19.089333],[-98.193968,19.090455],[-98.187998,19.09431],[-98.189827,19.097989],[-98.187383,19.101187],[-98.188959,19.102311],[-98.188916,19.105467],[-98.190928,19.104751],[-98.192038,19.100927],[-98.190891,19.104653],[-98.18843,19.105795],[-98.186352,19.104336],[-98.188178,19.106064],[-98.184056,19.104512],[-98.1843,19.102325],[-98.183643,19.104161]]}},{"type":"Feature","properties":{"name":"RUTA 41 CIRCUITO"},"geometry":{"type":"LineString","coordinates":[[-98.128521,19.066485],[-98.13077,19.065913],[-98.135145,19.062905],[-98.136381,19.063039],[-98.126922,19.061846],[-98.135524,19.055463],[-98.123855,19.053875],[-98.136776,19.055873],[-98.143477,19.054804],[-98.147244,19.052724],[-98.147434,19.041979],[-98.154501,19.042881],[-98.15958,19.045038],[-98.164953,19.048196],[-98.167335,19.05101],[-98.171809,19.047474],[-98.18525,19.044406],[-98.191652,19.045912],[-98.206777,19.053568],[-98.213746,19.04144],[-98.216766,19.042848],[-98.219289,19.038532],[-98.220247,19.038629],[-98.2248,19.035664],[-98.226024,19.039324],[-98.232698,19.043073],[-98.229451,19.043839],[-98.214748,19.036283],[-98.205281,19.052839],[-98.208148,19.054305],[-98.207282,19.055833],[-98.192534,19.048255],[-98.191596,19.049885],[-98.182205,19.046006],[-98.180589,19.043752],[-98.181067,19.042963],[-98.159236,19.044014],[-98.154888,19.042601],[-98.145778,19.041772],[-98.147133,19.0421],[-98.146969,19.052427],[-98.143219,19.054717],[-98.136863,19.055706],[-98.123818,19.053886],[-98.135282,19.055624],[-98.13277,19.057402],[-98.135703,19.059436],[-98.133751,19.062473],[-98.12679,19.061894],[-98.130004,19.062411],[-98.130564,19.065131],[-98.12845,19.066509]]}},{"type":"Feature","properties":{"name":"RUTA 41 CIRCUITO"},"geometry":{"type":"LineString","coordinates":[[-98.128559,19.066559],[-98.1364,19.062858],[-98.126972,19.061848],[-98.135529,19.055712],[-98.127876,19.054318],[-98.134398,19.045315],[-98.137087,19.043601],[-98.136822,19.04275],[-98.143501,19.04189],[-98.153482,19.042657],[-98.164675,19.047994],[-98.172323,19.045133],[-98.180229,19.044354],[-98.186358,19.033208],[-98.199354,19.03995],[-98.200245,19.038422],[-98.206229,19.041515],[-98.210145,19.035145],[-98.217019,19.038758],[-98.216046,19.040461],[-98.217541,19.041254],[-98.219255,19.038507],[-98.220274,19.038591],[-98.223811,19.036153],[-98.221734,19.034325],[-98.223486,19.031713],[-98.225184,19.036602],[-98.22637,19.03754],[-98.225947,19.03844],[-98.225467,19.037997],[-98.230275,19.030359],[-98.242323,19.023153],[-98.24733,19.028133],[-98.245307,19.030702],[-98.242716,19.027243],[-98.240031,19.02567],[-98.240537,19.024203],[-98.244179,19.0231],[-98.242431,19.022715],[-98.229391,19.030577],[-98.22588,19.036682],[-98.223657,19.031601],[-98.219017,19.03855],[-98.214762,19.036281],[-98.205238,19.052751],[-98.208168,19.054319],[-98.207284,19.055807],[-98.201569,19.052875],[-98.200168,19.055197],[-98.192821,19.051309],[-98.194037,19.049057],[-98.192549,19.048248],[-98.191521,19.049843],[-98.182386,19.046115],[-98.180565,19.043738],[-98.180978,19.042997],[-98.159294,19.044041],[-98.156948,19.042974],[-98.148069,19.041661],[-98.140017,19.041791],[-98.136028,19.042624],[-98.135887,19.041101],[-98.13441,19.041273],[-98.130518,19.042673],[-98.13051,19.043773],[-98.13663,19.042794],[-98.136989,19.043608],[-98.134443,19.045084],[-98.127669,19.054247],[-98.123886,19.053862],[-98.135271,19.055578],[-98.132957,19.057324],[-98.135712,19.05945],[-98.13373,19.062562],[-98.12672,19.061942],[-98.130011,19.062416],[-98.130528,19.065207],[-98.128486,19.066473]]}},{"type":"Feature","properties":{"name":"RUTA 41 CIRCUITO"},"geometry":{"type":"LineString","coordinates":[[-98.128517,19.066484],[-98.130742,19.065929],[-98.135176,19.062904],[-98.136425,19.063047],[-98.126912,19.061862],[-98.135607,19.055564],[-98.123888,19.053869],[-98.136704,19.055866],[-98.140513,19.05572],[-98.146909,19.05291],[-98.147023,19.055966],[-98.150564,19.054281],[-98.155053,19.056644],[-98.154507,19.059874],[-98.156165,19.060104],[-98.157176,19.057438],[-98.162607,19.049816],[-98.165019,19.051057],[-98.166576,19.049535],[-98.165293,19.047744],[-98.168887,19.046382],[-98.168183,19.04323],[-98.182677,19.040029],[-98.183769,19.037918],[-98.188357,19.040224],[-98.190921,19.035638],[-98.199379,19.03994],[-98.200265,19.038421],[-98.211964,19.044458],[-98.213749,19.041427],[-98.216781,19.042862],[-98.217239,19.042106],[-98.214277,19.040427],[-98.21469,19.039735],[-98.217631,19.041328],[-98.219252,19.038497],[-98.220177,19.038648],[-98.224794,19.035655],[-98.226011,19.03931],[-98.232756,19.043068],[-98.229464,19.043838],[-98.214747,19.036282],[-98.209969,19.044277],[-98.198307,19.038289],[-98.197433,19.03982],[-98.191957,19.037095],[-98.19041,19.040142],[-98.182629,19.036273],[-98.180171,19.040447],[-98.180057,19.042846],[-98.16813,19.043612],[-98.168262,19.045365],[-98.164172,19.047719],[-98.167282,19.051003],[-98.166802,19.058179],[-98.16397,19.057247],[-98.160776,19.060038],[-98.158348,19.055445],[-98.155994,19.059961],[-98.154651,19.05979],[-98.15517,19.056606],[-98.150559,19.053986],[-98.147259,19.055802],[-98.147107,19.05266],[-98.140871,19.055531],[-98.136624,19.055688],[-98.123798,19.053859],[-98.135236,19.055632],[-98.132844,19.0574],[-98.135671,19.059467],[-98.133685,19.062552],[-98.126716,19.061885],[-98.130053,19.062406],[-98.130571,19.065178],[-98.128491,19.066445]]}},{"type":"Feature","properties":{"name":"RUTA 44 CIRCUITO"},"geometry":{"type":"LineString","coordinates":[[-98.128477,19.066462],[-98.128945,19.06687],[-98.135171,19.062906],[-98.136384,19.062911],[-98.126952,19.061862],[-98.13302,19.057488],[-98.137432,19.06066],[-98.139557,19.058628],[-98.140234,19.056038],[-98.143739,19.054632],[-98.143257,19.054224],[-98.14476,19.050629],[-98.147269,19.051259],[-98.150023,19.050211],[-98.149857,19.047919],[-98.147385,19.047576],[-98.147359,19.044504],[-98.142182,19.044512],[-98.143125,19.0445],[-98.143231,19.042045],[-98.148895,19.041933],[-98.154534,19.042897],[-98.16466,19.048003],[-98.172329,19.045126],[-98.180178,19.044485],[-98.18635,19.033161],[-98.199329,19.039929],[-98.200244,19.038399],[-98.20634,19.041552],[-98.210123,19.035092],[-98.217059,19.038772],[-98.216081,19.040448],[-98.217532,19.041273],[-98.219258,19.038382],[-98.220168,19.038525],[-98.223709,19.036134],[-98.221592,19.03443],[-98.223507,19.031743],[-98.225147,19.036437],[-98.226328,19.037489],[-98.226033,19.038398],[-98.225474,19.038017],[-98.229579,19.031143],[-98.242241,19.023172],[-98.248737,19.02885],[-98.248167,19.032788],[-98.245091,19.030692],[-98.243057,19.027584],[-98.239915,19.025501],[-98.23994,19.024632],[-98.242134,19.023264],[-98.243529,19.023819],[-98.244046,19.023257],[-98.242317,19.022701],[-98.230163,19.029964],[-98.225958,19.03667],[-98.223568,19.031535],[-98.219031,19.038541],[-98.214775,19.036275],[-98.210858,19.042766],[-98.199223,19.036784],[-98.197406,19.03981],[-98.191965,19.037108],[-98.190844,19.039338],[-98.186245,19.038008],[-98.184055,19.043333],[-98.179306,19.042829],[-98.159266,19.043996],[-98.156786,19.042949],[-98.145608,19.041731],[-98.145431,19.044407],[-98.142103,19.044373],[-98.14701,19.044567],[-98.146999,19.052473],[-98.139739,19.056098],[-98.13936,19.05851],[-98.137423,19.060428],[-98.135808,19.059333],[-98.133752,19.062516],[-98.130063,19.062137],[-98.13054,19.065171],[-98.128454,19.066435]]}},{"type":"Feature","properties":{"name":"RUTA 44 LAS CUARTILLAS - AZCARATE - GALAXIA LA CALERA IDA"},"geometry":{"type":"LineString","coordinates":[[-98.202699,19.072256],[-98.2086,19.064237],[-98.211763,19.066829],[-98.20276,19.073889],[-98.198952,19.065783],[-98.200327,19.065609],[-98.205947,19.055129],[-98.192531,19.048262],[-98.191564,19.04988],[-98.184847,19.04689],[-98.186376,19.044444],[-98.180986,19.042983],[-98.191838,19.023784],[-98.193131,19.013497],[-98.189842,19.011932],[-98.187673,19.009635],[-98.18017,19.008856],[-98.18035,19.003866],[-98.181409,19.002429],[-98.180458,19.000625],[-98.181065,18.998163],[-98.179617,18.99517],[-98.176276,18.991958],[-98.173218,18.993626],[-98.170751,18.991514],[-98.162011,18.990396],[-98.160853,18.993609],[-98.156708,18.996092],[-98.155666,18.99542],[-98.153455,18.995596],[-98.151985,18.997436]]}},{"type":"Feature","properties":{"name":"RUTA 44 LAS CUARTILLAS - AZCARATE - GALAXIA LA CALERA REGRESO"},"geometry":{"type":"LineString","coordinates":[[-98.151958,18.99732],[-98.151451,18.996535],[-98.148375,18.998046],[-98.15182,18.996984],[-98.150756,18.998821],[-98.150711,18.998247],[-98.152695,18.997815],[-98.152666,18.996522],[-98.153574,18.995626],[-98.156794,18.99618],[-98.161066,18.993584],[-98.162197,18.990945],[-98.170563,18.991607],[-98.172895,18.993858],[-98.17546,18.992111],[-98.176564,18.992231],[-98.17919,18.995003],[-98.180851,18.998162],[-98.180307,19.000674],[-98.181281,19.002501],[-98.180265,19.003823],[-98.179985,19.009039],[-98.187744,19.009931],[-98.189684,19.011947],[-98.192936,19.013541],[-98.191817,19.023077],[-98.190597,19.025149],[-98.192188,19.025985],[-98.187789,19.033878],[-98.206867,19.043738],[-98.198824,19.057513],[-98.202503,19.060353],[-98.201677,19.061856],[-98.203331,19.062863],[-98.202064,19.065236],[-98.199007,19.066367],[-98.20186,19.071603],[-98.20329,19.076746],[-98.202628,19.072296]]}},{"type":"Feature","properties":{"name":"RUTA 44 IDA"},"geometry":{"type":"LineString","coordinates":[[-98.202699,19.072256],[-98.2086,19.064237],[-98.211763,19.066829],[-98.20276,19.073889],[-98.198952,19.065783],[-98.200327,19.065609],[-98.205927,19.055137],[-98.19252,19.048262],[-98.191564,19.04988],[-98.184847,19.04689],[-98.186376,19.044444],[-98.180986,19.042983],[-98.191838,19.023784],[-98.193131,19.013497],[-98.189842,19.011932],[-98.187673,19.009635],[-98.18017,19.008856],[-98.18035,19.003866],[-98.181409,19.002429],[-98.180458,19.000625],[-98.180732,18.997421],[-98.176895,18.992223],[-98.17544,18.991939],[-98.173636,18.993539],[-98.172655,18.993515],[-98.173658,18.993685],[-98.175416,18.992147],[-98.176768,18.992342],[-98.179674,18.990755],[-98.183609,18.991041],[-98.184229,18.988796]]}},{"type":"Feature","properties":{"name":"RUTA 44 REGRESO"},"geometry":{"type":"LineString","coordinates":[[-98.18422,18.98877],[-98.183526,18.990976],[-98.179675,18.990646],[-98.176792,18.992416],[-98.180851,18.998162],[-98.180307,19.000674],[-98.181281,19.002501],[-98.180265,19.003823],[-98.179985,19.009039],[-98.187744,19.009931],[-98.189684,19.011947],[-98.192936,19.013541],[-98.191817,19.023077],[-98.190597,19.025149],[-98.192188,19.025985],[-98.187789,19.033878],[-98.206867,19.043738],[-98.198824,19.057513],[-98.202503,19.060353],[-98.201677,19.061856],[-98.203331,19.062863],[-98.202064,19.065236],[-98.199007,19.066367],[-98.20186,19.071603],[-98.20329,19.076746],[-98.202628,19.072296]]}},{"type":"Feature","properties":{"name":"RUTA 46 RAMAL SOLIDARIDAD IDA"},"geometry":{"type":"LineString","coordinates":[[-98.206487,19.024423],[-98.20734,19.024828],[-98.207709,19.02421],[-98.201282,19.020865],[-98.200246,19.023327],[-98.19868,19.02251],[-98.195516,19.030965],[-98.192443,19.036328],[-98.206935,19.043766],[-98.197926,19.059121],[-98.203279,19.062861],[-98.20192,19.065294],[-98.198278,19.065877],[-98.201914,19.071738],[-98.204675,19.081354],[-98.206283,19.090739],[-98.198608,19.089334],[-98.193971,19.090446],[-98.184146,19.096976],[-98.184566,19.090585],[-98.183553,19.097183],[-98.179127,19.0961],[-98.178636,19.097366],[-98.175567,19.095857],[-98.174805,19.09719]]}},{"type":"Feature","properties":{"name":"RUTA 46 RAMAL SOLIDARIDAD REGRESO"},"geometry":{"type":"LineString","coordinates":[[-98.174867,19.097234],[-98.175589,19.095934],[-98.178749,19.097474],[-98.179251,19.09619],[-98.183171,19.097164],[-98.183425,19.098218],[-98.183752,19.097322],[-98.193865,19.090597],[-98.198352,19.089425],[-98.200849,19.089758],[-98.201824,19.091988],[-98.206589,19.091315],[-98.204642,19.080572],[-98.20138,19.07022],[-98.199861,19.072185],[-98.196498,19.069976],[-98.196358,19.068778],[-98.191754,19.066426],[-98.198666,19.05447],[-98.195638,19.052866],[-98.196543,19.051312],[-98.192068,19.049018],[-98.191431,19.049882],[-98.184764,19.046887],[-98.190911,19.03557],[-98.194036,19.037137],[-98.195491,19.03465],[-98.197173,19.031615],[-98.195689,19.03087],[-98.19972,19.020077],[-98.206544,19.023726],[-98.206246,19.024287]]}},{"type":"Feature","properties":{"name":"RUTA 46 IDA"},"geometry":{"type":"LineString","coordinates":[[-98.207485,19.02492],[-98.209689,19.025498],[-98.200856,19.040645],[-98.206896,19.043778],[-98.197914,19.05914],[-98.203259,19.062882],[-98.201918,19.065271],[-98.198273,19.065881],[-98.201907,19.071765],[-98.204629,19.081211],[-98.206267,19.090722],[-98.198429,19.089347],[-98.193916,19.090489],[-98.187982,19.094274],[-98.189839,19.097978],[-98.187373,19.101172],[-98.189004,19.102398],[-98.188963,19.105341],[-98.190971,19.104699]]}},{"type":"Feature","properties":{"name":"RUTA 46 REGRESO"},"geometry":{"type":"LineString","coordinates":[[-98.190904,19.104653],[-98.188982,19.105245],[-98.189095,19.102455],[-98.188347,19.101564],[-98.190585,19.098624],[-98.189658,19.098335],[-98.188324,19.094155],[-98.194077,19.090492],[-98.198499,19.089393],[-98.200894,19.089818],[-98.201837,19.091972],[-98.206557,19.091366],[-98.204856,19.081339],[-98.201372,19.070174],[-98.199862,19.072168],[-98.196442,19.069915],[-98.196361,19.068834],[-98.191761,19.066436],[-98.198691,19.054461],[-98.195661,19.052845],[-98.196552,19.051333],[-98.192066,19.049032],[-98.19153,19.049932],[-98.18475,19.046872],[-98.190906,19.035567],[-98.194047,19.03713],[-98.195297,19.034974],[-98.197162,19.03159],[-98.195706,19.030842],[-98.199761,19.0201],[-98.206946,19.02396],[-98.20744,19.024896]]}},{"type":"Feature","properties":{"name":"RUTA 52 CIRCUITO"},"geometry":{"type":"LineString","coordinates":[[-98.127373,19.06753],[-98.12177,19.065334],[-98.122776,19.064574],[-98.12783,19.066241],[-98.129364,19.065932],[-98.128139,19.064037],[-98.128074,19.06197],[-98.126929,19.061841],[-98.131285,19.058732],[-98.132632,19.062554],[-98.136374,19.063044],[-98.133911,19.062568],[-98.133827,19.06197],[-98.135894,19.059343],[-98.13508,19.058748],[-98.13636,19.056427],[-98.139708,19.056989],[-98.139919,19.056224],[-98.153461,19.049299],[-98.158089,19.055188],[-98.16683,19.058299],[-98.167572,19.051082],[-98.171785,19.047463],[-98.185301,19.044392],[-98.191666,19.045883],[-98.209832,19.0552],[-98.210638,19.053697],[-98.218024,19.057632],[-98.21483,19.060522],[-98.215474,19.061172],[-98.214991,19.061631],[-98.216246,19.062268],[-98.214407,19.064818],[-98.202844,19.073843],[-98.198964,19.065776],[-98.200319,19.065609],[-98.205945,19.055125],[-98.192568,19.048253],[-98.1915,19.049886],[-98.188338,19.047983],[-98.182216,19.046021],[-98.181668,19.045165],[-98.171504,19.047432],[-98.16737,19.051051],[-98.166828,19.05817],[-98.163366,19.057436],[-98.160741,19.060075],[-98.159698,19.059153],[-98.159156,19.056507],[-98.153196,19.04784],[-98.154046,19.048442],[-98.152325,19.049809],[-98.139823,19.056057],[-98.139491,19.056979],[-98.136262,19.056322],[-98.133746,19.059929],[-98.13375,19.062516],[-98.130076,19.062212],[-98.130068,19.063691],[-98.127054,19.0638],[-98.125398,19.065282],[-98.122714,19.064324],[-98.12149,19.065272],[-98.127461,19.067591]]}},{"type":"Feature","properties":{"name":"RUTA 52 CIRCUITO VARIACION"},"geometry":{"type":"LineString","coordinates":[[-98.127373,19.06753],[-98.12177,19.065334],[-98.122776,19.064574],[-98.12783,19.066241],[-98.129364,19.065932],[-98.128139,19.064037],[-98.128074,19.06197],[-98.126929,19.061841],[-98.131285,19.058732],[-98.132632,19.062554],[-98.136374,19.063044],[-98.133911,19.062568],[-98.133827,19.06197],[-98.135894,19.059343],[-98.13508,19.058748],[-98.13636,19.056427],[-98.139708,19.056989],[-98.139919,19.056224],[-98.153461,19.049299],[-98.158089,19.055188],[-98.16683,19.058299],[-98.167572,19.051082],[-98.171785,19.047463],[-98.185301,19.044392],[-98.191748,19.045924],[-98.209856,19.055158],[-98.210665,19.053797],[-98.218024,19.057632],[-98.21483,19.060522],[-98.215474,19.061172],[-98.214991,19.061631],[-98.216246,19.062268],[-98.214407,19.064818],[-98.20351,19.073569],[-98.202675,19.073717],[-98.198767,19.065412],[-98.193513,19.072842],[-98.192108,19.072119],[-98.196152,19.065567],[-98.1994,19.06772],[-98.198907,19.068454],[-98.199812,19.069045],[-98.200338,19.068245],[-98.198916,19.06578],[-98.200339,19.065595],[-98.20594,19.055139],[-98.192555,19.04826],[-98.1915,19.049886],[-98.188338,19.047983],[-98.182216,19.046021],[-98.181668,19.045165],[-98.171504,19.047432],[-98.16737,19.051051],[-98.166828,19.05817],[-98.163366,19.057436],[-98.160741,19.060075],[-98.159698,19.059153],[-98.159156,19.056507],[-98.153196,19.04784],[-98.154046,19.048442],[-98.152325,19.049809],[-98.139823,19.056057],[-98.139491,19.056979],[-98.136262,19.056322],[-98.133746,19.059929],[-98.13375,19.062516],[-98.130076,19.062212],[-98.130068,19.063691],[-98.127054,19.0638],[-98.125398,19.065282],[-98.122714,19.064324],[-98.12149,19.065272],[-98.127461,19.067591]]}},{"type":"Feature","properties":{"name":"RUTA 54 \"A\" LA VISTA-CIUDAD UNIVERSITARIA-CENTRO"},"geometry":{"type":"LineString","coordinates":[[-98.191613,19.049836],[-98.184859,19.046895],[-98.190929,19.035628],[-98.19937,19.039966],[-98.210012,19.021872],[-98.205391,19.019182],[-98.208154,19.014355],[-98.20284,19.012168],[-98.204851,19.005959],[-98.207063,19.004486],[-98.215126,19.006107],[-98.216164,19.004434],[-98.219817,19.006463],[-98.221146,19.003978],[-98.224448,19.005623],[-98.227518,19.000358],[-98.234842,19.003765],[-98.240197,18.997738],[-98.234872,18.994835],[-98.238633,18.988758],[-98.245668,18.992685],[-98.249086,18.992833],[-98.251518,18.993897],[-98.24967,18.995933],[-98.251487,18.997034],[-98.249822,18.99889],[-98.250683,18.999296],[-98.250225,19.00039],[-98.250848,18.999295],[-98.250018,18.998847],[-98.25343,18.99509],[-98.257424,18.997642],[-98.260268,19.000565],[-98.260065,19.008422],[-98.263435,19.013344],[-98.264385,19.017569],[-98.263051,19.018322],[-98.262588,19.016365],[-98.262852,19.018323],[-98.261756,19.018816],[-98.258038,19.025171],[-98.254938,19.027671],[-98.255502,19.029759],[-98.259789,19.026789],[-98.261611,19.023878],[-98.263441,19.01856],[-98.261712,19.013143],[-98.263905,19.013129],[-98.263868,19.010758],[-98.264675,19.009456],[-98.267644,19.007502],[-98.273072,19.010722],[-98.267785,19.007468],[-98.26817,19.006544],[-98.26401,19.00899],[-98.262379,19.008875],[-98.260595,19.006887],[-98.260135,18.999393],[-98.253627,18.994328],[-98.249546,18.992556],[-98.244957,18.991863],[-98.235947,19.002316],[-98.23382,19.00134],[-98.23287,19.002724],[-98.225713,18.998971],[-98.227433,19.000302],[-98.224434,19.00557],[-98.221099,19.003883],[-98.219214,19.007356],[-98.217396,19.006157],[-98.206977,19.004376],[-98.204711,19.005785],[-98.202566,19.012289],[-98.20797,19.014431],[-98.206556,19.016995],[-98.209643,19.018605],[-98.206816,19.023859],[-98.209672,19.025507],[-98.200387,19.041314],[-98.191959,19.037148],[-98.187764,19.045085],[-98.191762,19.045965],[-98.1994,19.049847],[-98.198487,19.051332],[-98.192547,19.048291],[-98.19168,19.049825]]}},{"type":"Feature","properties":{"name":"RUTA 58 CIRCUITO"},"geometry":{"type":"LineString","coordinates":[[-98.134632,19.096733],[-98.139014,19.092925],[-98.137331,19.091513],[-98.138173,19.090397],[-98.136646,19.089244],[-98.141645,19.081832],[-98.144579,19.079082],[-98.140732,19.075441],[-98.145839,19.070493],[-98.143273,19.068483],[-98.147804,19.060504],[-98.150997,19.06269],[-98.151769,19.061998],[-98.153021,19.063413],[-98.154634,19.05991],[-98.156108,19.060131],[-98.158116,19.056045],[-98.159406,19.059417],[-98.160792,19.060331],[-98.16369,19.057604],[-98.166935,19.05829],[-98.167549,19.051085],[-98.17187,19.047419],[-98.17647,19.046101],[-98.185673,19.044431],[-98.191686,19.045918],[-98.199419,19.04985],[-98.198494,19.051353],[-98.192529,19.048256],[-98.191544,19.049894],[-98.188355,19.047971],[-98.182429,19.046127],[-98.181723,19.045197],[-98.172087,19.047114],[-98.167422,19.050958],[-98.167224,19.051994],[-98.162412,19.049728],[-98.155999,19.059968],[-98.154565,19.059815],[-98.153053,19.063275],[-98.15178,19.061879],[-98.15101,19.062588],[-98.147757,19.060401],[-98.143569,19.067193],[-98.143151,19.068496],[-98.145258,19.070633],[-98.13871,19.077086],[-98.140634,19.075538],[-98.144441,19.079107],[-98.14154,19.081835],[-98.136525,19.089249],[-98.138065,19.090424],[-98.137232,19.091536],[-98.138961,19.092857],[-98.134567,19.096778]]}},{"type":"Feature","properties":{"name":"RUTA 58 CIRCUITO"},"geometry":{"type":"LineString","coordinates":[[-98.134405,19.096894],[-98.139059,19.092852],[-98.137363,19.091524],[-98.138186,19.090392],[-98.136654,19.089243],[-98.141658,19.081834],[-98.144545,19.079107],[-98.140784,19.075468],[-98.150382,19.066332],[-98.154034,19.065676],[-98.158214,19.05606],[-98.159466,19.059584],[-98.160872,19.060367],[-98.163622,19.057652],[-98.166994,19.058244],[-98.167537,19.051158],[-98.171754,19.047496],[-98.185276,19.044437],[-98.19166,19.045887],[-98.199395,19.049828],[-98.198499,19.051367],[-98.192586,19.048239],[-98.191487,19.049839],[-98.18144,19.045263],[-98.17164,19.047336],[-98.16747,19.050872],[-98.167241,19.052005],[-98.162506,19.049584],[-98.156946,19.057428],[-98.153941,19.065588],[-98.149723,19.06652],[-98.138585,19.077236],[-98.140679,19.075564],[-98.144421,19.079099],[-98.141528,19.08184],[-98.136527,19.089267],[-98.138064,19.090437],[-98.137256,19.091521],[-98.138945,19.092871],[-98.134314,19.096828],[-98.131813,19.094561],[-98.131036,19.096935],[-98.128196,19.097621],[-98.124955,19.10181],[-98.123731,19.101389],[-98.117988,19.105547],[-98.123793,19.101479],[-98.125017,19.101946],[-98.128402,19.097618],[-98.131091,19.09708],[-98.13187,19.094684],[-98.134256,19.096896]]}},{"type":"Feature","properties":{"name":"RUTA 64A CIRCUITO"},"geometry":{"type":"LineString","coordinates":[[-98.214681,19.11243],[-98.214706,19.110938],[-98.21723,19.10976],[-98.214652,19.110862],[-98.214566,19.112569],[-98.217052,19.113409],[-98.215648,19.115391],[-98.216199,19.116652],[-98.214866,19.117416],[-98.216429,19.118983],[-98.219311,19.118643],[-98.216441,19.118854],[-98.214999,19.117333],[-98.21631,19.116709],[-98.215798,19.11546],[-98.21715,19.112977],[-98.214656,19.112475],[-98.214083,19.103721],[-98.213089,19.102985],[-98.214719,19.101333],[-98.212806,19.099646],[-98.215175,19.093099],[-98.20659,19.091158],[-98.202261,19.072089],[-98.198965,19.065788],[-98.200328,19.065645],[-98.212845,19.042953],[-98.215883,19.044501],[-98.219129,19.038646],[-98.214726,19.036286],[-98.206464,19.050396],[-98.203749,19.049034],[-98.19841,19.058145],[-98.197706,19.057593],[-98.19578,19.060082],[-98.202313,19.064474],[-98.201875,19.06524],[-98.198421,19.065512],[-98.195898,19.069376],[-98.198937,19.071667],[-98.197961,19.073014],[-98.197248,19.07249],[-98.199792,19.069072],[-98.201869,19.071775],[-98.204916,19.083052],[-98.208575,19.109277],[-98.211927,19.115156],[-98.215614,19.11645],[-98.217437,19.115356],[-98.218075,19.113151],[-98.216506,19.112844],[-98.216104,19.114588],[-98.214462,19.115049],[-98.215652,19.113489],[-98.214675,19.112482]]}},{"type":"Feature","properties":{"name":"RUTA 64A CIRCUITO"},"geometry":{"type":"LineString","coordinates":[[-98.214672,19.112445],[-98.214745,19.110947],[-98.217211,19.109766],[-98.214625,19.110929],[-98.214543,19.112765],[-98.215567,19.113555],[-98.214145,19.115078],[-98.216243,19.114594],[-98.216611,19.112941],[-98.217963,19.113495],[-98.216169,19.116667],[-98.214839,19.117223],[-98.212659,19.116252],[-98.208866,19.109342],[-98.204739,19.080788],[-98.202149,19.071706],[-98.199184,19.066216],[-98.200352,19.065614],[-98.21286,19.042942],[-98.21587,19.044502],[-98.219132,19.038639],[-98.21476,19.03626],[-98.206433,19.050397],[-98.203741,19.049031],[-98.198407,19.058157],[-98.197684,19.05762],[-98.195767,19.060056],[-98.202333,19.064453],[-98.201885,19.065251],[-98.198416,19.065531],[-98.195938,19.069213],[-98.198975,19.071687],[-98.197967,19.073028],[-98.197201,19.072477],[-98.199793,19.069069],[-98.201831,19.071662],[-98.204618,19.081516],[-98.206345,19.091375],[-98.215103,19.093228],[-98.212683,19.099633],[-98.214581,19.101342],[-98.212916,19.102988],[-98.214004,19.103794],[-98.214544,19.11257],[-98.217038,19.113006],[-98.216908,19.114251],[-98.215654,19.115384],[-98.216203,19.11666],[-98.214896,19.11745],[-98.21649,19.119035],[-98.219281,19.118643],[-98.21647,19.118879],[-98.215068,19.117486],[-98.216303,19.11672],[-98.215783,19.115459],[-98.216755,19.114715],[-98.217129,19.112962],[-98.214684,19.112505]]}},{"type":"Feature","properties":{"name":"Desvio Ruta 64B Barranca Honda - Benito Juarez - Centro"},"geometry":{"type":"LineString","coordinates":[[-98.203625,19.049313],[-98.20332,19.04988],[-98.208997,19.052876],[-98.206469,19.057269],[-98.201175,19.054641],[-98.200364,19.05492]]}},{"type":"Feature","properties":{"name":"RUTA 64B IDA"},"geometry":{"type":"LineString","coordinates":[[-98.221762,19.109398],[-98.221343,19.110298],[-98.222748,19.111338],[-98.223726,19.109572],[-98.225096,19.110155],[-98.227545,19.103181],[-98.225497,19.102272],[-98.226288,19.099613],[-98.217777,19.097733],[-98.216286,19.09517],[-98.214822,19.094631],[-98.215103,19.093064],[-98.206675,19.091221],[-98.202161,19.071705],[-98.201282,19.070157],[-98.199319,19.072839],[-98.19722,19.07251],[-98.200387,19.068263],[-98.198975,19.065799],[-98.200508,19.065265],[-98.212472,19.043586],[-98.210877,19.042737],[-98.209965,19.044293],[-98.20731,19.042923],[-98.196892,19.060785],[-98.202332,19.064454],[-98.2019,19.065267],[-98.198397,19.065499],[-98.195891,19.069282],[-98.197193,19.077749],[-98.197813,19.077842],[-98.196795,19.073068],[-98.198716,19.070448],[-98.202113,19.072681],[-98.204765,19.081905],[-98.2064,19.091352],[-98.21506,19.093208],[-98.21474,19.094632],[-98.216204,19.095268],[-98.217477,19.097759],[-98.220719,19.098532],[-98.220412,19.100731],[-98.221404,19.101046],[-98.220266,19.103435],[-98.221652,19.104947],[-98.218793,19.107329],[-98.222182,19.108386],[-98.221807,19.10928]]}},{"type":"Feature","properties":{"name":"RUTA 64B REGRESO"},"geometry":{"type":"LineString","coordinates":[[-98.221877,19.109306],[-98.222312,19.10833],[-98.218923,19.10726],[-98.221787,19.104962],[-98.220389,19.103444],[-98.221548,19.100984],[-98.220573,19.100634],[-98.220888,19.098378],[-98.217699,19.097638],[-98.216315,19.095168],[-98.214868,19.094642],[-98.215166,19.093088],[-98.206688,19.091189],[-98.204974,19.081864],[-98.20152,19.070428],[-98.19931,19.072818],[-98.197218,19.072571],[-98.200402,19.068289],[-98.198968,19.065792],[-98.200291,19.065634],[-98.212464,19.043612],[-98.210879,19.042747],[-98.209979,19.044265],[-98.207368,19.042913],[-98.19692,19.060789],[-98.202326,19.06446],[-98.2018,19.065281],[-98.198598,19.0654],[-98.19588,19.069313],[-98.197192,19.077748],[-98.197833,19.077957],[-98.196783,19.073066],[-98.198749,19.070412],[-98.202106,19.072692],[-98.206422,19.091326],[-98.215062,19.093183],[-98.214743,19.094671],[-98.216218,19.095337],[-98.217469,19.097775],[-98.226906,19.099973],[-98.226211,19.102642],[-98.227438,19.103189],[-98.225036,19.11006],[-98.223647,19.109472],[-98.222709,19.111243],[-98.221483,19.110262],[-98.221812,19.109453]]}},{"type":"Feature","properties":{"name":"RUTA 64B CIRCUITO"},"geometry":{"type":"LineString","coordinates":[[-98.199371,19.113428],[-98.198882,19.114161],[-98.199963,19.108246],[-98.198788,19.108],[-98.199784,19.102865],[-98.199223,19.102844],[-98.200986,19.099989],[-98.201555,19.09721],[-98.207258,19.096041],[-98.205085,19.08219],[-98.202096,19.071656],[-98.201206,19.070143],[-98.199338,19.072797],[-98.197248,19.072511],[-98.200332,19.068135],[-98.19899,19.0658],[-98.200244,19.065637],[-98.201035,19.064358],[-98.212444,19.043573],[-98.210868,19.042745],[-98.209956,19.044291],[-98.207354,19.042921],[-98.196903,19.060787],[-98.202311,19.064464],[-98.201896,19.065278],[-98.198461,19.06544],[-98.1959,19.069261],[-98.197213,19.077729],[-98.197818,19.078014],[-98.196765,19.073066],[-98.198711,19.070436],[-98.202091,19.072707],[-98.204833,19.082396],[-98.206966,19.096039],[-98.201479,19.096998],[-98.201002,19.099616],[-98.199087,19.102915],[-98.199635,19.102949],[-98.198653,19.108136],[-98.199816,19.108333],[-98.198746,19.114249],[-98.199417,19.113613]]}},{"type":"Feature","properties":{"name":"64B IDA"},"geometry":{"type":"LineString","coordinates":[[-98.199439,19.113432],[-98.200418,19.112455],[-98.202928,19.112921],[-98.206059,19.109182],[-98.204437,19.108515],[-98.206133,19.1092],[-98.208407,19.106211],[-98.205415,19.084289],[-98.202178,19.071729],[-98.201285,19.070153],[-98.199333,19.072804],[-98.197246,19.072509],[-98.200277,19.068275],[-98.198965,19.065808],[-98.200651,19.064985],[-98.212462,19.043586],[-98.210874,19.042741],[-98.209969,19.044287],[-98.207367,19.042919],[-98.196896,19.060774],[-98.20232,19.064433],[-98.201901,19.065247],[-98.19854,19.065419],[-98.195847,19.069362],[-98.197192,19.077753],[-98.197819,19.078059],[-98.196776,19.073046],[-98.198749,19.070489],[-98.2021,19.072691],[-98.204742,19.081672],[-98.206229,19.09076],[-98.200936,19.089797],[-98.198452,19.093281],[-98.201508,19.09633],[-98.200854,19.098999],[-98.202405,19.101143],[-98.206659,19.102903],[-98.206653,19.104152],[-98.203246,19.104582],[-98.20324,19.105391],[-98.199065,19.105706],[-98.198618,19.108142],[-98.199833,19.108324],[-98.199357,19.110882],[-98.201769,19.111317],[-98.201649,19.112081],[-98.199206,19.1117],[-98.198726,19.114227],[-98.199411,19.113615]]}},{"type":"Feature","properties":{"name":"TUTA 64B REGRESO"},"geometry":{"type":"LineString","coordinates":[[-98.199382,19.113422],[-98.198848,19.11416],[-98.199299,19.111805],[-98.200489,19.112006],[-98.200681,19.111028],[-98.199475,19.110823],[-98.199962,19.10824],[-98.19878,19.108013],[-98.199196,19.105804],[-98.203352,19.10546],[-98.203398,19.104684],[-98.206715,19.104308],[-98.206839,19.103209],[-98.20256,19.101095],[-98.201034,19.099001],[-98.201592,19.096303],[-98.199828,19.094891],[-98.200956,19.092074],[-98.20659,19.091394],[-98.205044,19.082062],[-98.201978,19.071256],[-98.201227,19.070166],[-98.199313,19.072801],[-98.197226,19.072506],[-98.200332,19.068118],[-98.198966,19.065812],[-98.200805,19.064819],[-98.212444,19.043588],[-98.210868,19.042729],[-98.209975,19.044254],[-98.207373,19.04292],[-98.196905,19.060781],[-98.202311,19.064453],[-98.201876,19.065264],[-98.198501,19.065461],[-98.19585,19.069815],[-98.197636,19.077995],[-98.196792,19.073049],[-98.198716,19.070428],[-98.202109,19.072711],[-98.204919,19.082846],[-98.208161,19.106156],[-98.205961,19.109115],[-98.204418,19.10863],[-98.205919,19.109226],[-98.202857,19.112822],[-98.200326,19.112372],[-98.199381,19.113315]]}},{"type":"Feature","properties":{"name":"RUTA 65 RAMAL CAMINO REAL - PLANTA VW - CAPU - CENTRO"},"geometry":{"type":"LineString","coordinates":[[-98.293128,19.13461],[-98.283199,19.116062],[-98.280097,19.120386],[-98.271748,19.114574],[-98.261206,19.124005],[-98.239049,19.102254],[-98.219493,19.090187],[-98.207929,19.087494],[-98.206239,19.086479],[-98.201324,19.070118],[-98.202253,19.073846],[-98.197721,19.073759],[-98.192712,19.07126],[-98.196593,19.064781],[-98.197494,19.06537],[-98.19845,19.063927],[-98.200491,19.065301],[-98.202572,19.061407],[-98.194373,19.055005],[-98.19788,19.049037],[-98.202422,19.051367],[-98.197406,19.05999],[-98.192697,19.056856],[-98.190621,19.065753],[-98.192022,19.068692],[-98.191265,19.070504],[-98.197299,19.073887],[-98.200858,19.074104],[-98.200843,19.075086],[-98.202759,19.075125],[-98.20469,19.081674],[-98.205302,19.087824],[-98.218154,19.089959],[-98.238363,19.102112],[-98.248235,19.112006],[-98.247672,19.113674],[-98.248818,19.11262],[-98.260914,19.125119],[-98.261865,19.124674],[-98.26144,19.123837],[-98.262157,19.122888],[-98.271763,19.114652],[-98.280102,19.120496],[-98.283142,19.116217],[-98.29306,19.134661]]}},{"type":"Feature","properties":{"name":"RUTA 65 RAMAL SAN FCO OCOTALN - PLANTA V.W - CAPU - CENTRO"},"geometry":{"type":"LineString","coordinates":[[-98.278572,19.137711],[-98.276969,19.135833],[-98.275187,19.138006],[-98.249034,19.111673],[-98.243736,19.121905],[-98.249011,19.111846],[-98.239646,19.102715],[-98.219877,19.09037],[-98.207725,19.087425],[-98.206039,19.08624],[-98.201317,19.070148],[-98.202223,19.073839],[-98.197758,19.07375],[-98.192715,19.071223],[-98.196599,19.064772],[-98.19746,19.065371],[-98.198463,19.063924],[-98.200495,19.065291],[-98.202592,19.061412],[-98.194378,19.055004],[-98.197875,19.049021],[-98.202434,19.051346],[-98.197417,19.059974],[-98.192725,19.056831],[-98.190606,19.065878],[-98.191998,19.068701],[-98.191241,19.070444],[-98.19728,19.073871],[-98.20089,19.074049],[-98.200828,19.075022],[-98.202742,19.075119],[-98.204791,19.081949],[-98.205164,19.087623],[-98.218745,19.0902],[-98.2387,19.102299],[-98.248183,19.111983],[-98.247067,19.114329],[-98.248643,19.112514],[-98.260912,19.125082],[-98.262316,19.124671],[-98.263707,19.126579],[-98.268865,19.130307],[-98.271331,19.124933],[-98.276986,19.135729],[-98.27807,19.135495],[-98.280316,19.129501],[-98.282775,19.131386],[-98.285133,19.138443],[-98.281393,19.143504],[-98.278691,19.137998]]}},{"type":"Feature","properties":{"name":"RUTA 65 OCOTLAN - SAN JACINTO GEOVILLAS - PLANTA V.W - CENTRO"},"geometry":{"type":"LineString","coordinates":[[-98.245112,19.152787],[-98.24704,19.155196],[-98.25691,19.157443],[-98.260548,19.149132],[-98.264947,19.143106],[-98.266903,19.142836],[-98.268607,19.141538],[-98.272132,19.133866],[-98.272901,19.133913],[-98.272644,19.134813],[-98.271892,19.134781],[-98.238887,19.102163],[-98.219675,19.090272],[-98.20624,19.086493],[-98.201299,19.070124],[-98.202237,19.073854],[-98.197658,19.073697],[-98.192726,19.071228],[-98.196592,19.06478],[-98.197493,19.065391],[-98.19846,19.063953],[-98.200489,19.06532],[-98.202589,19.061445],[-98.194391,19.054997],[-98.197897,19.049033],[-98.202473,19.051352],[-98.19741,19.059974],[-98.192728,19.05686],[-98.190583,19.065879],[-98.192024,19.068712],[-98.19126,19.070423],[-98.19702,19.073761],[-98.200889,19.074102],[-98.200857,19.075079],[-98.202748,19.075148],[-98.204832,19.082365],[-98.205236,19.087668],[-98.218428,19.090056],[-98.239049,19.102546],[-98.241176,19.104526],[-98.248242,19.112037],[-98.2425,19.124173],[-98.248553,19.112481],[-98.268868,19.132903],[-98.269832,19.13779],[-98.267956,19.142006],[-98.264547,19.142768],[-98.25823,19.139812],[-98.264792,19.142973],[-98.260288,19.149307],[-98.25692,19.157135],[-98.254443,19.157331],[-98.247065,19.155155],[-98.245106,19.152724]]}},{"type":"Feature","properties":{"name":"RUTA 65 RAMAL GEOVILLAS SAN JACINTO - PLANTA VW - CAPU - CENTRO"},"geometry":{"type":"LineString","coordinates":[[-98.245009,19.152827],[-98.246956,19.155154],[-98.255489,19.157378],[-98.262431,19.160383],[-98.267758,19.151384],[-98.265612,19.149999],[-98.267004,19.147321],[-98.263608,19.145495],[-98.264985,19.143124],[-98.268447,19.141745],[-98.272124,19.133888],[-98.272893,19.133973],[-98.272461,19.13493],[-98.271853,19.134677],[-98.238974,19.102201],[-98.219509,19.090114],[-98.207681,19.087368],[-98.206065,19.086244],[-98.201353,19.070155],[-98.202281,19.073824],[-98.197758,19.073729],[-98.192713,19.071237],[-98.196586,19.064809],[-98.197514,19.065381],[-98.198454,19.06393],[-98.200496,19.065309],[-98.202592,19.061419],[-98.194383,19.054988],[-98.197903,19.049022],[-98.202468,19.051363],[-98.197388,19.059962],[-98.192692,19.056854],[-98.190593,19.065903],[-98.192002,19.068607],[-98.191188,19.070231],[-98.197174,19.073828],[-98.200869,19.074067],[-98.200852,19.075084],[-98.202728,19.075101],[-98.204896,19.082777],[-98.205141,19.087611],[-98.218931,19.090294],[-98.239909,19.103251],[-98.248236,19.112081],[-98.242493,19.124169],[-98.248703,19.112539],[-98.268946,19.13316],[-98.269832,19.138032],[-98.267643,19.142075],[-98.264384,19.142617],[-98.258167,19.139852],[-98.264669,19.143046],[-98.263455,19.145434],[-98.266914,19.147351],[-98.265497,19.150025],[-98.267636,19.151488],[-98.262444,19.160267],[-98.255614,19.157343],[-98.247059,19.155155],[-98.244932,19.152785]]}},{"type":"Feature","properties":{"name":"RUTA 67 CIRCUITO"},"geometry":{"type":"LineString","coordinates":[[-98.117632,19.057094],[-98.115754,19.054138],[-98.114936,19.054257],[-98.114568,19.055374],[-98.114342,19.05404],[-98.115782,19.053885],[-98.115907,19.052416],[-98.11745,19.051033],[-98.120926,19.052575],[-98.121772,19.051872],[-98.123463,19.048255],[-98.121505,19.047416],[-98.123844,19.045298],[-98.140403,19.041957],[-98.14894,19.041939],[-98.154605,19.042893],[-98.165203,19.048375],[-98.167475,19.051022],[-98.171825,19.047457],[-98.185428,19.044421],[-98.191937,19.045979],[-98.202422,19.051407],[-98.201467,19.052928],[-98.192543,19.048235],[-98.191504,19.049879],[-98.188356,19.048005],[-98.18226,19.046071],[-98.180587,19.04375],[-98.18104,19.042974],[-98.172547,19.04328],[-98.172284,19.045098],[-98.173327,19.046735],[-98.167447,19.050815],[-98.164338,19.046556],[-98.166296,19.045375],[-98.166153,19.043746],[-98.159205,19.044028],[-98.156865,19.04297],[-98.148854,19.041716],[-98.140051,19.041736],[-98.124645,19.044559],[-98.121296,19.04747],[-98.123263,19.04828],[-98.121695,19.051753],[-98.120913,19.052462],[-98.117438,19.050903],[-98.115841,19.0522],[-98.11565,19.053834],[-98.113908,19.054664],[-98.114592,19.05549],[-98.115594,19.054203],[-98.117539,19.05717]]}},{"type":"Feature","properties":{"name":"RUTA 67 CIRCUITO"},"geometry":{"type":"LineString","coordinates":[[-98.089501,19.053135],[-98.094156,19.050896],[-98.095341,19.049377],[-98.096138,19.044808],[-98.0902,19.044548],[-98.089814,19.04165],[-98.09489,19.040829],[-98.099139,19.041797],[-98.116332,19.043085],[-98.116619,19.041702],[-98.116955,19.043139],[-98.121713,19.043538],[-98.124987,19.043383],[-98.126022,19.040809],[-98.130341,19.042831],[-98.130516,19.043757],[-98.140403,19.041957],[-98.14894,19.041939],[-98.154605,19.042893],[-98.160053,19.045276],[-98.165203,19.048375],[-98.167475,19.051022],[-98.171825,19.047457],[-98.185428,19.044421],[-98.191601,19.045868],[-98.202442,19.051368],[-98.201519,19.0529],[-98.19256,19.048245],[-98.191598,19.049902],[-98.188356,19.048005],[-98.18226,19.046071],[-98.180587,19.04375],[-98.18104,19.042974],[-98.180154,19.042856],[-98.172547,19.04328],[-98.172284,19.045098],[-98.173327,19.046735],[-98.167447,19.050815],[-98.164338,19.046556],[-98.166296,19.045375],[-98.166153,19.043746],[-98.159205,19.044028],[-98.156865,19.04297],[-98.148854,19.041716],[-98.140051,19.041736],[-98.130645,19.043569],[-98.130481,19.042768],[-98.125971,19.040698],[-98.124907,19.043332],[-98.121686,19.043457],[-98.117093,19.043112],[-98.116812,19.041662],[-98.116203,19.043021],[-98.099156,19.041746],[-98.095165,19.040754],[-98.089708,19.041598],[-98.090107,19.044652],[-98.093401,19.044761],[-98.092324,19.051734],[-98.0895,19.053054]]}},{"type":"Feature","properties":{"name":"RUTA 68A CIRCUITO"},"geometry":{"type":"LineString","coordinates":[[-98.099018,19.092716],[-98.109691,19.080141],[-98.113925,19.081868],[-98.115589,19.079204],[-98.112158,19.076865],[-98.117353,19.068786],[-98.134984,19.056049],[-98.139433,19.056921],[-98.153401,19.049355],[-98.158329,19.055558],[-98.162576,19.049774],[-98.164974,19.05102],[-98.166409,19.049673],[-98.167512,19.051148],[-98.172076,19.04736],[-98.176285,19.046157],[-98.185308,19.044417],[-98.193337,19.04678],[-98.191517,19.049855],[-98.181684,19.045197],[-98.176138,19.045982],[-98.171767,19.047212],[-98.16751,19.050839],[-98.164944,19.046933],[-98.158424,19.055176],[-98.153309,19.047823],[-98.153927,19.048588],[-98.151635,19.050299],[-98.139539,19.056682],[-98.136243,19.056155],[-98.134934,19.058606],[-98.132854,19.057285],[-98.117566,19.068248],[-98.112038,19.076907],[-98.115411,19.079244],[-98.113851,19.081755],[-98.109739,19.079958],[-98.107444,19.083044],[-98.10557,19.083207],[-98.101273,19.088236],[-98.102396,19.088936],[-98.098992,19.092778]]}},{"type":"Feature","properties":{"name":"RUTA 68A CIRCUITO"},"geometry":{"type":"LineString","coordinates":[[-98.099013,19.092743],[-98.107013,19.083596],[-98.103741,19.082971],[-98.105657,19.078266],[-98.109793,19.080083],[-98.111189,19.078373],[-98.11377,19.079812],[-98.114766,19.078298],[-98.112184,19.076864],[-98.117383,19.068762],[-98.135082,19.056055],[-98.139749,19.057028],[-98.139975,19.05621],[-98.153391,19.049321],[-98.158317,19.055547],[-98.162614,19.049798],[-98.165003,19.051045],[-98.166445,19.049713],[-98.167535,19.051142],[-98.17207,19.047353],[-98.176043,19.04624],[-98.185754,19.044473],[-98.193408,19.04675],[-98.191505,19.049877],[-98.18846,19.048053],[-98.182177,19.046033],[-98.181618,19.045189],[-98.176284,19.045899],[-98.171773,19.047205],[-98.167535,19.050804],[-98.164922,19.046934],[-98.158407,19.055206],[-98.153421,19.047861],[-98.153994,19.048496],[-98.151455,19.050393],[-98.13943,19.056764],[-98.136262,19.056203],[-98.134968,19.058629],[-98.132868,19.057258],[-98.117335,19.068516],[-98.111962,19.076913],[-98.115491,19.079268],[-98.113834,19.081793],[-98.109749,19.079937],[-98.10691,19.08358],[-98.105574,19.083221],[-98.101276,19.088221],[-98.102411,19.088935],[-98.099002,19.092806]]}},{"type":"Feature","properties":{"name":"RUTA 68A CIRCUITO"},"geometry":{"type":"LineString","coordinates":[[-98.072875,19.094587],[-98.076462,19.094802],[-98.084303,19.081811],[-98.08818,19.083617],[-98.087293,19.085081],[-98.091224,19.087156],[-98.096862,19.077256],[-98.095781,19.075629],[-98.09985,19.068015],[-98.10305,19.069718],[-98.105493,19.066556],[-98.101553,19.064592],[-98.095607,19.075761],[-98.096748,19.077087],[-98.091708,19.085604],[-98.094606,19.081945],[-98.095536,19.08129],[-98.096146,19.081823],[-98.097574,19.080375],[-98.101244,19.082626],[-98.103646,19.07707],[-98.109799,19.08008],[-98.113189,19.075339],[-98.109939,19.07323],[-98.113744,19.067315],[-98.116999,19.069339],[-98.135645,19.055698],[-98.141003,19.055702],[-98.143317,19.05491],[-98.16066,19.045706],[-98.165193,19.048357],[-98.167578,19.051031],[-98.171769,19.04745],[-98.185707,19.04444],[-98.191927,19.046007],[-98.208181,19.054304],[-98.207282,19.055833],[-98.19257,19.048242],[-98.191511,19.049899],[-98.184848,19.046881],[-98.186382,19.044448],[-98.185719,19.044258],[-98.171767,19.047255],[-98.1675,19.05079],[-98.164942,19.046905],[-98.161751,19.045021],[-98.162854,19.043915],[-98.15998,19.044006],[-98.157572,19.046932],[-98.143363,19.054648],[-98.140715,19.055548],[-98.135412,19.05555],[-98.124126,19.063216],[-98.116836,19.069193],[-98.113723,19.067227],[-98.109876,19.073286],[-98.113025,19.075346],[-98.109762,19.079945],[-98.103627,19.077025],[-98.101141,19.0825],[-98.096875,19.079235],[-98.091784,19.085573],[-98.096825,19.077335],[-98.095748,19.075674],[-98.099733,19.068092],[-98.103151,19.06973],[-98.105538,19.066482],[-98.101659,19.064505],[-98.095641,19.075569],[-98.096671,19.077324],[-98.091229,19.086945],[-98.087485,19.085008],[-98.088202,19.083502],[-98.084254,19.081612],[-98.076406,19.09465],[-98.072867,19.094452]]}},{"type":"Feature","properties":{"name":"RUTA 68B CIRCUITO"},"geometry":{"type":"LineString","coordinates":[[-98.116575,19.076765],[-98.121682,19.069881],[-98.124145,19.070955],[-98.122361,19.072723],[-98.117706,19.068561],[-98.119651,19.066817],[-98.121613,19.065469],[-98.127779,19.067859],[-98.121764,19.065334],[-98.135687,19.055643],[-98.140853,19.055774],[-98.143261,19.054936],[-98.153483,19.049298],[-98.158243,19.055607],[-98.162571,19.049789],[-98.16496,19.051055],[-98.166426,19.049714],[-98.16756,19.051091],[-98.172451,19.047221],[-98.185646,19.044381],[-98.191798,19.045948],[-98.206765,19.053594],[-98.205938,19.055154],[-98.192524,19.048252],[-98.191512,19.04991],[-98.188342,19.048001],[-98.18223,19.046063],[-98.181688,19.045191],[-98.171732,19.047247],[-98.167509,19.050801],[-98.16496,19.046929],[-98.158265,19.055203],[-98.153278,19.047855],[-98.154125,19.047974],[-98.153927,19.048695],[-98.151851,19.050146],[-98.143417,19.054624],[-98.140809,19.05557],[-98.13537,19.055538],[-98.121521,19.065259],[-98.127754,19.067826],[-98.121495,19.065248],[-98.119166,19.066948],[-98.11686,19.069217],[-98.119703,19.071834],[-98.120434,19.071114],[-98.122357,19.072846],[-98.124288,19.070939],[-98.121664,19.069771],[-98.116553,19.076667]]}},{"type":"Feature","properties":{"name":"RUTA 70 CIRCUITO"},"geometry":{"type":"LineString","coordinates":[[-98.189547,19.018763],[-98.192088,19.019734],[-98.191969,19.020926],[-98.1882,19.01882],[-98.187431,19.020199],[-98.186111,19.019506],[-98.186769,19.022873],[-98.185661,19.025789],[-98.186146,19.026076],[-98.179385,19.033933],[-98.178966,19.036308],[-98.177193,19.03547],[-98.175691,19.039521],[-98.170085,19.039373],[-98.168046,19.04297],[-98.168735,19.046427],[-98.171244,19.045518],[-98.172268,19.046847],[-98.167377,19.050969],[-98.167122,19.054152],[-98.170864,19.056132],[-98.172559,19.053825],[-98.176075,19.055467],[-98.177437,19.058555],[-98.181877,19.061938],[-98.166477,19.07833],[-98.165998,19.080444],[-98.178894,19.065779],[-98.185703,19.066152],[-98.186748,19.062349],[-98.187892,19.062791],[-98.18785,19.063668],[-98.190425,19.062773],[-98.191494,19.060951],[-98.189437,19.060436],[-98.192552,19.054949],[-98.191172,19.05377],[-98.19317,19.050562],[-98.196103,19.052136],[-98.197009,19.050566],[-98.192565,19.048236],[-98.19084,19.051238],[-98.193586,19.053636],[-98.195357,19.056606],[-98.194455,19.058006],[-98.191723,19.056258],[-98.189303,19.060409],[-98.188702,19.06025],[-98.187448,19.062484],[-98.186622,19.062316],[-98.185358,19.066974],[-98.182145,19.068871],[-98.180936,19.068091],[-98.179919,19.070154],[-98.176728,19.068104],[-98.182224,19.061889],[-98.177578,19.05843],[-98.175905,19.056038],[-98.176194,19.055461],[-98.172532,19.05371],[-98.170855,19.05598],[-98.167329,19.054117],[-98.167489,19.051183],[-98.168939,19.049827],[-98.166337,19.045357],[-98.169707,19.044123],[-98.169345,19.040977],[-98.170259,19.039404],[-98.174028,19.039361],[-98.174307,19.037839],[-98.171563,19.037692],[-98.171873,19.035988],[-98.175025,19.036348],[-98.176869,19.033505],[-98.177982,19.034042],[-98.177605,19.034796],[-98.180667,19.036293],[-98.181131,19.035443],[-98.180169,19.034842],[-98.180075,19.033538],[-98.186528,19.026054],[-98.18582,19.025682],[-98.186844,19.022856],[-98.186164,19.019628],[-98.188407,19.02082],[-98.189722,19.018499],[-98.192102,19.019663],[-98.191974,19.021213],[-98.198182,19.02433],[-98.199469,19.02073],[-98.201732,19.029973],[-98.201135,19.030622],[-98.202596,19.031177],[-98.201566,19.032858],[-98.20304,19.03359],[-98.204071,19.031719],[-98.20203,19.03022],[-98.199196,19.018207],[-98.19746,19.01893],[-98.192502,19.015912],[-98.192096,19.020218],[-98.189522,19.018814]]}},{"type":"Feature","properties":{"name":"RUTA 72 IDA"},"geometry":{"type":"LineString","coordinates":[[-98.164371,19.073638],[-98.165057,19.074064],[-98.166896,19.071975],[-98.168046,19.072919],[-98.167659,19.07382],[-98.169402,19.075253],[-98.166166,19.07866],[-98.166386,19.079993],[-98.182223,19.061972],[-98.177157,19.057836],[-98.171698,19.060489],[-98.168703,19.055755],[-98.167165,19.056033],[-98.16745,19.051268],[-98.172739,19.047137],[-98.176605,19.046084],[-98.181531,19.047054],[-98.182251,19.046323],[-98.180569,19.043772],[-98.190726,19.025423],[-98.196718,19.028138],[-98.204814,19.005974],[-98.207149,19.004467],[-98.217079,18.985435],[-98.218907,18.978778],[-98.218342,18.954209],[-98.217342,18.951228],[-98.217987,18.949387]]}},{"type":"Feature","properties":{"name":"RUTA 72 REGRESO"},"geometry":{"type":"LineString","coordinates":[[-98.217832,18.949324],[-98.217122,18.951219],[-98.218213,18.953876],[-98.218748,18.979383],[-98.216991,18.985168],[-98.213058,18.993697],[-98.211682,18.994914],[-98.206979,19.004309],[-98.204548,19.005938],[-98.197958,19.024221],[-98.200625,19.025705],[-98.201755,19.030011],[-98.192248,19.025781],[-98.18569,19.037728],[-98.182499,19.036162],[-98.180165,19.040407],[-98.179353,19.045658],[-98.171743,19.047233],[-98.167342,19.050986],[-98.16692,19.056282],[-98.168685,19.056011],[-98.171611,19.059901],[-98.171453,19.06131],[-98.177056,19.058111],[-98.181925,19.061936],[-98.170358,19.074943],[-98.169622,19.07515],[-98.167846,19.073742],[-98.168176,19.072819],[-98.166761,19.071617],[-98.165015,19.073829],[-98.161268,19.071031],[-98.164207,19.073504]]}},{"type":"Feature","properties":{"name":"RUTA 72 IDA"},"geometry":{"type":"LineString","coordinates":[[-98.164315,19.073542],[-98.165092,19.074059],[-98.166852,19.071962],[-98.16942,19.07527],[-98.165924,19.078984],[-98.16609,19.07997],[-98.166917,19.079831],[-98.182337,19.061684],[-98.188022,19.059184],[-98.194053,19.049028],[-98.192551,19.048216],[-98.191563,19.049826],[-98.184834,19.046899],[-98.195467,19.027626],[-98.196762,19.02813],[-98.198281,19.024129],[-98.192158,19.020969],[-98.193935,19.009373],[-98.20271,19.012405],[-98.204814,19.0059],[-98.194035,19.000945],[-98.194049,18.997329],[-98.195292,18.996505],[-98.19605,18.988777],[-98.200911,18.989374],[-98.201959,18.985442],[-98.204665,18.986151],[-98.206771,18.985111],[-98.215828,18.987224],[-98.2171,18.985425],[-98.218909,18.978645],[-98.218323,18.953924],[-98.217349,18.951072],[-98.217977,18.949375]]}},{"type":"Feature","properties":{"name":"RUTA 72 REGRESO"},"geometry":{"type":"LineString","coordinates":[[-98.217801,18.949351],[-98.217134,18.951161],[-98.218181,18.954056],[-98.218755,18.97895],[-98.216658,18.985743],[-98.215727,18.987098],[-98.206706,18.98499],[-98.204649,18.98603],[-98.202053,18.985277],[-98.20081,18.989238],[-98.195825,18.988592],[-98.19506,18.996436],[-98.193825,18.99749],[-98.19384,19.001072],[-98.204502,19.006079],[-98.202609,19.012169],[-98.193786,19.009119],[-98.191944,19.0212],[-98.200549,19.02565],[-98.201779,19.030002],[-98.196565,19.027858],[-98.185842,19.048149],[-98.188174,19.049583],[-98.188977,19.05421],[-98.190173,19.054515],[-98.189408,19.05649],[-98.187291,19.059411],[-98.183405,19.060358],[-98.16994,19.075078],[-98.167898,19.073789],[-98.168223,19.072865],[-98.166916,19.071693],[-98.164999,19.073821],[-98.16074,19.07061],[-98.16185,19.079813],[-98.162505,19.080986],[-98.165328,19.082524],[-98.174214,19.081896],[-98.216569,19.089447],[-98.221103,19.091515],[-98.22751,19.095954],[-98.229141,19.099132],[-98.226399,19.097939],[-98.226108,19.098473],[-98.228705,19.100927],[-98.230236,19.096212],[-98.229717,19.09114],[-98.234161,19.092317],[-98.230616,19.096525],[-98.229318,19.096509],[-98.218396,19.089706],[-98.180671,19.082607],[-98.172782,19.081317],[-98.167125,19.081261],[-98.162331,19.078262],[-98.161311,19.071391],[-98.164221,19.073486]]}},{"type":"Feature","properties":{"name":"RUTA 72 IDA"},"geometry":{"type":"LineString","coordinates":[[-98.164315,19.073542],[-98.165092,19.074059],[-98.166852,19.071962],[-98.16942,19.07527],[-98.165924,19.078984],[-98.16609,19.07997],[-98.166917,19.079831],[-98.182337,19.061684],[-98.188022,19.059184],[-98.194044,19.049023],[-98.192576,19.048217],[-98.191563,19.049826],[-98.190964,19.049602],[-98.188329,19.047969],[-98.182284,19.046053],[-98.180601,19.043763],[-98.19075,19.025424],[-98.196762,19.02813],[-98.198281,19.024129],[-98.192158,19.020969],[-98.193935,19.009373],[-98.20271,19.012405],[-98.204814,19.0059],[-98.194035,19.000945],[-98.194049,18.997329],[-98.195372,18.99581],[-98.207685,18.992322],[-98.208797,18.992735],[-98.211259,18.98597],[-98.215828,18.987224],[-98.2171,18.985425],[-98.218909,18.978645],[-98.218045,18.958611]]}},{"type":"Feature","properties":{"name":"RUTA 72 REGRESO"},"geometry":{"type":"LineString","coordinates":[[-98.218033,18.958533],[-98.218755,18.97895],[-98.216658,18.985743],[-98.215727,18.987098],[-98.21115,18.985819],[-98.208729,18.992471],[-98.207704,18.992124],[-98.195221,18.995657],[-98.193825,18.99749],[-98.19384,19.001072],[-98.204513,19.005886],[-98.202609,19.012169],[-98.193786,19.009119],[-98.192376,19.016717],[-98.191944,19.0212],[-98.200549,19.02565],[-98.201779,19.030002],[-98.192275,19.025755],[-98.185626,19.037691],[-98.182505,19.03617],[-98.180165,19.040403],[-98.179178,19.046449],[-98.187594,19.049008],[-98.188977,19.05421],[-98.190173,19.054515],[-98.189408,19.05649],[-98.187291,19.059411],[-98.183405,19.060358],[-98.16994,19.075078],[-98.167898,19.073789],[-98.168223,19.072865],[-98.166916,19.071693],[-98.164999,19.073821],[-98.160844,19.070359],[-98.161387,19.076161],[-98.162207,19.080551],[-98.165328,19.082524],[-98.174214,19.081896],[-98.197035,19.08558],[-98.21897,19.090259],[-98.228004,19.096452],[-98.228118,19.098199],[-98.229141,19.099132],[-98.226399,19.097939],[-98.226108,19.098473],[-98.228705,19.100927],[-98.230236,19.096212],[-98.229717,19.09114],[-98.234161,19.092317],[-98.230616,19.096525],[-98.229318,19.096509],[-98.218396,19.089706],[-98.180671,19.082607],[-98.172782,19.081317],[-98.167125,19.081261],[-98.162331,19.078262],[-98.161311,19.071391],[-98.164221,19.073486]]}},{"type":"Feature","properties":{"name":"RUTA 2000 IDA"},"geometry":{"type":"LineString","coordinates":[[-98.238416,18.988683],[-98.237372,18.990349],[-98.235191,18.988637],[-98.232751,18.993677],[-98.227876,18.991271],[-98.205452,19.032656],[-98.214205,19.0372],[-98.210364,19.043627],[-98.213381,19.045141],[-98.208132,19.054197],[-98.202401,19.051308],[-98.200147,19.055167],[-98.192837,19.051304],[-98.193676,19.049765],[-98.192084,19.048966],[-98.191535,19.049857],[-98.188339,19.047984],[-98.182238,19.046052],[-98.180594,19.043825],[-98.191883,19.023741],[-98.19315,19.013481],[-98.189782,19.011834],[-98.187513,19.009605],[-98.181658,19.009169]]}},{"type":"Feature","properties":{"name":"RUTA 2000 REGRESO"},"geometry":{"type":"LineString","coordinates":[[-98.181706,19.009261],[-98.187791,19.009998],[-98.189679,19.011986],[-98.192924,19.013572],[-98.191679,19.02357],[-98.180508,19.039797],[-98.179162,19.046453],[-98.187767,19.049061],[-98.188645,19.048542],[-98.191369,19.050069],[-98.19082,19.051363],[-98.194375,19.054525],[-98.195192,19.0537],[-98.198193,19.055364],[-98.200042,19.052174],[-98.205948,19.05519],[-98.213311,19.04207],[-98.207762,19.039153],[-98.216085,19.024935],[-98.210073,19.021804],[-98.211602,19.019691],[-98.213127,19.014725],[-98.21456,19.016344],[-98.22797,18.991359],[-98.230649,18.992637],[-98.234525,18.98644],[-98.238201,18.988504]]}},{"type":"Feature","properties":{"name":"RUTA 2000 IDA"},"geometry":{"type":"LineString","coordinates":[[-98.238416,18.988683],[-98.237372,18.990349],[-98.235191,18.988637],[-98.232751,18.993677],[-98.228634,18.991424],[-98.227641,18.991674],[-98.205452,19.032656],[-98.214205,19.0372],[-98.210364,19.043627],[-98.213381,19.045141],[-98.208132,19.054197],[-98.202401,19.051308],[-98.200147,19.055167],[-98.192837,19.051304],[-98.193676,19.049765],[-98.192084,19.048966],[-98.191535,19.049857],[-98.188339,19.047984],[-98.182238,19.046052],[-98.180594,19.043825],[-98.191883,19.023741],[-98.194263,19.007177],[-98.194008,18.997549],[-98.195338,18.996484],[-98.197482,18.974652]]}},{"type":"Feature","properties":{"name":"RUTA 2000 REGRESO"},"geometry":{"type":"LineString","coordinates":[[-98.197339,18.974648],[-98.19508,18.99644],[-98.193822,18.997431],[-98.19411,19.007156],[-98.191679,19.02357],[-98.180508,19.039797],[-98.179162,19.046453],[-98.187767,19.049061],[-98.188645,19.048542],[-98.191369,19.050069],[-98.19082,19.051363],[-98.194375,19.054525],[-98.195192,19.0537],[-98.198193,19.055364],[-98.200042,19.052174],[-98.205948,19.05519],[-98.213311,19.04207],[-98.207762,19.039153],[-98.216085,19.024935],[-98.210073,19.021804],[-98.211602,19.019691],[-98.213127,19.014725],[-98.21456,19.016344],[-98.22797,18.991359],[-98.230649,18.992637],[-98.234525,18.98644],[-98.238201,18.988504]]}},{"type":"Feature","properties":{"name":"Desvio Ruta 2000 Infonavit Loma Bella - Centro - Infonavit La Margarita. Sentido ote - pte"},"geometry":{"type":"LineString","coordinates":[[-98.198235,19.055212],[-98.20427,19.058188],[-98.206136,19.054777]]}},{"type":"Feature","properties":{"name":"Desvio Ruta 2000 Infonavit Loma Bella - Centro - Infonavit La Margarita. Sentido pte -ote"},"geometry":{"type":"LineString","coordinates":[[-98.208347,19.053934],[-98.206484,19.057226],[-98.201129,19.054638],[-98.200201,19.055241],[-98.192732,19.051312],[-98.193166,19.05055],[-98.190961,19.049622]]}},{"type":"Feature","properties":{"name":"DESVIO PROV ANTES DE 5 MAY"},"geometry":{"type":"LineString","coordinates":[[-98.189548,19.045256],[-98.189123,19.048572],[-98.188078,19.047914]]}},{"type":"Feature","properties":{"name":"RUTA APANGO IDA"},"geometry":{"type":"LineString","coordinates":[[-97.995687,19.05306],[-97.991748,19.059435],[-97.990658,19.058652],[-97.990904,19.057395],[-97.98017,19.055572],[-97.97593,19.055892],[-97.968564,19.055066],[-97.967214,19.056815],[-97.963841,19.054977],[-97.962921,19.056082],[-97.943278,19.06424],[-97.940528,19.067762],[-97.943689,19.064179],[-97.962765,19.056265],[-97.963903,19.055101],[-97.967274,19.05693],[-97.96859,19.05514],[-97.975837,19.055958],[-97.979788,19.055628],[-97.990814,19.057421],[-97.991078,19.059091],[-98.003307,19.067113],[-98.015733,19.062086],[-98.025045,19.053208],[-98.034836,19.046231],[-98.03678,19.038846],[-98.03904,19.039398],[-98.041731,19.04174],[-98.050155,19.042205],[-98.061725,19.045101],[-98.081702,19.043899],[-98.097392,19.044506],[-98.10504,19.046169],[-98.115611,19.046647],[-98.119342,19.0454],[-98.139866,19.042039],[-98.148528,19.04193],[-98.154641,19.042909],[-98.159696,19.045102],[-98.165333,19.048455],[-98.167423,19.051058],[-98.172222,19.047289],[-98.185063,19.044446],[-98.193385,19.046742],[-98.191488,19.04987],[-98.187987,19.047882],[-98.182234,19.046047],[-98.181726,19.045203],[-98.176266,19.045913],[-98.171556,19.047394],[-98.167536,19.050851],[-98.16494,19.046895],[-98.16174,19.045048],[-98.162741,19.043955],[-98.159277,19.044038],[-98.149272,19.041772],[-98.140336,19.041741],[-98.119798,19.045149],[-98.115841,19.046447],[-98.104312,19.045881],[-98.09723,19.044342],[-98.092113,19.044669],[-98.082368,19.043728],[-98.062064,19.044966],[-98.050052,19.042006],[-98.041824,19.041616],[-98.038859,19.03911],[-98.036741,19.038711],[-98.034624,19.04632],[-98.025012,19.053142],[-98.015653,19.062039],[-98.003375,19.066892],[-97.991825,19.059494],[-97.995728,19.052995]]}},{"type":"Feature","properties":{"name":"RUTA APANGO RAMAL AMOZOC - PUEBLA CIRCUITO"},"geometry":{"type":"LineString","coordinates":[[-98.04686,19.044235],[-98.046665,19.046289],[-98.041284,19.04597],[-98.041356,19.044937],[-98.038287,19.044687],[-98.03837,19.043459],[-98.035691,19.043226],[-98.036427,19.039045],[-98.038859,19.039253],[-98.041671,19.04171],[-98.049934,19.042135],[-98.062112,19.045137],[-98.082016,19.043888],[-98.097367,19.044483],[-98.105049,19.046134],[-98.115684,19.046629],[-98.119211,19.045399],[-98.140212,19.041938],[-98.148925,19.041934],[-98.154659,19.042887],[-98.159961,19.045166],[-98.165583,19.048658],[-98.16752,19.051041],[-98.172088,19.047313],[-98.185361,19.044384],[-98.193393,19.046739],[-98.191479,19.049888],[-98.188267,19.048002],[-98.182234,19.046084],[-98.181667,19.045222],[-98.176355,19.045942],[-98.171723,19.047306],[-98.167513,19.050875],[-98.164925,19.046929],[-98.161695,19.045009],[-98.162813,19.043942],[-98.159228,19.04404],[-98.156752,19.042975],[-98.148558,19.041742],[-98.140098,19.041758],[-98.119261,19.045238],[-98.115676,19.046463],[-98.10515,19.045997],[-98.097156,19.044353],[-98.092665,19.044683],[-98.08168,19.043732],[-98.062102,19.044984],[-98.049678,19.042006],[-98.047013,19.042089],[-98.046889,19.043951]]}},{"type":"Feature","properties":{"name":"RUTA APANGO RAMAL TLAXCO - CHACHAPA - TERMINAL 3"},"geometry":{"type":"LineString","coordinates":[[-97.99573,19.053138],[-98.004101,19.042676],[-98.006308,19.037484],[-98.005954,19.035755],[-98.017291,19.036314],[-98.037406,19.038921],[-98.041819,19.041759],[-98.050096,19.042176],[-98.062069,19.045182],[-98.081988,19.043915],[-98.091483,19.044773],[-98.096997,19.044468],[-98.105121,19.046167],[-98.114093,19.046394],[-98.101656,19.064434],[-98.105184,19.06448],[-98.108075,19.060112],[-98.112853,19.059452],[-98.114324,19.058203],[-98.115399,19.055225],[-98.117619,19.037365],[-98.124177,19.030667],[-98.129568,19.027137],[-98.135682,19.01602],[-98.13815,19.014804],[-98.142048,19.016364],[-98.145996,19.015382],[-98.14845,19.00837],[-98.150221,19.005813],[-98.173122,18.981927],[-98.175582,18.980341],[-98.186079,18.979806],[-98.18919,18.974907],[-98.191264,18.973228],[-98.192057,18.973392],[-98.192101,18.972611],[-98.189198,18.974275],[-98.185451,18.979861],[-98.175449,18.98011],[-98.173613,18.981041],[-98.149214,19.006618],[-98.145493,19.015449],[-98.142577,19.016172],[-98.138822,19.014482],[-98.135962,19.015432],[-98.128978,19.027284],[-98.125048,19.029524],[-98.117862,19.036556],[-98.115354,19.045551],[-98.105855,19.046028],[-98.097245,19.044343],[-98.092738,19.044665],[-98.082277,19.043723],[-98.062075,19.044967],[-98.04998,19.041995],[-98.041493,19.041521],[-98.037936,19.03886],[-98.016475,19.03605],[-98.005629,19.035475],[-98.006197,19.037488],[-98.003956,19.042749],[-97.995768,19.052999]]}},{"type":"Feature","properties":{"name":"RUTA AZTECA A EL ENCINAR - BARRIO DEL ALTO - LA NORIA Midi y Van"},"geometry":{"type":"LineString","coordinates":[[-98.139057,19.021544],[-98.144265,19.034015],[-98.148414,19.037933],[-98.148311,19.039612],[-98.156946,19.041412],[-98.156451,19.043706],[-98.165081,19.048261],[-98.167366,19.051018],[-98.171785,19.04745],[-98.185582,19.044404],[-98.19188,19.045989],[-98.206759,19.053613],[-98.213714,19.041375],[-98.221473,19.045196],[-98.223804,19.041009],[-98.220419,19.038464],[-98.22381,19.03619],[-98.221702,19.034365],[-98.22351,19.031714],[-98.224941,19.038111],[-98.231151,19.042272],[-98.228299,19.047338],[-98.21276,19.039639],[-98.209417,19.045077],[-98.212504,19.046647],[-98.209584,19.051876],[-98.206448,19.050556],[-98.20528,19.052809],[-98.208161,19.054309],[-98.20728,19.055825],[-98.192543,19.048262],[-98.191376,19.049842],[-98.184862,19.046927],[-98.186298,19.044516],[-98.18414,19.043405],[-98.179228,19.042869],[-98.159275,19.044019],[-98.157015,19.04301],[-98.148153,19.041658],[-98.148508,19.037865],[-98.143941,19.033011],[-98.139318,19.022559],[-98.139478,19.018718],[-98.137958,19.016268],[-98.143499,19.016539],[-98.146186,19.01526],[-98.149171,19.007228],[-98.164015,18.991285],[-98.171024,18.991759],[-98.173235,18.993777],[-98.175631,18.99206],[-98.177129,18.99277],[-98.175725,18.993504],[-98.176972,18.992364],[-98.175748,18.991874],[-98.173351,18.993594],[-98.170323,18.991387],[-98.164647,18.991038],[-98.169742,18.985807],[-98.169325,18.985183],[-98.149462,19.006332],[-98.145849,19.015033],[-98.144654,19.01596],[-98.142351,19.016189],[-98.139995,19.014506],[-98.137279,19.014297],[-98.139257,19.018772],[-98.139028,19.021226]]}},{"type":"Feature","properties":{"name":"RUTA AZTECA A EL ENCINAR - BARRIO DEL ALTO - LA NORIA"},"geometry":{"type":"LineString","coordinates":[[-98.139057,19.021544],[-98.144265,19.034015],[-98.148414,19.037933],[-98.148311,19.039612],[-98.156946,19.041412],[-98.156451,19.043706],[-98.165081,19.048261],[-98.167366,19.051018],[-98.171785,19.04745],[-98.185582,19.044404],[-98.191899,19.045991],[-98.206753,19.05359],[-98.213714,19.041375],[-98.221473,19.045196],[-98.223804,19.041009],[-98.220419,19.038464],[-98.22381,19.03619],[-98.221702,19.034365],[-98.22351,19.031714],[-98.224941,19.038111],[-98.231151,19.042272],[-98.228299,19.047338],[-98.21276,19.039639],[-98.209417,19.045077],[-98.212504,19.046647],[-98.210376,19.050322],[-98.207388,19.048824],[-98.205268,19.052798],[-98.20814,19.054295],[-98.207269,19.05585],[-98.192553,19.048254],[-98.191443,19.049833],[-98.184836,19.046879],[-98.186391,19.044506],[-98.184163,19.043367],[-98.180037,19.042828],[-98.159275,19.044019],[-98.157015,19.04301],[-98.148153,19.041658],[-98.148508,19.037865],[-98.143941,19.033011],[-98.139318,19.022559],[-98.139478,19.018718],[-98.137958,19.016268],[-98.143499,19.016539],[-98.146186,19.01526],[-98.149171,19.007228],[-98.164015,18.991285],[-98.171024,18.991759],[-98.173235,18.993777],[-98.175631,18.99206],[-98.177129,18.99277],[-98.175725,18.993504],[-98.176972,18.992364],[-98.175748,18.991874],[-98.173351,18.993594],[-98.170323,18.991387],[-98.164647,18.991038],[-98.169742,18.985807],[-98.169325,18.985183],[-98.149462,19.006332],[-98.145849,19.015033],[-98.144654,19.01596],[-98.142351,19.016189],[-98.139995,19.014506],[-98.137279,19.014297],[-98.139257,19.018772],[-98.139028,19.021226]]}},{"type":"Feature","properties":{"name":"RUTA AZTECA A CIRCUITO"},"geometry":{"type":"LineString","coordinates":[[-98.146863,19.027929],[-98.146689,19.030155],[-98.148665,19.030129],[-98.148711,19.031723],[-98.149913,19.031822],[-98.147581,19.036516],[-98.148917,19.037125],[-98.14833,19.039618],[-98.156914,19.041407],[-98.156449,19.04367],[-98.165429,19.048533],[-98.167497,19.05113],[-98.172552,19.047185],[-98.185359,19.044383],[-98.192078,19.046071],[-98.206722,19.05362],[-98.213735,19.041391],[-98.2215,19.045199],[-98.223856,19.040971],[-98.220442,19.038486],[-98.223409,19.036678],[-98.224023,19.037223],[-98.223487,19.038661],[-98.220273,19.043394],[-98.212733,19.039658],[-98.209429,19.045105],[-98.212463,19.046631],[-98.210339,19.050324],[-98.20729,19.048819],[-98.205235,19.052804],[-98.208152,19.054302],[-98.207275,19.055827],[-98.19255,19.048246],[-98.191405,19.049831],[-98.184853,19.046873],[-98.186355,19.044515],[-98.183886,19.043282],[-98.180068,19.042833],[-98.159239,19.043915],[-98.148153,19.04166],[-98.148506,19.038038],[-98.149863,19.036029],[-98.149021,19.035585],[-98.150757,19.032131],[-98.148807,19.031598],[-98.148735,19.030043],[-98.146755,19.030079],[-98.146958,19.02787]]}},{"type":"Feature","properties":{"name":"RUTA AZTECA B ramal 1_Sentido 1  (VARIANTE Midibús y Van)"},"geometry":{"type":"LineString","coordinates":[[-98.12269,19.032565],[-98.125884,19.034545],[-98.128558,19.032535],[-98.129015,19.034965],[-98.130859,19.03554],[-98.13217,19.033506],[-98.133496,19.033625],[-98.133325,19.027051],[-98.135042,19.026782],[-98.135869,19.02913],[-98.136835,19.028983],[-98.136341,19.031244],[-98.139248,19.033375],[-98.144514,19.034405],[-98.145177,19.035185],[-98.145687,19.039595],[-98.149673,19.039666],[-98.15693,19.041423],[-98.15648,19.043729],[-98.165203,19.048368],[-98.167444,19.051069],[-98.171827,19.047433],[-98.185452,19.044389],[-98.191886,19.045977],[-98.206757,19.053602],[-98.213709,19.041375],[-98.221458,19.045176],[-98.229644,19.031071],[-98.259873,19.012306],[-98.26201,19.012172],[-98.263742,19.014221],[-98.264119,19.01617],[-98.264232,19.018111],[-98.26299,19.018256],[-98.262974,19.016783],[-98.266746,19.016271],[-98.265609,19.017904],[-98.265167,19.016484],[-98.266968,19.016131],[-98.262647,19.016568],[-98.262815,19.01833],[-98.261717,19.018848],[-98.258665,19.024116]]}},{"type":"Feature","properties":{"name":"RUTA AZTECA B Ramal 1 Sentido 2  (VARIANTE Midibús y Van)"},"geometry":{"type":"LineString","coordinates":[[-98.258744,19.024228],[-98.254934,19.027673],[-98.255575,19.030382],[-98.259469,19.027112],[-98.261628,19.023877],[-98.261923,19.0227],[-98.260269,19.021589],[-98.261762,19.019055],[-98.264404,19.018594],[-98.262959,19.018285],[-98.262808,19.016834],[-98.266999,19.016359],[-98.265264,19.01786],[-98.26505,19.016553],[-98.267022,19.016036],[-98.264875,19.016004],[-98.264104,19.011561],[-98.264632,19.009872],[-98.281142,18.99917],[-98.28211,18.998764],[-98.282229,18.999303],[-98.281211,18.997812],[-98.230165,19.02996],[-98.225353,19.037532],[-98.222537,19.039499],[-98.220298,19.043426],[-98.212742,19.039653],[-98.205281,19.052847],[-98.206753,19.053597],[-98.205911,19.055124],[-98.192582,19.04826],[-98.191482,19.049895],[-98.184823,19.046889],[-98.186392,19.044478],[-98.180862,19.042947],[-98.17254,19.043278],[-98.172358,19.045014],[-98.173342,19.046801],[-98.171193,19.047664],[-98.16747,19.050814],[-98.16495,19.046894],[-98.161713,19.045036],[-98.162928,19.043939],[-98.159277,19.043971],[-98.148136,19.041605],[-98.148449,19.037805],[-98.144656,19.034355],[-98.139379,19.033335],[-98.13636,19.031132],[-98.136916,19.028892],[-98.135908,19.028982],[-98.135087,19.026661],[-98.133214,19.026943],[-98.133431,19.033548],[-98.132109,19.033402],[-98.130829,19.035481],[-98.129115,19.034867],[-98.128607,19.032406],[-98.127612,19.033486],[-98.125784,19.032233],[-98.124549,19.033646],[-98.122755,19.032508]]}},{"type":"Feature","properties":{"name":"RUTA AZTECA B ramal 1_Sentido 1"},"geometry":{"type":"LineString","coordinates":[[-98.12269,19.032565],[-98.125884,19.034545],[-98.128558,19.032535],[-98.129015,19.034965],[-98.130859,19.03554],[-98.13217,19.033506],[-98.133496,19.033625],[-98.133325,19.027051],[-98.135042,19.026782],[-98.135869,19.02913],[-98.136835,19.028983],[-98.136341,19.031244],[-98.139248,19.033375],[-98.144514,19.034405],[-98.145177,19.035185],[-98.145687,19.039595],[-98.149673,19.039666],[-98.15693,19.041423],[-98.15648,19.043729],[-98.165203,19.048368],[-98.167444,19.051069],[-98.171827,19.047433],[-98.185452,19.044389],[-98.191875,19.045992],[-98.206762,19.053581],[-98.213709,19.041375],[-98.221458,19.045176],[-98.229644,19.031071],[-98.259873,19.012306],[-98.26201,19.012172],[-98.263742,19.014221],[-98.264119,19.01617],[-98.264232,19.018111],[-98.26299,19.018256],[-98.262974,19.016783],[-98.266746,19.016271],[-98.265609,19.017904],[-98.265167,19.016484],[-98.266968,19.016131],[-98.262647,19.016568],[-98.262815,19.01833],[-98.261717,19.018848],[-98.258665,19.024116]]}},{"type":"Feature","properties":{"name":"RUTA AZTECA B Ramal 1 Sentido 2"},"geometry":{"type":"LineString","coordinates":[[-98.258744,19.024228],[-98.254934,19.027673],[-98.255575,19.030382],[-98.259469,19.027112],[-98.261628,19.023877],[-98.261923,19.0227],[-98.260269,19.021589],[-98.261762,19.019055],[-98.264404,19.018594],[-98.262959,19.018285],[-98.262808,19.016834],[-98.266999,19.016359],[-98.265264,19.01786],[-98.26505,19.016553],[-98.267022,19.016036],[-98.264875,19.016004],[-98.264104,19.011561],[-98.264632,19.009872],[-98.281142,18.99917],[-98.28211,18.998764],[-98.282229,18.999303],[-98.281211,18.997812],[-98.230165,19.02996],[-98.225353,19.037532],[-98.222537,19.039499],[-98.220298,19.043426],[-98.212742,19.039653],[-98.20528,19.05278],[-98.206719,19.053602],[-98.205914,19.055102],[-98.192555,19.048232],[-98.191387,19.049808],[-98.184823,19.046889],[-98.186392,19.044478],[-98.180862,19.042947],[-98.17254,19.043278],[-98.172276,19.045017],[-98.173298,19.046751],[-98.16747,19.050814],[-98.16495,19.046894],[-98.161713,19.045036],[-98.162928,19.043939],[-98.159277,19.043971],[-98.148136,19.041605],[-98.148449,19.037805],[-98.144656,19.034355],[-98.139379,19.033335],[-98.13636,19.031132],[-98.136916,19.028892],[-98.135908,19.028982],[-98.135087,19.026661],[-98.133214,19.026943],[-98.133431,19.033548],[-98.132109,19.033402],[-98.130829,19.035481],[-98.129115,19.034867],[-98.128607,19.032406],[-98.127612,19.033486],[-98.125784,19.032233],[-98.124549,19.033646],[-98.122755,19.032508]]}},{"type":"Feature","properties":{"name":"RECORRIDO EXTRA"},"geometry":{"type":"LineString","coordinates":[[-98.11778,19.037292],[-98.120683,19.036164],[-98.124147,19.037975],[-98.130682,19.039852],[-98.130777,19.041171],[-98.133603,19.040267],[-98.133641,19.041596],[-98.148142,19.040919],[-98.14838,19.039651],[-98.145668,19.039518],[-98.14545,19.035444],[-98.144646,19.034394],[-98.139477,19.033389],[-98.136367,19.031149],[-98.136907,19.028908],[-98.135961,19.029031],[-98.135043,19.026679],[-98.133258,19.027008],[-98.133442,19.033544],[-98.132147,19.033414],[-98.130861,19.035489],[-98.129086,19.034855],[-98.128596,19.032483],[-98.127607,19.033493],[-98.125747,19.032275],[-98.124568,19.033641],[-98.12246,19.032536],[-98.125881,19.034496],[-98.12856,19.032538],[-98.129028,19.034914],[-98.130804,19.035553],[-98.132173,19.033461],[-98.133492,19.033587],[-98.132893,19.030442],[-98.133605,19.028973],[-98.133301,19.027062],[-98.135024,19.026771],[-98.135895,19.029061],[-98.136904,19.029048],[-98.136277,19.031131],[-98.139357,19.033411],[-98.144583,19.03444],[-98.145375,19.035545],[-98.145614,19.039479],[-98.14826,19.039611],[-98.148082,19.040832],[-98.133632,19.041515],[-98.133633,19.040226],[-98.130796,19.041118],[-98.130768,19.03978],[-98.12417,19.037944],[-98.120694,19.036139],[-98.117749,19.037306]]}},{"type":"Feature","properties":{"name":"RUTA AZTECA C CIRCUITO"},"geometry":{"type":"LineString","coordinates":[[-98.126305,19.071904],[-98.127063,19.070469],[-98.129059,19.071273],[-98.12599,19.074005],[-98.128238,19.075417],[-98.130762,19.072188],[-98.133382,19.072678],[-98.134917,19.070689],[-98.136367,19.071941],[-98.144672,19.060715],[-98.145919,19.059383],[-98.147191,19.059496],[-98.147237,19.056026],[-98.150463,19.054281],[-98.154386,19.056195],[-98.156728,19.053706],[-98.158446,19.055331],[-98.162603,19.049772],[-98.164992,19.051055],[-98.166584,19.049565],[-98.16532,19.047728],[-98.172336,19.045105],[-98.179049,19.04413],[-98.179444,19.045872],[-98.185344,19.044415],[-98.190205,19.045367],[-98.206747,19.053574],[-98.213745,19.041392],[-98.22144,19.045206],[-98.230084,19.030655],[-98.260381,19.012102],[-98.262036,19.012231],[-98.263498,19.013729],[-98.264358,19.017881],[-98.262988,19.018258],[-98.262884,19.016846],[-98.266835,19.016294],[-98.265922,19.017844],[-98.265169,19.017717],[-98.265134,19.016525],[-98.26701,19.016078],[-98.262678,19.01639],[-98.262866,19.018358],[-98.261746,19.018756],[-98.257983,19.02524],[-98.254959,19.027631],[-98.256147,19.032584],[-98.25499,19.032256],[-98.257657,19.038054],[-98.258748,19.036164],[-98.261674,19.037356],[-98.263262,19.034525],[-98.268518,19.035778],[-98.263275,19.034445],[-98.26213,19.036319],[-98.259212,19.035101],[-98.257689,19.037916],[-98.254912,19.031029],[-98.259599,19.027013],[-98.261539,19.024024],[-98.261893,19.022679],[-98.260269,19.021626],[-98.261931,19.018899],[-98.26271,19.019371],[-98.264405,19.018635],[-98.262937,19.018107],[-98.262821,19.016852],[-98.266924,19.016474],[-98.265914,19.017904],[-98.26517,19.017798],[-98.265078,19.016456],[-98.267031,19.016062],[-98.264899,19.015949],[-98.264076,19.011327],[-98.264885,19.009268],[-98.282333,18.99892],[-98.281767,18.999362],[-98.280996,18.997836],[-98.268908,19.00615],[-98.230081,19.029978],[-98.22546,19.03737],[-98.222511,19.039417],[-98.220297,19.043446],[-98.212713,19.03965],[-98.205286,19.052839],[-98.206782,19.053584],[-98.205915,19.05515],[-98.192551,19.048243],[-98.191542,19.049867],[-98.184897,19.046905],[-98.186461,19.044425],[-98.18404,19.043331],[-98.179387,19.042807],[-98.168087,19.043582],[-98.168305,19.045349],[-98.16471,19.047116],[-98.158406,19.055084],[-98.157082,19.053597],[-98.15417,19.052603],[-98.152672,19.055168],[-98.150523,19.053942],[-98.146935,19.055778],[-98.146874,19.059474],[-98.145758,19.059348],[-98.144416,19.060779],[-98.136322,19.071783],[-98.134913,19.070535],[-98.133346,19.072532],[-98.131087,19.071651],[-98.128198,19.075295],[-98.126114,19.074009],[-98.129145,19.071158],[-98.126924,19.070362],[-98.126267,19.071854]]}},{"type":"Feature","properties":{"name":"RUTS CSJ CIRCUITO"},"geometry":{"type":"LineString","coordinates":[[-98.246504,19.059544],[-98.244916,19.059457],[-98.245857,19.053964],[-98.239924,19.053155],[-98.238165,19.055687],[-98.238922,19.056066],[-98.23839,19.056875],[-98.237409,19.056456],[-98.236422,19.063911],[-98.23859,19.072212],[-98.238983,19.078116],[-98.238142,19.08877],[-98.235198,19.092297],[-98.222341,19.088867],[-98.215063,19.088177],[-98.214431,19.089821],[-98.215295,19.090543],[-98.213828,19.092884],[-98.215252,19.093147],[-98.216556,19.091313],[-98.214568,19.089943],[-98.21513,19.088241],[-98.205689,19.085344],[-98.205056,19.082201],[-98.20504,19.084276],[-98.199569,19.085203],[-98.196821,19.073065],[-98.198303,19.071114],[-98.19605,19.069349],[-98.193489,19.072831],[-98.189339,19.07065],[-98.200951,19.05058],[-98.206769,19.053566],[-98.212437,19.043613],[-98.208241,19.041391],[-98.197861,19.059124],[-98.203241,19.062901],[-98.201891,19.065258],[-98.199115,19.066089],[-98.198626,19.065435],[-98.195767,19.069467],[-98.197151,19.077719],[-98.197753,19.077812],[-98.196777,19.073037],[-98.198726,19.070466],[-98.202091,19.072722],[-98.205094,19.08438],[-98.213824,19.08702],[-98.213559,19.087802],[-98.215033,19.088283],[-98.214466,19.089785],[-98.215329,19.090524],[-98.213881,19.092864],[-98.215211,19.093124],[-98.216518,19.091321],[-98.214531,19.08991],[-98.215097,19.088292],[-98.222196,19.088958],[-98.235355,19.092387],[-98.238281,19.088968],[-98.238935,19.081302],[-98.238655,19.071825],[-98.236597,19.064072],[-98.238162,19.052533],[-98.240939,19.053762],[-98.245685,19.054126],[-98.244786,19.059542],[-98.246427,19.059566]]}},{"type":"Feature","properties":{"name":"Desvio CSJ Santa Cruz Buenavista - San Jeronimo Caleras - Barrio de Santiago"},"geometry":{"type":"LineString","coordinates":[[-98.198122,19.055448],[-98.204251,19.058201],[-98.206203,19.054606]]}},{"type":"Feature","properties":{"name":"RUTA FABRICAS XONACA CIRCUITO"},"geometry":{"type":"LineString","coordinates":[[-98.199356,19.110882],[-98.199124,19.112117],[-98.197988,19.111936],[-98.198762,19.108001],[-98.195928,19.107754],[-98.197271,19.095518],[-98.198472,19.093377],[-98.200113,19.094272],[-98.201093,19.091593],[-98.203629,19.091905],[-98.20457,19.091075],[-98.2047,19.090441],[-98.201289,19.089839],[-98.200699,19.088715],[-98.204259,19.084143],[-98.199619,19.085231],[-98.197532,19.076831],[-98.192749,19.074313],[-98.193611,19.072879],[-98.189327,19.070652],[-98.200958,19.050591],[-98.206789,19.053604],[-98.21244,19.043618],[-98.208227,19.041405],[-98.206851,19.043765],[-98.212464,19.046646],[-98.20729,19.05581],[-98.201538,19.052932],[-98.198824,19.057539],[-98.202485,19.060355],[-98.201695,19.06184],[-98.203218,19.062874],[-98.201908,19.06522],[-98.198948,19.066197],[-98.201038,19.070542],[-98.199839,19.072123],[-98.195956,19.069347],[-98.192085,19.075008],[-98.197631,19.077951],[-98.199667,19.086409],[-98.198299,19.089386],[-98.20085,19.089828],[-98.19723,19.095305],[-98.196161,19.101179],[-98.196679,19.102995],[-98.195779,19.107858],[-98.198613,19.108131],[-98.197891,19.111993],[-98.199206,19.112232],[-98.199455,19.110873]]}},{"type":"Feature","properties":{"name":"RUTA FABRICAS XONACA VARIANTE ITINERARIO CIRCUITO"},"geometry":{"type":"LineString","coordinates":[[-98.199356,19.110882],[-98.199124,19.112117],[-98.197988,19.111936],[-98.198762,19.108001],[-98.195928,19.107754],[-98.197271,19.095518],[-98.198472,19.093377],[-98.200113,19.094272],[-98.201093,19.091593],[-98.203629,19.091905],[-98.20457,19.091075],[-98.2047,19.090441],[-98.201289,19.089839],[-98.200699,19.088715],[-98.204259,19.084143],[-98.199619,19.085231],[-98.197532,19.076831],[-98.192749,19.074313],[-98.193611,19.072879],[-98.192158,19.072118],[-98.194697,19.067913],[-98.191864,19.066406],[-98.2068,19.040764],[-98.208159,19.041483],[-98.198824,19.057539],[-98.202485,19.060355],[-98.201695,19.06184],[-98.203218,19.062874],[-98.201908,19.06522],[-98.198948,19.066197],[-98.201038,19.070542],[-98.199859,19.072138],[-98.195956,19.069347],[-98.192085,19.075008],[-98.197631,19.077951],[-98.199667,19.086409],[-98.198299,19.089386],[-98.20085,19.089828],[-98.19723,19.095305],[-98.196161,19.101179],[-98.196679,19.102995],[-98.195779,19.107858],[-98.198613,19.108131],[-98.197891,19.111993],[-98.199206,19.112232],[-98.199455,19.110873]]}},{"type":"Feature","properties":{"name":"Desvio Ruta Fabricas Xonaca - Barranca Honda - Cleotilde Torres - Barrio de Santiago. Sentido Norte - Sur"},"geometry":{"type":"LineString","coordinates":[[-98.198001,19.055675],[-98.198359,19.055055],[-98.204245,19.05821],[-98.206129,19.054792]]}},{"type":"Feature","properties":{"name":"Desvio Ruta Fabricas Xonaca - Barranca Honda - Cleotilde Torres - Barrio de Santiago. Sentido Sur - Norte"},"geometry":{"type":"LineString","coordinates":[[-98.208448,19.053734],[-98.203028,19.06331]]}},{"type":"Feature","properties":{"name":"Desvio Ruta Fabricas Xonaca variante de itinerario. Sentdo sur - norte"},"geometry":{"type":"LineString","coordinates":[[-98.203485,19.049506],[-98.208973,19.05286],[-98.206506,19.057236],[-98.200448,19.054777]]}},{"type":"Feature","properties":{"name":"Desvio Ruta Fabricas Xonaca variante de itinerario. Sentido Nte - sur"},"geometry":{"type":"LineString","coordinates":[[-98.198188,19.055283],[-98.204254,19.058203],[-98.207182,19.052811],[-98.201349,19.049861],[-98.201682,19.049324]]}},{"type":"Feature","properties":{"name":"RUTA JAGUARES CIRCUITO"},"geometry":{"type":"LineString","coordinates":[[-98.152404,18.997844],[-98.153233,18.9958],[-98.155384,18.995473],[-98.156769,18.996173],[-98.161049,18.993584],[-98.162531,18.990893],[-98.169598,18.991378],[-98.171353,18.991896],[-98.17318,18.993737],[-98.176375,18.992168],[-98.179349,18.99524],[-98.180811,18.997989],[-98.180307,19.000777],[-98.18129,19.002414],[-98.180209,19.003893],[-98.17992,19.008897],[-98.187275,19.010155],[-98.184165,19.015582],[-98.182899,19.014681],[-98.180867,19.018224],[-98.17874,19.016654],[-98.176602,19.020306],[-98.180044,19.02767],[-98.181897,19.029085],[-98.181205,19.029698],[-98.182284,19.030542],[-98.179437,19.033801],[-98.179094,19.035545],[-98.189932,19.041001],[-98.18772,19.045138],[-98.19176,19.045938],[-98.208131,19.054298],[-98.207276,19.055839],[-98.201504,19.052955],[-98.197866,19.059142],[-98.206043,19.064728],[-98.209844,19.068274],[-98.204764,19.072549],[-98.203416,19.07085],[-98.202361,19.072336],[-98.198788,19.065346],[-98.193554,19.072819],[-98.18935,19.070635],[-98.200031,19.052111],[-98.192559,19.048236],[-98.19152,19.049881],[-98.184844,19.046864],[-98.188845,19.039367],[-98.180306,19.034995],[-98.179352,19.033808],[-98.178952,19.030406],[-98.180275,19.027702],[-98.176758,19.020169],[-98.178775,19.016791],[-98.180909,19.018436],[-98.182527,19.015491],[-98.183785,19.016452],[-98.187778,19.009858],[-98.1802,19.008896],[-98.180426,19.003824],[-98.181436,19.002292],[-98.180453,19.000715],[-98.180989,18.997974],[-98.179311,18.994844],[-98.17632,18.991929],[-98.173232,18.993621],[-98.170241,18.991384],[-98.16189,18.990466],[-98.16105,18.993445],[-98.156878,18.996036],[-98.15362,18.995562],[-98.152267,18.9977],[-98.151863,18.996482],[-98.148383,18.998047],[-98.151811,18.997068],[-98.152358,18.997833]]}},{"type":"Feature","properties":{"name":"Desvio Ruta Jaguares Galaxia La Calera - Ignacio Zaragoza - Las Cuartillas. Sentido ote - pte"},"geometry":{"type":"LineString","coordinates":[[-98.198194,19.055236],[-98.204244,19.058197],[-98.206536,19.054073]]}},{"type":"Feature","properties":{"name":"Desvio Ruta Jaguares Galaxia La Calera - Ignacio Zaragoza - Las Cuartillas. Sentido ote -nte"},"geometry":{"type":"LineString","coordinates":[[-98.1879,19.044863],[-98.185935,19.048166],[-98.18771,19.049],[-98.188598,19.048507],[-98.191491,19.050047],[-98.190805,19.05127],[-98.194406,19.054487],[-98.195169,19.053626],[-98.199788,19.055917],[-98.199502,19.056368]]}},{"type":"Feature","properties":{"name":"Desvio Ruta Jaguares Galaxia La Calera - Ignacio Zaragoza - Las Cuartillas. Sentido pte - ote"},"geometry":{"type":"LineString","coordinates":[[-98.206537,19.054077],[-98.206789,19.053596],[-98.208139,19.054277],[-98.206477,19.057237],[-98.200821,19.05454],[-98.200204,19.055248],[-98.192725,19.051323],[-98.193179,19.050558],[-98.191359,19.04981]]}},{"type":"Feature","properties":{"name":"RUTA JOSEFINA CIRCUITO"},"geometry":{"type":"LineString","coordinates":[[-98.162345,19.123834],[-98.165011,19.121348],[-98.16085,19.118255],[-98.164926,19.11458],[-98.162725,19.112694],[-98.165625,19.108312],[-98.168003,19.106471],[-98.16677,19.105583],[-98.161627,19.111891],[-98.155457,19.106149],[-98.161032,19.094837],[-98.164377,19.082902],[-98.183133,19.060984],[-98.187898,19.059402],[-98.1915,19.061047],[-98.192471,19.057478],[-98.194302,19.055099],[-98.195276,19.056],[-98.195064,19.057004],[-98.19662,19.05809],[-98.200964,19.050603],[-98.202443,19.051377],[-98.200641,19.054378],[-98.197543,19.052793],[-98.194453,19.057988],[-98.19185,19.056328],[-98.192644,19.054908],[-98.190942,19.053617],[-98.187837,19.059024],[-98.183227,19.06053],[-98.166375,19.078627],[-98.163954,19.0833],[-98.16033,19.096226],[-98.155352,19.106133],[-98.161667,19.111984],[-98.166788,19.105764],[-98.167837,19.106499],[-98.16547,19.108378],[-98.162615,19.112725],[-98.16481,19.1146],[-98.160686,19.11829],[-98.164054,19.12079],[-98.161567,19.123217],[-98.162245,19.123877]]}},{"type":"Feature","properties":{"name":"Desvio Ruta Josefina Lim. Est. Pue - Tlax - Malintzi - San Pablo de los Frailes"},"geometry":{"type":"LineString","coordinates":[[-98.198055,19.055616],[-98.198673,19.054463],[-98.19689,19.054032]]}},{"type":"Feature","properties":{"name":"Ramal Puebla - San Pedro Cholula - San Cristóbal Tepontla\n\nida"},"geometry":{"type":"LineString","coordinates":[[-98.20592,19.051275],[-98.214834,19.055905],[-98.217481,19.055328],[-98.222942,19.05925],[-98.223709,19.058804],[-98.229928,19.061927],[-98.231201,19.058249],[-98.235786,19.059964],[-98.293938,19.059988],[-98.295572,19.060695],[-98.29659,19.062673],[-98.294877,19.064325],[-98.303651,19.06837],[-98.305025,19.065853],[-98.311276,19.068634],[-98.311962,19.067113],[-98.315098,19.068501],[-98.315663,19.071626],[-98.32651,19.079401],[-98.346715,19.10199],[-98.358829,19.102651],[-98.369849,19.091632],[-98.372763,19.092056],[-98.372788,19.088032],[-98.343704,19.082295],[-98.338976,19.083284],[-98.326851,19.074941],[-98.329172,19.071085],[-98.325487,19.069154],[-98.322288,19.068455],[-98.32176,19.069481],[-98.318243,19.06795],[-98.320266,19.063706],[-98.316614,19.062076],[-98.31745,19.060313],[-98.311123,19.05746]]}},{"type":"Feature","properties":{"name":"Ramal Puebla - San Pedro Cholula - San Cristóbal Tepontla\nregreso"},"geometry":{"type":"LineString","coordinates":[[-98.311124,19.057392],[-98.309735,19.060099],[-98.312813,19.061529],[-98.309016,19.068554],[-98.297291,19.063336],[-98.295085,19.059698],[-98.235198,19.059689],[-98.23116,19.05817],[-98.229732,19.061789],[-98.224438,19.059127],[-98.219068,19.05516],[-98.213736,19.056172],[-98.207229,19.052842],[-98.207566,19.051031],[-98.206472,19.050589],[-98.205705,19.051451]]}},{"type":"Feature","properties":{"name":"Linea Puebla - Cholula y Anexas Ramal Puebla - San Pedro Cholula - San Jerónimo Tecuanipan -Tianguismanalco ida"},"geometry":{"type":"LineString","coordinates":[[-98.204834,19.073326],[-98.20774,19.075862],[-98.208647,19.075085],[-98.211788,19.071654],[-98.209218,19.069178],[-98.214426,19.065058],[-98.218525,19.05971],[-98.219957,19.06044],[-98.22219,19.063957],[-98.223377,19.058804],[-98.230044,19.061927],[-98.231201,19.058249],[-98.234929,19.059916],[-98.250089,19.059925],[-98.250658,19.060393],[-98.250392,19.06272],[-98.248231,19.062264],[-98.248565,19.059936],[-98.265286,19.060053],[-98.266375,19.061168],[-98.268596,19.061108],[-98.269608,19.060076],[-98.283453,19.060405],[-98.284355,19.059377],[-98.283784,19.057173],[-98.283175,19.060357],[-98.293976,19.059999],[-98.295716,19.060934],[-98.296649,19.062688],[-98.29484,19.064299],[-98.303707,19.068359],[-98.304995,19.065797],[-98.308057,19.067157],[-98.313574,19.056292],[-98.318422,19.058477],[-98.327841,19.055646],[-98.344549,19.052541],[-98.357555,19.047697],[-98.370746,19.044203],[-98.380313,19.03674],[-98.376975,19.035159],[-98.380893,19.031867],[-98.379406,19.023854],[-98.393787,19.017564],[-98.396346,19.018325],[-98.398571,19.015206],[-98.397643,19.014511],[-98.399034,19.01284],[-98.399953,19.01346],[-98.400732,19.012593],[-98.404218,19.013932],[-98.408649,19.009288],[-98.429483,19.001242],[-98.432093,18.998095],[-98.440071,18.991311],[-98.447876,18.976302]]}},{"type":"Feature","properties":{"name":"Linea Puebla - Cholula y Anexas Ramal Puebla - San Pedro Cholula - San Jerónimo Tecuanipan -Tianguismanalco\nreg"},"geometry":{"type":"LineString","coordinates":[[-98.44787,18.976239],[-98.440022,18.991358],[-98.431105,18.999009],[-98.429593,19.001123],[-98.408576,19.009293],[-98.404202,19.01401],[-98.400719,19.012595],[-98.399995,19.013473],[-98.399004,19.012893],[-98.397634,19.014544],[-98.398531,19.015229],[-98.396391,19.018269],[-98.393747,19.017599],[-98.389581,19.018937],[-98.379394,19.023891],[-98.380903,19.031884],[-98.376925,19.035112],[-98.380243,19.036765],[-98.370775,19.044219],[-98.357104,19.047723],[-98.343507,19.052819],[-98.327409,19.05574],[-98.31844,19.058457],[-98.312048,19.055523],[-98.31059,19.058317],[-98.313753,19.05972],[-98.310006,19.06704],[-98.298501,19.061699],[-98.296734,19.062534],[-98.294546,19.059518],[-98.285513,19.059472],[-98.284462,19.058997],[-98.283855,19.057063],[-98.28333,19.058982],[-98.281794,19.059509],[-98.268158,19.059397],[-98.266777,19.058548],[-98.265829,19.059533],[-98.251971,19.059538],[-98.250682,19.058779],[-98.250291,19.057264],[-98.250058,19.059455],[-98.235198,19.059689],[-98.23116,19.05817],[-98.229732,19.061789],[-98.223284,19.05848],[-98.221876,19.062528],[-98.21827,19.059471],[-98.21423,19.064916],[-98.209633,19.068458],[-98.212174,19.071021],[-98.207968,19.075672],[-98.204797,19.073331]]}},{"type":"Feature","properties":{"name":"Linea Puebla - Cholula y Anexas Ramal Puebla - San Pedro Cholula - Santa Isabel Cholula\nida"},"geometry":{"type":"LineString","coordinates":[[-98.204834,19.073326],[-98.20774,19.075862],[-98.208647,19.075085],[-98.211788,19.071654],[-98.209218,19.069178],[-98.214426,19.065058],[-98.218525,19.05971],[-98.219957,19.06044],[-98.22219,19.063957],[-98.223377,19.058804],[-98.230044,19.061927],[-98.231201,19.058249],[-98.234929,19.059916],[-98.250089,19.059925],[-98.250658,19.060393],[-98.250392,19.06272],[-98.248231,19.062264],[-98.248565,19.059936],[-98.265286,19.060053],[-98.266375,19.061168],[-98.268596,19.061108],[-98.269608,19.060076],[-98.283453,19.060405],[-98.284355,19.059377],[-98.283784,19.057173],[-98.283323,19.060438],[-98.28476,19.059875],[-98.293976,19.059999],[-98.295716,19.060934],[-98.296649,19.062688],[-98.29484,19.064299],[-98.303707,19.068359],[-98.304995,19.065797],[-98.308057,19.067157],[-98.311817,19.059801],[-98.308762,19.05854],[-98.312673,19.050501],[-98.315771,19.051898],[-98.3172,19.049387],[-98.337557,19.03935],[-98.342953,19.030132],[-98.350983,19.02487],[-98.357694,19.018587],[-98.36026,19.012284],[-98.369397,18.998682],[-98.371422,18.992129],[-98.372826,18.991692],[-98.380851,18.995497],[-98.380151,18.997902],[-98.378882,18.99909],[-98.378041,18.998499],[-98.37835,18.994234]]}},{"type":"Feature","properties":{"name":"Linea Puebla - Cholula y Anexas Ramal Puebla - San Pedro Cholula - Santa Isabel Cholula\nreg"},"geometry":{"type":"LineString","coordinates":[[-98.378351,18.994183],[-98.376777,18.994092],[-98.375814,18.992856],[-98.372805,18.99168],[-98.371306,18.992175],[-98.369293,18.998703],[-98.363274,19.008618],[-98.360283,19.012016],[-98.357629,19.018648],[-98.351072,19.024835],[-98.342989,19.030099],[-98.337539,19.039283],[-98.314637,19.050398],[-98.309744,19.060105],[-98.312861,19.061522],[-98.310006,19.06704],[-98.298471,19.061719],[-98.296769,19.06253],[-98.294546,19.059518],[-98.285513,19.059472],[-98.284462,19.058997],[-98.283855,19.057063],[-98.28333,19.058982],[-98.281794,19.059509],[-98.268158,19.059397],[-98.266777,19.058548],[-98.265829,19.059533],[-98.251971,19.059538],[-98.250682,19.058779],[-98.250291,19.057264],[-98.250058,19.059455],[-98.235198,19.059689],[-98.23116,19.05817],[-98.229732,19.061789],[-98.223284,19.05848],[-98.221876,19.062528],[-98.21827,19.059471],[-98.21423,19.064916],[-98.209633,19.068458],[-98.212174,19.071021],[-98.207968,19.075672],[-98.204797,19.073331]]}},{"type":"Feature","properties":{"name":"Linea Puebla - Cholula y Anexas Ramal Puebla - San Pedro Cholula ida"},"geometry":{"type":"LineString","coordinates":[[-98.20592,19.051275],[-98.214834,19.055905],[-98.217481,19.055328],[-98.222942,19.05925],[-98.223709,19.058804],[-98.229711,19.061902],[-98.230721,19.060775],[-98.231201,19.058249],[-98.234929,19.059916],[-98.250089,19.059925],[-98.250658,19.060393],[-98.250392,19.06272],[-98.248231,19.062264],[-98.248565,19.059936],[-98.265286,19.060053],[-98.266375,19.061168],[-98.267368,19.05796],[-98.269777,19.058529],[-98.269655,19.057497],[-98.272471,19.055364],[-98.274784,19.051017],[-98.279276,19.051106],[-98.279297,19.048851],[-98.285105,19.049145],[-98.285776,19.048192],[-98.289328,19.048347],[-98.29242,19.049842],[-98.29118,19.052601],[-98.29883,19.056085],[-98.297753,19.058462],[-98.299112,19.059327],[-98.297713,19.062445],[-98.308079,19.067229],[-98.308577,19.066345],[-98.298515,19.061733],[-98.297957,19.062053],[-98.299245,19.059357],[-98.297707,19.058425],[-98.298437,19.056901],[-98.296977,19.056239],[-98.297266,19.055585]]}},{"type":"Feature","properties":{"name":"Linea Puebla - Cholula y Anexas Ramal Puebla - San Pedro Cholula reg"},"geometry":{"type":"LineString","coordinates":[[-98.297297,19.055414],[-98.298604,19.052798],[-98.289309,19.04831],[-98.290775,19.045688],[-98.296812,19.048507],[-98.297706,19.046833],[-98.300876,19.048265],[-98.301233,19.047397],[-98.302843,19.048063],[-98.303225,19.047171],[-98.30806,19.049478],[-98.306607,19.052073],[-98.312489,19.054724],[-98.311131,19.057408],[-98.308153,19.056005],[-98.305393,19.061136],[-98.302659,19.059925],[-98.301157,19.062937],[-98.297946,19.06196],[-98.299293,19.05935],[-98.29774,19.058363],[-98.298441,19.056923],[-98.290775,19.053415],[-98.292501,19.049797],[-98.289372,19.048403],[-98.285847,19.048296],[-98.285119,19.049167],[-98.279429,19.048962],[-98.279296,19.05103],[-98.273401,19.050646],[-98.274102,19.052003],[-98.272049,19.053604],[-98.27136,19.056209],[-98.268623,19.058013],[-98.267337,19.057919],[-98.265829,19.059533],[-98.251971,19.059538],[-98.250682,19.058779],[-98.250291,19.057264],[-98.250271,19.059285],[-98.247329,19.059689],[-98.235198,19.059689],[-98.23116,19.05817],[-98.229732,19.061789],[-98.224438,19.059127],[-98.219068,19.05516],[-98.213736,19.056172],[-98.207229,19.052842],[-98.207566,19.051031],[-98.206472,19.050589],[-98.205705,19.051451]]}},{"type":"Feature","properties":{"name":"Linea Puebla - Cholula y Anexas Ramal Puebla - San Pedro Cholula - Barrio de San Luis Tehuiloyocan ida"},"geometry":{"type":"LineString","coordinates":[[-98.204834,19.073326],[-98.20774,19.075862],[-98.208647,19.075085],[-98.211788,19.071654],[-98.209218,19.069178],[-98.214426,19.065058],[-98.218525,19.05971],[-98.219957,19.06044],[-98.22219,19.063957],[-98.223377,19.058804],[-98.230044,19.061927],[-98.231201,19.058249],[-98.234929,19.059916],[-98.250089,19.059925],[-98.250658,19.060393],[-98.250392,19.06272],[-98.248231,19.062264],[-98.248565,19.059936],[-98.265286,19.060053],[-98.266375,19.061168],[-98.268596,19.061108],[-98.269608,19.060076],[-98.283453,19.060405],[-98.284355,19.059377],[-98.283784,19.057173],[-98.283323,19.060438],[-98.28476,19.059875],[-98.293976,19.059999],[-98.295716,19.060934],[-98.296649,19.062688],[-98.29484,19.064299],[-98.303707,19.068359],[-98.304995,19.065797],[-98.308057,19.067157],[-98.311817,19.059801],[-98.308762,19.05854],[-98.312673,19.050501],[-98.315771,19.051898],[-98.317201,19.049423],[-98.337557,19.03935],[-98.343005,19.030121],[-98.352562,19.02359],[-98.35479,19.025133],[-98.353645,19.027017],[-98.354672,19.027821],[-98.351939,19.031334],[-98.352884,19.032024]]}},{"type":"Feature","properties":{"name":"Linea Puebla - Cholula y Anexas Ramal Puebla - San Pedro Cholula - Barrio de San Luis Tehuiloyocan\nreg"},"geometry":{"type":"LineString","coordinates":[[-98.352901,19.032087],[-98.355704,19.02849],[-98.35374,19.027049],[-98.354866,19.025122],[-98.352567,19.023435],[-98.342972,19.030111],[-98.337539,19.039283],[-98.314637,19.050398],[-98.309744,19.060105],[-98.312861,19.061522],[-98.310006,19.06704],[-98.298514,19.061699],[-98.296768,19.062511],[-98.294546,19.059518],[-98.285513,19.059472],[-98.284462,19.058997],[-98.283855,19.057063],[-98.28333,19.058982],[-98.281794,19.059509],[-98.268158,19.059397],[-98.266777,19.058548],[-98.265829,19.059533],[-98.251971,19.059538],[-98.250682,19.058779],[-98.250291,19.057264],[-98.250058,19.059455],[-98.235198,19.059689],[-98.23116,19.05817],[-98.229732,19.061789],[-98.223284,19.05848],[-98.221876,19.062528],[-98.21827,19.059471],[-98.21423,19.064916],[-98.209633,19.068458],[-98.212174,19.071021],[-98.207968,19.075672],[-98.204797,19.073331]]}},{"type":"Feature","properties":{"name":"Linea Puebla - Cholula y Anexas Ramal Puebla - San Pedro Cholula - Chipilo\nida"},"geometry":{"type":"LineString","coordinates":[[-98.204834,19.073326],[-98.20774,19.075862],[-98.208647,19.075085],[-98.211788,19.071654],[-98.209218,19.069178],[-98.214426,19.065058],[-98.218525,19.05971],[-98.219957,19.06044],[-98.22219,19.063957],[-98.223377,19.058804],[-98.230044,19.061927],[-98.231201,19.058249],[-98.234929,19.059916],[-98.250089,19.059925],[-98.250658,19.060393],[-98.250392,19.06272],[-98.248231,19.062264],[-98.248565,19.059936],[-98.265286,19.060053],[-98.266375,19.061168],[-98.26738,19.05814],[-98.269699,19.058515],[-98.269675,19.057476],[-98.273212,19.054436],[-98.274813,19.05096],[-98.279182,19.051088],[-98.279584,19.048963],[-98.285007,19.049203],[-98.285907,19.04824],[-98.289341,19.048456],[-98.292385,19.04991],[-98.291251,19.052669],[-98.298728,19.056177],[-98.297698,19.058511],[-98.299145,19.059346],[-98.29772,19.062546],[-98.311179,19.068638],[-98.314889,19.061326],[-98.308762,19.05854],[-98.312898,19.0504],[-98.312447,19.048514],[-98.314926,19.044991],[-98.316216,19.036813],[-98.318642,19.032407],[-98.317684,19.031609],[-98.318709,19.029269],[-98.309493,19.02229],[-98.311338,19.020907],[-98.311592,19.019733],[-98.314333,19.01895],[-98.319697,19.014165],[-98.327731,19.001113],[-98.343274,18.999946]]}},{"type":"Feature","properties":{"name":"Linea Puebla - Cholula y Anexas Ramal Puebla - San Pedro Cholula - Chipilo\nreg"},"geometry":{"type":"LineString","coordinates":[[-98.343314,18.999935],[-98.343034,19.000698],[-98.328329,19.007319],[-98.322992,19.00886],[-98.319583,19.014214],[-98.314515,19.018856],[-98.311435,19.019776],[-98.311204,19.020925],[-98.309322,19.022463],[-98.318602,19.029256],[-98.317562,19.031497],[-98.318478,19.032619],[-98.316279,19.036409],[-98.314874,19.044817],[-98.312365,19.048559],[-98.31287,19.050032],[-98.310965,19.054039],[-98.312429,19.054832],[-98.311095,19.05739],[-98.30674,19.055407],[-98.30685,19.058331],[-98.305552,19.061136],[-98.302668,19.059871],[-98.301125,19.062934],[-98.297936,19.061956],[-98.299347,19.059284],[-98.297816,19.05831],[-98.298457,19.056892],[-98.290887,19.053337],[-98.292455,19.04988],[-98.289323,19.048283],[-98.285765,19.048219],[-98.285124,19.0491],[-98.279734,19.048838],[-98.278924,19.050998],[-98.273374,19.050656],[-98.274149,19.051841],[-98.271916,19.053754],[-98.271604,19.055885],[-98.268726,19.058001],[-98.267341,19.057956],[-98.265829,19.059533],[-98.251971,19.059538],[-98.250682,19.058779],[-98.250291,19.057264],[-98.250271,19.059285],[-98.247329,19.059689],[-98.235198,19.059689],[-98.23116,19.05817],[-98.229732,19.061789],[-98.223284,19.05848],[-98.221876,19.062528],[-98.21827,19.059471],[-98.21423,19.064916],[-98.209633,19.068458],[-98.212174,19.071021],[-98.208837,19.074787],[-98.207726,19.075701],[-98.204797,19.073331]]}},{"type":"Feature","properties":{"name":"Linea Puebla - Cholula y Anexas Ramal Puebla - San Pedro Cholula - CETIS ida"},"geometry":{"type":"LineString","coordinates":[[-98.20592,19.051275],[-98.214834,19.055905],[-98.217481,19.055328],[-98.222942,19.05925],[-98.223709,19.058804],[-98.229711,19.061902],[-98.230721,19.060775],[-98.231201,19.058249],[-98.235786,19.059964],[-98.293938,19.059988],[-98.295572,19.060695],[-98.29659,19.062673],[-98.294877,19.064325],[-98.303651,19.06837],[-98.305025,19.065853],[-98.311276,19.068634],[-98.311962,19.067113],[-98.317363,19.069592],[-98.318581,19.067218],[-98.324227,19.069181]]}},{"type":"Feature","properties":{"name":"Linea Puebla - Cholula y Anexas Ramal Puebla - San Pedro Cholula - CETIS reg"},"geometry":{"type":"LineString","coordinates":[[-98.324171,19.069104],[-98.322234,19.068514],[-98.32175,19.069505],[-98.318225,19.06793],[-98.320268,19.063764],[-98.316618,19.062063],[-98.318401,19.058464],[-98.312017,19.055556],[-98.310693,19.05822],[-98.313724,19.059697],[-98.30924,19.068574],[-98.297291,19.063336],[-98.295085,19.059698],[-98.235198,19.059689],[-98.23116,19.05817],[-98.229732,19.061789],[-98.224438,19.059127],[-98.219068,19.05516],[-98.213736,19.056172],[-98.207229,19.052842],[-98.207566,19.051031],[-98.206472,19.050589],[-98.205705,19.051451]]}},{"type":"Feature","properties":{"name":"Línea Puebla - Cholula y Anexas Ramal Puebla - Canoa ida"},"geometry":{"type":"LineString","coordinates":[[-98.193624,19.072924],[-98.192068,19.072148],[-98.195659,19.066239],[-98.196531,19.066805],[-98.197956,19.064611],[-98.194408,19.061739],[-98.198636,19.054419],[-98.192694,19.051287],[-98.194036,19.049063],[-98.19258,19.048227],[-98.191533,19.049906],[-98.186407,19.047335],[-98.185883,19.04809],[-98.188173,19.049629],[-98.188553,19.052105],[-98.190953,19.05359],[-98.189352,19.05668],[-98.187398,19.059371],[-98.182945,19.060844],[-98.166691,19.078078],[-98.163888,19.083703],[-98.160447,19.096043],[-98.154624,19.107311],[-98.149469,19.111649],[-98.143398,19.114767],[-98.139274,19.118047],[-98.135317,19.119625],[-98.124445,19.129035],[-98.121246,19.130108],[-98.114518,19.137472],[-98.113374,19.139815],[-98.104292,19.14865],[-98.099781,19.158381],[-98.098127,19.16025]]}},{"type":"Feature","properties":{"name":"Línea Puebla - Cholula y Anexas Ramal Puebla - Canoa reg"},"geometry":{"type":"LineString","coordinates":[[-98.098258,19.160183],[-98.099888,19.158447],[-98.100309,19.156358],[-98.104527,19.148491],[-98.113508,19.139829],[-98.114277,19.137929],[-98.121219,19.130244],[-98.124457,19.129155],[-98.135841,19.119357],[-98.139827,19.117864],[-98.14331,19.114941],[-98.149714,19.111641],[-98.154519,19.10768],[-98.160357,19.096685],[-98.162601,19.090632],[-98.164137,19.083313],[-98.165673,19.080902],[-98.183047,19.060949],[-98.187989,19.059223],[-98.192212,19.051995],[-98.194549,19.05459],[-98.193331,19.05664],[-98.194868,19.057378],[-98.193943,19.058835],[-98.202418,19.064416],[-98.201841,19.065327],[-98.199131,19.066162],[-98.198478,19.065605],[-98.193609,19.072843]]}},{"type":"Feature","properties":{"name":"Linea Puebla - Cholula y Anexas Ramal Puebla - San Pedro Cholula -Atzompa ida"},"geometry":{"type":"LineString","coordinates":[[-98.205663,19.051437],[-98.214778,19.055833],[-98.217574,19.055371],[-98.222975,19.059357],[-98.223709,19.058804],[-98.229928,19.061927],[-98.231201,19.058249],[-98.234929,19.059916],[-98.250089,19.059925],[-98.250658,19.060393],[-98.250392,19.06272],[-98.248231,19.062264],[-98.248565,19.059936],[-98.265286,19.060053],[-98.266375,19.061168],[-98.268596,19.061108],[-98.269608,19.060076],[-98.283453,19.060405],[-98.284355,19.059377],[-98.283885,19.057187],[-98.283175,19.060357],[-98.293976,19.059999],[-98.295716,19.060934],[-98.296649,19.062688],[-98.29484,19.064299],[-98.303707,19.068359],[-98.304995,19.065797],[-98.308057,19.067157],[-98.311817,19.059801],[-98.308762,19.05854],[-98.312673,19.050501],[-98.315771,19.051898],[-98.3172,19.049387],[-98.339671,19.038467],[-98.338876,19.037847],[-98.342965,19.030156],[-98.35256,19.02355],[-98.354804,19.025237],[-98.353633,19.027045],[-98.354653,19.027837],[-98.351962,19.031223],[-98.353058,19.03269],[-98.339562,19.038454],[-98.342941,19.040824],[-98.34346,19.039971],[-98.344983,19.041315],[-98.343466,19.039885],[-98.342844,19.040699],[-98.338817,19.037853],[-98.342914,19.030126],[-98.346521,19.027681]]}},{"type":"Feature","properties":{"name":"Linea Puebla - Cholula y Anexas Ramal Puebla - San Pedro Cholula -Atzompa reg"},"geometry":{"type":"LineString","coordinates":[[-98.346556,19.027672],[-98.342898,19.030095],[-98.337541,19.039315],[-98.314637,19.050398],[-98.309744,19.060105],[-98.312861,19.061522],[-98.310006,19.06704],[-98.298477,19.061651],[-98.296724,19.062518],[-98.294546,19.059518],[-98.285513,19.059472],[-98.284462,19.058997],[-98.283855,19.057063],[-98.28333,19.058982],[-98.281794,19.059509],[-98.268158,19.059397],[-98.266777,19.058548],[-98.265829,19.059533],[-98.251971,19.059538],[-98.250682,19.058779],[-98.250291,19.057264],[-98.250058,19.059455],[-98.235198,19.059689],[-98.23116,19.05817],[-98.229732,19.061789],[-98.224438,19.059127],[-98.218961,19.055062],[-98.213574,19.055866],[-98.207199,19.052807],[-98.207677,19.051057],[-98.206506,19.050527],[-98.20567,19.051507]]}},{"type":"Feature","properties":{"name":"RUTA M1 RAMAL SANTO TOMAS CHAUTLA"},"geometry":{"type":"LineString","coordinates":[[-98.148298,18.968309],[-98.153005,18.964277],[-98.156369,18.957377],[-98.156111,18.95425],[-98.157502,18.953607],[-98.159001,18.955968],[-98.159202,18.958355],[-98.161247,18.959801],[-98.165609,18.959379],[-98.172454,18.961579],[-98.174267,18.963562],[-98.177181,18.964241],[-98.182472,18.969064],[-98.190834,18.969747],[-98.192116,18.973434],[-98.192977,18.972465],[-98.197688,18.971946],[-98.196444,18.978899],[-98.195086,18.996462],[-98.193849,18.997246],[-98.193871,19.001076],[-98.201486,19.004546],[-98.198701,19.015955],[-98.211287,19.02246],[-98.204473,19.034399],[-98.210457,19.037484],[-98.202482,19.051376],[-98.206744,19.053575],[-98.213328,19.04208],[-98.207762,19.039186],[-98.210688,19.034264],[-98.20446,19.031031],[-98.210057,19.021833],[-98.198928,19.015895],[-98.20184,19.004455],[-98.193997,19.000763],[-98.194017,18.997413],[-98.195339,18.996391],[-98.196694,18.978673],[-98.198206,18.971214],[-98.192356,18.97204],[-98.190793,18.969544],[-98.182867,18.969082],[-98.177299,18.964137],[-98.174541,18.963451],[-98.172346,18.961329],[-98.166186,18.959246],[-98.160984,18.959452],[-98.159312,18.958208],[-98.159276,18.956314],[-98.157478,18.953541],[-98.155984,18.954209],[-98.156287,18.957195],[-98.153363,18.963557],[-98.148255,18.968247]]}},{"type":"Feature","properties":{"name":"RUTA M1 RAMAL SAN JUAN TEPEPA"},"geometry":{"type":"LineString","coordinates":[[-98.15371,18.972728],[-98.15423,18.974726],[-98.15701,18.967499],[-98.15319,18.967232],[-98.154664,18.962904],[-98.153759,18.962526],[-98.156379,18.957307],[-98.156042,18.95436],[-98.157423,18.953613],[-98.159069,18.95628],[-98.159203,18.958431],[-98.161312,18.95983],[-98.165672,18.959367],[-98.172472,18.961579],[-98.174208,18.963547],[-98.177107,18.964219],[-98.182856,18.969242],[-98.190732,18.969698],[-98.192074,18.973418],[-98.193108,18.972426],[-98.197754,18.97208],[-98.1964,18.979396],[-98.195134,18.996378],[-98.193803,18.99719],[-98.193835,19.000997],[-98.201458,19.004502],[-98.198728,19.015947],[-98.211331,19.022482],[-98.204492,19.034386],[-98.210466,19.037481],[-98.202442,19.051358],[-98.206764,19.0536],[-98.213322,19.042098],[-98.207826,19.039204],[-98.210642,19.034272],[-98.20449,19.031027],[-98.210046,19.021805],[-98.198895,19.015876],[-98.201835,19.004479],[-98.194057,19.000881],[-98.194029,18.997521],[-98.195287,18.996527],[-98.195742,18.993338],[-98.196679,18.978969],[-98.198202,18.971042],[-98.192343,18.972016],[-98.190619,18.969453],[-98.183255,18.969229],[-98.177181,18.964047],[-98.174577,18.96346],[-98.172492,18.961407],[-98.166068,18.959235],[-98.160795,18.959314],[-98.159272,18.958154],[-98.159043,18.955836],[-98.157153,18.953526],[-98.155938,18.954348],[-98.15628,18.95726],[-98.153349,18.963455],[-98.154034,18.963878],[-98.153002,18.967404],[-98.153614,18.972561]]}},{"type":"Feature","properties":{"name":"RUTA M1 CIRCUITO"},"geometry":{"type":"LineString","coordinates":[[-98.13476,18.91999],[-98.136918,18.92413],[-98.137662,18.92989],[-98.136922,18.931389],[-98.137651,18.935124],[-98.135761,18.939701],[-98.139058,18.94936],[-98.143509,18.951597],[-98.15009,18.952303],[-98.152264,18.953522],[-98.1569,18.951185],[-98.15892,18.952778],[-98.159203,18.958431],[-98.161312,18.95983],[-98.165672,18.959367],[-98.172472,18.961579],[-98.174208,18.963547],[-98.177107,18.964219],[-98.182856,18.969242],[-98.190732,18.969698],[-98.192074,18.973418],[-98.193108,18.972426],[-98.197754,18.97208],[-98.1964,18.979396],[-98.195408,18.994202],[-98.195095,18.996447],[-98.19379,18.997427],[-98.193835,19.000997],[-98.201617,19.004565],[-98.198695,19.015952],[-98.211286,19.022427],[-98.204499,19.034371],[-98.21048,19.037467],[-98.202448,19.051346],[-98.206764,19.0536],[-98.213331,19.042097],[-98.207809,19.039234],[-98.210681,19.034268],[-98.204477,19.031012],[-98.21008,19.021837],[-98.198922,19.015884],[-98.201856,19.00448],[-98.194057,19.000881],[-98.194029,18.997521],[-98.195287,18.996527],[-98.195742,18.993338],[-98.196679,18.978969],[-98.198202,18.971042],[-98.192343,18.972016],[-98.190619,18.969453],[-98.183255,18.969229],[-98.177181,18.964047],[-98.174577,18.96346],[-98.172492,18.961407],[-98.166068,18.959235],[-98.160795,18.959314],[-98.1591,18.95769],[-98.159104,18.952654],[-98.157218,18.95108],[-98.15232,18.953317],[-98.150443,18.952158],[-98.143465,18.951405],[-98.139367,18.949276],[-98.135841,18.939545],[-98.137682,18.935392],[-98.136993,18.931233],[-98.137747,18.929854],[-98.136978,18.924],[-98.134749,18.920062]]}},{"type":"Feature","properties":{"name":"RUTA M2 CIRCUITO"},"geometry":{"type":"LineString","coordinates":[[-98.157053,18.941949],[-98.156687,18.942478],[-98.159827,18.945193],[-98.160958,18.948088],[-98.159045,18.952659],[-98.158882,18.957587],[-98.159608,18.958806],[-98.161829,18.959942],[-98.165972,18.959428],[-98.172472,18.961579],[-98.174208,18.963547],[-98.177107,18.964219],[-98.182856,18.969242],[-98.190732,18.969698],[-98.192074,18.973418],[-98.193108,18.972426],[-98.197754,18.97208],[-98.1964,18.979396],[-98.195408,18.994202],[-98.195095,18.996447],[-98.19379,18.997427],[-98.193835,19.000997],[-98.201617,19.004565],[-98.198695,19.015952],[-98.211286,19.022427],[-98.204499,19.034371],[-98.21048,19.037467],[-98.20064,19.054441],[-98.205102,19.0566],[-98.213331,19.042097],[-98.207809,19.039234],[-98.210681,19.034268],[-98.204477,19.031012],[-98.21008,19.021837],[-98.198922,19.015884],[-98.201856,19.00448],[-98.194057,19.000881],[-98.194029,18.997521],[-98.195287,18.996527],[-98.195742,18.993338],[-98.196679,18.978969],[-98.198202,18.971042],[-98.192343,18.972016],[-98.190619,18.969453],[-98.183255,18.969229],[-98.177181,18.964047],[-98.174577,18.96346],[-98.172492,18.961407],[-98.166068,18.959235],[-98.161923,18.959722],[-98.159627,18.958564],[-98.159244,18.952536],[-98.16156,18.946156],[-98.156804,18.942481],[-98.157087,18.941992]]}},{"type":"Feature","properties":{"name":"CIRCUITO"},"geometry":{"type":"LineString","coordinates":[[-98.27793,19.10659],[-98.28163,19.101186],[-98.283564,19.095139],[-98.274561,19.089552],[-98.270694,19.093432],[-98.269778,19.092124],[-98.269187,19.092972],[-98.261546,19.078579],[-98.263986,19.076917],[-98.256745,19.07216],[-98.24274,19.069138],[-98.231355,19.062666],[-98.23075,19.063688],[-98.226108,19.061346],[-98.22562,19.062093],[-98.222728,19.06001],[-98.221799,19.0626],[-98.220193,19.060304],[-98.218386,19.059438],[-98.217626,19.060421],[-98.215014,19.057862],[-98.213668,19.059101],[-98.215259,19.056051],[-98.212889,19.056638],[-98.200949,19.050613],[-98.20001,19.052109],[-98.21347,19.059006],[-98.216553,19.062317],[-98.21855,19.059742],[-98.220011,19.060533],[-98.222163,19.06398],[-98.223104,19.059517],[-98.227253,19.062134],[-98.227971,19.060952],[-98.236925,19.066179],[-98.242432,19.070816],[-98.246775,19.07027],[-98.256185,19.072294],[-98.262633,19.076364],[-98.261266,19.078428],[-98.267069,19.089651],[-98.272864,19.088306],[-98.281469,19.093968],[-98.282214,19.092932],[-98.281575,19.090599],[-98.28223,19.090269],[-98.284606,19.091577],[-98.281643,19.100908],[-98.277859,19.106535]]}},{"type":"Feature","properties":{"name":"RUTA M6A CIRCUITO"},"geometry":{"type":"LineString","coordinates":[[-98.277418,19.107094],[-98.275715,19.104396],[-98.277463,19.102051],[-98.275371,19.099109],[-98.273912,19.090357],[-98.279499,19.085817],[-98.275414,19.083896],[-98.277642,19.080288],[-98.277621,19.079739],[-98.275591,19.079733],[-98.275571,19.077066],[-98.276927,19.076673],[-98.26537,19.077443],[-98.256745,19.07216],[-98.24274,19.069138],[-98.231355,19.062666],[-98.23075,19.063688],[-98.226108,19.061346],[-98.22562,19.062093],[-98.222728,19.06001],[-98.221799,19.0626],[-98.220193,19.060304],[-98.218386,19.059438],[-98.217626,19.060421],[-98.215103,19.057877],[-98.213684,19.0591],[-98.21526,19.056082],[-98.212889,19.056638],[-98.200957,19.05057],[-98.200051,19.052128],[-98.21347,19.059006],[-98.216553,19.062317],[-98.21855,19.059742],[-98.220011,19.060533],[-98.222163,19.06398],[-98.223104,19.059517],[-98.227253,19.062134],[-98.227971,19.060952],[-98.236925,19.066179],[-98.242432,19.070816],[-98.246775,19.07027],[-98.255557,19.072027],[-98.265601,19.077771],[-98.277524,19.076829],[-98.277549,19.080252],[-98.274214,19.085951],[-98.277054,19.087766],[-98.274524,19.089605],[-98.280707,19.093494],[-98.28219,19.090265],[-98.284664,19.091859],[-98.281479,19.1013],[-98.2775,19.107052]]}},{"type":"Feature","properties":{"name":"RUTA M6B CIRCUITO"},"geometry":{"type":"LineString","coordinates":[[-98.296993,19.099163],[-98.270155,19.083265],[-98.267086,19.084913],[-98.265729,19.086722],[-98.261585,19.078541],[-98.263839,19.076802],[-98.256022,19.071842],[-98.242166,19.068933],[-98.231315,19.062655],[-98.230726,19.063697],[-98.226101,19.061346],[-98.225642,19.062088],[-98.222741,19.05999],[-98.221803,19.062613],[-98.220287,19.060434],[-98.218344,19.059402],[-98.217587,19.060403],[-98.215151,19.057836],[-98.213674,19.059108],[-98.215261,19.056082],[-98.214786,19.055823],[-98.212887,19.056607],[-98.200925,19.050578],[-98.200035,19.052144],[-98.213474,19.059017],[-98.216545,19.062336],[-98.218528,19.059701],[-98.220302,19.060823],[-98.222134,19.063953],[-98.222868,19.060249],[-98.226746,19.063069],[-98.227971,19.060982],[-98.239697,19.067829],[-98.242333,19.070744],[-98.248124,19.070482],[-98.255732,19.072053],[-98.262663,19.076366],[-98.261303,19.078406],[-98.26565,19.086844],[-98.267026,19.085072],[-98.27014,19.083366],[-98.274208,19.085967],[-98.27321,19.087725],[-98.273975,19.088222],[-98.276396,19.087336],[-98.285386,19.091799],[-98.296916,19.09923]]}},{"type":"Feature","properties":{"name":"RUTA M6B CIRCUITO"},"geometry":{"type":"LineString","coordinates":[[-98.296993,19.099163],[-98.285334,19.091676],[-98.280299,19.089467],[-98.283245,19.084916],[-98.28187,19.084041],[-98.282097,19.081505],[-98.279716,19.076348],[-98.265223,19.077412],[-98.256022,19.071842],[-98.242166,19.068933],[-98.231315,19.062655],[-98.230726,19.063697],[-98.226069,19.061322],[-98.225679,19.062142],[-98.222716,19.060014],[-98.221803,19.062613],[-98.220287,19.060434],[-98.218344,19.059402],[-98.217587,19.060403],[-98.215161,19.057824],[-98.213688,19.059128],[-98.215247,19.056044],[-98.214674,19.055726],[-98.212887,19.056607],[-98.200925,19.050564],[-98.200029,19.052127],[-98.213474,19.059017],[-98.216545,19.062336],[-98.218528,19.059701],[-98.220302,19.060823],[-98.222134,19.063953],[-98.222868,19.060249],[-98.225738,19.062304],[-98.22614,19.061561],[-98.227307,19.062126],[-98.227971,19.060982],[-98.239697,19.067829],[-98.242333,19.070744],[-98.248124,19.070482],[-98.255732,19.072053],[-98.265553,19.077755],[-98.279627,19.076611],[-98.282065,19.081607],[-98.281798,19.084132],[-98.283155,19.084942],[-98.282245,19.086353],[-98.280199,19.085308],[-98.277094,19.087765],[-98.285386,19.091799],[-98.296916,19.09923]]}},{"type":"Feature","properties":{"name":"RUTA M17 IDA"},"geometry":{"type":"LineString","coordinates":[[-98.198693,19.054488],[-98.192741,19.05133],[-98.194027,19.049022],[-98.192586,19.048269],[-98.191587,19.050082],[-98.184705,19.046918],[-98.186289,19.044556],[-98.185725,19.044364],[-98.171757,19.047342],[-98.167361,19.051028],[-98.164908,19.047024],[-98.158048,19.055286],[-98.153833,19.06578],[-98.149848,19.06642],[-98.140188,19.075669],[-98.142861,19.078006],[-98.140509,19.080269],[-98.141954,19.082067],[-98.136807,19.088913],[-98.13834,19.09009],[-98.137132,19.091703],[-98.138349,19.092776]]}},{"type":"Feature","properties":{"name":"RUTA M17 REGRESO"},"geometry":{"type":"LineString","coordinates":[[-98.13838,19.092723],[-98.137234,19.091658],[-98.138448,19.090029],[-98.136921,19.088877],[-98.142042,19.082039],[-98.140612,19.080308],[-98.142987,19.077995],[-98.14046,19.0758],[-98.15003,19.066309],[-98.154016,19.065668],[-98.157366,19.056918],[-98.162626,19.049558],[-98.165156,19.050872],[-98.166644,19.049504],[-98.167544,19.050917],[-98.17194,19.047231],[-98.185586,19.044268],[-98.191748,19.045941],[-98.202424,19.051369],[-98.200168,19.055258],[-98.198674,19.054489]]}},{"type":"Feature","properties":{"name":"RUTA M17 IDA"},"geometry":{"type":"LineString","coordinates":[[-98.198585,19.054467],[-98.192741,19.05133],[-98.193994,19.049069],[-98.192545,19.04823],[-98.191587,19.050082],[-98.184705,19.046918],[-98.186289,19.044556],[-98.185725,19.044364],[-98.171757,19.047342],[-98.167361,19.051028],[-98.164908,19.047024],[-98.158048,19.055286],[-98.153833,19.06578],[-98.149848,19.06642],[-98.137777,19.077728],[-98.138282,19.077386],[-98.130031,19.091696],[-98.131785,19.094522],[-98.13107,19.096866],[-98.124342,19.103654],[-98.123537,19.105519],[-98.124068,19.107032],[-98.127818,19.108652],[-98.134251,19.101698],[-98.135884,19.10287],[-98.133996,19.104611]]}},{"type":"Feature","properties":{"name":"RUTA M17 REGRESO"},"geometry":{"type":"LineString","coordinates":[[-98.134029,19.104609],[-98.136027,19.102845],[-98.134263,19.101554],[-98.127783,19.108535],[-98.124108,19.106906],[-98.123643,19.105054],[-98.131252,19.096755],[-98.131968,19.09441],[-98.130214,19.091585],[-98.137738,19.078232],[-98.15003,19.066309],[-98.154016,19.065668],[-98.157366,19.056918],[-98.162626,19.049558],[-98.165156,19.050872],[-98.166644,19.049504],[-98.167544,19.050917],[-98.17194,19.047231],[-98.185586,19.044268],[-98.191513,19.045821],[-98.202394,19.051397],[-98.200188,19.055244],[-98.198613,19.054485]]}},{"type":"Feature","properties":{"name":"RUTA M17 IDA"},"geometry":{"type":"LineString","coordinates":[[-98.198661,19.054509],[-98.192741,19.05133],[-98.194012,19.049041],[-98.192545,19.04823],[-98.191587,19.050082],[-98.184705,19.046918],[-98.186289,19.044556],[-98.185725,19.044364],[-98.171757,19.047342],[-98.167361,19.051028],[-98.164908,19.047024],[-98.158048,19.055286],[-98.153833,19.06578],[-98.149848,19.06642],[-98.138007,19.077638],[-98.135365,19.076146],[-98.132663,19.075932],[-98.131374,19.079343],[-98.13211,19.07992],[-98.124074,19.085729],[-98.122197,19.088636],[-98.124842,19.089826],[-98.119915,19.098066],[-98.117721,19.100007]]}},{"type":"Feature","properties":{"name":"RUTA M17 REGRESO"},"geometry":{"type":"LineString","coordinates":[[-98.117778,19.100097],[-98.120028,19.098097],[-98.125043,19.089795],[-98.122382,19.088593],[-98.124118,19.085915],[-98.132099,19.080069],[-98.131499,19.079339],[-98.132859,19.075983],[-98.138068,19.077817],[-98.15003,19.066309],[-98.154016,19.065668],[-98.157366,19.056918],[-98.162626,19.049558],[-98.165156,19.050872],[-98.166644,19.049504],[-98.167544,19.050917],[-98.17194,19.047231],[-98.185586,19.044268],[-98.191608,19.045892],[-98.202441,19.051422],[-98.200168,19.055258],[-98.198613,19.054485]]}},{"type":"Feature","properties":{"name":"RUTA M17 IDA"},"geometry":{"type":"LineString","coordinates":[[-98.19864,19.054478],[-98.192741,19.05133],[-98.194045,19.049021],[-98.19256,19.048239],[-98.191587,19.050082],[-98.184705,19.046918],[-98.186289,19.044556],[-98.185725,19.044364],[-98.171757,19.047342],[-98.167361,19.051028],[-98.164908,19.047024],[-98.158048,19.055286],[-98.153833,19.06578],[-98.149848,19.06642],[-98.138007,19.077638],[-98.130976,19.089674],[-98.129744,19.089156],[-98.130135,19.088432],[-98.124087,19.085713],[-98.122226,19.08866],[-98.124842,19.089823],[-98.119866,19.098083],[-98.117833,19.09987]]}},{"type":"Feature","properties":{"name":"RUTA M17 REGRESO"},"geometry":{"type":"LineString","coordinates":[[-98.117778,19.100097],[-98.120028,19.098097],[-98.125043,19.089795],[-98.122382,19.088593],[-98.124118,19.085915],[-98.130009,19.088472],[-98.129604,19.089198],[-98.131021,19.089818],[-98.138068,19.077817],[-98.15003,19.066309],[-98.154016,19.065668],[-98.157366,19.056918],[-98.162626,19.049558],[-98.165156,19.050872],[-98.166644,19.049504],[-98.167544,19.050917],[-98.17194,19.047231],[-98.185586,19.044268],[-98.191826,19.045993],[-98.202392,19.051434],[-98.200168,19.055258],[-98.198613,19.054485]]}},{"type":"Feature","properties":{"name":"RUTA M17 IDA"},"geometry":{"type":"LineString","coordinates":[[-98.198602,19.054543],[-98.192741,19.05133],[-98.194027,19.049049],[-98.192536,19.048244],[-98.191587,19.050082],[-98.184705,19.046918],[-98.186289,19.044556],[-98.185725,19.044364],[-98.171757,19.047342],[-98.167361,19.051028],[-98.164908,19.047024],[-98.158048,19.055286],[-98.153833,19.06578],[-98.149848,19.06642],[-98.137777,19.077728],[-98.138282,19.077386],[-98.130903,19.089756],[-98.130031,19.091696],[-98.131785,19.094522],[-98.13107,19.096866],[-98.126178,19.101732],[-98.128679,19.102994],[-98.130538,19.102582],[-98.132333,19.103908],[-98.134236,19.101595],[-98.135948,19.102806],[-98.134204,19.104682]]}},{"type":"Feature","properties":{"name":"RUTA M17 REGRESO"},"geometry":{"type":"LineString","coordinates":[[-98.134193,19.104732],[-98.136001,19.102837],[-98.134263,19.101554],[-98.132323,19.103837],[-98.130602,19.102562],[-98.128668,19.102938],[-98.126178,19.101732],[-98.131252,19.096755],[-98.131968,19.09441],[-98.130266,19.092174],[-98.130716,19.090357],[-98.138464,19.077274],[-98.15003,19.066309],[-98.154016,19.065668],[-98.157366,19.056918],[-98.162626,19.049558],[-98.165156,19.050872],[-98.166644,19.049504],[-98.167544,19.050917],[-98.17194,19.047231],[-98.185586,19.044268],[-98.191626,19.045864],[-98.202419,19.051391],[-98.200168,19.055258],[-98.198613,19.054485]]}},{"type":"Feature","properties":{"name":"RUTA M21 CIRCUITO"},"geometry":{"type":"LineString","coordinates":[[-98.166789,19.105284],[-98.164152,19.103555],[-98.161445,19.10332],[-98.162325,19.102344],[-98.160822,19.101557],[-98.165404,19.097086],[-98.165201,19.096326],[-98.169021,19.093422],[-98.163736,19.089157],[-98.162814,19.089612],[-98.164077,19.083529],[-98.166116,19.08022],[-98.178906,19.065793],[-98.185676,19.066095],[-98.186745,19.062332],[-98.18798,19.062846],[-98.191298,19.05725],[-98.193081,19.057242],[-98.197902,19.049045],[-98.206762,19.053579],[-98.212447,19.043588],[-98.210874,19.042742],[-98.206479,19.050418],[-98.203721,19.049045],[-98.200198,19.055195],[-98.19709,19.053572],[-98.194459,19.057968],[-98.19173,19.056241],[-98.187899,19.062707],[-98.186668,19.062188],[-98.185338,19.066993],[-98.183959,19.067946],[-98.182427,19.071731],[-98.176819,19.068159],[-98.17942,19.064721],[-98.16646,19.078369],[-98.163896,19.083492],[-98.162626,19.089762],[-98.163779,19.089369],[-98.168888,19.093281],[-98.160084,19.101142],[-98.16219,19.102364],[-98.161274,19.103388],[-98.16388,19.103539],[-98.166767,19.10535]]}},{"type":"Feature","properties":{"name":"RUTA M21 CIRCUITO"},"geometry":{"type":"LineString","coordinates":[[-98.132047,19.122108],[-98.148815,19.112052],[-98.145969,19.109234],[-98.148709,19.11201],[-98.149697,19.111583],[-98.173412,19.088694],[-98.175363,19.087404],[-98.177472,19.088545],[-98.180421,19.083176],[-98.186308,19.084525],[-98.1865,19.085875],[-98.184926,19.090027],[-98.188515,19.084585],[-98.199671,19.08617],[-98.200666,19.085391],[-98.200925,19.075112],[-98.202702,19.075145],[-98.205133,19.084278],[-98.203909,19.084011],[-98.199565,19.085841],[-98.180646,19.082187],[-98.177327,19.088457],[-98.175428,19.087304],[-98.173191,19.088762],[-98.169951,19.092509],[-98.157827,19.103138],[-98.153843,19.108114],[-98.148878,19.111933],[-98.145985,19.109263],[-98.148693,19.112039],[-98.132083,19.121974]]}},{"type":"Feature","properties":{"name":"RUTA M21 CIRCUITO"},"geometry":{"type":"LineString","coordinates":[[-98.132101,19.122181],[-98.148865,19.112006],[-98.146063,19.109308],[-98.148788,19.112091],[-98.154387,19.107752],[-98.160293,19.096683],[-98.162742,19.090023],[-98.164037,19.083584],[-98.165897,19.080508],[-98.178891,19.065761],[-98.185712,19.066126],[-98.186741,19.062331],[-98.187978,19.062851],[-98.191313,19.057257],[-98.193012,19.057228],[-98.197005,19.050571],[-98.192575,19.048256],[-98.190779,19.051209],[-98.195553,19.056213],[-98.194458,19.057959],[-98.19185,19.056324],[-98.192673,19.054911],[-98.190977,19.053611],[-98.188032,19.058809],[-98.183323,19.060403],[-98.166509,19.078346],[-98.16386,19.083539],[-98.160351,19.096196],[-98.154392,19.107614],[-98.148798,19.111959],[-98.146107,19.109341],[-98.148697,19.111966],[-98.132112,19.122036]]}},{"type":"Feature","properties":{"name":"RUTA M21 CIRCUITO"},"geometry":{"type":"LineString","coordinates":[[-98.147535,19.076648],[-98.148558,19.076932],[-98.147596,19.080085],[-98.151493,19.081183],[-98.152507,19.078074],[-98.162601,19.081346],[-98.157601,19.08545],[-98.159377,19.086999],[-98.157672,19.088351],[-98.159348,19.089377],[-98.160258,19.088427],[-98.161546,19.089703],[-98.16286,19.089393],[-98.164077,19.083529],[-98.166116,19.08022],[-98.178906,19.065793],[-98.185676,19.066095],[-98.186745,19.062332],[-98.18798,19.062846],[-98.191298,19.05725],[-98.193081,19.057242],[-98.197891,19.049024],[-98.206758,19.053552],[-98.212447,19.043588],[-98.210874,19.042742],[-98.206479,19.050418],[-98.203721,19.049045],[-98.200198,19.055195],[-98.19709,19.053572],[-98.194459,19.057968],[-98.19173,19.056241],[-98.187899,19.062707],[-98.186668,19.062188],[-98.185338,19.066993],[-98.183959,19.067946],[-98.182427,19.071731],[-98.176819,19.068159],[-98.17942,19.064721],[-98.16646,19.078369],[-98.163896,19.083492],[-98.163068,19.087317],[-98.161713,19.086404],[-98.159381,19.089232],[-98.157877,19.088345],[-98.159562,19.087012],[-98.157748,19.085461],[-98.162686,19.081355],[-98.147622,19.076545]]}},{"type":"Feature","properties":{"name":"RUTA M21 CIRCUITO"},"geometry":{"type":"LineString","coordinates":[[-98.162431,19.081273],[-98.157595,19.085486],[-98.162824,19.089905],[-98.163672,19.089321],[-98.165526,19.090666],[-98.167214,19.088714],[-98.170965,19.091594],[-98.175133,19.087534],[-98.177218,19.088576],[-98.172299,19.097284],[-98.167999,19.100317],[-98.163876,19.10107],[-98.162282,19.102276],[-98.160585,19.101616],[-98.149699,19.111473],[-98.142516,19.115427],[-98.136231,19.112143],[-98.135418,19.113241],[-98.136003,19.113759],[-98.135493,19.113241],[-98.136227,19.112225],[-98.141173,19.114313],[-98.142463,19.11562],[-98.149848,19.111488],[-98.160727,19.101641],[-98.162276,19.102382],[-98.163964,19.101137],[-98.168093,19.100374],[-98.172561,19.097204],[-98.177457,19.088512],[-98.175388,19.087308],[-98.170957,19.091411],[-98.167205,19.088583],[-98.165503,19.090486],[-98.163719,19.089138],[-98.162884,19.089669],[-98.157743,19.085496],[-98.162455,19.081211]]}},{"type":"Feature","properties":{"name":"RUTA M21 CIRCUITO"},"geometry":{"type":"LineString","coordinates":[[-98.121381,19.130138],[-98.124467,19.129129],[-98.135599,19.119488],[-98.139384,19.118102],[-98.154415,19.107717],[-98.160338,19.096625],[-98.162796,19.089614],[-98.157764,19.085474],[-98.162727,19.081425],[-98.163555,19.081893],[-98.164164,19.082688],[-98.161748,19.092472],[-98.154259,19.107761],[-98.139472,19.117962],[-98.135685,19.119338],[-98.124462,19.129015],[-98.121358,19.130167]]}},{"type":"Feature","properties":{"name":"RUTA M21 CIRCUITO"},"geometry":{"type":"LineString","coordinates":[[-98.15481,19.106829],[-98.160486,19.096236],[-98.164131,19.083589],[-98.165629,19.082765],[-98.16717,19.084138],[-98.168466,19.083426],[-98.16953,19.083854],[-98.170259,19.082932],[-98.172195,19.084182],[-98.168492,19.088993],[-98.169418,19.089702],[-98.167341,19.092029],[-98.168866,19.093283],[-98.16116,19.099842],[-98.155561,19.106222],[-98.154805,19.106718],[-98.151297,19.105141],[-98.150658,19.105596],[-98.149993,19.104711],[-98.148847,19.105774],[-98.148093,19.104995],[-98.145339,19.10742],[-98.145118,19.108534],[-98.145908,19.109312],[-98.142368,19.112137],[-98.14137,19.111271],[-98.139632,19.113531],[-98.136229,19.112148],[-98.135419,19.11327],[-98.136532,19.112382],[-98.139644,19.113688],[-98.141292,19.111364],[-98.142389,19.11222],[-98.146022,19.109302],[-98.145425,19.107397],[-98.148086,19.105177],[-98.148888,19.105855],[-98.149979,19.104855],[-98.150674,19.105737],[-98.151274,19.10527],[-98.154681,19.10679]]}},{"type":"Feature","properties":{"name":"RUTA M21 CIRCUITO"},"geometry":{"type":"LineString","coordinates":[[-98.159705,19.11073],[-98.155906,19.106522],[-98.165404,19.097048],[-98.165209,19.096354],[-98.171012,19.0915],[-98.166172,19.087747],[-98.162871,19.089651],[-98.164455,19.082647],[-98.178891,19.065761],[-98.185712,19.066126],[-98.186741,19.062331],[-98.187978,19.062851],[-98.191313,19.057257],[-98.193012,19.057228],[-98.197013,19.050563],[-98.192571,19.048209],[-98.190779,19.051209],[-98.195553,19.056213],[-98.194458,19.057959],[-98.19185,19.056324],[-98.192673,19.054911],[-98.190977,19.053611],[-98.188032,19.058809],[-98.183323,19.060403],[-98.166509,19.078346],[-98.16386,19.083539],[-98.162655,19.089768],[-98.166079,19.087831],[-98.170851,19.091533],[-98.160813,19.100268],[-98.159741,19.101392],[-98.160319,19.102154],[-98.155766,19.106542],[-98.159549,19.110714]]}},{"type":"Feature","properties":{"name":"RUTA M22 CIRCUITO"},"geometry":{"type":"LineString","coordinates":[[-98.238582,19.101753],[-98.242186,19.105123],[-98.236807,19.114729],[-98.242274,19.105177],[-98.239364,19.102293],[-98.241651,19.100963],[-98.24072,19.098415],[-98.242879,19.093549],[-98.24652,19.095088],[-98.248085,19.098666],[-98.253142,19.098089],[-98.255442,19.099577],[-98.256503,19.098229],[-98.260693,19.101964],[-98.263444,19.100658],[-98.264677,19.098939],[-98.260713,19.093796],[-98.265761,19.086809],[-98.261589,19.078599],[-98.263782,19.076816],[-98.255928,19.071805],[-98.242752,19.069138],[-98.231311,19.062652],[-98.23072,19.063692],[-98.226072,19.061365],[-98.225628,19.062132],[-98.222717,19.059991],[-98.221804,19.062612],[-98.220066,19.060248],[-98.218381,19.059439],[-98.216384,19.062104],[-98.205192,19.056521],[-98.205922,19.055118],[-98.200059,19.052132],[-98.200904,19.0506],[-98.206768,19.053587],[-98.207972,19.05146],[-98.215833,19.055435],[-98.217439,19.055352],[-98.225071,19.060958],[-98.227256,19.062104],[-98.227958,19.060997],[-98.239208,19.067543],[-98.242588,19.070864],[-98.247146,19.070323],[-98.255149,19.071907],[-98.262636,19.076393],[-98.261249,19.078411],[-98.265643,19.086883],[-98.260533,19.093752],[-98.264544,19.09896],[-98.263403,19.10055],[-98.260708,19.101827],[-98.256491,19.098101],[-98.255458,19.099448],[-98.253141,19.097973],[-98.248246,19.099367],[-98.246583,19.095033],[-98.242867,19.093449],[-98.241021,19.098197],[-98.238473,19.101693]]}},{"type":"Feature","properties":{"name":"RUTA M22 CIRCUITO"},"geometry":{"type":"LineString","coordinates":[[-98.238582,19.101753],[-98.242186,19.105123],[-98.236807,19.114729],[-98.242274,19.105177],[-98.239364,19.102293],[-98.241651,19.100963],[-98.24072,19.098415],[-98.242879,19.093549],[-98.24652,19.095088],[-98.248085,19.098666],[-98.251109,19.097964],[-98.251624,19.098625],[-98.25498,19.098464],[-98.256891,19.096112],[-98.262354,19.092141],[-98.265761,19.086809],[-98.261589,19.078599],[-98.263782,19.076816],[-98.255928,19.071805],[-98.242752,19.069138],[-98.231311,19.062652],[-98.23072,19.063692],[-98.226072,19.061365],[-98.225628,19.062132],[-98.222717,19.059991],[-98.221804,19.062612],[-98.220066,19.060248],[-98.218381,19.059439],[-98.216384,19.062104],[-98.205192,19.056521],[-98.205919,19.055137],[-98.200015,19.052108],[-98.200932,19.050582],[-98.206753,19.053563],[-98.207972,19.05146],[-98.215833,19.055435],[-98.217439,19.055352],[-98.225071,19.060958],[-98.227256,19.062104],[-98.227958,19.060997],[-98.239208,19.067543],[-98.242588,19.070864],[-98.247146,19.070323],[-98.255149,19.071907],[-98.262636,19.076393],[-98.261249,19.078411],[-98.265643,19.086883],[-98.261464,19.093052],[-98.256886,19.096021],[-98.255078,19.098322],[-98.253141,19.097973],[-98.248817,19.099381],[-98.248246,19.099367],[-98.246583,19.095033],[-98.242867,19.093449],[-98.241021,19.098197],[-98.238473,19.101693]]}},{"type":"Feature","properties":{"name":"RUTA S28 CIRCUITO"},"geometry":{"type":"LineString","coordinates":[[-98.277811,19.106594],[-98.271901,19.11438],[-98.264054,19.120963],[-98.260076,19.118364],[-98.25961,19.119347],[-98.255917,19.117532],[-98.26055,19.110122],[-98.26157,19.112074],[-98.262512,19.111034],[-98.266346,19.113587],[-98.269808,19.109165],[-98.266109,19.10655],[-98.268604,19.097579],[-98.266622,19.098233],[-98.265586,19.099592],[-98.262086,19.095764],[-98.264611,19.091322],[-98.26742,19.090057],[-98.261584,19.078561],[-98.263729,19.076716],[-98.25585,19.071805],[-98.241219,19.06853],[-98.231326,19.062671],[-98.230683,19.063733],[-98.226113,19.061374],[-98.225662,19.062108],[-98.222724,19.060082],[-98.221661,19.062536],[-98.218558,19.059596],[-98.216251,19.062065],[-98.205205,19.05655],[-98.205913,19.055108],[-98.200037,19.052127],[-98.200933,19.050618],[-98.206763,19.053563],[-98.207988,19.051462],[-98.215779,19.055457],[-98.217425,19.055377],[-98.225406,19.061111],[-98.22729,19.062111],[-98.227956,19.060963],[-98.239495,19.067723],[-98.242471,19.070788],[-98.247109,19.07028],[-98.255544,19.071979],[-98.262602,19.076403],[-98.261318,19.077719],[-98.2614,19.078738],[-98.267224,19.090094],[-98.264509,19.091257],[-98.26199,19.095741],[-98.265478,19.099677],[-98.268394,19.097578],[-98.266013,19.106514],[-98.269654,19.109226],[-98.266316,19.113505],[-98.262655,19.110975],[-98.261671,19.111931],[-98.260514,19.109964],[-98.255791,19.117664],[-98.259524,19.119496],[-98.260214,19.118555],[-98.263928,19.121072],[-98.266412,19.119368],[-98.271948,19.114491],[-98.276872,19.108262],[-98.281763,19.100884],[-98.283626,19.094943],[-98.281343,19.101497],[-98.277888,19.106526]]}},{"type":"Feature","properties":{"name":"RUTA S28 CIRCUITO"},"geometry":{"type":"LineString","coordinates":[[-98.282419,19.117071],[-98.283232,19.11604],[-98.273552,19.101307],[-98.261563,19.078592],[-98.263844,19.076846],[-98.25595,19.071823],[-98.242725,19.069127],[-98.231285,19.062658],[-98.230713,19.063691],[-98.226088,19.061372],[-98.225673,19.062155],[-98.222733,19.06006],[-98.221753,19.062622],[-98.22009,19.060293],[-98.21838,19.059479],[-98.216169,19.062038],[-98.2052,19.056555],[-98.205929,19.055134],[-98.200052,19.052123],[-98.200959,19.050618],[-98.20676,19.053582],[-98.207987,19.051464],[-98.215842,19.055431],[-98.217432,19.055348],[-98.226273,19.061584],[-98.227341,19.062094],[-98.227978,19.060942],[-98.239493,19.06773],[-98.242321,19.070738],[-98.246856,19.070269],[-98.255388,19.071936],[-98.262651,19.076371],[-98.261343,19.077636],[-98.261452,19.078719],[-98.268226,19.091831],[-98.273395,19.101307],[-98.284716,19.118461],[-98.290644,19.12999],[-98.285199,19.138358],[-98.279439,19.121508],[-98.282373,19.117116]]}},{"type":"Feature","properties":{"name":"RUTA S3 CIRCUITO"},"geometry":{"type":"LineString","coordinates":[[-98.091509,18.881787],[-98.096912,18.879722],[-98.098166,18.881812],[-98.101058,18.882718],[-98.101712,18.883943],[-98.107298,18.885941],[-98.105729,18.886719],[-98.105265,18.888062],[-98.107354,18.892305],[-98.108229,18.897782],[-98.106633,18.901993],[-98.106576,18.906199],[-98.10799,18.907137],[-98.107054,18.909965],[-98.108076,18.910709],[-98.108189,18.914525],[-98.109075,18.915102],[-98.108528,18.918629],[-98.109807,18.920715],[-98.11213,18.921645],[-98.113914,18.924888],[-98.116031,18.931596],[-98.113931,18.936251],[-98.115274,18.939933],[-98.119087,18.943474],[-98.125782,18.945478],[-98.128565,18.947443],[-98.132517,18.948284],[-98.134867,18.9471],[-98.143599,18.951602],[-98.150171,18.952283],[-98.152302,18.953499],[-98.156941,18.951183],[-98.158963,18.952835],[-98.158975,18.957843],[-98.160901,18.959623],[-98.165818,18.959393],[-98.172422,18.961551],[-98.174309,18.963523],[-98.177294,18.964275],[-98.183291,18.969375],[-98.19119,18.970035],[-98.192684,18.975548],[-98.1964,18.978794],[-98.195386,18.994534],[-98.195116,18.99643],[-98.193889,18.997175],[-98.193918,19.001168],[-98.204586,19.00592],[-98.203993,19.007745],[-98.207484,19.009166],[-98.205191,19.013354],[-98.207934,19.014419],[-98.206546,19.017023],[-98.209581,19.018654],[-98.208351,19.020962],[-98.211303,19.022502],[-98.20445,19.034408],[-98.210504,19.037496],[-98.200589,19.054528],[-98.20513,19.056694],[-98.213317,19.04207],[-98.207765,19.039184],[-98.216095,19.024974],[-98.214568,19.023523],[-98.206333,19.019654],[-98.207941,19.016656],[-98.207188,19.016189],[-98.208178,19.014325],[-98.205434,19.013235],[-98.206579,19.011185],[-98.203569,19.009958],[-98.204584,19.005753],[-98.19403,19.000929],[-98.194045,18.99734],[-98.195282,18.996547],[-98.195691,18.993506],[-98.196674,18.978764],[-98.192758,18.975307],[-98.191274,18.969951],[-98.183137,18.969176],[-98.17714,18.964046],[-98.17444,18.963393],[-98.172341,18.961295],[-98.166001,18.959212],[-98.161049,18.95946],[-98.159138,18.957739],[-98.159581,18.955066],[-98.158959,18.952416],[-98.157064,18.951038],[-98.152391,18.953315],[-98.150143,18.952111],[-98.143184,18.951295],[-98.134843,18.947034],[-98.132671,18.948221],[-98.130152,18.947746],[-98.125767,18.945422],[-98.119261,18.943551],[-98.115272,18.939868],[-98.114026,18.936429],[-98.116093,18.931532],[-98.113928,18.924801],[-98.112218,18.921659],[-98.110018,18.920814],[-98.108594,18.918511],[-98.109169,18.9152],[-98.10826,18.914498],[-98.108135,18.910646],[-98.107127,18.910024],[-98.108046,18.907112],[-98.106633,18.906254],[-98.106696,18.901991],[-98.108307,18.898056],[-98.107477,18.892484],[-98.105345,18.88833],[-98.105658,18.886915],[-98.107386,18.885831],[-98.101885,18.883911],[-98.101139,18.882648],[-98.098124,18.881673],[-98.096994,18.879621],[-98.091475,18.881674]]}},{"type":"Feature","properties":{"name":"RUTA S3 CIRCUITO"},"geometry":{"type":"LineString","coordinates":[[-98.158747,18.955432],[-98.159115,18.958321],[-98.161134,18.959755],[-98.165818,18.959393],[-98.172422,18.961551],[-98.174309,18.963523],[-98.177294,18.964275],[-98.183291,18.969375],[-98.190686,18.969617],[-98.192684,18.975548],[-98.1964,18.978794],[-98.195386,18.994534],[-98.195116,18.99643],[-98.193889,18.997175],[-98.193918,19.001168],[-98.204586,19.00592],[-98.203993,19.007745],[-98.207484,19.009166],[-98.205191,19.013354],[-98.207934,19.014419],[-98.206546,19.017023],[-98.209581,19.018654],[-98.208351,19.020962],[-98.211303,19.022502],[-98.20445,19.034408],[-98.210504,19.037496],[-98.200589,19.054528],[-98.20513,19.056694],[-98.213317,19.04207],[-98.207765,19.039184],[-98.216095,19.024974],[-98.214568,19.023523],[-98.206333,19.019654],[-98.207941,19.016656],[-98.207188,19.016189],[-98.208178,19.014325],[-98.205434,19.013235],[-98.206579,19.011185],[-98.203569,19.009958],[-98.204584,19.005753],[-98.19403,19.000929],[-98.194045,18.99734],[-98.195282,18.996547],[-98.195691,18.993506],[-98.196674,18.978764],[-98.192789,18.975358],[-98.190776,18.969527],[-98.183137,18.969176],[-98.17714,18.964046],[-98.17444,18.963393],[-98.172341,18.961295],[-98.166001,18.959212],[-98.161512,18.95967],[-98.159257,18.958108],[-98.158829,18.955476]]}},{"type":"Feature","properties":{"name":"RUTA S3 CIRCUITO"},"geometry":{"type":"LineString","coordinates":[[-98.182411,18.88438],[-98.183983,18.885282],[-98.184361,18.882677],[-98.180683,18.880028],[-98.175344,18.881834],[-98.173412,18.880304],[-98.172723,18.882459],[-98.169,18.887493],[-98.169322,18.890532],[-98.168717,18.891514],[-98.165086,18.889559],[-98.163085,18.892664],[-98.154407,18.894412],[-98.149602,18.897279],[-98.146975,18.894693],[-98.144257,18.894258],[-98.135943,18.895562],[-98.126536,18.894109],[-98.120994,18.894858],[-98.109247,18.886285],[-98.106218,18.886415],[-98.105288,18.88837],[-98.107354,18.892305],[-98.108238,18.897946],[-98.106589,18.90239],[-98.106587,18.906309],[-98.10799,18.907137],[-98.107068,18.910112],[-98.108076,18.910709],[-98.108189,18.914525],[-98.109075,18.915102],[-98.108606,18.918863],[-98.109807,18.920715],[-98.112361,18.921994],[-98.116002,18.931315],[-98.113856,18.935733],[-98.115151,18.939752],[-98.119538,18.94383],[-98.125632,18.945423],[-98.128439,18.947404],[-98.132275,18.948268],[-98.134867,18.9471],[-98.143599,18.951602],[-98.150171,18.952283],[-98.152302,18.953499],[-98.156941,18.951183],[-98.158963,18.952835],[-98.158975,18.957843],[-98.160901,18.959623],[-98.165818,18.959393],[-98.172422,18.961551],[-98.174309,18.963523],[-98.177294,18.964275],[-98.183291,18.969375],[-98.19119,18.970035],[-98.192684,18.975548],[-98.1964,18.978794],[-98.195386,18.994534],[-98.195116,18.99643],[-98.193889,18.997175],[-98.193918,19.001168],[-98.204586,19.00592],[-98.203993,19.007745],[-98.207484,19.009166],[-98.205191,19.013354],[-98.207934,19.014419],[-98.206546,19.017023],[-98.209581,19.018654],[-98.208351,19.020962],[-98.211303,19.022502],[-98.20445,19.034408],[-98.210504,19.037496],[-98.200589,19.054528],[-98.20513,19.056694],[-98.213317,19.04207],[-98.207765,19.039184],[-98.216095,19.024974],[-98.214568,19.023523],[-98.206333,19.019654],[-98.207941,19.016656],[-98.207188,19.016189],[-98.208178,19.014325],[-98.205434,19.013235],[-98.206579,19.011185],[-98.203569,19.009958],[-98.204584,19.005753],[-98.19403,19.000929],[-98.194045,18.99734],[-98.195282,18.996547],[-98.195691,18.993506],[-98.196674,18.978764],[-98.192758,18.975307],[-98.191274,18.969951],[-98.183137,18.969176],[-98.17714,18.964046],[-98.17444,18.963393],[-98.172341,18.961295],[-98.166001,18.959212],[-98.161049,18.95946],[-98.159138,18.957739],[-98.159581,18.955066],[-98.158959,18.952416],[-98.157064,18.951038],[-98.152391,18.953315],[-98.150143,18.952111],[-98.143184,18.951295],[-98.134843,18.947034],[-98.132369,18.94823],[-98.119605,18.943804],[-98.115138,18.939615],[-98.113909,18.935856],[-98.116039,18.931251],[-98.112218,18.921659],[-98.110018,18.920814],[-98.108719,18.918969],[-98.109169,18.9152],[-98.10826,18.914498],[-98.108135,18.910646],[-98.107127,18.910024],[-98.108046,18.907112],[-98.106633,18.906254],[-98.106638,18.902514],[-98.108307,18.898056],[-98.107477,18.892484],[-98.105345,18.88833],[-98.106277,18.886475],[-98.109167,18.88636],[-98.120949,18.894946],[-98.126348,18.894181],[-98.136124,18.895679],[-98.144294,18.894351],[-98.146725,18.894689],[-98.149609,18.897378],[-98.155817,18.894069],[-98.163001,18.892864],[-98.165095,18.889672],[-98.168733,18.891687],[-98.169396,18.890521],[-98.169209,18.887271],[-98.172812,18.882481],[-98.173384,18.88041],[-98.175536,18.881909],[-98.18077,18.880189],[-98.184299,18.882773],[-98.183948,18.885176],[-98.182465,18.8843]]}},{"type":"Feature","properties":{"name":"RUTA S3 CIRCUITO"},"geometry":{"type":"LineString","coordinates":[[-98.196055,18.884386],[-98.201627,18.885876],[-98.202451,18.883442],[-98.197898,18.879089],[-98.192719,18.882939],[-98.191061,18.880969],[-98.187556,18.878981],[-98.184995,18.880095],[-98.184307,18.882615],[-98.180683,18.880028],[-98.175344,18.881834],[-98.173412,18.880304],[-98.172723,18.882459],[-98.169,18.887493],[-98.169322,18.890532],[-98.168717,18.891514],[-98.165086,18.889559],[-98.163085,18.892664],[-98.153504,18.894721],[-98.149801,18.897272],[-98.146975,18.894693],[-98.144257,18.894258],[-98.135943,18.895562],[-98.126536,18.894109],[-98.121068,18.894874],[-98.109247,18.886285],[-98.106078,18.886477],[-98.105265,18.888062],[-98.107354,18.892305],[-98.108229,18.897782],[-98.106633,18.901993],[-98.106576,18.906199],[-98.10799,18.907137],[-98.107054,18.909965],[-98.108076,18.910709],[-98.108189,18.914525],[-98.109075,18.915102],[-98.108528,18.918629],[-98.109807,18.920715],[-98.112361,18.921994],[-98.116002,18.931315],[-98.113856,18.935733],[-98.115389,18.940063],[-98.119744,18.943939],[-98.125632,18.945423],[-98.128439,18.947404],[-98.132275,18.948268],[-98.134867,18.9471],[-98.143599,18.951602],[-98.150171,18.952283],[-98.152423,18.9535],[-98.157185,18.951291],[-98.159,18.952943],[-98.15891,18.957505],[-98.159765,18.958885],[-98.161897,18.959908],[-98.166159,18.959453],[-98.172422,18.961551],[-98.174309,18.963523],[-98.177294,18.964275],[-98.183291,18.969375],[-98.190686,18.969617],[-98.192684,18.975548],[-98.1964,18.978794],[-98.195386,18.994534],[-98.195116,18.99643],[-98.193889,18.997175],[-98.193918,19.001168],[-98.204586,19.00592],[-98.203993,19.007745],[-98.207484,19.009166],[-98.205191,19.013354],[-98.207934,19.014419],[-98.206546,19.017023],[-98.209581,19.018654],[-98.208351,19.020962],[-98.211303,19.022502],[-98.20445,19.034408],[-98.210504,19.037496],[-98.200589,19.054528],[-98.20513,19.056694],[-98.213317,19.04207],[-98.207765,19.039184],[-98.216095,19.024974],[-98.214568,19.023523],[-98.206333,19.019654],[-98.207941,19.016656],[-98.207188,19.016189],[-98.208178,19.014325],[-98.205434,19.013235],[-98.206579,19.011185],[-98.203569,19.009958],[-98.204584,19.005753],[-98.19403,19.000929],[-98.194045,18.99734],[-98.195282,18.996547],[-98.195691,18.993506],[-98.196674,18.978764],[-98.192789,18.975358],[-98.190776,18.969527],[-98.183137,18.969176],[-98.17714,18.964046],[-98.17444,18.963393],[-98.172341,18.961295],[-98.166001,18.959212],[-98.161512,18.95967],[-98.159507,18.95845],[-98.159158,18.953058],[-98.157354,18.951159],[-98.156315,18.951047],[-98.152391,18.953315],[-98.150143,18.952111],[-98.144025,18.951553],[-98.134843,18.947034],[-98.132369,18.94823],[-98.128354,18.947313],[-98.125503,18.945324],[-98.119754,18.943888],[-98.115272,18.939868],[-98.113909,18.935856],[-98.116039,18.931251],[-98.112218,18.921659],[-98.110018,18.920814],[-98.108594,18.918511],[-98.109169,18.9152],[-98.10826,18.914498],[-98.108135,18.910646],[-98.107127,18.910024],[-98.108046,18.907112],[-98.106633,18.906254],[-98.106696,18.901991],[-98.108307,18.898056],[-98.107477,18.892484],[-98.105345,18.88833],[-98.106277,18.886475],[-98.109167,18.88636],[-98.120949,18.894946],[-98.126348,18.894181],[-98.136124,18.895679],[-98.144294,18.894351],[-98.146725,18.894689],[-98.149609,18.897378],[-98.155817,18.894069],[-98.163001,18.892864],[-98.165095,18.889672],[-98.168733,18.891687],[-98.169396,18.890521],[-98.169209,18.887271],[-98.172812,18.882481],[-98.173384,18.88041],[-98.175536,18.881909],[-98.180527,18.880123],[-98.18429,18.882769],[-98.184997,18.880271],[-98.187495,18.879061],[-98.193092,18.883005],[-98.197825,18.879194],[-98.202339,18.883627],[-98.201563,18.885765],[-98.196053,18.884302]]}},{"type":"Feature","properties":{"name":"RUTA S3 CIRCUITO"},"geometry":{"type":"LineString","coordinates":[[-98.168711,18.89151],[-98.165108,18.88958],[-98.163085,18.892664],[-98.154407,18.894412],[-98.149602,18.897279],[-98.146975,18.894693],[-98.144257,18.894258],[-98.135943,18.895562],[-98.126536,18.894109],[-98.120994,18.894858],[-98.109247,18.886285],[-98.106078,18.886477],[-98.105288,18.88837],[-98.107354,18.892305],[-98.108229,18.897782],[-98.106633,18.901993],[-98.106576,18.906199],[-98.10799,18.907137],[-98.107054,18.909965],[-98.108076,18.910709],[-98.108189,18.914525],[-98.109075,18.915102],[-98.108528,18.918629],[-98.109807,18.920715],[-98.112361,18.921994],[-98.116002,18.931315],[-98.113856,18.935733],[-98.115151,18.939752],[-98.119649,18.943899],[-98.125632,18.945423],[-98.128439,18.947404],[-98.132275,18.948268],[-98.134867,18.9471],[-98.143599,18.951602],[-98.150171,18.952283],[-98.152302,18.953499],[-98.156941,18.951183],[-98.158963,18.952835],[-98.158975,18.957843],[-98.160901,18.959623],[-98.165818,18.959393],[-98.172422,18.961551],[-98.174309,18.963523],[-98.177294,18.964275],[-98.183291,18.969375],[-98.19119,18.970035],[-98.192684,18.975548],[-98.1964,18.978794],[-98.195386,18.994534],[-98.195116,18.99643],[-98.193889,18.997175],[-98.193918,19.001168],[-98.204586,19.00592],[-98.203993,19.007745],[-98.207484,19.009166],[-98.205191,19.013354],[-98.207934,19.014419],[-98.206546,19.017023],[-98.209581,19.018654],[-98.208351,19.020962],[-98.211303,19.022502],[-98.20445,19.034408],[-98.210504,19.037496],[-98.200589,19.054528],[-98.20513,19.056694],[-98.213317,19.04207],[-98.207765,19.039184],[-98.216095,19.024974],[-98.214568,19.023523],[-98.206333,19.019654],[-98.207941,19.016656],[-98.207188,19.016189],[-98.208178,19.014325],[-98.205434,19.013235],[-98.206579,19.011185],[-98.203569,19.009958],[-98.204584,19.005753],[-98.19403,19.000929],[-98.194045,18.99734],[-98.195282,18.996547],[-98.195691,18.993506],[-98.196674,18.978764],[-98.192758,18.975307],[-98.191274,18.969951],[-98.183137,18.969176],[-98.17714,18.964046],[-98.17444,18.963393],[-98.172341,18.961295],[-98.166001,18.959212],[-98.161049,18.95946],[-98.159138,18.957739],[-98.159581,18.955066],[-98.158959,18.952416],[-98.157064,18.951038],[-98.152391,18.953315],[-98.150143,18.952111],[-98.143184,18.951295],[-98.134843,18.947034],[-98.132369,18.94823],[-98.119605,18.943804],[-98.115138,18.939615],[-98.113909,18.935856],[-98.116039,18.931251],[-98.112218,18.921659],[-98.110018,18.920814],[-98.108594,18.918511],[-98.109169,18.9152],[-98.10826,18.914498],[-98.108135,18.910646],[-98.107127,18.910024],[-98.108046,18.907112],[-98.106633,18.906254],[-98.106696,18.901991],[-98.108307,18.898056],[-98.107477,18.892484],[-98.105345,18.88833],[-98.106277,18.886475],[-98.109167,18.88636],[-98.120949,18.894946],[-98.126348,18.894181],[-98.136124,18.895679],[-98.144294,18.894351],[-98.146725,18.894689],[-98.149367,18.897366],[-98.155817,18.894069],[-98.163001,18.892864],[-98.16511,18.889664],[-98.168652,18.891596]]}},{"type":"Feature","properties":{"name":"RUTA S3 CIRCUITO"},"geometry":{"type":"LineString","coordinates":[[-98.175177,18.907689],[-98.17406,18.926721],[-98.170633,18.929882],[-98.16993,18.932197],[-98.167098,18.93506],[-98.161812,18.944933],[-98.161002,18.948031],[-98.15853,18.952148],[-98.159394,18.955079],[-98.158933,18.957675],[-98.161464,18.959839],[-98.165818,18.959393],[-98.172422,18.961551],[-98.174309,18.963523],[-98.177294,18.964275],[-98.183291,18.969375],[-98.190686,18.969617],[-98.192443,18.975085],[-98.196432,18.978793],[-98.195387,18.994433],[-98.195072,18.996425],[-98.193878,18.997164],[-98.193869,19.000999],[-98.204575,19.005858],[-98.20397,19.00774],[-98.20745,19.009053],[-98.205194,19.013326],[-98.207965,19.0144],[-98.206567,19.017007],[-98.209584,19.018626],[-98.208389,19.020938],[-98.211294,19.022482],[-98.204462,19.034378],[-98.210519,19.037494],[-98.200578,19.05449],[-98.205137,19.05667],[-98.213285,19.042133],[-98.207774,19.039181],[-98.216103,19.024965],[-98.206307,19.019627],[-98.207961,19.016656],[-98.207158,19.016175],[-98.208141,19.014327],[-98.205398,19.013242],[-98.206603,19.011209],[-98.203534,19.00998],[-98.204719,19.005893],[-98.194019,19.000889],[-98.194062,18.997326],[-98.195232,18.996601],[-98.195619,18.9942],[-98.19667,18.978733],[-98.192673,18.975209],[-98.190776,18.969527],[-98.183137,18.969176],[-98.17714,18.964046],[-98.17444,18.963393],[-98.172341,18.961295],[-98.166001,18.959212],[-98.161512,18.95967],[-98.159138,18.957739],[-98.15921,18.952481],[-98.161888,18.944978],[-98.167105,18.935156],[-98.169958,18.932252],[-98.170643,18.929998],[-98.174225,18.926488],[-98.174899,18.914296],[-98.177312,18.908045],[-98.176227,18.907187],[-98.175305,18.90752]]}},{"type":"Feature","properties":{"name":"Desvio Ruta S3  Los Ángeles - Rincón"},"geometry":{"type":"LineString","coordinates":[[-98.203569,19.04947],[-98.203302,19.049896],[-98.208943,19.052925],[-98.20649,19.057184],[-98.200739,19.054548],[-98.199819,19.055886],[-98.20423,19.058208],[-98.205843,19.055243]]}},{"type":"Feature","properties":{"name":"RUTA S11 CIRCUITO"},"geometry":{"type":"LineString","coordinates":[[-98.302383,19.152867],[-98.306232,19.155991],[-98.308645,19.163656],[-98.307532,19.165389],[-98.303191,19.164093],[-98.30098,19.168317],[-98.303216,19.164204],[-98.307592,19.165523],[-98.308729,19.163636],[-98.306571,19.156465],[-98.309154,19.153139],[-98.303823,19.147426],[-98.306569,19.143141],[-98.307202,19.132146],[-98.307999,19.131328],[-98.304038,19.128938],[-98.302488,19.125073],[-98.298017,19.12248],[-98.300315,19.119526],[-98.296347,19.117222],[-98.297948,19.115077],[-98.302927,19.118755],[-98.304557,19.118396],[-98.306446,19.116336],[-98.304076,19.09841],[-98.304898,19.095333],[-98.301817,19.085106],[-98.298941,19.082597],[-98.295983,19.081407],[-98.292441,19.078027],[-98.294402,19.074855],[-98.265303,19.07743],[-98.255745,19.071721],[-98.242426,19.069072],[-98.231336,19.062673],[-98.230707,19.063695],[-98.226076,19.061353],[-98.225652,19.062137],[-98.222709,19.060054],[-98.221781,19.062615],[-98.22008,19.060331],[-98.21837,19.059469],[-98.216274,19.062099],[-98.205205,19.056554],[-98.205934,19.055206],[-98.203206,19.053716],[-98.204105,19.05221],[-98.208122,19.054294],[-98.206461,19.057312],[-98.216388,19.062193],[-98.218479,19.059732],[-98.219866,19.060371],[-98.222161,19.063944],[-98.223079,19.059544],[-98.227281,19.062111],[-98.227957,19.060969],[-98.239421,19.067691],[-98.242547,19.070817],[-98.246738,19.070279],[-98.255648,19.072089],[-98.265609,19.077776],[-98.294176,19.075228],[-98.292306,19.078077],[-98.295862,19.081507],[-98.298759,19.082613],[-98.301625,19.085033],[-98.304819,19.095445],[-98.303984,19.098375],[-98.306364,19.116339],[-98.304544,19.118268],[-98.303068,19.11859],[-98.297948,19.11488],[-98.296198,19.117218],[-98.300163,19.119561],[-98.297875,19.122554],[-98.302394,19.125123],[-98.303778,19.128769],[-98.307574,19.131401],[-98.306507,19.143083],[-98.300638,19.151702],[-98.302172,19.15272]]}},{"type":"Feature","properties":{"name":"Marca de posición sin título"},"geometry":{"type":"Point","coordinates":[-98.302234,19.152726]}},{"type":"Feature","properties":{"name":"RUTA S11 CIRCUITO"},"geometry":{"type":"LineString","coordinates":[[-98.302383,19.152867],[-98.30643,19.156537],[-98.309155,19.153134],[-98.303823,19.147426],[-98.306569,19.143141],[-98.307201,19.132351],[-98.307979,19.13123],[-98.303906,19.128758],[-98.302509,19.125038],[-98.298046,19.122481],[-98.30025,19.11952],[-98.296349,19.117194],[-98.298,19.115074],[-98.302931,19.118705],[-98.304725,19.118307],[-98.306381,19.116548],[-98.304076,19.09841],[-98.304898,19.095333],[-98.301817,19.085106],[-98.298941,19.082597],[-98.295983,19.081407],[-98.292441,19.078027],[-98.294402,19.074855],[-98.265303,19.07743],[-98.255745,19.071721],[-98.242426,19.069072],[-98.231336,19.062673],[-98.230707,19.063695],[-98.226076,19.061353],[-98.225652,19.062137],[-98.222709,19.060054],[-98.221781,19.062615],[-98.22008,19.060331],[-98.21837,19.059469],[-98.216274,19.062099],[-98.205205,19.056554],[-98.205893,19.055173],[-98.203102,19.053664],[-98.204031,19.052187],[-98.208097,19.054255],[-98.206493,19.057198],[-98.216388,19.062193],[-98.218479,19.059732],[-98.219866,19.060371],[-98.222161,19.063944],[-98.223079,19.059544],[-98.227281,19.062111],[-98.227957,19.060969],[-98.239421,19.067691],[-98.242547,19.070817],[-98.246738,19.070279],[-98.255648,19.072089],[-98.265609,19.077776],[-98.294176,19.075228],[-98.292306,19.078077],[-98.295862,19.081507],[-98.298759,19.082613],[-98.301625,19.085033],[-98.304819,19.095445],[-98.303984,19.098375],[-98.305315,19.105284],[-98.305729,19.11406],[-98.308014,19.123924],[-98.307511,19.128743],[-98.308483,19.129794],[-98.307136,19.132129],[-98.306507,19.143083],[-98.300638,19.151702],[-98.302172,19.15272]]}},{"type":"Feature","properties":{"name":"RUTA S11 CIRCUITO"},"geometry":{"type":"LineString","coordinates":[[-98.302383,19.152867],[-98.30643,19.156537],[-98.309155,19.153134],[-98.303823,19.147426],[-98.306569,19.143141],[-98.307298,19.131943],[-98.308141,19.131451],[-98.310016,19.133296],[-98.311239,19.132194],[-98.311963,19.132797],[-98.3152,19.129091],[-98.308021,19.123807],[-98.305902,19.114396],[-98.305391,19.105087],[-98.304164,19.099222],[-98.304898,19.095333],[-98.301817,19.085106],[-98.298941,19.082597],[-98.295983,19.081407],[-98.292441,19.078027],[-98.294402,19.074855],[-98.265303,19.07743],[-98.255745,19.071721],[-98.242426,19.069072],[-98.231336,19.062673],[-98.230707,19.063695],[-98.226076,19.061353],[-98.225652,19.062137],[-98.222709,19.060054],[-98.221781,19.062615],[-98.22008,19.060331],[-98.21837,19.059469],[-98.214091,19.064977],[-98.204913,19.072382],[-98.202031,19.069209],[-98.199847,19.072147],[-98.195844,19.069502],[-98.197113,19.075528],[-98.191295,19.073572],[-98.196563,19.064811],[-98.199112,19.066525],[-98.201404,19.070778],[-98.204143,19.079517],[-98.204134,19.078763],[-98.208852,19.078709],[-98.207922,19.075933],[-98.204923,19.072696],[-98.214375,19.06515],[-98.218479,19.059732],[-98.219866,19.060371],[-98.222161,19.063944],[-98.223079,19.059544],[-98.227281,19.062111],[-98.227957,19.060969],[-98.239421,19.067691],[-98.242547,19.070817],[-98.246738,19.070279],[-98.255648,19.072089],[-98.265609,19.077776],[-98.294176,19.075228],[-98.292306,19.078077],[-98.295862,19.081507],[-98.298759,19.082613],[-98.301625,19.085033],[-98.304819,19.095445],[-98.304056,19.099111],[-98.305315,19.105284],[-98.3058,19.114563],[-98.307994,19.123934],[-98.315031,19.129139],[-98.311966,19.132649],[-98.311219,19.13206],[-98.310041,19.133216],[-98.307343,19.130885],[-98.306507,19.143083],[-98.300638,19.151702],[-98.302172,19.15272]]}},{"type":"Feature","properties":{"name":"RUTA S12 CIRCUITO"},"geometry":{"type":"LineString","coordinates":[[-98.298901,19.071104],[-98.301508,19.065964],[-98.304584,19.066614],[-98.30578,19.064112],[-98.308852,19.065551],[-98.309628,19.064014],[-98.314452,19.066286],[-98.315768,19.07182],[-98.326697,19.079678],[-98.350885,19.107029],[-98.342246,19.120847],[-98.338161,19.118207],[-98.335179,19.122028],[-98.340725,19.124356],[-98.341712,19.125737],[-98.343227,19.123216],[-98.341436,19.122336],[-98.351028,19.107008],[-98.326848,19.079611],[-98.315984,19.071722],[-98.31488,19.067446],[-98.307717,19.064149],[-98.306127,19.067184],[-98.301478,19.065726],[-98.297386,19.073479],[-98.295829,19.074588],[-98.266509,19.077603],[-98.264326,19.077076],[-98.255686,19.071823],[-98.241523,19.068642],[-98.23135,19.062679],[-98.230733,19.063715],[-98.226085,19.061367],[-98.225674,19.06216],[-98.22274,19.060015],[-98.221594,19.062565],[-98.220116,19.060275],[-98.218379,19.059448],[-98.216338,19.06214],[-98.205185,19.056551],[-98.207985,19.051429],[-98.215723,19.055458],[-98.217407,19.055335],[-98.227271,19.062114],[-98.227983,19.060997],[-98.239108,19.067455],[-98.242301,19.070688],[-98.246806,19.070244],[-98.255596,19.072034],[-98.26504,19.077634],[-98.295552,19.074987],[-98.297621,19.073582],[-98.29879,19.071419]]}},{"type":"Feature","properties":{"name":"RUTA S12 CIRCUITO"},"geometry":{"type":"LineString","coordinates":[[-98.314403,19.106652],[-98.311809,19.110711],[-98.311838,19.112223],[-98.308498,19.113796],[-98.310766,19.115037],[-98.307987,19.118544],[-98.312529,19.121494],[-98.309932,19.125351],[-98.315074,19.129132],[-98.313618,19.130726],[-98.312703,19.13015],[-98.310063,19.133197],[-98.307916,19.131119],[-98.304656,19.12959],[-98.302491,19.125045],[-98.297942,19.122448],[-98.294391,19.124749],[-98.290745,19.129852],[-98.284823,19.118419],[-98.279541,19.110694],[-98.284689,19.11845],[-98.290715,19.130092],[-98.294446,19.124822],[-98.297987,19.122591],[-98.302384,19.125121],[-98.304075,19.129125],[-98.310013,19.133307],[-98.311257,19.132191],[-98.31197,19.132769],[-98.315291,19.129145],[-98.310083,19.125351],[-98.312647,19.121507],[-98.308146,19.118497],[-98.310899,19.115021],[-98.308868,19.113796],[-98.311986,19.112246],[-98.311973,19.110732],[-98.314507,19.106953],[-98.315875,19.110175],[-98.31265,19.100892],[-98.310668,19.102811],[-98.307647,19.100982],[-98.309122,19.099407],[-98.308401,19.09767],[-98.304777,19.095931],[-98.303404,19.091003],[-98.30512,19.088626],[-98.300487,19.083703],[-98.295977,19.081371],[-98.292403,19.078002],[-98.294563,19.075102],[-98.297834,19.073369],[-98.301533,19.065867],[-98.304649,19.066741],[-98.30505,19.065852],[-98.308055,19.067219],[-98.308853,19.065631],[-98.310374,19.066324],[-98.310031,19.066971],[-98.306945,19.065584],[-98.306128,19.06716],[-98.301816,19.065632],[-98.297203,19.073719],[-98.294448,19.074851],[-98.292286,19.078015],[-98.295945,19.081508],[-98.300515,19.083895],[-98.305003,19.088634],[-98.303296,19.090931],[-98.304655,19.095975],[-98.308333,19.097756],[-98.309003,19.099405],[-98.307527,19.100968],[-98.309297,19.102178],[-98.310679,19.102916],[-98.312511,19.100932],[-98.314365,19.106494]]}},{"type":"Feature","properties":{"name":"RUTA S12 CIRCUITO"},"geometry":{"type":"LineString","coordinates":[[-98.312692,19.100277],[-98.313428,19.099276],[-98.316419,19.098213],[-98.318267,19.096122],[-98.318873,19.095115],[-98.317911,19.094031],[-98.320352,19.090545],[-98.316005,19.086292],[-98.308427,19.082315],[-98.309256,19.080466],[-98.306027,19.078898],[-98.3073,19.076337],[-98.301159,19.07349],[-98.305032,19.06586],[-98.308091,19.067229],[-98.308874,19.065632],[-98.310389,19.066325],[-98.306506,19.073827],[-98.303464,19.072462],[-98.302133,19.075093],[-98.306743,19.077253],[-98.305923,19.078945],[-98.309152,19.080497],[-98.308263,19.082272],[-98.316171,19.086479],[-98.321759,19.091871],[-98.320616,19.09473],[-98.319167,19.092195],[-98.317813,19.09401],[-98.318778,19.095152],[-98.318066,19.096246],[-98.314408,19.099326],[-98.313735,19.100961],[-98.312748,19.100338]]}},{"type":"Feature","properties":{"name":"RUTA S12 CIRCUITO"},"geometry":{"type":"LineString","coordinates":[[-98.315866,19.110157],[-98.314575,19.106845],[-98.317301,19.103288],[-98.320383,19.105203],[-98.327021,19.09465],[-98.322741,19.092306],[-98.325196,19.088381],[-98.323845,19.086096],[-98.325718,19.083451],[-98.323668,19.08053],[-98.325038,19.078226],[-98.316266,19.072024],[-98.31491,19.067436],[-98.313451,19.066719],[-98.307685,19.064089],[-98.306126,19.067187],[-98.302413,19.065541],[-98.301442,19.065809],[-98.297294,19.073578],[-98.295225,19.07475],[-98.266393,19.077551],[-98.255439,19.071668],[-98.241323,19.068547],[-98.23133,19.062609],[-98.230664,19.063692],[-98.226115,19.06132],[-98.225634,19.062146],[-98.222756,19.059999],[-98.221713,19.062591],[-98.220182,19.060344],[-98.218375,19.059397],[-98.216388,19.062151],[-98.205199,19.05656],[-98.207961,19.051474],[-98.215764,19.055428],[-98.2175,19.055386],[-98.227313,19.062079],[-98.227942,19.060959],[-98.239732,19.067878],[-98.242489,19.070813],[-98.246819,19.070255],[-98.255724,19.072036],[-98.266139,19.077835],[-98.295245,19.075032],[-98.297438,19.073852],[-98.301535,19.06591],[-98.304598,19.066707],[-98.305842,19.064235],[-98.308897,19.065633],[-98.30967,19.064111],[-98.314462,19.066294],[-98.31574,19.071882],[-98.32482,19.078366],[-98.323559,19.080563],[-98.32555,19.083472],[-98.323724,19.08611],[-98.325102,19.088393],[-98.322603,19.092342],[-98.326857,19.094686],[-98.320354,19.105064],[-98.317318,19.103194],[-98.314466,19.106851],[-98.315817,19.11023]]}},{"type":"Feature","properties":{"name":"RUTA S12 RAMAL COLONIA NUEVO LEON - CHOLULA - PUEBLA CENTRO"},"geometry":{"type":"LineString","coordinates":[[-98.301374,19.073344],[-98.305004,19.065881],[-98.308072,19.067235],[-98.308535,19.066326],[-98.306952,19.065576],[-98.30612,19.067177],[-98.301486,19.06578],[-98.297445,19.073386],[-98.29427,19.075096],[-98.291367,19.078989],[-98.288924,19.083751],[-98.2903,19.084582],[-98.285515,19.091853],[-98.297103,19.099376],[-98.285351,19.091692],[-98.280319,19.089482],[-98.282975,19.085538],[-98.285759,19.086588],[-98.289871,19.089841],[-98.292629,19.085881],[-98.289049,19.083728],[-98.294337,19.074878],[-98.265362,19.077447],[-98.255952,19.071839],[-98.241992,19.068864],[-98.224386,19.059056],[-98.218945,19.055145],[-98.215421,19.0553],[-98.213773,19.05614],[-98.211524,19.055056],[-98.210277,19.057389],[-98.205886,19.055123],[-98.207966,19.051419],[-98.215832,19.055455],[-98.217488,19.055391],[-98.227295,19.062115],[-98.227988,19.060978],[-98.239717,19.067868],[-98.242208,19.07065],[-98.247252,19.070307],[-98.255148,19.071852],[-98.265713,19.077786],[-98.294169,19.075165],[-98.288976,19.083714],[-98.290344,19.084563],[-98.285546,19.091854],[-98.297074,19.099324],[-98.285481,19.091802],[-98.280296,19.089446],[-98.282924,19.085507],[-98.285708,19.086506],[-98.289873,19.089788],[-98.29258,19.085919],[-98.289025,19.083682],[-98.293369,19.076436],[-98.297418,19.073836],[-98.300845,19.067131],[-98.303699,19.068402],[-98.304948,19.065897],[-98.308056,19.067182],[-98.308464,19.066349],[-98.306955,19.065669],[-98.302595,19.074195],[-98.301376,19.073408]]}},{"type":"Feature","properties":{"name":"RUTA S12 CIRCUITO"},"geometry":{"type":"LineString","coordinates":[[-98.312215,19.067173],[-98.315017,19.068409],[-98.315605,19.071715],[-98.326633,19.07955],[-98.346258,19.101922],[-98.358828,19.102746],[-98.370007,19.091672],[-98.372235,19.092164],[-98.369953,19.091583],[-98.358707,19.102575],[-98.346524,19.1018],[-98.326312,19.079092],[-98.31591,19.071671],[-98.304589,19.066506],[-98.305008,19.065787],[-98.308016,19.067177],[-98.308875,19.065583],[-98.310399,19.066265],[-98.310022,19.067037],[-98.306909,19.065628],[-98.306097,19.067245],[-98.30148,19.065768],[-98.297576,19.073163],[-98.295886,19.074603],[-98.266009,19.077535],[-98.255397,19.07175],[-98.242643,19.069131],[-98.231403,19.062735],[-98.230699,19.063767],[-98.226115,19.061345],[-98.225678,19.062188],[-98.222848,19.060126],[-98.221712,19.062627],[-98.220082,19.060235],[-98.218362,19.059458],[-98.216343,19.062154],[-98.205076,19.056546],[-98.207937,19.051421],[-98.215712,19.05542],[-98.217416,19.055311],[-98.226186,19.061584],[-98.227235,19.062078],[-98.227952,19.060968],[-98.229777,19.061954],[-98.240039,19.068104],[-98.242319,19.070663],[-98.24659,19.070224],[-98.256012,19.07214],[-98.266122,19.077829],[-98.295536,19.074965],[-98.298,19.072961],[-98.301751,19.065851],[-98.304591,19.06669],[-98.305036,19.065857],[-98.308041,19.067224],[-98.308882,19.065641],[-98.312215,19.067173]]}},{"type":"Feature","properties":{"name":"RUTA S12 CIRCUITO"},"geometry":{"type":"LineString","coordinates":[[-98.320624,19.095023],[-98.322818,19.101247],[-98.329414,19.105058],[-98.333619,19.104345],[-98.336769,19.100297],[-98.331503,19.096938],[-98.332915,19.095067],[-98.327134,19.091266],[-98.321732,19.083023],[-98.31753,19.073008],[-98.315702,19.071055],[-98.314875,19.067382],[-98.307655,19.064076],[-98.306117,19.067144],[-98.302436,19.065551],[-98.301232,19.065947],[-98.297276,19.0736],[-98.295321,19.074751],[-98.266201,19.077567],[-98.255311,19.071627],[-98.241435,19.068613],[-98.231383,19.062692],[-98.230682,19.063722],[-98.226038,19.061332],[-98.225637,19.062068],[-98.222723,19.059983],[-98.221691,19.062598],[-98.220079,19.060273],[-98.21838,19.059441],[-98.216188,19.062063],[-98.205076,19.056583],[-98.207972,19.051474],[-98.215838,19.055426],[-98.217492,19.055348],[-98.22727,19.062089],[-98.227969,19.060962],[-98.239626,19.067813],[-98.242182,19.070665],[-98.24713,19.070293],[-98.255124,19.071885],[-98.263094,19.076678],[-98.266407,19.077848],[-98.295901,19.074886],[-98.297672,19.073586],[-98.301513,19.065944],[-98.30459,19.066712],[-98.305799,19.064225],[-98.308863,19.065653],[-98.309677,19.064108],[-98.314431,19.066304],[-98.315671,19.071727],[-98.317431,19.073139],[-98.321602,19.083068],[-98.325128,19.088476],[-98.327328,19.091686],[-98.332749,19.095099],[-98.331366,19.096992],[-98.336633,19.100286],[-98.333587,19.104214],[-98.329295,19.104908],[-98.323159,19.101482],[-98.320682,19.094851]]}},{"type":"Feature","properties":{"name":"RUTA S12 CIRCUITO"},"geometry":{"type":"LineString","coordinates":[[-98.301164,19.073442],[-98.305048,19.065824],[-98.308084,19.067173],[-98.308897,19.06563],[-98.31494,19.068436],[-98.315765,19.071945],[-98.326461,19.079444],[-98.342846,19.097882],[-98.339285,19.101991],[-98.336723,19.100217],[-98.329006,19.110804],[-98.305213,19.09585],[-98.301662,19.084952],[-98.298549,19.082366],[-98.296039,19.081438],[-98.292418,19.07804],[-98.294144,19.074894],[-98.265264,19.07744],[-98.255704,19.071746],[-98.241551,19.068672],[-98.218731,19.055075],[-98.215197,19.055326],[-98.213788,19.056142],[-98.211562,19.05499],[-98.210293,19.057387],[-98.205921,19.055205],[-98.207933,19.051485],[-98.215747,19.055415],[-98.217473,19.055319],[-98.227273,19.06208],[-98.227966,19.060981],[-98.229116,19.06162],[-98.239259,19.067581],[-98.242297,19.070697],[-98.247089,19.070278],[-98.255704,19.072019],[-98.265171,19.077646],[-98.294143,19.075174],[-98.292301,19.078043],[-98.296002,19.081545],[-98.299273,19.082917],[-98.301673,19.085067],[-98.305156,19.0959],[-98.329001,19.110898],[-98.33674,19.100363],[-98.339293,19.102185],[-98.343006,19.097772],[-98.326441,19.079206],[-98.315968,19.071741],[-98.304713,19.066518],[-98.305033,19.065897],[-98.308012,19.067203],[-98.308472,19.066284],[-98.306943,19.06562],[-98.302578,19.074132],[-98.301197,19.073509]]}},{"type":"Feature","properties":{"name":"RUTA S14A CIRCUIO"},"geometry":{"type":"LineString","coordinates":[[-98.329298,19.070688],[-98.328113,19.072618],[-98.330445,19.073798],[-98.328414,19.075781],[-98.317914,19.068684],[-98.319481,19.065472],[-98.312417,19.062249],[-98.310034,19.067001],[-98.301132,19.062932],[-98.298047,19.068972],[-98.299325,19.069526],[-98.297324,19.07355],[-98.295811,19.074634],[-98.266314,19.077561],[-98.263913,19.076888],[-98.256316,19.071953],[-98.241568,19.068661],[-98.224202,19.058906],[-98.219715,19.055596],[-98.214237,19.061031],[-98.206524,19.057293],[-98.20822,19.0543],[-98.206732,19.053507],[-98.205158,19.056622],[-98.216412,19.062172],[-98.218523,19.059737],[-98.220158,19.060709],[-98.22214,19.063968],[-98.222247,19.061839],[-98.223696,19.058866],[-98.239622,19.067794],[-98.242526,19.070815],[-98.24684,19.070277],[-98.25512,19.071865],[-98.266028,19.077857],[-98.296024,19.074789],[-98.297596,19.073714],[-98.300847,19.067153],[-98.303746,19.068412],[-98.305032,19.065882],[-98.311296,19.068675],[-98.313605,19.063998],[-98.318873,19.066411],[-98.317741,19.068797],[-98.328449,19.075923],[-98.330551,19.073805],[-98.328256,19.072594],[-98.329377,19.070702]]}},{"type":"Feature","properties":{"name":"RUTA S14A CIRCUIO"},"geometry":{"type":"LineString","coordinates":[[-98.340271,19.053093],[-98.342305,19.05421],[-98.343056,19.052836],[-98.340797,19.053289],[-98.334379,19.050264],[-98.331703,19.054959],[-98.31843,19.058402],[-98.312022,19.055505],[-98.310604,19.05833],[-98.313749,19.059734],[-98.310034,19.067001],[-98.301132,19.062932],[-98.298092,19.069004],[-98.299357,19.069569],[-98.296413,19.074338],[-98.267467,19.077538],[-98.263913,19.076888],[-98.255707,19.071737],[-98.241568,19.068661],[-98.224202,19.058906],[-98.219715,19.055596],[-98.214288,19.061001],[-98.206537,19.057284],[-98.208153,19.054281],[-98.206724,19.053557],[-98.205047,19.056515],[-98.216412,19.062172],[-98.218523,19.059737],[-98.220158,19.060709],[-98.22214,19.063968],[-98.222247,19.061839],[-98.223696,19.058866],[-98.239622,19.067794],[-98.242526,19.070815],[-98.24684,19.070277],[-98.25512,19.071865],[-98.266028,19.077857],[-98.296024,19.074789],[-98.297596,19.073714],[-98.300847,19.067153],[-98.303746,19.068412],[-98.305032,19.065882],[-98.311296,19.068675],[-98.314503,19.062316],[-98.316133,19.063054],[-98.318493,19.058562],[-98.331868,19.054996],[-98.334472,19.050443],[-98.340166,19.053059]]}},{"type":"Feature","properties":{"name":"RUTA S14A CIRCUIO"},"geometry":{"type":"LineString","coordinates":[[-98.310798,19.05796],[-98.313749,19.059734],[-98.310034,19.067001],[-98.301132,19.062932],[-98.298979,19.067215],[-98.291062,19.063614],[-98.290047,19.065061],[-98.268901,19.070779],[-98.271186,19.073036],[-98.270265,19.074747],[-98.269282,19.074123],[-98.268041,19.076032],[-98.270695,19.076374],[-98.270477,19.077183],[-98.266314,19.077561],[-98.263913,19.076888],[-98.256316,19.071953],[-98.241568,19.068661],[-98.224202,19.058906],[-98.219715,19.055596],[-98.218564,19.056906],[-98.215728,19.055256],[-98.21379,19.05614],[-98.208566,19.053545],[-98.206436,19.057304],[-98.21632,19.06222],[-98.218523,19.059737],[-98.220158,19.060709],[-98.22214,19.063968],[-98.222247,19.061839],[-98.223696,19.058866],[-98.239622,19.067794],[-98.242526,19.070815],[-98.24684,19.070277],[-98.25512,19.071865],[-98.266028,19.077857],[-98.270664,19.077452],[-98.270858,19.07636],[-98.268601,19.075384],[-98.269296,19.07427],[-98.270291,19.07485],[-98.271307,19.073011],[-98.2691,19.071107],[-98.269914,19.070319],[-98.294122,19.064047],[-98.298026,19.065777],[-98.29925,19.063215],[-98.30809,19.067185],[-98.312719,19.058103],[-98.311118,19.057354],[-98.310852,19.057851]]}},{"type":"Feature","properties":{"name":"RUTA S14A CIRCUIO"},"geometry":{"type":"LineString","coordinates":[[-98.342828,19.0303],[-98.337542,19.039284],[-98.314665,19.050399],[-98.310602,19.058316],[-98.313749,19.059734],[-98.310034,19.067001],[-98.301132,19.062932],[-98.29938,19.066467],[-98.300613,19.067005],[-98.297324,19.07355],[-98.295811,19.074634],[-98.265604,19.077479],[-98.256316,19.071953],[-98.241568,19.068661],[-98.224202,19.058906],[-98.219715,19.055596],[-98.218564,19.056906],[-98.215728,19.055256],[-98.21379,19.05614],[-98.208632,19.05355],[-98.206446,19.057265],[-98.21639,19.062256],[-98.218523,19.059737],[-98.220158,19.060709],[-98.22214,19.063968],[-98.222247,19.061839],[-98.223696,19.058866],[-98.239622,19.067794],[-98.242526,19.070815],[-98.24684,19.070277],[-98.25512,19.071865],[-98.265325,19.077726],[-98.295233,19.075015],[-98.297596,19.073714],[-98.300847,19.067153],[-98.303746,19.068412],[-98.305032,19.065882],[-98.308092,19.067215],[-98.313612,19.056378],[-98.316795,19.057785],[-98.318557,19.054269],[-98.315416,19.052811],[-98.317252,19.049457],[-98.337638,19.039321],[-98.342907,19.030281]]}},{"type":"Feature","properties":{"name":"RUTA S16 SAN MATIAS COCOYOTLA - SANTIAGO MOMOXPAN - FERROCARRILERA"},"geometry":{"type":"LineString","coordinates":[[-98.309513,19.07839],[-98.308552,19.077944],[-98.308924,19.077202],[-98.310592,19.077973],[-98.311068,19.077018],[-98.309434,19.076269],[-98.312456,19.070325],[-98.315515,19.071499],[-98.307748,19.067906],[-98.308548,19.066304],[-98.301142,19.062935],[-98.299385,19.066451],[-98.30061,19.066996],[-98.297133,19.073723],[-98.295526,19.07466],[-98.266023,19.077539],[-98.255634,19.071691],[-98.24209,19.068903],[-98.231347,19.062683],[-98.230706,19.063702],[-98.226116,19.061374],[-98.225646,19.062155],[-98.216172,19.055418],[-98.213698,19.056217],[-98.208611,19.053488],[-98.207696,19.055083],[-98.206334,19.054397],[-98.207984,19.05151],[-98.215775,19.055445],[-98.217437,19.055357],[-98.221537,19.05834],[-98.222071,19.057664],[-98.239467,19.067695],[-98.242279,19.070737],[-98.2471,19.070287],[-98.255797,19.072076],[-98.263606,19.076994],[-98.266307,19.077866],[-98.295638,19.074941],[-98.297862,19.073207],[-98.300902,19.06716],[-98.303768,19.068415],[-98.305029,19.065893],[-98.308044,19.067217],[-98.30888,19.065612],[-98.312071,19.067083],[-98.312869,19.065502],[-98.311179,19.064702],[-98.310389,19.066278],[-98.314945,19.06843],[-98.315576,19.071344],[-98.310815,19.069412],[-98.31236,19.070282],[-98.309311,19.076291],[-98.310954,19.077054],[-98.31057,19.077847],[-98.308894,19.077074],[-98.306336,19.08121],[-98.303094,19.079557],[-98.302944,19.077468],[-98.303621,19.075845],[-98.30947,19.078459]]}},{"type":"Feature","properties":{"name":"RUTA S16 SAN RAMAL MATIAS COCOYOTLA - SANTIAGO MOMOXPAN - SAN COSME TEXINTLA"},"geometry":{"type":"LineString","coordinates":[[-98.309513,19.07839],[-98.308552,19.077944],[-98.308924,19.077202],[-98.310592,19.077973],[-98.311068,19.077018],[-98.309434,19.076269],[-98.312456,19.070325],[-98.315515,19.071499],[-98.307748,19.067906],[-98.308548,19.066304],[-98.306934,19.06557],[-98.302149,19.075007],[-98.297617,19.072992],[-98.295526,19.07466],[-98.266023,19.077539],[-98.255634,19.071691],[-98.24209,19.068903],[-98.231347,19.062683],[-98.230706,19.063702],[-98.226116,19.061374],[-98.225646,19.062155],[-98.216172,19.055418],[-98.213735,19.056219],[-98.208619,19.053518],[-98.207279,19.055854],[-98.205922,19.055089],[-98.207933,19.051374],[-98.215775,19.055445],[-98.217437,19.055357],[-98.221537,19.05834],[-98.222071,19.057664],[-98.230356,19.062327],[-98.239467,19.067695],[-98.242279,19.070737],[-98.2471,19.070287],[-98.255797,19.072076],[-98.263606,19.076994],[-98.266307,19.077866],[-98.295638,19.074941],[-98.29791,19.073249],[-98.303669,19.075803],[-98.306335,19.070567],[-98.303399,19.069226],[-98.305037,19.065866],[-98.308044,19.067217],[-98.30888,19.065612],[-98.312071,19.067083],[-98.312869,19.065502],[-98.311179,19.064702],[-98.310389,19.066278],[-98.314945,19.06843],[-98.315576,19.071344],[-98.310815,19.069412],[-98.31236,19.070282],[-98.309312,19.076309],[-98.313877,19.07882],[-98.31812,19.09042],[-98.317101,19.088025],[-98.314867,19.090516],[-98.307414,19.086306],[-98.30656,19.081333],[-98.308526,19.078027],[-98.309488,19.078462]]}},{"type":"Feature","properties":{"name":"RUTA S16 RAMAL LAS BARRANCAS - SANTIAGO MOMOXPAN - FERROCARRILERA"},"geometry":{"type":"LineString","coordinates":[[-98.301191,19.130384],[-98.303124,19.127396],[-98.304675,19.129705],[-98.307902,19.131207],[-98.310043,19.133305],[-98.311255,19.132175],[-98.312001,19.132798],[-98.315206,19.129112],[-98.310011,19.125384],[-98.312612,19.121474],[-98.308015,19.118523],[-98.310809,19.114981],[-98.308776,19.113828],[-98.311928,19.112311],[-98.311879,19.110755],[-98.317559,19.103096],[-98.320306,19.097663],[-98.320691,19.094862],[-98.316171,19.086295],[-98.314221,19.079227],[-98.313482,19.078098],[-98.30943,19.076244],[-98.312456,19.070325],[-98.315515,19.071499],[-98.307748,19.067906],[-98.308548,19.066304],[-98.301142,19.062935],[-98.299385,19.066451],[-98.30061,19.066996],[-98.297133,19.073723],[-98.295526,19.07466],[-98.265164,19.077389],[-98.255634,19.071691],[-98.24209,19.068903],[-98.231347,19.062683],[-98.230706,19.063702],[-98.226116,19.061374],[-98.225646,19.062155],[-98.216172,19.055418],[-98.213711,19.056225],[-98.208557,19.053568],[-98.207247,19.055855],[-98.205894,19.055108],[-98.207927,19.051417],[-98.215775,19.055445],[-98.217437,19.055357],[-98.221537,19.05834],[-98.222071,19.057664],[-98.239467,19.067695],[-98.242279,19.070737],[-98.2471,19.070287],[-98.255797,19.072076],[-98.263606,19.076994],[-98.266307,19.077866],[-98.295638,19.074941],[-98.297862,19.073207],[-98.300902,19.06716],[-98.303768,19.068415],[-98.305029,19.065893],[-98.308044,19.067217],[-98.30888,19.065612],[-98.312071,19.067083],[-98.312869,19.065502],[-98.311179,19.064702],[-98.310389,19.066278],[-98.314945,19.06843],[-98.315576,19.071344],[-98.310815,19.069412],[-98.31236,19.070282],[-98.309311,19.076291],[-98.31377,19.078636],[-98.316161,19.086522],[-98.320576,19.094862],[-98.318969,19.100586],[-98.314449,19.106831],[-98.315779,19.110252],[-98.308583,19.113832],[-98.310705,19.115008],[-98.307912,19.118545],[-98.312428,19.121502],[-98.309884,19.125412],[-98.315028,19.129146],[-98.312006,19.132658],[-98.311194,19.132088],[-98.31003,19.133218],[-98.307897,19.131106],[-98.304722,19.129657],[-98.303186,19.127297],[-98.301198,19.130315]]}},{"type":"Feature","properties":{"name":"RUTA S16 RAMAL SAN MATIAS COCOYOTLA  - SANTIAGO MOMOXPAN - SANTA BARBARA ALMOLOYA"},"geometry":{"type":"LineString","coordinates":[[-98.309513,19.07839],[-98.308552,19.077944],[-98.308924,19.077202],[-98.310592,19.077973],[-98.311068,19.077018],[-98.309434,19.076269],[-98.312456,19.070325],[-98.315515,19.071499],[-98.307748,19.067906],[-98.308548,19.066304],[-98.301142,19.062935],[-98.299385,19.066451],[-98.30061,19.066996],[-98.297133,19.073723],[-98.295526,19.07466],[-98.266023,19.077539],[-98.255634,19.071691],[-98.24209,19.068903],[-98.231347,19.062683],[-98.230706,19.063702],[-98.226116,19.061374],[-98.225646,19.062155],[-98.216172,19.055418],[-98.213703,19.056175],[-98.208625,19.053568],[-98.207282,19.055825],[-98.205916,19.055102],[-98.207972,19.05139],[-98.215775,19.055445],[-98.217437,19.055357],[-98.221537,19.05834],[-98.222071,19.057664],[-98.230356,19.062327],[-98.239467,19.067695],[-98.242279,19.070737],[-98.2471,19.070287],[-98.255797,19.072076],[-98.263606,19.076994],[-98.266307,19.077866],[-98.295638,19.074941],[-98.297862,19.073207],[-98.300902,19.06716],[-98.303768,19.068415],[-98.305029,19.065893],[-98.308044,19.067217],[-98.30888,19.065612],[-98.312071,19.067083],[-98.312869,19.065502],[-98.311179,19.064702],[-98.310389,19.066278],[-98.314945,19.06843],[-98.315576,19.071344],[-98.310815,19.069412],[-98.31236,19.070282],[-98.309311,19.076291],[-98.310954,19.077054],[-98.307036,19.084125],[-98.307755,19.088896],[-98.304762,19.0952],[-98.307648,19.089597],[-98.30717,19.084113],[-98.310208,19.078719],[-98.309613,19.078432]]}},{"type":"Feature","properties":{"name":"DESVIO SEGUNDO GRUPO"},"geometry":{"type":"LineString","coordinates":[[-98.309513,19.07839],[-98.308552,19.077944],[-98.308924,19.077202],[-98.310592,19.077973],[-98.311068,19.077018],[-98.309434,19.076269],[-98.312456,19.070325],[-98.315515,19.071499],[-98.307748,19.067906],[-98.308548,19.066304],[-98.301142,19.062935],[-98.299385,19.066451],[-98.30061,19.066996],[-98.297133,19.073723],[-98.295526,19.07466],[-98.266023,19.077539],[-98.255634,19.071691],[-98.24209,19.068903],[-98.231347,19.062683],[-98.230706,19.063702],[-98.226116,19.061374],[-98.225646,19.062155],[-98.216172,19.055418],[-98.213687,19.056194],[-98.204517,19.051561],[-98.205393,19.050063],[-98.215775,19.055445],[-98.217437,19.055357],[-98.221537,19.05834],[-98.222071,19.057664],[-98.239467,19.067695],[-98.242279,19.070737],[-98.2471,19.070287],[-98.255797,19.072076],[-98.263606,19.076994],[-98.266307,19.077866],[-98.295638,19.074941],[-98.297862,19.073207],[-98.300902,19.06716],[-98.303768,19.068415],[-98.305029,19.065893],[-98.308044,19.067217],[-98.30888,19.065612],[-98.312071,19.067083],[-98.312869,19.065502],[-98.311179,19.064702],[-98.310389,19.066278],[-98.314945,19.06843],[-98.315576,19.071344],[-98.310815,19.069412],[-98.31236,19.070282],[-98.309311,19.076291],[-98.310954,19.077054],[-98.31057,19.077847],[-98.308894,19.077074],[-98.306336,19.08121],[-98.303094,19.079557],[-98.302944,19.077468],[-98.303621,19.075845],[-98.30947,19.078459]]}},{"type":"Feature","properties":{"name":"RUTA S19 CIRCUITO"},"geometry":{"type":"LineString","coordinates":[[-98.240775,19.137755],[-98.244074,19.139316],[-98.24008,19.144641],[-98.235519,19.141835],[-98.237421,19.146172],[-98.230932,19.150725],[-98.228091,19.151839],[-98.226156,19.150812],[-98.223792,19.150732],[-98.22203,19.143352],[-98.222522,19.136338],[-98.225951,19.131432],[-98.227772,19.123766],[-98.227512,19.117057],[-98.228295,19.111086],[-98.231139,19.104968],[-98.22879,19.101119],[-98.230248,19.096041],[-98.228089,19.073997],[-98.22009,19.060272],[-98.218446,19.05948],[-98.217628,19.060403],[-98.215337,19.057975],[-98.21591,19.057236],[-98.202887,19.050554],[-98.202465,19.051331],[-98.208159,19.054289],[-98.206428,19.057271],[-98.212274,19.06018],[-98.213591,19.059052],[-98.216521,19.06231],[-98.218527,19.059726],[-98.219923,19.060374],[-98.226331,19.071242],[-98.227655,19.075624],[-98.23003,19.095901],[-98.228638,19.101124],[-98.231032,19.104997],[-98.228186,19.111198],[-98.227416,19.116928],[-98.227663,19.123848],[-98.225907,19.131224],[-98.222416,19.136292],[-98.221779,19.143157],[-98.223601,19.150781],[-98.225932,19.150854],[-98.228201,19.15195],[-98.231073,19.150799],[-98.237652,19.146133],[-98.235462,19.142017],[-98.238727,19.136823],[-98.240537,19.137645]]}},{"type":"Feature","properties":{"name":"RUTA S19 CIRCUITO"},"geometry":{"type":"LineString","coordinates":[[-98.220103,19.124613],[-98.225226,19.119974],[-98.227722,19.121859],[-98.228196,19.111497],[-98.231131,19.104832],[-98.228756,19.101063],[-98.230244,19.096264],[-98.228103,19.074109],[-98.222023,19.06295],[-98.220109,19.060364],[-98.218387,19.059462],[-98.21436,19.064809],[-98.204806,19.072468],[-98.203423,19.070845],[-98.202333,19.07232],[-98.198718,19.065438],[-98.193523,19.072817],[-98.192164,19.072106],[-98.196609,19.064821],[-98.199057,19.06645],[-98.200047,19.068247],[-98.199322,19.066593],[-98.202372,19.065379],[-98.204782,19.068878],[-98.205652,19.067905],[-98.208165,19.070145],[-98.2144,19.065096],[-98.219866,19.069734],[-98.221732,19.06393],[-98.226337,19.071198],[-98.227664,19.075581],[-98.230078,19.096573],[-98.228617,19.101036],[-98.230989,19.105289],[-98.228225,19.111077],[-98.227563,19.121705],[-98.225236,19.119887],[-98.220042,19.124533]]}},{"type":"Feature","properties":{"name":"RUTA S19 CIRCUITO"},"geometry":{"type":"LineString","coordinates":[[-98.220185,19.124527],[-98.225195,19.119993],[-98.22774,19.121849],[-98.228295,19.111086],[-98.231057,19.105555],[-98.22879,19.101119],[-98.230248,19.096041],[-98.228089,19.073997],[-98.22009,19.060272],[-98.218446,19.05948],[-98.217628,19.060403],[-98.215337,19.057975],[-98.21591,19.057236],[-98.202887,19.050554],[-98.202451,19.05136],[-98.208162,19.054298],[-98.206448,19.057295],[-98.212345,19.060196],[-98.213611,19.059046],[-98.216521,19.06231],[-98.218527,19.059726],[-98.219923,19.060374],[-98.227119,19.073153],[-98.23003,19.095901],[-98.228638,19.101124],[-98.231002,19.105384],[-98.228186,19.111198],[-98.227582,19.121735],[-98.225209,19.119873],[-98.220089,19.124476]]}},{"type":"Feature","properties":{"name":"RUTA S19 CIRCUITO"},"geometry":{"type":"LineString","coordinates":[[-98.256807,19.115193],[-98.255798,19.117476],[-98.253566,19.116516],[-98.249431,19.112369],[-98.249738,19.110973],[-98.248417,19.1122],[-98.241326,19.126459],[-98.238915,19.133265],[-98.23833,19.137676],[-98.2354,19.141892],[-98.237509,19.146135],[-98.230893,19.150773],[-98.228095,19.15187],[-98.226098,19.150804],[-98.223804,19.150745],[-98.222028,19.143361],[-98.222501,19.136399],[-98.225981,19.131267],[-98.227767,19.123763],[-98.227485,19.116966],[-98.228196,19.111497],[-98.231124,19.105095],[-98.228756,19.101063],[-98.230244,19.096264],[-98.228103,19.074109],[-98.222023,19.06295],[-98.220109,19.060364],[-98.218387,19.059462],[-98.21436,19.064809],[-98.204806,19.072468],[-98.203423,19.070845],[-98.202333,19.07232],[-98.198718,19.065438],[-98.193523,19.072817],[-98.192164,19.072106],[-98.196609,19.064821],[-98.199057,19.06645],[-98.200047,19.068247],[-98.199322,19.066593],[-98.202372,19.065379],[-98.204782,19.068878],[-98.205652,19.067905],[-98.208165,19.070145],[-98.2144,19.065096],[-98.219866,19.069734],[-98.221827,19.06393],[-98.227021,19.072648],[-98.230078,19.096573],[-98.228617,19.101036],[-98.231016,19.104908],[-98.227991,19.112268],[-98.227672,19.123863],[-98.225901,19.131265],[-98.222416,19.13618],[-98.221819,19.143397],[-98.223639,19.150812],[-98.225971,19.150847],[-98.228146,19.151965],[-98.231058,19.150793],[-98.237683,19.146075],[-98.235466,19.141981],[-98.238461,19.137646],[-98.239005,19.133328],[-98.241325,19.126912],[-98.248395,19.112434],[-98.24985,19.111025],[-98.257368,19.114789],[-98.256868,19.115125]]}},{"type":"Feature","properties":{"name":"RUTA S19 CIRCUITO"},"geometry":{"type":"LineString","coordinates":[[-98.260535,19.148738],[-98.256999,19.156965],[-98.255619,19.157343],[-98.247011,19.155124],[-98.244788,19.152178],[-98.237753,19.146069],[-98.234947,19.147335],[-98.230862,19.150763],[-98.228004,19.151858],[-98.226143,19.150802],[-98.22382,19.15074],[-98.222037,19.143415],[-98.22248,19.136397],[-98.226009,19.131162],[-98.227787,19.123736],[-98.227515,19.116764],[-98.228304,19.111118],[-98.23116,19.104935],[-98.228753,19.100962],[-98.230198,19.095137],[-98.228098,19.074041],[-98.222214,19.063129],[-98.220061,19.060228],[-98.218377,19.059432],[-98.214352,19.064702],[-98.204831,19.072442],[-98.203393,19.070831],[-98.202343,19.072383],[-98.19859,19.065417],[-98.193517,19.072841],[-98.192158,19.072116],[-98.196615,19.0648],[-98.198979,19.066406],[-98.20003,19.068265],[-98.199318,19.066576],[-98.202362,19.065383],[-98.204862,19.068973],[-98.205631,19.067937],[-98.208122,19.070166],[-98.214425,19.065119],[-98.219855,19.069799],[-98.221738,19.063811],[-98.227021,19.072927],[-98.230091,19.09595],[-98.22867,19.101142],[-98.231054,19.105075],[-98.22822,19.111036],[-98.227421,19.116936],[-98.227668,19.123967],[-98.225967,19.131105],[-98.222429,19.136234],[-98.221812,19.143326],[-98.223586,19.150816],[-98.226005,19.150877],[-98.228053,19.151981],[-98.231058,19.150742],[-98.237686,19.146124],[-98.244522,19.152025],[-98.246987,19.155231],[-98.256935,19.157421],[-98.260554,19.149164],[-98.264716,19.143446],[-98.26057,19.148755]]}},{"type":"Feature","properties":{"name":"RUTA S19 CIRCUITO"},"geometry":{"type":"LineString","coordinates":[[-98.240775,19.137755],[-98.244074,19.139316],[-98.24008,19.144641],[-98.235519,19.141835],[-98.237421,19.146172],[-98.230932,19.150725],[-98.228091,19.151839],[-98.226156,19.150812],[-98.223792,19.150732],[-98.22203,19.143352],[-98.222522,19.136338],[-98.225951,19.131432],[-98.227772,19.123766],[-98.227512,19.117057],[-98.228295,19.111086],[-98.231139,19.104968],[-98.22879,19.101119],[-98.230248,19.096041],[-98.228089,19.073997],[-98.22009,19.060272],[-98.218446,19.05948],[-98.217628,19.060403],[-98.215337,19.057975],[-98.21591,19.057236],[-98.202887,19.050554],[-98.202444,19.051372],[-98.208155,19.054279],[-98.206448,19.057295],[-98.212339,19.06024],[-98.213585,19.059065],[-98.216521,19.06231],[-98.218527,19.059726],[-98.219923,19.060374],[-98.226331,19.071242],[-98.227655,19.075624],[-98.23003,19.095901],[-98.228638,19.101124],[-98.231032,19.104997],[-98.228186,19.111198],[-98.227416,19.116928],[-98.227663,19.123848],[-98.225907,19.131224],[-98.222416,19.136292],[-98.221779,19.143157],[-98.223601,19.150781],[-98.225932,19.150854],[-98.228201,19.15195],[-98.231073,19.150799],[-98.237652,19.146133],[-98.235462,19.142017],[-98.238431,19.137693],[-98.238999,19.133358],[-98.241339,19.126927],[-98.248441,19.112572],[-98.268579,19.132485],[-98.269772,19.137739],[-98.267978,19.141826],[-98.265024,19.142804],[-98.246252,19.1339],[-98.240381,19.129727],[-98.238892,19.133152],[-98.238631,19.136759],[-98.240596,19.137676]]}},{"type":"Feature","properties":{"name":"RUTA S19 CIRCUITO"},"geometry":{"type":"LineString","coordinates":[[-98.260535,19.148738],[-98.256999,19.156965],[-98.255619,19.157343],[-98.247011,19.155124],[-98.244788,19.152178],[-98.237753,19.146069],[-98.234947,19.147335],[-98.230862,19.150763],[-98.228004,19.151858],[-98.226143,19.150802],[-98.22382,19.15074],[-98.222037,19.143415],[-98.22248,19.136397],[-98.226009,19.131162],[-98.227787,19.123736],[-98.227515,19.116764],[-98.228304,19.111118],[-98.23116,19.104935],[-98.228753,19.100962],[-98.230198,19.095137],[-98.228098,19.074041],[-98.220061,19.060228],[-98.218386,19.059427],[-98.217586,19.060404],[-98.215291,19.057999],[-98.215666,19.057084],[-98.202845,19.050563],[-98.202435,19.051284],[-98.208148,19.05426],[-98.206403,19.057321],[-98.212306,19.06021],[-98.213626,19.059083],[-98.21654,19.062318],[-98.2185,19.059725],[-98.219833,19.060357],[-98.226531,19.071693],[-98.227606,19.075522],[-98.230091,19.09595],[-98.22867,19.101142],[-98.231054,19.105075],[-98.22822,19.111036],[-98.227421,19.116936],[-98.227668,19.123967],[-98.225967,19.131105],[-98.222429,19.136234],[-98.221812,19.143326],[-98.223586,19.150816],[-98.226005,19.150877],[-98.228053,19.151981],[-98.231058,19.150742],[-98.237686,19.146124],[-98.244522,19.152025],[-98.246987,19.155231],[-98.256935,19.157421],[-98.260554,19.149164],[-98.264716,19.143446],[-98.26057,19.148755]]}},{"type":"Feature","properties":{"name":"RUTA TLAXCALANCINGO CIRCUITO"},"geometry":{"type":"LineString","coordinates":[[-98.192914,19.07546],[-98.193492,19.075762],[-98.193662,19.074813],[-98.191315,19.073571],[-98.194663,19.067939],[-98.191829,19.066427],[-98.200924,19.050555],[-98.206804,19.053559],[-98.213693,19.041373],[-98.229499,19.049091],[-98.231305,19.045718],[-98.228122,19.04418],[-98.229978,19.041373],[-98.225926,19.038874],[-98.226332,19.036556],[-98.229302,19.031423],[-98.26835,19.006798],[-98.263512,19.009087],[-98.260219,19.007607],[-98.268702,19.026098],[-98.268863,19.029291],[-98.267388,19.031403],[-98.267262,19.033003],[-98.268071,19.033777],[-98.273548,19.031684],[-98.276716,19.027908],[-98.275329,19.026966],[-98.279789,19.018752],[-98.285073,19.021346],[-98.295464,19.007204],[-98.285053,19.021239],[-98.287859,19.023054],[-98.288952,19.025708],[-98.278775,19.030192],[-98.276048,19.030331],[-98.271681,19.032072],[-98.269916,19.031008],[-98.269117,19.02601],[-98.265023,19.018377],[-98.263833,19.011458],[-98.264372,19.009808],[-98.268371,19.006534],[-98.230738,19.029551],[-98.22866,19.031553],[-98.225328,19.037988],[-98.226512,19.03975],[-98.231126,19.04224],[-98.228257,19.047313],[-98.215677,19.041142],[-98.207256,19.055801],[-98.201571,19.052859],[-98.197901,19.059181],[-98.203234,19.062875],[-98.201865,19.065262],[-98.198958,19.066212],[-98.201083,19.070556],[-98.199873,19.072161],[-98.195885,19.069358],[-98.192091,19.075031],[-98.19276,19.075396]]}},{"type":"Feature","properties":{"name":"DESVIO PROV ANTES DE 5 MAY"},"geometry":{"type":"LineString","coordinates":[[-98.183747,19.044852],[-98.184697,19.044647],[-98.183631,19.046551],[-98.181755,19.045296],[-98.18039,19.045573]]}},{"type":"Feature","properties":{"name":"RUTA TLAXCO CIRCUITO"},"geometry":{"type":"LineString","coordinates":[[-97.995688,19.053055],[-97.991712,19.059494],[-98.003255,19.067124],[-98.016183,19.061781],[-98.024992,19.053262],[-98.034897,19.046185],[-98.036686,19.038897],[-98.038643,19.039202],[-98.041229,19.041609],[-98.049983,19.042178],[-98.062131,19.045143],[-98.08185,19.043925],[-98.092047,19.044797],[-98.097144,19.044459],[-98.1055,19.046236],[-98.115865,19.046616],[-98.119791,19.045328],[-98.14049,19.04192],[-98.148957,19.041957],[-98.154362,19.042833],[-98.160028,19.045226],[-98.164936,19.048166],[-98.16762,19.050995],[-98.171758,19.047479],[-98.184751,19.044521],[-98.183734,19.046571],[-98.181691,19.0452],[-98.171682,19.047255],[-98.167554,19.050809],[-98.164965,19.046924],[-98.161793,19.045043],[-98.162885,19.043943],[-98.159215,19.044017],[-98.156754,19.0429],[-98.148534,19.04168],[-98.140231,19.041721],[-98.128346,19.044126],[-98.111818,19.046212],[-98.104602,19.04593],[-98.097359,19.044355],[-98.092677,19.044672],[-98.082161,19.043745],[-98.062411,19.044972],[-98.050483,19.042088],[-98.041633,19.041573],[-98.03878,19.039074],[-98.036079,19.038579],[-98.034869,19.046106],[-98.02486,19.053266],[-98.015971,19.061844],[-98.003314,19.066894],[-97.991834,19.059486],[-97.995741,19.052983]]}},{"type":"Feature","properties":{"name":"RUTA VILLA FRONTERA CIRCUITO"},"geometry":{"type":"LineString","coordinates":[[-98.182037,19.091952],[-98.185434,19.087972],[-98.184998,19.090042],[-98.189019,19.083128],[-98.19002,19.083194],[-98.188897,19.083769],[-98.187797,19.083531],[-98.187677,19.082785],[-98.188707,19.083147],[-98.186006,19.087031],[-98.179927,19.083868],[-98.181635,19.079622],[-98.183565,19.080631],[-98.184093,19.079707],[-98.18169,19.078283],[-98.181809,19.075824],[-98.183259,19.07515],[-98.185935,19.076551],[-98.198759,19.054458],[-98.192793,19.051295],[-98.193726,19.049763],[-98.192075,19.048959],[-98.190749,19.051324],[-98.194317,19.054538],[-98.195543,19.056214],[-98.195111,19.057104],[-98.203227,19.06289],[-98.201881,19.06526],[-98.198329,19.065628],[-98.193539,19.072843],[-98.190581,19.071305],[-98.187208,19.07711],[-98.183425,19.075106],[-98.181661,19.075869],[-98.181532,19.078312],[-98.183972,19.07976],[-98.18351,19.080537],[-98.181498,19.079476],[-98.180165,19.08313],[-98.183235,19.083634],[-98.183033,19.085255],[-98.185697,19.087119],[-98.184828,19.090166],[-98.188998,19.082992],[-98.190112,19.083283],[-98.187825,19.083632],[-98.187718,19.082623],[-98.1887,19.083299],[-98.181947,19.091918]]}},{"type":"Feature","properties":{"name":"RUTA VILLA FRONTERA IDA"},"geometry":{"type":"LineString","coordinates":[[-98.182037,19.091952],[-98.185434,19.087972],[-98.184998,19.090042],[-98.189019,19.083128],[-98.189788,19.082843],[-98.189982,19.083481],[-98.188078,19.083617],[-98.187677,19.082785],[-98.188707,19.083147],[-98.186006,19.087031],[-98.179927,19.083868],[-98.181635,19.079622],[-98.183565,19.080631],[-98.184093,19.079707],[-98.18169,19.078283],[-98.181809,19.075824],[-98.183259,19.07515],[-98.185935,19.076551],[-98.186784,19.075031],[-98.185036,19.074119],[-98.186983,19.070416],[-98.192996,19.073641],[-98.192098,19.075051],[-98.197793,19.07792],[-98.196819,19.073024],[-98.200279,19.068181],[-98.198956,19.065795],[-98.204315,19.065083],[-98.204937,19.064026],[-98.207058,19.065662],[-98.205536,19.067805],[-98.208094,19.070117],[-98.214562,19.064998],[-98.218541,19.059718],[-98.21991,19.060419],[-98.222183,19.06398],[-98.223546,19.058828],[-98.229988,19.062094],[-98.231145,19.0583],[-98.237111,19.048493],[-98.210267,19.034932],[-98.216122,19.024965],[-98.214641,19.023614],[-98.210063,19.02184],[-98.21161,19.019664],[-98.213123,19.014749],[-98.214506,19.016404],[-98.219353,19.007448],[-98.217396,19.006115],[-98.207194,19.004376],[-98.212728,18.99397],[-98.207671,18.992106],[-98.195475,18.995569],[-98.196095,18.988966]]}},{"type":"Feature","properties":{"name":"RUTA VILLA FRONTERA REGRESO"},"geometry":{"type":"LineString","coordinates":[[-98.196082,18.988882],[-98.195212,18.995877],[-98.207623,18.992352],[-98.215056,18.995077],[-98.209743,19.005107],[-98.21515,19.006088],[-98.216113,19.004445],[-98.219718,19.006433],[-98.20546,19.032624],[-98.236861,19.048678],[-98.232675,19.055297],[-98.230475,19.055767],[-98.230923,19.059009],[-98.229932,19.061734],[-98.223244,19.058466],[-98.221827,19.062537],[-98.220124,19.060266],[-98.218398,19.059443],[-98.214367,19.064792],[-98.203373,19.073726],[-98.202729,19.073823],[-98.198685,19.065065],[-98.196977,19.063855],[-98.195552,19.066198],[-98.19722,19.067351],[-98.193513,19.072807],[-98.187259,19.069585],[-98.18412,19.075471],[-98.183094,19.074986],[-98.181666,19.075859],[-98.181527,19.078337],[-98.183966,19.079742],[-98.183527,19.08052],[-98.181519,19.079489],[-98.18032,19.082872],[-98.183218,19.08361],[-98.182882,19.085226],[-98.185729,19.087095],[-98.184909,19.090107],[-98.188974,19.083132],[-98.189615,19.082723],[-98.190055,19.083412],[-98.187858,19.083598],[-98.187726,19.082686],[-98.188707,19.083246],[-98.181964,19.091854]]}},{"type":"Feature","properties":{"name":"Desvio Ruta Villa Frontera - Ramal Jorge Murad - Santa Maria - San Francisco"},"geometry":{"type":"LineString","coordinates":[[-98.192968,19.050946],[-98.191408,19.050186]]}},{"type":"Feature","properties":{"name":"A-9 CIRCUITO Bosques a Suburbia Reforma"},"geometry":{"type":"LineString","coordinates":[[-98.128483,19.066467],[-98.129333,19.065884],[-98.128132,19.064028],[-98.128086,19.062209],[-98.136351,19.063037],[-98.133763,19.061997],[-98.135834,19.059487],[-98.135061,19.058728],[-98.136373,19.056395],[-98.139666,19.057023],[-98.139898,19.056246],[-98.153434,19.049291],[-98.158528,19.056064],[-98.159497,19.059518],[-98.163915,19.06237],[-98.182039,19.064875],[-98.190594,19.065118],[-98.192142,19.065833],[-98.200522,19.051429],[-98.203697,19.053047],[-98.206852,19.047664],[-98.221816,19.054784],[-98.218329,19.059425],[-98.209878,19.05513],[-98.212971,19.049631],[-98.20806,19.047286],[-98.206427,19.050436],[-98.205211,19.049821],[-98.202653,19.054362],[-98.201107,19.053596],[-98.194974,19.064061],[-98.190335,19.064942],[-98.180741,19.064499],[-98.162975,19.061551],[-98.159763,19.059231],[-98.159233,19.05667],[-98.153342,19.047862],[-98.153953,19.048555],[-98.150809,19.050782],[-98.139999,19.055946],[-98.139493,19.056937],[-98.136317,19.056306],[-98.13492,19.058689],[-98.132756,19.057429],[-98.126492,19.06185],[-98.135059,19.062856],[-98.130724,19.065861],[-98.128944,19.066755],[-98.122835,19.064436],[-98.128463,19.06643]]}},{"type":"Feature","properties":{"name":"CIRCUITO"},"geometry":{"type":"LineString","coordinates":[[-98.302067,18.939003],[-98.296147,18.947808],[-98.301391,18.950421],[-98.3021,18.952392],[-98.29814,18.964087],[-98.301774,18.972337],[-98.304334,18.973901],[-98.302548,18.976552],[-98.309921,18.981101],[-98.311351,18.983041],[-98.323013,18.988702],[-98.324968,18.991185],[-98.32761,18.992818],[-98.329456,18.995898],[-98.332797,18.998266],[-98.332102,19.000227],[-98.327114,19.001416],[-98.319607,19.014088],[-98.313623,19.019211],[-98.30888,19.019894],[-98.304075,19.022908],[-98.296283,19.023689],[-98.289912,19.025477],[-98.278993,19.030073],[-98.27198,19.031955],[-98.270046,19.031075],[-98.26921,19.026327],[-98.265282,19.018148],[-98.264123,19.011737],[-98.264889,19.009278],[-98.268089,19.006614],[-98.229249,19.030719],[-98.225321,19.037552],[-98.222556,19.039438],[-98.230567,19.043329],[-98.226465,19.050623],[-98.224851,19.049839],[-98.223693,19.051157],[-98.221919,19.050405],[-98.219313,19.054867],[-98.213754,19.056154],[-98.205689,19.051984],[-98.205211,19.052776],[-98.206754,19.053541],[-98.20799,19.051473],[-98.215725,19.055233],[-98.229619,19.03101],[-98.245877,19.021477],[-98.268458,19.006765],[-98.267908,19.00664],[-98.257003,19.013815],[-98.260903,19.012116],[-98.263328,19.013536],[-98.264822,19.018835],[-98.268761,19.026402],[-98.269016,19.028701],[-98.267317,19.032721],[-98.268168,19.03376],[-98.269449,19.032697],[-98.279045,19.030264],[-98.281569,19.028769],[-98.295538,19.024008],[-98.30877,19.023182],[-98.311401,19.020815],[-98.311561,19.01973],[-98.314098,19.019112],[-98.319567,19.014388],[-98.327296,19.001484],[-98.332094,19.00041],[-98.332951,18.998323],[-98.32955,18.995874],[-98.327676,18.992725],[-98.324929,18.991032],[-98.32422,18.989572],[-98.316597,18.984959],[-98.311167,18.982805],[-98.310019,18.98101],[-98.302694,18.976536],[-98.30443,18.973852],[-98.301919,18.972399],[-98.298276,18.964105],[-98.302247,18.952566],[-98.301451,18.950346],[-98.29628,18.947861],[-98.302023,18.93907]]}},{"type":"Feature","properties":{"name":"DESVIO PROVISIONAL"},"geometry":{"type":"LineString","coordinates":[[-98.207691,19.05303],[-98.204595,19.051439],[-98.205312,19.050124],[-98.209026,19.052006]]}},{"type":"Feature","properties":{"name":"RUTA MALACATEPEC CIRCUITO"},"geometry":{"type":"LineString","coordinates":[[-98.268949,18.949273],[-98.267322,18.949158],[-98.265651,18.95209],[-98.261451,18.948562],[-98.263092,18.945762],[-98.266077,18.94765],[-98.269407,18.948176],[-98.269111,18.946706],[-98.270136,18.945752],[-98.2705,18.943843],[-98.269867,18.943566],[-98.269147,18.94499],[-98.268855,18.943757],[-98.270895,18.938625],[-98.270712,18.937226],[-98.275716,18.940059],[-98.276928,18.938719],[-98.277839,18.939765],[-98.282963,18.940722],[-98.287342,18.94325],[-98.287462,18.944588],[-98.296156,18.947951],[-98.301856,18.939012],[-98.296106,18.947809],[-98.287629,18.94456],[-98.287442,18.943209],[-98.282449,18.940383],[-98.277912,18.939682],[-98.276804,18.938598],[-98.275792,18.939968],[-98.270751,18.937146],[-98.268775,18.943642],[-98.269029,18.945082],[-98.270373,18.943803],[-98.269013,18.946796],[-98.269286,18.948186],[-98.266045,18.947551],[-98.263037,18.945679],[-98.261335,18.948608],[-98.265666,18.952202],[-98.267431,18.949223],[-98.269026,18.949276]]}},{"type":"Feature","properties":{"name":"RUTA MALACATEPEC CIRCUITO"},"geometry":{"type":"LineString","coordinates":[[-98.269011,18.949241],[-98.267342,18.949138],[-98.265667,18.95207],[-98.261437,18.948587],[-98.263087,18.945786],[-98.265891,18.947594],[-98.269563,18.948357],[-98.270334,18.949311],[-98.273024,18.94956],[-98.275297,18.95304],[-98.278168,18.954421],[-98.280832,18.960077],[-98.280206,18.963816],[-98.281484,18.966573],[-98.283492,18.968537],[-98.28445,18.971981],[-98.287174,18.972742],[-98.289313,18.971422],[-98.291368,18.971309],[-98.293511,18.971923],[-98.295919,18.973871],[-98.297353,18.973935],[-98.301169,18.977428],[-98.302925,18.976808],[-98.309521,18.980843],[-98.31123,18.982981],[-98.316619,18.985135],[-98.323759,18.989324],[-98.325068,18.991273],[-98.32765,18.99289],[-98.329521,18.996012],[-98.332828,18.998268],[-98.332273,19.00029],[-98.332959,18.998337],[-98.329595,18.995919],[-98.327664,18.992756],[-98.325153,18.991217],[-98.323044,18.988635],[-98.311333,18.982933],[-98.30998,18.981001],[-98.302108,18.97622],[-98.30115,18.977305],[-98.297408,18.973834],[-98.295953,18.973754],[-98.293734,18.971877],[-98.289233,18.971324],[-98.287267,18.972621],[-98.284654,18.971348],[-98.283707,18.96832],[-98.280651,18.963976],[-98.281093,18.960157],[-98.278496,18.953944],[-98.276323,18.953778],[-98.273164,18.949479],[-98.270538,18.949267],[-98.269366,18.948196],[-98.269066,18.949218]]}},{"type":"Feature","properties":{"name":"RUTA MALACATEPEC IDA"},"geometry":{"type":"LineString","coordinates":[[-98.207036,19.051884],[-98.207605,19.05219],[-98.20797,19.051483],[-98.215871,19.055091],[-98.229661,19.030999],[-98.245672,19.021605],[-98.268403,19.006771],[-98.264048,19.008921],[-98.260701,19.007456],[-98.260079,19.008012],[-98.260859,19.010108],[-98.263861,19.014253],[-98.264641,19.018286],[-98.268873,19.026377],[-98.268873,19.029321],[-98.267224,19.032631],[-98.268149,19.033724],[-98.269843,19.03251],[-98.279088,19.030343],[-98.281775,19.028749],[-98.295521,19.024052],[-98.308901,19.023181],[-98.314638,19.018751],[-98.319938,19.014105],[-98.327987,19.001093],[-98.332146,19.000526],[-98.332981,18.998416],[-98.329525,18.995846],[-98.327681,18.992753],[-98.325161,18.991213],[-98.323076,18.988655],[-98.311231,18.982864],[-98.310008,18.980973],[-98.302669,18.976521],[-98.304646,18.973068],[-98.307246,18.97219],[-98.311655,18.966656],[-98.314137,18.964919],[-98.317113,18.967327],[-98.320074,18.963011],[-98.319306,18.962616],[-98.318796,18.963211],[-98.316922,18.961937],[-98.31409,18.964799]]}},{"type":"Feature","properties":{"name":"RUTA MALACATEPEC REGRESO"},"geometry":{"type":"LineString","coordinates":[[-98.313944,18.964854],[-98.311445,18.96676],[-98.307116,18.972191],[-98.304527,18.973071],[-98.302518,18.976531],[-98.310012,18.981158],[-98.311089,18.982879],[-98.322979,18.988705],[-98.324812,18.991037],[-98.327604,18.992824],[-98.3295,18.995941],[-98.332912,18.998437],[-98.332145,19.0003],[-98.328849,19.000607],[-98.327047,19.001599],[-98.319636,19.014126],[-98.31431,19.018804],[-98.308584,19.019989],[-98.304678,19.022756],[-98.29615,19.023678],[-98.281413,19.028586],[-98.279137,19.030068],[-98.271192,19.031917],[-98.269884,19.030918],[-98.269142,19.02607],[-98.265026,19.018318],[-98.263783,19.011376],[-98.264554,19.009584],[-98.268038,19.006634],[-98.229286,19.030745],[-98.225341,19.038061],[-98.225947,19.039338],[-98.231106,19.042259],[-98.226453,19.050631],[-98.224831,19.049821],[-98.223658,19.051184],[-98.221939,19.050276],[-98.219315,19.054873],[-98.218202,19.055107],[-98.21588,19.055188],[-98.206459,19.050453],[-98.205988,19.05132],[-98.206856,19.051815]]}},{"type":"Feature","properties":{"name":"RUTA MALACATEPEC IDA"},"geometry":{"type":"LineString","coordinates":[[-98.207036,19.051884],[-98.207605,19.05219],[-98.20797,19.051483],[-98.215871,19.055091],[-98.229661,19.030999],[-98.245672,19.021605],[-98.268403,19.006771],[-98.264048,19.008921],[-98.260701,19.007456],[-98.260079,19.008012],[-98.260859,19.010108],[-98.263861,19.014253],[-98.264641,19.018286],[-98.268873,19.026377],[-98.268873,19.029321],[-98.267224,19.032631],[-98.268149,19.033724],[-98.269843,19.03251],[-98.279088,19.030343],[-98.281775,19.028749],[-98.295521,19.024052],[-98.308901,19.023181],[-98.319938,19.014105],[-98.327987,19.001093],[-98.332269,19.000232],[-98.332919,18.998288],[-98.329525,18.995846],[-98.327681,18.992753],[-98.325161,18.991213],[-98.323076,18.988655],[-98.311231,18.982864],[-98.310008,18.980973],[-98.302688,18.976573],[-98.304494,18.973925],[-98.301939,18.97237],[-98.298409,18.964759],[-98.302332,18.952549],[-98.301635,18.950434],[-98.29633,18.947896],[-98.301874,18.939035],[-98.302906,18.935936],[-98.307429,18.931417],[-98.316138,18.924827],[-98.317911,18.92565]]}},{"type":"Feature","properties":{"name":"RUTA MALACATEPEC REGRESO"},"geometry":{"type":"LineString","coordinates":[[-98.31782,18.925728],[-98.323243,18.928786],[-98.325301,18.927199],[-98.327398,18.927383],[-98.331066,18.925478],[-98.332998,18.9258],[-98.332779,18.925132],[-98.34159,18.925958],[-98.344078,18.92475],[-98.348848,18.924509],[-98.351539,18.930894],[-98.349023,18.932121],[-98.350963,18.936134],[-98.350785,18.937644],[-98.349645,18.938004],[-98.351121,18.940224],[-98.348147,18.943679],[-98.350708,18.947876],[-98.351475,18.955781],[-98.349831,18.958595],[-98.345873,18.958333],[-98.348258,18.960967],[-98.35092,18.967296],[-98.34756,18.972297],[-98.342794,18.972786],[-98.340929,18.971376],[-98.338534,18.970956],[-98.33763,18.972793],[-98.340305,18.978817],[-98.348347,18.985767],[-98.351552,18.990856],[-98.35399,18.992807],[-98.348658,18.997681],[-98.345099,18.999525],[-98.327497,19.001192],[-98.319636,19.014126],[-98.313608,19.019262],[-98.308584,19.019989],[-98.304678,19.022756],[-98.29615,19.023678],[-98.290999,19.025153],[-98.279137,19.030068],[-98.275677,19.030451],[-98.271773,19.032013],[-98.269884,19.030918],[-98.269142,19.02607],[-98.265026,19.018318],[-98.263783,19.011376],[-98.264554,19.009584],[-98.268038,19.006634],[-98.229286,19.030745],[-98.225341,19.038061],[-98.225947,19.039338],[-98.231106,19.042259],[-98.226453,19.050631],[-98.224831,19.049821],[-98.223658,19.051184],[-98.221939,19.050276],[-98.219315,19.054873],[-98.218202,19.055107],[-98.21588,19.055188],[-98.206459,19.050453],[-98.205988,19.05132],[-98.206856,19.051815]]}},{"type":"Feature","properties":{"name":"RUTA 11 A IDA"},"geometry":{"type":"LineString","coordinates":[[-98.221245,19.110679],[-98.223391,19.106179],[-98.226611,19.102757],[-98.225459,19.102273],[-98.226257,19.099736],[-98.228733,19.100868],[-98.230216,19.096666],[-98.228108,19.074106],[-98.222106,19.062838],[-98.223561,19.058441],[-98.218688,19.055025],[-98.215919,19.055212],[-98.208071,19.05124],[-98.211603,19.045103],[-98.199862,19.03906],[-98.208354,19.024567],[-98.201381,19.020888],[-98.204878,19.013219],[-98.205119,19.013666]]}},{"type":"Feature","properties":{"name":"RUTA 11A REGRESO"},"geometry":{"type":"LineString","coordinates":[[-98.205078,19.013773],[-98.201245,19.02094],[-98.205917,19.023412],[-98.204844,19.025788],[-98.199516,19.024961],[-98.200667,19.025722],[-98.201758,19.029927],[-98.201226,19.030825],[-98.20256,19.031158],[-98.198743,19.037619],[-98.207752,19.042268],[-98.203232,19.049872],[-98.215494,19.055228],[-98.215151,19.056069],[-98.217986,19.057598],[-98.214867,19.06052],[-98.216548,19.062192],[-98.21851,19.059689],[-98.219814,19.060346],[-98.226391,19.071377],[-98.227669,19.075759],[-98.230064,19.096507],[-98.228649,19.100758],[-98.226952,19.09984],[-98.226411,19.102741],[-98.223115,19.106399],[-98.221188,19.110594]]}},{"type":"Feature","properties":{"name":"RUTA 11 A IDA"},"geometry":{"type":"LineString","coordinates":[[-98.221245,19.110679],[-98.223391,19.106179],[-98.226611,19.102757],[-98.225459,19.102273],[-98.226257,19.099736],[-98.228733,19.100868],[-98.230216,19.096666],[-98.228108,19.074106],[-98.220144,19.060386],[-98.218364,19.059423],[-98.217596,19.060487],[-98.215306,19.05807],[-98.215906,19.057251],[-98.210348,19.05435],[-98.21116,19.052844],[-98.208071,19.05124],[-98.211603,19.045103],[-98.199862,19.03906],[-98.208354,19.024567],[-98.201381,19.020888],[-98.204878,19.013219],[-98.205119,19.013666]]}},{"type":"Feature","properties":{"name":"RUTA 11A REGRESO"},"geometry":{"type":"LineString","coordinates":[[-98.205078,19.013773],[-98.201245,19.02094],[-98.205917,19.023412],[-98.204844,19.025788],[-98.199516,19.024961],[-98.200667,19.025722],[-98.201758,19.029927],[-98.201226,19.030825],[-98.20256,19.031158],[-98.198743,19.037619],[-98.207752,19.042268],[-98.203232,19.049872],[-98.215494,19.055228],[-98.215151,19.056069],[-98.217986,19.057598],[-98.214867,19.06052],[-98.216548,19.062192],[-98.21851,19.059689],[-98.219814,19.060346],[-98.226391,19.071377],[-98.227669,19.075759],[-98.230064,19.096507],[-98.228649,19.100758],[-98.226952,19.09984],[-98.226411,19.102741],[-98.223115,19.106399],[-98.221188,19.110594]]}},{"type":"Feature","properties":{"name":"RUTA 11 A IDA"},"geometry":{"type":"LineString","coordinates":[[-98.216624,19.10335],[-98.216847,19.102315],[-98.217437,19.102539],[-98.216872,19.101554],[-98.21799,19.101122],[-98.218902,19.102923],[-98.220121,19.102449],[-98.220026,19.101726],[-98.220789,19.102664],[-98.221551,19.10097],[-98.220553,19.100649],[-98.22093,19.099783],[-98.219578,19.099471],[-98.220041,19.09839],[-98.226259,19.0997],[-98.228575,19.100913],[-98.229185,19.099957],[-98.230243,19.096353],[-98.228674,19.077973],[-98.227936,19.076534],[-98.228108,19.074106],[-98.222106,19.062838],[-98.223561,19.058441],[-98.218688,19.055025],[-98.215919,19.055212],[-98.208071,19.05124],[-98.211603,19.045103],[-98.199862,19.03906],[-98.208354,19.024567],[-98.201381,19.020888],[-98.204878,19.013219],[-98.205119,19.013666]]}},{"type":"Feature","properties":{"name":"RUTA 11A REGRESO"},"geometry":{"type":"LineString","coordinates":[[-98.205078,19.013773],[-98.201245,19.02094],[-98.205917,19.023412],[-98.204844,19.025788],[-98.199516,19.024961],[-98.200667,19.025722],[-98.201758,19.029927],[-98.201226,19.030825],[-98.20256,19.031158],[-98.198743,19.037619],[-98.207752,19.042268],[-98.203232,19.049872],[-98.215494,19.055228],[-98.215151,19.056069],[-98.217986,19.057598],[-98.214867,19.06052],[-98.216548,19.062192],[-98.21851,19.059689],[-98.219814,19.060346],[-98.226391,19.071377],[-98.227669,19.075759],[-98.230063,19.095882],[-98.229065,19.099961],[-98.228598,19.100758],[-98.220026,19.098249],[-98.219467,19.099504],[-98.220801,19.099851],[-98.220421,19.100714],[-98.221397,19.101035],[-98.220773,19.102577],[-98.220087,19.101672],[-98.218826,19.102569],[-98.217985,19.101054],[-98.216828,19.101554],[-98.217343,19.102502],[-98.216862,19.10221],[-98.216528,19.103313]]}},{"type":"Feature","properties":{"name":"RUTA 11 A IDA"},"geometry":{"type":"LineString","coordinates":[[-98.216624,19.10335],[-98.216847,19.102315],[-98.217437,19.102539],[-98.216872,19.101554],[-98.21799,19.101122],[-98.218902,19.102923],[-98.220121,19.102449],[-98.220026,19.101726],[-98.220789,19.102664],[-98.221551,19.10097],[-98.220553,19.100649],[-98.22093,19.099783],[-98.219578,19.099471],[-98.220041,19.09839],[-98.226259,19.0997],[-98.228575,19.100913],[-98.229185,19.099957],[-98.230243,19.096353],[-98.228674,19.077973],[-98.227132,19.072036],[-98.220111,19.060265],[-98.21837,19.059438],[-98.21763,19.060443],[-98.215239,19.057828],[-98.215876,19.057246],[-98.210349,19.054357],[-98.21116,19.052844],[-98.208071,19.05124],[-98.211603,19.045103],[-98.199862,19.03906],[-98.208354,19.024567],[-98.201381,19.020888],[-98.204878,19.013219],[-98.205119,19.013666]]}},{"type":"Feature","properties":{"name":"RUTA 11A REGRESO"},"geometry":{"type":"LineString","coordinates":[[-98.205078,19.013773],[-98.201245,19.02094],[-98.205917,19.023412],[-98.204844,19.025788],[-98.199516,19.024961],[-98.200667,19.025722],[-98.201758,19.029927],[-98.201226,19.030825],[-98.20256,19.031158],[-98.198743,19.037619],[-98.207752,19.042268],[-98.203232,19.049872],[-98.215494,19.055228],[-98.215151,19.056069],[-98.217986,19.057598],[-98.214867,19.06052],[-98.216548,19.062192],[-98.21851,19.059689],[-98.219814,19.060346],[-98.226391,19.071377],[-98.227669,19.075759],[-98.230063,19.095882],[-98.229065,19.099961],[-98.228598,19.100758],[-98.220026,19.098249],[-98.219467,19.099504],[-98.220801,19.099851],[-98.220421,19.100714],[-98.221397,19.101035],[-98.220773,19.102577],[-98.220087,19.101672],[-98.218826,19.102569],[-98.217985,19.101054],[-98.216828,19.101554],[-98.217343,19.102502],[-98.216862,19.10221],[-98.216528,19.103313]]}},{"type":"Feature","properties":{"name":"RUTA 11B  IDA"},"geometry":{"type":"LineString","coordinates":[[-98.221794,19.109467],[-98.223391,19.106179],[-98.226611,19.102757],[-98.225459,19.102273],[-98.226257,19.099736],[-98.228733,19.100868],[-98.230216,19.096666],[-98.228108,19.074106],[-98.222106,19.062838],[-98.223561,19.058441],[-98.218688,19.055025],[-98.215919,19.055212],[-98.208071,19.05124],[-98.211603,19.045103],[-98.199862,19.03906],[-98.208354,19.024567],[-98.201381,19.020888],[-98.20755,19.009285],[-98.205082,19.01373]]}},{"type":"Feature","properties":{"name":"RUTA 11B REGRESO"},"geometry":{"type":"LineString","coordinates":[[-98.205078,19.013773],[-98.201245,19.02094],[-98.205917,19.023412],[-98.204844,19.025788],[-98.199516,19.024961],[-98.200667,19.025722],[-98.201758,19.029927],[-98.201226,19.030825],[-98.20256,19.031158],[-98.198743,19.037619],[-98.207752,19.042268],[-98.203232,19.049872],[-98.215494,19.055228],[-98.215151,19.056069],[-98.217986,19.057598],[-98.214867,19.06052],[-98.216548,19.062192],[-98.21851,19.059689],[-98.219814,19.060346],[-98.226391,19.071377],[-98.227669,19.075759],[-98.230064,19.096507],[-98.228649,19.100758],[-98.226952,19.09984],[-98.226411,19.102741],[-98.223115,19.106399],[-98.221742,19.109596]]}},{"type":"Feature","properties":{"name":"RUTA 11B IDA"},"geometry":{"type":"LineString","coordinates":[[-98.221815,19.109434],[-98.223391,19.106179],[-98.226611,19.102757],[-98.225459,19.102273],[-98.226257,19.099736],[-98.228733,19.100868],[-98.230216,19.096666],[-98.228108,19.074106],[-98.220144,19.060386],[-98.218364,19.059423],[-98.217596,19.060487],[-98.215306,19.05807],[-98.215906,19.057251],[-98.210348,19.05435],[-98.21116,19.052844],[-98.208071,19.05124],[-98.211603,19.045103],[-98.199862,19.03906],[-98.208354,19.024567],[-98.201381,19.020888],[-98.207548,19.009267],[-98.205119,19.013666]]}},{"type":"Feature","properties":{"name":"RUTA 11B REGRESO"},"geometry":{"type":"LineString","coordinates":[[-98.205078,19.013773],[-98.201245,19.02094],[-98.205917,19.023412],[-98.204844,19.025788],[-98.199516,19.024961],[-98.200667,19.025722],[-98.201758,19.029927],[-98.201226,19.030825],[-98.20256,19.031158],[-98.198743,19.037619],[-98.207752,19.042268],[-98.203232,19.049872],[-98.215494,19.055228],[-98.215151,19.056069],[-98.217986,19.057598],[-98.214867,19.06052],[-98.216548,19.062192],[-98.21851,19.059689],[-98.219814,19.060346],[-98.226391,19.071377],[-98.227669,19.075759],[-98.230064,19.096507],[-98.228649,19.100758],[-98.226952,19.09984],[-98.226411,19.102741],[-98.223115,19.106399],[-98.221704,19.109672]]}},{"type":"Feature","properties":{"name":"RUTA 11B  IDA"},"geometry":{"type":"LineString","coordinates":[[-98.215366,19.117377],[-98.216457,19.117118],[-98.215933,19.11584],[-98.217373,19.114515],[-98.217589,19.113067],[-98.214651,19.1125],[-98.214697,19.111767],[-98.219101,19.11078],[-98.220865,19.111636],[-98.222071,19.108917],[-98.225082,19.110152],[-98.22735,19.103425],[-98.228342,19.101708],[-98.229041,19.101757],[-98.230243,19.096353],[-98.228674,19.077973],[-98.227936,19.076534],[-98.228108,19.074106],[-98.222106,19.062838],[-98.223561,19.058441],[-98.218688,19.055025],[-98.215919,19.055212],[-98.208071,19.05124],[-98.211603,19.045103],[-98.199862,19.03906],[-98.208354,19.024567],[-98.201381,19.020888],[-98.20755,19.009285],[-98.205082,19.01373]]}},{"type":"Feature","properties":{"name":"RUTA 11B REGRESO"},"geometry":{"type":"LineString","coordinates":[[-98.205078,19.013773],[-98.201245,19.02094],[-98.205917,19.023412],[-98.204844,19.025788],[-98.199516,19.024961],[-98.200667,19.025722],[-98.201758,19.029927],[-98.201226,19.030825],[-98.20256,19.031158],[-98.198743,19.037619],[-98.207752,19.042268],[-98.203232,19.049872],[-98.215494,19.055228],[-98.215151,19.056069],[-98.217986,19.057598],[-98.214867,19.06052],[-98.216548,19.062192],[-98.21851,19.059689],[-98.219814,19.060346],[-98.226391,19.071377],[-98.227669,19.075759],[-98.230063,19.095882],[-98.228926,19.10181],[-98.228312,19.10163],[-98.227176,19.103647],[-98.225043,19.110067],[-98.222026,19.1088],[-98.22081,19.111563],[-98.219321,19.110697],[-98.214629,19.111687],[-98.214579,19.112554],[-98.217511,19.113118],[-98.217029,19.114957],[-98.215831,19.115823],[-98.21637,19.117084],[-98.215399,19.117309]]}},{"type":"Feature","properties":{"name":"RUTA 11B IDA"},"geometry":{"type":"LineString","coordinates":[[-98.215412,19.11738],[-98.216489,19.117105],[-98.21594,19.115843],[-98.217103,19.114989],[-98.217597,19.113043],[-98.214666,19.112491],[-98.2147,19.111776],[-98.219046,19.110785],[-98.220834,19.11167],[-98.222072,19.108917],[-98.225092,19.110143],[-98.22736,19.103454],[-98.22835,19.101731],[-98.229072,19.101769],[-98.230243,19.096353],[-98.228674,19.077973],[-98.227132,19.072036],[-98.220144,19.060386],[-98.218364,19.059423],[-98.217596,19.060487],[-98.215306,19.05807],[-98.215906,19.057251],[-98.210348,19.05435],[-98.21116,19.052844],[-98.208071,19.05124],[-98.211603,19.045103],[-98.199862,19.03906],[-98.208354,19.024567],[-98.201381,19.020888],[-98.207548,19.009267],[-98.205119,19.013666]]}},{"type":"Feature","properties":{"name":"RUTA 11B REGRESO"},"geometry":{"type":"LineString","coordinates":[[-98.205078,19.013773],[-98.201245,19.02094],[-98.205917,19.023412],[-98.204844,19.025788],[-98.199516,19.024961],[-98.200667,19.025722],[-98.201758,19.029927],[-98.201226,19.030825],[-98.20256,19.031158],[-98.198743,19.037619],[-98.207752,19.042268],[-98.203232,19.049872],[-98.215494,19.055228],[-98.215151,19.056069],[-98.217986,19.057598],[-98.214867,19.06052],[-98.216548,19.062192],[-98.21851,19.059689],[-98.219814,19.060346],[-98.226391,19.071377],[-98.227669,19.075759],[-98.230063,19.095882],[-98.22893,19.101792],[-98.2283,19.101623],[-98.227079,19.103911],[-98.22502,19.11006],[-98.222024,19.108787],[-98.220806,19.111554],[-98.219144,19.110667],[-98.214641,19.111675],[-98.214566,19.112554],[-98.217477,19.113096],[-98.217139,19.114797],[-98.21581,19.115836],[-98.216353,19.117085],[-98.215343,19.117304]]}},{"type":"Feature","properties":{"name":"RUTA 11C IDA"},"geometry":{"type":"LineString","coordinates":[[-98.216624,19.10335],[-98.216847,19.102315],[-98.217437,19.102539],[-98.216872,19.101554],[-98.21799,19.101122],[-98.218902,19.102923],[-98.220121,19.102449],[-98.220026,19.101726],[-98.220789,19.102664],[-98.221551,19.10097],[-98.220553,19.100649],[-98.22093,19.099783],[-98.219578,19.099471],[-98.220041,19.09839],[-98.226259,19.0997],[-98.228575,19.100913],[-98.229185,19.099957],[-98.230243,19.096353],[-98.228674,19.077973],[-98.227132,19.072036],[-98.220111,19.060265],[-98.21837,19.059438],[-98.21763,19.060443],[-98.215239,19.057828],[-98.215876,19.057246],[-98.210349,19.054357],[-98.21116,19.052844],[-98.208071,19.05124],[-98.211603,19.045103],[-98.199862,19.03906],[-98.208354,19.024567],[-98.201381,19.020888],[-98.204878,19.013219],[-98.205119,19.013666]]}},{"type":"Feature","properties":{"name":"RUTA 11C REGRESO"},"geometry":{"type":"LineString","coordinates":[[-98.205078,19.013773],[-98.201245,19.02094],[-98.205917,19.023412],[-98.204844,19.025788],[-98.199516,19.024961],[-98.200667,19.025722],[-98.201758,19.029927],[-98.201226,19.030825],[-98.20256,19.031158],[-98.198743,19.037619],[-98.207752,19.042268],[-98.203232,19.049872],[-98.215494,19.055228],[-98.215151,19.056069],[-98.217986,19.057598],[-98.214867,19.06052],[-98.216548,19.062192],[-98.21851,19.059689],[-98.219814,19.060346],[-98.226391,19.071377],[-98.227669,19.075759],[-98.230063,19.095882],[-98.229065,19.099961],[-98.228598,19.100758],[-98.220026,19.098249],[-98.219467,19.099504],[-98.220801,19.099851],[-98.220421,19.100714],[-98.221397,19.101035],[-98.220773,19.102577],[-98.220087,19.101672],[-98.218826,19.102569],[-98.217985,19.101054],[-98.216828,19.101554],[-98.217343,19.102502],[-98.216862,19.10221],[-98.216528,19.103313]]}},{"type":"Feature","properties":{"name":"RUTA 11C CIRCUITO"},"geometry":{"type":"LineString","coordinates":[[-98.21521,19.117382],[-98.216474,19.117112],[-98.215927,19.11584],[-98.217264,19.114733],[-98.217557,19.113045],[-98.214652,19.112508],[-98.214685,19.11179],[-98.21907,19.110817],[-98.220826,19.111769],[-98.222032,19.108937],[-98.2251,19.110142],[-98.227262,19.10369],[-98.228332,19.10171],[-98.229073,19.101786],[-98.23016,19.095112],[-98.228108,19.074106],[-98.226467,19.07076],[-98.219888,19.060191],[-98.218372,19.05943],[-98.217592,19.060439],[-98.215236,19.057914],[-98.215888,19.057261],[-98.210346,19.054386],[-98.211195,19.052825],[-98.208076,19.051264],[-98.211603,19.045103],[-98.199862,19.03906],[-98.208354,19.024567],[-98.201381,19.020888],[-98.207431,19.009109],[-98.201236,19.020954],[-98.205941,19.023428],[-98.205318,19.024946],[-98.204819,19.025779],[-98.199504,19.025044],[-98.200611,19.025639],[-98.201749,19.029977],[-98.2012,19.03092],[-98.202576,19.031187],[-98.19871,19.037633],[-98.207725,19.042294],[-98.203222,19.049873],[-98.21551,19.055242],[-98.215146,19.056113],[-98.218024,19.057617],[-98.214818,19.060497],[-98.216597,19.062272],[-98.218523,19.059714],[-98.219895,19.060395],[-98.226378,19.071281],[-98.227632,19.075626],[-98.230089,19.096411],[-98.228909,19.101783],[-98.228285,19.101609],[-98.227108,19.103825],[-98.225032,19.110065],[-98.222023,19.10879],[-98.220749,19.11157],[-98.219161,19.110694],[-98.214637,19.111682],[-98.21454,19.112558],[-98.217491,19.113128],[-98.217222,19.114668],[-98.215828,19.115837],[-98.216371,19.117075],[-98.21518,19.117312]]}},{"type":"Feature","properties":{"name":"RUTA 11C IDA"},"geometry":{"type":"LineString","coordinates":[[-98.221245,19.110679],[-98.222053,19.108929],[-98.225137,19.110156],[-98.227153,19.103949],[-98.228335,19.101706],[-98.229102,19.101817],[-98.228733,19.100868],[-98.230216,19.096666],[-98.228108,19.074106],[-98.222106,19.062838],[-98.223561,19.058441],[-98.218688,19.055025],[-98.215919,19.055212],[-98.208071,19.05124],[-98.211603,19.045103],[-98.199862,19.03906],[-98.208354,19.024567],[-98.201381,19.020888],[-98.207537,19.00935],[-98.205089,19.013684]]}},{"type":"Feature","properties":{"name":"RUTA 11C REGRESO"},"geometry":{"type":"LineString","coordinates":[[-98.205078,19.013773],[-98.201245,19.02094],[-98.205917,19.023412],[-98.204844,19.025788],[-98.199516,19.024961],[-98.200667,19.025722],[-98.201758,19.029927],[-98.201226,19.030825],[-98.20256,19.031158],[-98.198743,19.037619],[-98.207752,19.042268],[-98.203232,19.049872],[-98.215494,19.055228],[-98.215151,19.056069],[-98.217986,19.057598],[-98.214867,19.06052],[-98.216548,19.062192],[-98.21851,19.059689],[-98.219814,19.060346],[-98.226391,19.071377],[-98.227669,19.075759],[-98.230064,19.096507],[-98.228919,19.1018],[-98.228322,19.101638],[-98.227096,19.103875],[-98.225034,19.110035],[-98.222026,19.108768],[-98.221174,19.110594]]}},{"type":"Feature","properties":{"name":"RUTA 11C IDA"},"geometry":{"type":"LineString","coordinates":[[-98.221245,19.110679],[-98.223391,19.106179],[-98.225573,19.109081],[-98.227186,19.103859],[-98.228333,19.101702],[-98.229062,19.101811],[-98.228733,19.100868],[-98.230216,19.096666],[-98.228108,19.074106],[-98.220144,19.060386],[-98.218364,19.059423],[-98.217596,19.060487],[-98.215306,19.05807],[-98.215906,19.057251],[-98.210348,19.05435],[-98.21116,19.052844],[-98.208071,19.05124],[-98.211603,19.045103],[-98.199862,19.03906],[-98.208354,19.024567],[-98.201381,19.020888],[-98.207547,19.009342],[-98.205064,19.013702]]}},{"type":"Feature","properties":{"name":"RUTA 11C REGRESO"},"geometry":{"type":"LineString","coordinates":[[-98.205078,19.013773],[-98.201245,19.02094],[-98.205917,19.023412],[-98.204844,19.025788],[-98.199516,19.024961],[-98.200667,19.025722],[-98.201758,19.029927],[-98.201226,19.030825],[-98.20256,19.031158],[-98.198743,19.037619],[-98.207752,19.042268],[-98.203232,19.049872],[-98.215494,19.055228],[-98.215151,19.056069],[-98.217986,19.057598],[-98.214867,19.06052],[-98.216548,19.062192],[-98.21851,19.059689],[-98.219814,19.060346],[-98.226391,19.071377],[-98.227669,19.075759],[-98.230064,19.096507],[-98.228934,19.101808],[-98.228334,19.101631],[-98.227342,19.103381],[-98.225551,19.108963],[-98.223372,19.106017],[-98.221188,19.110594]]}},{"type":"Feature","properties":{"name":"RUTA 11C IDA"},"geometry":{"type":"LineString","coordinates":[[-98.221245,19.110679],[-98.223391,19.106179],[-98.226611,19.102757],[-98.225459,19.102273],[-98.226257,19.099736],[-98.228733,19.100868],[-98.230216,19.096666],[-98.228108,19.074106],[-98.220144,19.060386],[-98.218364,19.059423],[-98.217596,19.060487],[-98.215306,19.05807],[-98.215906,19.057251],[-98.210348,19.05435],[-98.21116,19.052844],[-98.208071,19.05124],[-98.211603,19.045103],[-98.199862,19.03906],[-98.208354,19.024567],[-98.201381,19.020888],[-98.204878,19.013219],[-98.205119,19.013666]]}},{"type":"Feature","properties":{"name":"RUTA 11C REGRESO"},"geometry":{"type":"LineString","coordinates":[[-98.205078,19.013773],[-98.201245,19.02094],[-98.205917,19.023412],[-98.204844,19.025788],[-98.199516,19.024961],[-98.200667,19.025722],[-98.201758,19.029927],[-98.201226,19.030825],[-98.20256,19.031158],[-98.198743,19.037619],[-98.207752,19.042268],[-98.203232,19.049872],[-98.215494,19.055228],[-98.215151,19.056069],[-98.217986,19.057598],[-98.214867,19.06052],[-98.216548,19.062192],[-98.21851,19.059689],[-98.219814,19.060346],[-98.226391,19.071377],[-98.227669,19.075759],[-98.230064,19.096507],[-98.228649,19.100758],[-98.226952,19.09984],[-98.226411,19.102741],[-98.223115,19.106399],[-98.221188,19.110594]]}},{"type":"Feature","properties":{"name":"RUTA 11C  IDA"},"geometry":{"type":"LineString","coordinates":[[-98.216624,19.10335],[-98.216847,19.102315],[-98.217437,19.102539],[-98.216872,19.101554],[-98.21799,19.101122],[-98.218902,19.102923],[-98.220121,19.102449],[-98.220026,19.101726],[-98.220789,19.102664],[-98.221551,19.10097],[-98.220553,19.100649],[-98.22093,19.099783],[-98.219578,19.099471],[-98.220041,19.09839],[-98.226259,19.0997],[-98.228575,19.100913],[-98.229185,19.099957],[-98.230243,19.096353],[-98.228674,19.077973],[-98.227936,19.076534],[-98.228108,19.074106],[-98.222106,19.062838],[-98.223561,19.058441],[-98.218688,19.055025],[-98.215919,19.055212],[-98.208071,19.05124],[-98.211603,19.045103],[-98.199862,19.03906],[-98.208354,19.024567],[-98.201381,19.020888],[-98.207421,19.009159],[-98.205166,19.01353]]}},{"type":"Feature","properties":{"name":"RUTA 11C REGRESO"},"geometry":{"type":"LineString","coordinates":[[-98.205078,19.013773],[-98.201245,19.02094],[-98.205917,19.023412],[-98.204844,19.025788],[-98.199516,19.024961],[-98.200667,19.025722],[-98.201758,19.029927],[-98.201226,19.030825],[-98.20256,19.031158],[-98.198743,19.037619],[-98.207752,19.042268],[-98.203232,19.049872],[-98.215494,19.055228],[-98.215151,19.056069],[-98.217986,19.057598],[-98.214867,19.06052],[-98.216548,19.062192],[-98.21851,19.059689],[-98.219814,19.060346],[-98.226391,19.071377],[-98.227669,19.075759],[-98.230063,19.095882],[-98.229065,19.099961],[-98.228598,19.100758],[-98.220026,19.098249],[-98.219467,19.099504],[-98.220801,19.099851],[-98.220421,19.100714],[-98.221397,19.101035],[-98.220773,19.102577],[-98.220087,19.101672],[-98.218826,19.102569],[-98.217985,19.101054],[-98.216828,19.101554],[-98.217343,19.102502],[-98.216862,19.10221],[-98.216528,19.103313]]}},{"type":"Feature","properties":{"name":"RUTA 8 CIRCUITO"},"geometry":{"type":"LineString","coordinates":[[-98.316685,19.073162],[-98.302717,19.066819],[-98.2993,19.073756],[-98.297688,19.073069],[-98.295564,19.074762],[-98.266003,19.077614],[-98.255562,19.071739],[-98.241953,19.068944],[-98.231434,19.062779],[-98.230714,19.063782],[-98.22613,19.061433],[-98.225668,19.062217],[-98.222867,19.060164],[-98.221637,19.062614],[-98.220126,19.060363],[-98.218461,19.059539],[-98.214398,19.064769],[-98.203239,19.073708],[-98.202665,19.073734],[-98.198707,19.065162],[-98.196935,19.063897],[-98.195138,19.066786],[-98.195798,19.069516],[-98.193527,19.072817],[-98.192131,19.072126],[-98.196616,19.064821],[-98.197422,19.065301],[-98.199059,19.066396],[-98.201969,19.072044],[-98.204801,19.081909],[-98.207834,19.081501],[-98.208828,19.079049],[-98.208219,19.07662],[-98.204993,19.072714],[-98.214538,19.064989],[-98.218462,19.059686],[-98.219979,19.060398],[-98.22208,19.063935],[-98.222573,19.060995],[-98.226335,19.06359],[-98.227944,19.0609],[-98.239565,19.067681],[-98.242403,19.070686],[-98.246975,19.070227],[-98.255554,19.071944],[-98.265541,19.077679],[-98.295573,19.074929],[-98.297855,19.073172],[-98.3006,19.074393],[-98.304612,19.066668],[-98.315162,19.071482],[-98.317261,19.073055],[-98.316667,19.073188]]}},{"type":"Feature","properties":{"name":"RUTA 8  VARIANTE DE ITINERARIO CIRCUITO"},"geometry":{"type":"LineString","coordinates":[[-98.316685,19.073162],[-98.302717,19.066819],[-98.2993,19.073756],[-98.297688,19.073069],[-98.295564,19.074762],[-98.266003,19.077614],[-98.255562,19.071739],[-98.241953,19.068944],[-98.231434,19.062779],[-98.230714,19.063782],[-98.22613,19.061433],[-98.225668,19.062217],[-98.222867,19.060164],[-98.221637,19.062614],[-98.220126,19.060363],[-98.218461,19.059539],[-98.214087,19.065054],[-98.202817,19.073823],[-98.198707,19.065162],[-98.196935,19.063897],[-98.195138,19.066786],[-98.195798,19.069516],[-98.192095,19.075028],[-98.197801,19.078023],[-98.196813,19.073074],[-98.198714,19.070485],[-98.202169,19.072758],[-98.204801,19.081909],[-98.207834,19.081501],[-98.208828,19.079049],[-98.208219,19.07662],[-98.204993,19.072714],[-98.214538,19.064989],[-98.218462,19.059686],[-98.219979,19.060398],[-98.22208,19.063935],[-98.222573,19.060995],[-98.226335,19.06359],[-98.227944,19.0609],[-98.239565,19.067681],[-98.242403,19.070686],[-98.246975,19.070227],[-98.255554,19.071944],[-98.265541,19.077679],[-98.295573,19.074929],[-98.297855,19.073172],[-98.3006,19.074393],[-98.304612,19.066668],[-98.315162,19.071482],[-98.317261,19.073055],[-98.316667,19.073188]]}},{"type":"Feature","properties":{"name":"RUTA 25 NVE CIRCUITO"},"geometry":{"type":"LineString","coordinates":[[-98.241646,18.948262],[-98.240822,18.950932],[-98.241165,18.95228],[-98.244663,18.951621],[-98.245068,18.953066],[-98.248238,18.952506],[-98.248117,18.953441],[-98.246602,18.953705],[-98.247135,18.956129],[-98.243024,18.956965],[-98.2437,18.959702],[-98.239844,18.960469],[-98.241219,18.969007],[-98.239964,18.976031],[-98.238433,18.980056],[-98.237156,18.98209],[-98.2337,18.98018],[-98.227871,18.991286],[-98.240061,18.997789],[-98.230933,19.009049],[-98.227603,19.015932],[-98.224099,19.021067],[-98.219866,19.02149],[-98.217405,19.025646],[-98.214945,19.023744],[-98.216026,19.021756],[-98.217479,19.021274],[-98.221353,19.014945],[-98.227625,19.016334],[-98.232933,19.006338],[-98.24028,18.99777],[-98.228106,18.991223],[-98.233248,18.981738],[-98.236379,18.983471],[-98.239586,18.977468],[-98.241324,18.96916],[-98.239986,18.960532],[-98.243824,18.959783],[-98.243139,18.957033],[-98.247221,18.956198],[-98.246725,18.95378],[-98.248212,18.953479],[-98.248326,18.952366],[-98.245157,18.952944],[-98.244752,18.951496],[-98.241243,18.952167],[-98.241738,18.948234]]}},{"type":"Feature","properties":{"name":"RUTA 25 NVE CIRCUITO"},"geometry":{"type":"LineString","coordinates":[[-98.228196,18.950254],[-98.232194,18.949521],[-98.232512,18.950777],[-98.233334,18.950599],[-98.232508,18.947135],[-98.236247,18.945932],[-98.237163,18.949718],[-98.234285,18.950323],[-98.23464,18.951737],[-98.237512,18.951112],[-98.241225,18.96901],[-98.239993,18.97595],[-98.238437,18.980049],[-98.237158,18.982099],[-98.233723,18.980161],[-98.227877,18.991257],[-98.240056,18.997788],[-98.231578,19.008048],[-98.22709,19.016936],[-98.224146,19.021014],[-98.219913,19.021455],[-98.217402,19.025607],[-98.214767,19.023681],[-98.203845,19.042216],[-98.205442,19.043056],[-98.215133,19.026645],[-98.222583,19.030362],[-98.221959,19.028039],[-98.214887,19.02381],[-98.215894,19.021949],[-98.219182,19.022949],[-98.220245,19.021434],[-98.22421,19.021191],[-98.226624,19.018091],[-98.230912,19.009331],[-98.240239,18.997769],[-98.228105,18.991247],[-98.233264,18.981702],[-98.236374,18.98347],[-98.238472,18.980165],[-98.240059,18.976176],[-98.241349,18.968871],[-98.237613,18.951005],[-98.234714,18.951641],[-98.234366,18.950386],[-98.234171,18.949454],[-98.237075,18.948789],[-98.236381,18.945865],[-98.232401,18.947082],[-98.233215,18.950537],[-98.232605,18.950702],[-98.23225,18.949427],[-98.228209,18.950154]]}},{"type":"Feature","properties":{"name":"RUTA 25 NVE CIRCUITO"},"geometry":{"type":"LineString","coordinates":[[-98.228285,18.953056],[-98.230152,18.955523],[-98.235476,18.95518],[-98.237225,18.962218],[-98.230457,18.961969],[-98.229349,18.962544],[-98.228477,18.966979],[-98.230783,18.967294],[-98.230585,18.968641],[-98.239048,18.969591],[-98.235943,18.977543],[-98.233618,18.980348],[-98.227881,18.991298],[-98.240051,18.997774],[-98.23626,19.002081],[-98.238218,19.004673],[-98.234991,19.003653],[-98.240235,18.997777],[-98.228088,18.991229],[-98.23374,18.980432],[-98.236099,18.977741],[-98.23986,18.968344],[-98.239136,18.96948],[-98.230718,18.968562],[-98.23091,18.967178],[-98.228573,18.966913],[-98.22933,18.963104],[-98.230435,18.963119],[-98.230558,18.962151],[-98.237377,18.962362],[-98.235638,18.955063],[-98.230346,18.95549],[-98.228349,18.952993]]}},{"type":"Feature","properties":{"name":"RUTA 25NVE IDA"},"geometry":{"type":"LineString","coordinates":[[-98.253618,18.951944],[-98.247435,18.962217],[-98.250671,18.96337],[-98.245691,18.961503],[-98.244329,18.962973],[-98.240517,18.963354],[-98.241221,18.969194],[-98.239969,18.976094],[-98.238424,18.980056],[-98.237147,18.9821],[-98.233738,18.98019],[-98.227899,18.991275],[-98.234604,18.994763],[-98.23264,18.998091],[-98.236929,19.001018],[-98.236165,19.002056],[-98.238161,19.004683],[-98.225734,18.999053],[-98.227419,19.000288],[-98.222178,19.009462],[-98.223095,19.009769],[-98.220056,19.015006],[-98.220966,19.015377],[-98.21732,19.021152],[-98.215908,19.021699],[-98.20384,19.042246],[-98.206889,19.043766],[-98.204125,19.048378],[-98.218916,19.056416],[-98.218007,19.057575],[-98.219323,19.058731],[-98.22158,19.063679],[-98.213559,19.087683],[-98.205904,19.085402],[-98.207708,19.082123],[-98.21025,19.083048],[-98.21107,19.081352],[-98.208068,19.081251],[-98.20886,19.078911]]}},{"type":"Feature","properties":{"name":"RUTA 25 NVE REGRESO"},"geometry":{"type":"LineString","coordinates":[[-98.208862,19.078764],[-98.208079,19.076312],[-98.2051,19.072709],[-98.208133,19.070102],[-98.210788,19.072485],[-98.211663,19.07902],[-98.210168,19.082922],[-98.207647,19.082012],[-98.206033,19.084706],[-98.213983,19.087035],[-98.221725,19.063888],[-98.222305,19.063949],[-98.221984,19.06279],[-98.223502,19.058527],[-98.218781,19.055064],[-98.215877,19.055188],[-98.202336,19.048281],[-98.215136,19.026628],[-98.222597,19.030381],[-98.22256,19.028564],[-98.214934,19.023758],[-98.216034,19.021795],[-98.21743,19.021334],[-98.224212,19.009914],[-98.222383,19.009407],[-98.227534,19.00037],[-98.234817,19.003835],[-98.237109,19.00114],[-98.237307,19.000542],[-98.232778,18.998081],[-98.234754,18.994716],[-98.228081,18.991215],[-98.233263,18.981724],[-98.236374,18.983467],[-98.238697,18.979735],[-98.241329,18.969248],[-98.240677,18.963579],[-98.244371,18.963117],[-98.245715,18.961671],[-98.250651,18.963317],[-98.247559,18.962188],[-98.253805,18.951946]]}},{"type":"Feature","properties":{"name":"RUTA 26A CIRCUITO"},"geometry":{"type":"LineString","coordinates":[[-98.255997,19.077348],[-98.255411,19.079668],[-98.253394,19.081186],[-98.251499,19.08038],[-98.250248,19.082675],[-98.249041,19.083152],[-98.245564,19.082594],[-98.242704,19.080513],[-98.243988,19.076234],[-98.243699,19.073314],[-98.247498,19.071637],[-98.245399,19.070817],[-98.246026,19.069837],[-98.242092,19.068941],[-98.224297,19.059005],[-98.216742,19.053594],[-98.217592,19.052001],[-98.211247,19.048804],[-98.209464,19.051947],[-98.20374,19.049024],[-98.203211,19.049892],[-98.215634,19.055452],[-98.218718,19.055238],[-98.223961,19.059092],[-98.239709,19.067892],[-98.242243,19.070663],[-98.247106,19.071623],[-98.244475,19.072428],[-98.243431,19.073648],[-98.243838,19.076106],[-98.242581,19.080703],[-98.243631,19.082283],[-98.242255,19.083952],[-98.242786,19.086905],[-98.246529,19.087037],[-98.247177,19.089648],[-98.252808,19.098133],[-98.254074,19.10137],[-98.26045,19.109968],[-98.255686,19.117573],[-98.256357,19.117911],[-98.255879,19.117523],[-98.2583,19.11345]]}},{"type":"Feature","properties":{"name":"RUTA 26A CIRCUITO"},"geometry":{"type":"LineString","coordinates":[[-98.258397,19.113051],[-98.255713,19.117589],[-98.256412,19.117917],[-98.255874,19.117534],[-98.260635,19.109954],[-98.254362,19.101544],[-98.252964,19.098031],[-98.24734,19.089572],[-98.246638,19.086923],[-98.24286,19.086864],[-98.242323,19.08405],[-98.24373,19.082347],[-98.242704,19.080513],[-98.243988,19.076234],[-98.243553,19.073588],[-98.244552,19.072525],[-98.247498,19.071637],[-98.245399,19.070817],[-98.246026,19.069837],[-98.242092,19.068941],[-98.224297,19.059005],[-98.216742,19.053594],[-98.217592,19.052001],[-98.211247,19.048804],[-98.209464,19.051947],[-98.20374,19.049024],[-98.203211,19.049892],[-98.207677,19.052181],[-98.207979,19.051485],[-98.215634,19.055452],[-98.218718,19.055238],[-98.223961,19.059092],[-98.239709,19.067892],[-98.242243,19.070663],[-98.247106,19.071623],[-98.244475,19.072428],[-98.243431,19.073648],[-98.243838,19.076106],[-98.242581,19.080703],[-98.243631,19.082283],[-98.242817,19.083481],[-98.246023,19.086172],[-98.247177,19.089648],[-98.252807,19.098118],[-98.258767,19.101583],[-98.259044,19.099854],[-98.2607,19.101967],[-98.262863,19.10047],[-98.264146,19.101122],[-98.266729,19.104146],[-98.265071,19.107834],[-98.266697,19.1048],[-98.267317,19.105058]]}},{"type":"Feature","properties":{"name":"RUTA 26A CIRCUITO"},"geometry":{"type":"LineString","coordinates":[[-98.267236,19.105102],[-98.266642,19.104694],[-98.264841,19.107939],[-98.266845,19.104272],[-98.264475,19.101238],[-98.262842,19.100396],[-98.260707,19.10184],[-98.259062,19.099797],[-98.258731,19.101467],[-98.254273,19.098189],[-98.252934,19.098012],[-98.24734,19.089572],[-98.246292,19.086337],[-98.243018,19.083488],[-98.24373,19.082347],[-98.242704,19.080513],[-98.243988,19.076234],[-98.243553,19.073588],[-98.244552,19.072525],[-98.247498,19.071637],[-98.245399,19.070817],[-98.246026,19.069837],[-98.242092,19.068941],[-98.224297,19.059005],[-98.216742,19.053594],[-98.217592,19.052001],[-98.211247,19.048804],[-98.209464,19.051947],[-98.20374,19.049024],[-98.203211,19.049892],[-98.215634,19.055452],[-98.218718,19.055238],[-98.223961,19.059092],[-98.239709,19.067892],[-98.242243,19.070663],[-98.247106,19.071623],[-98.244475,19.072428],[-98.243431,19.073648],[-98.243838,19.076106],[-98.242759,19.078922],[-98.242627,19.080927],[-98.246136,19.082936],[-98.249659,19.083077],[-98.25153,19.080518],[-98.253336,19.081369],[-98.25552,19.079715],[-98.256282,19.077073],[-98.258324,19.076244],[-98.254648,19.074636],[-98.255218,19.071891],[-98.259123,19.073756],[-98.255326,19.071653],[-98.254493,19.074692],[-98.257993,19.076288],[-98.255983,19.077361]]}},{"type":"Feature","properties":{"name":"RUTA 28 CIRCUITO"},"geometry":{"type":"LineString","coordinates":[[-98.143552,19.072184],[-98.138748,19.077119],[-98.140671,19.075528],[-98.144452,19.079084],[-98.141522,19.081819],[-98.137528,19.088118],[-98.141661,19.081816],[-98.144567,19.079107],[-98.140757,19.075445],[-98.150365,19.066304],[-98.153952,19.065785],[-98.15818,19.056067],[-98.15914,19.057793],[-98.160885,19.071509],[-98.165057,19.074084],[-98.16708,19.071526],[-98.169734,19.073578],[-98.170345,19.071712],[-98.17225,19.073118],[-98.178892,19.065753],[-98.185699,19.066123],[-98.186765,19.062316],[-98.187848,19.062813],[-98.187921,19.06369],[-98.190577,19.062535],[-98.192482,19.0575],[-98.195644,19.052881],[-98.194318,19.052123],[-98.193438,19.053284],[-98.194377,19.054429],[-98.193344,19.056606],[-98.194822,19.057381],[-98.194454,19.057989],[-98.191834,19.056317],[-98.192632,19.05495],[-98.19094,19.053602],[-98.187944,19.058878],[-98.183267,19.060409],[-98.172146,19.072911],[-98.170228,19.071457],[-98.169995,19.072477],[-98.167724,19.070552],[-98.165019,19.073783],[-98.161241,19.070782],[-98.159473,19.057581],[-98.158319,19.055506],[-98.153865,19.065646],[-98.149694,19.066524],[-98.143571,19.072131]]}},{"type":"Feature","properties":{"name":"RUTA 28 CIRCUITO"},"geometry":{"type":"LineString","coordinates":[[-98.143552,19.072184],[-98.138018,19.077627],[-98.134254,19.076384],[-98.132443,19.079069],[-98.134201,19.076549],[-98.138049,19.077795],[-98.150027,19.066557],[-98.153952,19.065785],[-98.15818,19.056067],[-98.15914,19.057793],[-98.160885,19.071509],[-98.165057,19.074084],[-98.16708,19.071526],[-98.169734,19.073578],[-98.170345,19.071712],[-98.17225,19.073118],[-98.1789,19.065736],[-98.185699,19.066123],[-98.186765,19.062316],[-98.187848,19.062813],[-98.187921,19.06369],[-98.190577,19.062535],[-98.192482,19.0575],[-98.195672,19.052834],[-98.19417,19.052059],[-98.193429,19.05338],[-98.19433,19.05452],[-98.193274,19.056681],[-98.194824,19.057389],[-98.194454,19.057989],[-98.191727,19.056256],[-98.192594,19.054887],[-98.190936,19.053581],[-98.18768,19.059182],[-98.183248,19.060415],[-98.172146,19.072911],[-98.170228,19.071457],[-98.169995,19.072477],[-98.167724,19.070552],[-98.165019,19.073783],[-98.161241,19.070782],[-98.159473,19.057581],[-98.158319,19.055506],[-98.153865,19.065646],[-98.149694,19.066524],[-98.143571,19.072131]]}},{"type":"Feature","properties":{"name":"RUTA JBS IDA"},"geometry":{"type":"LineString","coordinates":[[-98.228725,19.087802],[-98.229314,19.09094],[-98.235191,19.092434],[-98.238206,19.089036],[-98.239192,19.076657],[-98.234901,19.076165],[-98.236252,19.065799],[-98.239445,19.067427],[-98.219652,19.055726],[-98.218026,19.057616],[-98.219051,19.05843],[-98.214375,19.064794],[-98.20278,19.073803],[-98.201308,19.070125],[-98.199843,19.072139],[-98.195876,19.06942],[-98.193503,19.072814],[-98.189352,19.070632],[-98.196077,19.059061],[-98.191877,19.05632],[-98.19267,19.054911],[-98.190921,19.053611],[-98.187892,19.058968],[-98.183221,19.06051],[-98.170223,19.074971],[-98.168107,19.076289],[-98.161256,19.070751],[-98.159227,19.056781],[-98.14862,19.041721],[-98.14054,19.041729],[-98.12826,19.044141],[-98.109859,19.046152],[-98.110677,19.043537],[-98.116993,19.037164],[-98.121531,19.03873],[-98.122362,19.037813]]}},{"type":"Feature","properties":{"name":"RUTA JBS REGRESO"},"geometry":{"type":"LineString","coordinates":[[-98.122533,19.037862],[-98.123643,19.038452],[-98.122794,19.03923],[-98.116903,19.037094],[-98.110469,19.043588],[-98.109704,19.046347],[-98.116167,19.046586],[-98.119881,19.045306],[-98.140873,19.041943],[-98.148378,19.042364],[-98.1589,19.056713],[-98.160851,19.071385],[-98.167768,19.076346],[-98.165865,19.079127],[-98.165924,19.080411],[-98.183263,19.06098],[-98.187971,19.059326],[-98.192259,19.052249],[-98.195547,19.056251],[-98.19393,19.058815],[-98.202352,19.064457],[-98.199151,19.066129],[-98.198479,19.065511],[-98.192095,19.075029],[-98.197841,19.078037],[-98.196783,19.073068],[-98.198725,19.070501],[-98.20211,19.072693],[-98.20471,19.082063],[-98.207871,19.081461],[-98.208789,19.078864],[-98.20787,19.07582],[-98.21185,19.071588],[-98.20917,19.069247],[-98.214593,19.064943],[-98.218446,19.05972],[-98.219786,19.060339],[-98.222119,19.063986],[-98.223585,19.058839],[-98.235258,19.065273],[-98.234111,19.073842],[-98.237859,19.074232],[-98.237745,19.075363],[-98.238926,19.075482],[-98.238137,19.088766],[-98.235855,19.091741],[-98.23512,19.092261],[-98.227621,19.090206],[-98.227301,19.087971],[-98.228502,19.087851]]}},{"type":"Feature","properties":{"name":"RUTA JBS IDA"},"geometry":{"type":"LineString","coordinates":[[-98.231204,19.095911],[-98.23834,19.088818],[-98.239184,19.076671],[-98.234928,19.076179],[-98.236201,19.065796],[-98.239491,19.06747],[-98.223331,19.058482],[-98.221832,19.062598],[-98.220188,19.060377],[-98.218364,19.059503],[-98.214359,19.064799],[-98.203409,19.073638],[-98.20271,19.07374],[-98.201314,19.070153],[-98.19986,19.072145],[-98.195914,19.069363],[-98.193513,19.072844],[-98.189335,19.070613],[-98.196072,19.059054],[-98.191844,19.056333],[-98.192649,19.054934],[-98.190942,19.053594],[-98.187878,19.058963],[-98.183096,19.06065],[-98.171211,19.073932],[-98.168122,19.076304],[-98.161248,19.07077],[-98.159386,19.057199],[-98.148832,19.041742],[-98.140366,19.041733],[-98.130597,19.043545],[-98.130786,19.030121],[-98.133139,19.029893],[-98.133324,19.027048],[-98.138131,19.026279],[-98.138271,19.027061],[-98.14051,19.026761]]}},{"type":"Feature","properties":{"name":"RUTA JBS REGRESO"},"geometry":{"type":"LineString","coordinates":[[-98.14068,19.026732],[-98.141379,19.027343],[-98.138516,19.027782],[-98.138246,19.026171],[-98.133216,19.026939],[-98.133124,19.029811],[-98.130661,19.030084],[-98.130501,19.043772],[-98.140279,19.041943],[-98.14736,19.041938],[-98.148624,19.042537],[-98.158954,19.056811],[-98.160844,19.071566],[-98.161709,19.071429],[-98.167797,19.076487],[-98.165841,19.079171],[-98.165855,19.080365],[-98.169704,19.076862],[-98.182603,19.061418],[-98.188077,19.059177],[-98.192283,19.052149],[-98.195538,19.0562],[-98.195064,19.057021],[-98.207065,19.065637],[-98.20554,19.067824],[-98.208114,19.070144],[-98.214664,19.064889],[-98.21851,19.05973],[-98.219856,19.060372],[-98.222342,19.063859],[-98.222099,19.062738],[-98.223574,19.058841],[-98.235269,19.065245],[-98.234122,19.073828],[-98.237895,19.074278],[-98.237746,19.075389],[-98.238918,19.07551],[-98.238122,19.088806],[-98.231153,19.095965]]}},{"type":"Feature","properties":{"name":"RUTA JBS IDA"},"geometry":{"type":"LineString","coordinates":[[-98.23858,19.101227],[-98.240081,19.102348],[-98.241625,19.101016],[-98.239765,19.100765],[-98.239728,19.099574],[-98.240752,19.098971],[-98.242517,19.094023],[-98.244691,19.092247],[-98.242295,19.084165],[-98.243791,19.082279],[-98.242743,19.079834],[-98.243996,19.076243],[-98.243633,19.07343],[-98.247411,19.071644],[-98.245376,19.07075],[-98.24615,19.070254],[-98.245805,19.069757],[-98.241198,19.068451],[-98.223553,19.058562],[-98.221844,19.062587],[-98.220093,19.060299],[-98.218362,19.059444],[-98.21439,19.064789],[-98.203319,19.073668],[-98.202679,19.073705],[-98.201336,19.070144],[-98.199859,19.072158],[-98.195975,19.069432],[-98.193496,19.072836],[-98.189342,19.070639],[-98.196058,19.059021],[-98.191841,19.056345],[-98.19268,19.054902],[-98.190901,19.0536],[-98.18767,19.059197],[-98.183288,19.06046],[-98.170875,19.07431],[-98.168166,19.076339],[-98.161263,19.0708],[-98.15936,19.057207],[-98.148825,19.041767],[-98.140538,19.041721],[-98.124758,19.044625],[-98.121329,19.047432],[-98.123296,19.048288],[-98.121709,19.051777],[-98.120445,19.052852],[-98.117013,19.051316],[-98.115836,19.052246],[-98.115658,19.053802],[-98.113908,19.054631],[-98.115966,19.054698]]}},{"type":"Feature","properties":{"name":"RUTA JBS REGRESO"},"geometry":{"type":"LineString","coordinates":[[-98.116001,19.054635],[-98.114011,19.054619],[-98.115775,19.053882],[-98.117018,19.051416],[-98.120491,19.052958],[-98.121817,19.051805],[-98.123448,19.048247],[-98.121492,19.047415],[-98.124535,19.044876],[-98.139928,19.042062],[-98.147936,19.042261],[-98.159018,19.05692],[-98.160867,19.071581],[-98.162411,19.071945],[-98.167784,19.076491],[-98.165816,19.079176],[-98.16617,19.0804],[-98.182973,19.061217],[-98.187978,19.059325],[-98.192268,19.052253],[-98.195522,19.05621],[-98.193961,19.058828],[-98.202349,19.064441],[-98.199129,19.066125],[-98.198555,19.065419],[-98.192083,19.07502],[-98.197836,19.078081],[-98.196819,19.073024],[-98.198713,19.070472],[-98.202094,19.072688],[-98.204926,19.08207],[-98.207827,19.081503],[-98.208794,19.079019],[-98.207932,19.075913],[-98.211893,19.071638],[-98.209175,19.069285],[-98.214657,19.064934],[-98.218549,19.059763],[-98.21987,19.060384],[-98.222142,19.063991],[-98.223716,19.058915],[-98.239709,19.067862],[-98.242123,19.070623],[-98.247147,19.071649],[-98.244366,19.072503],[-98.243397,19.073779],[-98.243887,19.076121],[-98.242606,19.08074],[-98.243654,19.082295],[-98.242252,19.084327],[-98.244497,19.092355],[-98.242424,19.094058],[-98.240616,19.098408],[-98.241401,19.100866],[-98.238679,19.10112]]}},{"type":"Feature","properties":{"name":"RUTA NGA CIRCUITO"},"geometry":{"type":"LineString","coordinates":[[-98.27671,18.9608],[-98.270659,18.964211],[-98.268093,18.967877],[-98.270017,18.968968],[-98.268218,18.971192],[-98.269678,18.972161],[-98.266006,18.977093],[-98.253676,18.985667],[-98.258145,18.988849],[-98.257029,18.990844],[-98.255821,18.991354],[-98.252508,18.990608],[-98.249783,18.992408],[-98.244938,18.991855],[-98.234774,19.003606],[-98.243377,19.006817],[-98.248009,19.017092],[-98.247221,19.019521],[-98.231785,19.029078],[-98.230994,19.02918],[-98.230943,19.028428],[-98.236748,19.031699],[-98.234153,19.033868],[-98.22946,19.033057],[-98.231202,19.034628],[-98.233739,19.034438],[-98.237733,19.032119],[-98.243027,19.034759],[-98.245259,19.036607],[-98.245501,19.037894],[-98.245345,19.036198],[-98.239024,19.031251],[-98.234619,19.029943],[-98.234335,19.028184],[-98.242484,19.023074],[-98.243566,19.023843],[-98.244085,19.023118],[-98.243424,19.022516],[-98.249866,19.018542],[-98.250277,19.019047],[-98.249674,19.019622],[-98.243798,19.006727],[-98.235032,19.003669],[-98.240304,18.997784],[-98.234968,18.994773],[-98.237095,18.991268],[-98.238669,18.988767],[-98.244959,18.992092],[-98.246924,18.989761],[-98.250179,18.992358],[-98.252509,18.990833],[-98.255784,18.991536],[-98.256959,18.991],[-98.258284,18.98876],[-98.253891,18.985673],[-98.266078,18.977161],[-98.26985,18.972169],[-98.268361,18.971167],[-98.270192,18.96895],[-98.268266,18.967882],[-98.270638,18.96432],[-98.276732,18.960858]]}},{"type":"Feature","properties":{"name":"RUTA NGA CIRCUITO"},"geometry":{"type":"LineString","coordinates":[[-98.275614,18.971886],[-98.262483,18.991388],[-98.260597,18.990083],[-98.255572,18.991936],[-98.242859,19.006163],[-98.248057,19.017184],[-98.247277,19.01946],[-98.230019,19.030045],[-98.225738,19.036677],[-98.224367,19.032376],[-98.22276,19.03067],[-98.222493,19.028508],[-98.217418,19.025628],[-98.205066,19.046823],[-98.207653,19.04807],[-98.206357,19.050673],[-98.215489,19.055253],[-98.213495,19.059044],[-98.216288,19.062244],[-98.214397,19.064732],[-98.204793,19.072444],[-98.203542,19.07092],[-98.205603,19.067924],[-98.208088,19.070182],[-98.214628,19.064975],[-98.217749,19.060617],[-98.215244,19.057857],[-98.217206,19.055969],[-98.211203,19.052868],[-98.222765,19.032746],[-98.223881,19.032066],[-98.225218,19.036603],[-98.226374,19.037634],[-98.226023,19.038389],[-98.22565,19.037602],[-98.230114,19.030617],[-98.24232,19.023155],[-98.243663,19.023678],[-98.244102,19.023206],[-98.243379,19.022507],[-98.249873,19.018587],[-98.250152,19.01946],[-98.249493,19.01937],[-98.243183,19.006068],[-98.255809,18.992289],[-98.260734,18.990218],[-98.26258,18.991432],[-98.275795,18.972001]]}},{"type":"Feature","properties":{"name":"RUTA NGA CIRCUITO"},"geometry":{"type":"LineString","coordinates":[[-98.27204,18.980742],[-98.270542,18.979432],[-98.263282,18.989766],[-98.260517,18.989988],[-98.25911,18.989139],[-98.258875,18.989952],[-98.255834,18.991356],[-98.252508,18.990608],[-98.249783,18.992408],[-98.244938,18.991855],[-98.24009,18.997735],[-98.227904,18.991206],[-98.219198,19.007305],[-98.21746,19.006086],[-98.215118,19.005965],[-98.213992,19.008442],[-98.211718,19.007608],[-98.210335,19.010061],[-98.204088,19.007527],[-98.195337,19.031208],[-98.189167,19.04242],[-98.18609,19.041199],[-98.183231,19.047421],[-98.18943,19.049698],[-98.194339,19.054528],[-98.195197,19.053674],[-98.196516,19.054511],[-98.194453,19.057992],[-98.190198,19.055457],[-98.191143,19.053772],[-98.189942,19.052617],[-98.185651,19.050659],[-98.188673,19.048328],[-98.184785,19.046864],[-98.196973,19.023777],[-98.19813,19.024378],[-98.204201,19.007841],[-98.21401,19.011825],[-98.214117,19.008632],[-98.216127,19.004393],[-98.219897,19.006524],[-98.228058,18.991356],[-98.234827,18.994947],[-98.238697,18.98881],[-98.244959,18.992092],[-98.246924,18.989761],[-98.250179,18.992358],[-98.252509,18.990833],[-98.256331,18.991403],[-98.259179,18.989279],[-98.26253,18.990215],[-98.263889,18.989533],[-98.270578,18.979626],[-98.272012,18.980692]]}},{"type":"Feature","properties":{"name":"RUTA SAN NADRES CIRCUITO"},"geometry":{"type":"LineString","coordinates":[[-98.298696,19.06059],[-98.301465,19.062266],[-98.294898,19.074401],[-98.293937,19.073907],[-98.299688,19.062301],[-98.297977,19.061922],[-98.299273,19.059314],[-98.297784,19.058356],[-98.301163,19.05154],[-98.299608,19.050805],[-98.302485,19.044738],[-98.300815,19.043941],[-98.297912,19.049999],[-98.270446,19.036384],[-98.261132,19.033808],[-98.259843,19.030399],[-98.256356,19.033115],[-98.255005,19.032003],[-98.255601,19.033652],[-98.254238,19.03562],[-98.250826,19.035668],[-98.247425,19.032632],[-98.245108,19.035852],[-98.239134,19.031206],[-98.236696,19.030991],[-98.228218,19.026892],[-98.228583,19.026154],[-98.227114,19.027935],[-98.230523,19.028065],[-98.240979,19.033128],[-98.245069,19.036269],[-98.245542,19.037871],[-98.246006,19.036507],[-98.24517,19.035885],[-98.247478,19.03271],[-98.250705,19.035751],[-98.254287,19.035703],[-98.255657,19.033787],[-98.257693,19.038432],[-98.258845,19.039141],[-98.261802,19.033908],[-98.26946,19.036145],[-98.291864,19.047306],[-98.292309,19.046427],[-98.299954,19.049954],[-98.301608,19.046516],[-98.304735,19.047963],[-98.302616,19.052194],[-98.301091,19.051471],[-98.297648,19.05844],[-98.299169,19.059335],[-98.298688,19.060653]]}},{"type":"Feature","properties":{"name":"RUTA SAN ANDRES CIRCUITO"},"geometry":{"type":"LineString","coordinates":[[-98.298697,19.060585],[-98.301457,19.062265],[-98.294899,19.07439],[-98.293923,19.073902],[-98.299736,19.062275],[-98.297968,19.061942],[-98.29929,19.059314],[-98.29779,19.058411],[-98.30113,19.051553],[-98.299592,19.050811],[-98.302512,19.04472],[-98.300844,19.043954],[-98.297919,19.05003],[-98.274639,19.038395],[-98.277691,19.0329],[-98.275065,19.029877],[-98.279285,19.024556],[-98.271692,19.020069],[-98.2677,19.024428],[-98.266047,19.025381],[-98.265475,19.024532],[-98.264272,19.02489],[-98.261937,19.022642],[-98.263436,19.018757],[-98.262851,19.016914],[-98.266885,19.016375],[-98.265575,19.017913],[-98.265145,19.01648],[-98.267065,19.016134],[-98.262595,19.016229],[-98.262817,19.018322],[-98.261733,19.018795],[-98.260023,19.021811],[-98.263548,19.023914],[-98.263965,19.02501],[-98.259439,19.026968],[-98.255585,19.030361],[-98.256127,19.032545],[-98.254952,19.032122],[-98.257732,19.038492],[-98.258953,19.03906],[-98.261792,19.033931],[-98.270888,19.036771],[-98.291897,19.047321],[-98.292319,19.046438],[-98.299949,19.049942],[-98.301575,19.046509],[-98.304734,19.047976],[-98.302643,19.052176],[-98.301096,19.051479],[-98.297656,19.05843],[-98.299148,19.059339],[-98.298661,19.060642]]}},{"type":"Feature","properties":{"name":"RUTA SAN ANDRES CIRCUITO"},"geometry":{"type":"LineString","coordinates":[[-98.298683,19.060576],[-98.301456,19.062257],[-98.294893,19.074404],[-98.293922,19.073904],[-98.299731,19.062304],[-98.297964,19.061953],[-98.299281,19.059311],[-98.297818,19.05839],[-98.301139,19.051535],[-98.299592,19.050804],[-98.302472,19.044749],[-98.300843,19.043982],[-98.299583,19.046514],[-98.296904,19.045288],[-98.294398,19.038251],[-98.289817,19.03148],[-98.289661,19.027327],[-98.288023,19.023012],[-98.283945,19.020679],[-98.280756,19.022619],[-98.275322,19.029407],[-98.269514,19.022845],[-98.266078,19.025405],[-98.265482,19.024479],[-98.26429,19.024886],[-98.261933,19.022677],[-98.263432,19.018719],[-98.262913,19.01685],[-98.266828,19.016343],[-98.265814,19.017858],[-98.265008,19.016694],[-98.267004,19.016166],[-98.262575,19.016305],[-98.262858,19.018317],[-98.261891,19.018591],[-98.260011,19.021854],[-98.263612,19.02397],[-98.264042,19.025177],[-98.265476,19.024748],[-98.266076,19.025536],[-98.269484,19.022967],[-98.275323,19.029515],[-98.280753,19.022708],[-98.283965,19.020779],[-98.287908,19.023058],[-98.289599,19.027471],[-98.289739,19.031592],[-98.294152,19.037965],[-98.296758,19.045311],[-98.301213,19.047355],[-98.301605,19.046497],[-98.304735,19.047945],[-98.302633,19.052204],[-98.301102,19.051481],[-98.298011,19.05771],[-98.297834,19.058704],[-98.299165,19.059335],[-98.298656,19.060636]]}},{"type":"Feature","properties":{"name":"RUTA SAN ANDRES CIRCUITO"},"geometry":{"type":"LineString","coordinates":[[-98.29868,19.060579],[-98.30146,19.062256],[-98.294895,19.074397],[-98.293928,19.073883],[-98.299685,19.062278],[-98.297941,19.061962],[-98.299295,19.059312],[-98.297793,19.058409],[-98.301196,19.051522],[-98.299597,19.050798],[-98.30249,19.044744],[-98.30087,19.043995],[-98.297934,19.050003],[-98.27124,19.036727],[-98.261165,19.033833],[-98.25982,19.03044],[-98.256375,19.033118],[-98.256096,19.029951],[-98.260195,19.026555],[-98.264352,19.025066],[-98.263784,19.023763],[-98.261969,19.022626],[-98.263415,19.018787],[-98.262819,19.016963],[-98.266837,19.016316],[-98.265708,19.017906],[-98.265208,19.016399],[-98.267037,19.016165],[-98.262547,19.016335],[-98.262847,19.018329],[-98.261892,19.018553],[-98.26001,19.021861],[-98.263607,19.023974],[-98.26404,19.02513],[-98.265452,19.024704],[-98.266079,19.025537],[-98.269484,19.022962],[-98.275351,19.029523],[-98.280798,19.022667],[-98.283964,19.020769],[-98.287899,19.023053],[-98.2896,19.027477],[-98.289578,19.031252],[-98.293817,19.037287],[-98.296775,19.04532],[-98.301206,19.047351],[-98.301607,19.046491],[-98.304744,19.047952],[-98.302663,19.052201],[-98.301103,19.051511],[-98.297672,19.058388],[-98.299157,19.059341],[-98.298657,19.060649]]}},{"type":"Feature","properties":{"name":"RUTA SUBURBANA PIRAMIDES BARRIO DE SAN MIGUEL - EMILIANO ZAPATA - CONCEPCION GUADALUPE"},"geometry":{"type":"LineString","coordinates":[[-98.298702,19.060603],[-98.299269,19.059303],[-98.297796,19.058307],[-98.301197,19.051548],[-98.299588,19.050791],[-98.302481,19.044761],[-98.300865,19.043981],[-98.297916,19.050009],[-98.271489,19.036857],[-98.261096,19.033812],[-98.259852,19.030441],[-98.256382,19.033109],[-98.25501,19.031999],[-98.255599,19.033653],[-98.254222,19.035641],[-98.250818,19.035678],[-98.250002,19.030461],[-98.24992,19.022221],[-98.250605,19.02185],[-98.248758,19.017616],[-98.249571,19.017472],[-98.248058,19.019103],[-98.234105,19.027432],[-98.229768,19.027517],[-98.228217,19.026881],[-98.228584,19.02615],[-98.227055,19.027924],[-98.231144,19.028272],[-98.236776,19.031668],[-98.234385,19.033794],[-98.230616,19.033701],[-98.229142,19.031877],[-98.230464,19.030317],[-98.246616,19.020869],[-98.249789,19.022274],[-98.25069,19.035754],[-98.254314,19.035739],[-98.255672,19.03379],[-98.257777,19.038465],[-98.258882,19.039164],[-98.261834,19.033973],[-98.264963,19.034672],[-98.271335,19.036984],[-98.291912,19.047312],[-98.292304,19.046387],[-98.29991,19.049946],[-98.301602,19.04649],[-98.304765,19.047948],[-98.302656,19.052227],[-98.301056,19.051578],[-98.297642,19.058384],[-98.299176,19.059337],[-98.298695,19.060665]]}},{"type":"Feature","properties":{"name":"RUTA UTO CIRCUITO"},"geometry":{"type":"LineString","coordinates":[[-98.108547,19.164019],[-98.108585,19.161542],[-98.106707,19.157866],[-98.107651,19.155277],[-98.110012,19.153901],[-98.11351,19.149637],[-98.118852,19.146638],[-98.125709,19.139213],[-98.132472,19.138614],[-98.137925,19.13612],[-98.14546,19.128477],[-98.147052,19.129677],[-98.151253,19.126563],[-98.156386,19.130827],[-98.171844,19.116469],[-98.176088,19.111192],[-98.177851,19.113587],[-98.17806,19.110595],[-98.182254,19.103864],[-98.18422,19.095874],[-98.184477,19.09144],[-98.189062,19.082942],[-98.189563,19.077972],[-98.19215,19.072124],[-98.189373,19.070617],[-98.199129,19.053773],[-98.200587,19.05453],[-98.196892,19.060747],[-98.202327,19.064442],[-98.19913,19.066111],[-98.198708,19.065225],[-98.192581,19.074247],[-98.190359,19.073067],[-98.188797,19.082968],[-98.184035,19.091589],[-98.184048,19.095494],[-98.182205,19.103313],[-98.176612,19.112202],[-98.169318,19.120131],[-98.156503,19.130614],[-98.151254,19.126419],[-98.14803,19.129092],[-98.141342,19.132608],[-98.137836,19.136063],[-98.1321,19.13861],[-98.125797,19.139058],[-98.118794,19.146569],[-98.113829,19.149283],[-98.109899,19.153834],[-98.107595,19.155152],[-98.106569,19.157872],[-98.108505,19.161588],[-98.108561,19.163927]]}},{"type":"Feature","properties":{"name":"RUTA UTP CIRCUITO"},"geometry":{"type":"LineString","coordinates":[[-98.168908,19.119403],[-98.172745,19.115577],[-98.171446,19.114565],[-98.17174,19.113367],[-98.169683,19.11262],[-98.163596,19.120267],[-98.159156,19.116844],[-98.154927,19.119958],[-98.15358,19.118878],[-98.160132,19.114178],[-98.170962,19.10034],[-98.181334,19.08113],[-98.181705,19.076032],[-98.18304,19.075152],[-98.185901,19.076546],[-98.199164,19.05379],[-98.200575,19.054522],[-98.196948,19.060834],[-98.202324,19.064459],[-98.201878,19.065242],[-98.19915,19.066098],[-98.198383,19.065487],[-98.192614,19.07422],[-98.189726,19.072746],[-98.187177,19.0771],[-98.183275,19.075049],[-98.181805,19.075633],[-98.181489,19.08051],[-98.170807,19.100282],[-98.160071,19.114074],[-98.153433,19.118886],[-98.154951,19.120088],[-98.159104,19.117033],[-98.163625,19.120407],[-98.166813,19.116564],[-98.168761,19.118274],[-98.168201,19.118804]]}},{"type":"Feature","properties":{"name":"RUTA UTP CIRCUITO"},"geometry":{"type":"LineString","coordinates":[[-98.108617,19.164127],[-98.108782,19.162206],[-98.106624,19.157824],[-98.101299,19.162025],[-98.102393,19.159724],[-98.104518,19.15792],[-98.107369,19.150703],[-98.1112,19.150241],[-98.112406,19.15094],[-98.114947,19.148638],[-98.118722,19.146763],[-98.125921,19.139116],[-98.128753,19.139447],[-98.1327,19.138553],[-98.137905,19.13616],[-98.140259,19.136653],[-98.147409,19.135659],[-98.163997,19.118388],[-98.170847,19.108397],[-98.176952,19.111666],[-98.177013,19.113128],[-98.177892,19.113538],[-98.177882,19.11117],[-98.182562,19.10314],[-98.183729,19.097366],[-98.194393,19.090464],[-98.198403,19.089388],[-98.201044,19.089798],[-98.200727,19.088486],[-98.204223,19.084091],[-98.199675,19.085303],[-98.197608,19.076836],[-98.191961,19.073949],[-98.192791,19.072472],[-98.18939,19.070647],[-98.197133,19.057204],[-98.19535,19.055935],[-98.193965,19.058859],[-98.202359,19.064426],[-98.199166,19.066109],[-98.198358,19.065487],[-98.192091,19.075029],[-98.197687,19.07797],[-98.19973,19.086407],[-98.198368,19.089288],[-98.194228,19.090306],[-98.184168,19.096978],[-98.184452,19.090595],[-98.182266,19.103189],[-98.177252,19.111358],[-98.170817,19.108206],[-98.163891,19.118348],[-98.147421,19.135515],[-98.14025,19.13658],[-98.138039,19.136048],[-98.132443,19.138551],[-98.12876,19.139354],[-98.125882,19.139068],[-98.11863,19.146723],[-98.114864,19.148574],[-98.112346,19.150816],[-98.111255,19.15013],[-98.107279,19.150622],[-98.104439,19.157876],[-98.102385,19.159619],[-98.101213,19.162046],[-98.106633,19.157989],[-98.108618,19.162025],[-98.108551,19.164041]]}},{"type":"Feature","properties":{"name":"DESVIOS CENTRO HISTORICO NUEVO"},"geometry":{"type":"LineString","coordinates":[[-98.176315,19.046081],[-98.18395,19.047559]]}},{"type":"Feature","properties":{"name":"Desvio Ruta M17  Centro - Camino a Manzanilla - Galaxia Bosques de Manzanilla.Sentido pte - ote"},"geometry":{"type":"LineString","coordinates":[[-98.200615,19.05451],[-98.200183,19.055255],[-98.192754,19.051323],[-98.193171,19.050558],[-98.190963,19.049641]]}},{"type":"Feature","properties":{"name":"Desvio Ruta M17  Centro - Camino a Manzanilla - Galaxia Bosques de Manzanilla. Sentido ote - pte"},"geometry":{"type":"LineString","coordinates":[[-98.176332,19.046081],[-98.180135,19.046517],[-98.187664,19.048972],[-98.188589,19.048507],[-98.191491,19.050054],[-98.190886,19.051331],[-98.194582,19.054557],[-98.195161,19.05363],[-98.198185,19.055298],[-98.199129,19.05374],[-98.200613,19.054501]]}}]}